// Generated from frontend/src-tauri/icons/icon.png (280x280, RGB565,
// no alpha — the source icon is fully opaque) for the boot splash screen.
// Regenerate with tools/gen_splash_image.py if the app icon changes; this
// file is not meant to be hand-edited.
#include "img_splash_logo.h"

static const uint8_t splash_logo_map[] = {
    0x47, 0x19, 0x47, 0x19, 0x47, 0x19, 0x47, 0x19, 0x47, 0x19, 0x47, 0x19, 0x47, 0x19, 0x47, 0x19,
    0x47, 0x19, 0x47, 0x19, 0x47, 0x19, 0x47, 0x19, 0x47, 0x19, 0x47, 0x19, 0x47, 0x19, 0x47, 0x19,
    0x47, 0x19, 0x47, 0x19, 0x47, 0x19, 0x47, 0x19, 0x47, 0x19, 0x47, 0x19, 0x47, 0x19, 0x47, 0x19,
    0x47, 0x19, 0x47, 0x19, 0x47, 0x19, 0x47, 0x19, 0x47, 0x19, 0x47, 0x19, 0x47, 0x19, 0x47, 0x19,
    0x47, 0x19, 0x47, 0x19, 0x47, 0x19, 0x47, 0x19, 0x47, 0x19, 0x47, 0x19, 0x47, 0x19, 0x47, 0x19,
    0x47, 0x19, 0x47, 0x19, 0x47, 0x19, 0x47, 0x19, 0x47, 0x19, 0x47, 0x19, 0x47, 0x19, 0x47, 0x19,
    0x47, 0x19, 0x47, 0x19, 0x47, 0x19, 0x47, 0x19, 0x47, 0x19, 0x47, 0x19, 0x47, 0x19, 0x47, 0x19,
    0x47, 0x19, 0x47, 0x19, 0x47, 0x19, 0x47, 0x19, 0x47, 0x19, 0x47, 0x19, 0x47, 0x19, 0x47, 0x19,
    0x47, 0x19, 0x47, 0x19, 0x47, 0x19, 0x47, 0x19, 0x47, 0x19, 0x47, 0x19, 0x47, 0x19, 0x47, 0x19,
    0x47, 0x19, 0x47, 0x19, 0x47, 0x19, 0x47, 0x19, 0x47, 0x19, 0x47, 0x19, 0x47, 0x19, 0x47, 0x19,
    0x47, 0x19, 0x47, 0x19, 0x47, 0x19, 0x47, 0x19, 0x47, 0x19, 0x47, 0x19, 0x47, 0x19, 0x47, 0x19,
    0x47, 0x19, 0x47, 0x19, 0x47, 0x19, 0x47, 0x19, 0x47, 0x19, 0x47, 0x19, 0x47, 0x19, 0x47, 0x19,
    0x47, 0x19, 0x47, 0x19, 0x47, 0x19, 0x47, 0x19, 0x47, 0x19, 0x47, 0x19, 0x47, 0x19, 0x47, 0x19,
    0x47, 0x19, 0x47, 0x19, 0x47, 0x19, 0x47, 0x19, 0x47, 0x19, 0x47, 0x19, 0x47, 0x19, 0x47, 0x19,
    0x47, 0x19, 0x47, 0x19, 0x47, 0x19, 0x47, 0x19, 0x47, 0x19, 0x47, 0x19, 0x47, 0x19, 0x47, 0x19,
    0x47, 0x19, 0x47, 0x19, 0x47, 0x19, 0x47, 0x19, 0x47, 0x19, 0x47, 0x19, 0x47, 0x19, 0x47, 0x19,
    0x47, 0x19, 0x47, 0x19, 0x47, 0x19, 0x47, 0x19, 0x47, 0x19, 0x47, 0x19, 0x47, 0x19, 0x47, 0x19,
    0x47, 0x19, 0x47, 0x19, 0x47, 0x19, 0x47, 0x19, 0x47, 0x19, 0x47, 0x19, 0x47, 0x19, 0x47, 0x19,
    0x47, 0x19, 0x47, 0x19, 0x47, 0x19, 0x47, 0x19, 0x47, 0x19, 0x47, 0x19, 0x47, 0x19, 0x47, 0x19,
    0x47, 0x19, 0x47, 0x19, 0x47, 0x19, 0x47, 0x19, 0x47, 0x19, 0x47, 0x19, 0x47, 0x19, 0x47, 0x19,
    0x47, 0x19, 0x47, 0x19, 0x47, 0x19, 0x47, 0x19, 0x47, 0x19, 0x47, 0x19, 0x47, 0x19, 0x47, 0x19,
    0x47, 0x19, 0x47, 0x19, 0x47, 0x19, 0x47, 0x19, 0x47, 0x19, 0x47, 0x19, 0x47, 0x19, 0x47, 0x19,
    0x47, 0x19, 0x47, 0x19, 0x47, 0x19, 0x47, 0x19, 0x47, 0x19, 0x47, 0x19, 0x47, 0x19, 0x47, 0x19,
    0x47, 0x19, 0x47, 0x19, 0x47, 0x19, 0x47, 0x19, 0x47, 0x19, 0x47, 0x19, 0x47, 0x19, 0x47, 0x19,
    0x47, 0x19, 0x47, 0x19, 0x47, 0x19, 0x47, 0x19, 0x47, 0x19, 0x47, 0x19, 0x47, 0x19, 0x47, 0x19,
    0x47, 0x19, 0x47, 0x19, 0x47, 0x19, 0x47, 0x19, 0x47, 0x19, 0x47, 0x19, 0x47, 0x19, 0x47, 0x19,
    0x47, 0x19, 0x47, 0x19, 0x47, 0x19, 0x47, 0x19, 0x47, 0x19, 0x47, 0x19, 0x47, 0x19, 0x47, 0x19,
    0x47, 0x19, 0x47, 0x19, 0x47, 0x19, 0x47, 0x19, 0x47, 0x19, 0x47, 0x19, 0x47, 0x19, 0x47, 0x19,
    0x47, 0x19, 0x47, 0x19, 0x47, 0x19, 0x47, 0x19, 0x47, 0x19, 0x47, 0x19, 0x47, 0x19, 0x47, 0x19,
    0x47, 0x19, 0x47, 0x19, 0x47, 0x19, 0x47, 0x19, 0x47, 0x19, 0x47, 0x19, 0x47, 0x19, 0x47, 0x19,
    0x47, 0x19, 0x47, 0x19, 0x47, 0x19, 0x47, 0x19, 0x47, 0x19, 0x47, 0x19, 0x47, 0x19, 0x47, 0x19,
    0x47, 0x19, 0x47, 0x19, 0x47, 0x19, 0x47, 0x19, 0x47, 0x19, 0x47, 0x19, 0x47, 0x19, 0x47, 0x19,
    0x47, 0x19, 0x47, 0x19, 0x47, 0x19, 0x47, 0x19, 0x47, 0x19, 0x47, 0x19, 0x47, 0x19, 0x47, 0x19,
    0x47, 0x19, 0x47, 0x19, 0x47, 0x19, 0x47, 0x19, 0x47, 0x19, 0x47, 0x19, 0x47, 0x19, 0x47, 0x19,
    0x47, 0x19, 0x47, 0x19, 0x47, 0x19, 0x47, 0x19, 0x47, 0x19, 0x47, 0x19, 0x47, 0x19, 0x47, 0x19,
    0x47, 0x19, 0x47, 0x19, 0x47, 0x19, 0x47, 0x19, 0x47, 0x19, 0x47, 0x19, 0x47, 0x19, 0x47, 0x19,
    0x47, 0x19, 0x47, 0x19, 0x47, 0x19, 0x47, 0x19, 0x47, 0x19, 0x47, 0x19, 0x47, 0x19, 0x47, 0x19,
    0x47, 0x19, 0x47, 0x19, 0x47, 0x19, 0x47, 0x19, 0x47, 0x19, 0x47, 0x19, 0x47, 0x19, 0x47, 0x19,
    0x47, 0x19, 0x47, 0x19, 0x47, 0x19, 0x47, 0x19, 0x47, 0x19, 0x47, 0x19, 0x47, 0x19, 0x47, 0x19,
    0x47, 0x19, 0x47, 0x19, 0x47, 0x19, 0x47, 0x19, 0x47, 0x19, 0x47, 0x19, 0x47, 0x19, 0x47, 0x19,
    0x47, 0x19, 0x47, 0x19, 0x47, 0x19, 0x47, 0x19, 0x47, 0x19, 0x47, 0x19, 0x47, 0x19, 0x47, 0x19,
    0x47, 0x19, 0x47, 0x19, 0x47, 0x19, 0x47, 0x19, 0x47, 0x19, 0x47, 0x19, 0x47, 0x19, 0x47, 0x19,
    0x47, 0x19, 0x47, 0x19, 0x47, 0x19, 0x47, 0x19, 0x47, 0x19, 0x47, 0x19, 0x47, 0x19, 0x47, 0x19,
    0x47, 0x19, 0x47, 0x19, 0x47, 0x19, 0x47, 0x19, 0x47, 0x19, 0x47, 0x19, 0x47, 0x19, 0x47, 0x19,
    0x47, 0x19, 0x47, 0x19, 0x47, 0x19, 0x47, 0x19, 0x47, 0x19, 0x47, 0x19, 0x47, 0x19, 0x47, 0x19,
    0x47, 0x19, 0x47, 0x19, 0x47, 0x19, 0x47, 0x19, 0x47, 0x19, 0x47, 0x19, 0x47, 0x19, 0x47, 0x19,
    0x47, 0x19, 0x47, 0x19, 0x47, 0x19, 0x47, 0x19, 0x47, 0x19, 0x47, 0x19, 0x47, 0x19, 0x47, 0x19,
    0x47, 0x19, 0x47, 0x19, 0x47, 0x19, 0x47, 0x19, 0x47, 0x19, 0x47, 0x19, 0x47, 0x19, 0x47, 0x19,
    0x47, 0x19, 0x47, 0x19, 0x47, 0x19, 0x47, 0x19, 0x47, 0x19, 0x47, 0x19, 0x47, 0x19, 0x47, 0x19,
    0x47, 0x19, 0x47, 0x19, 0x47, 0x19, 0x47, 0x19, 0x47, 0x19, 0x47, 0x19, 0x47, 0x19, 0x47, 0x19,
    0x47, 0x19, 0x47, 0x19, 0x47, 0x19, 0x47, 0x19, 0x47, 0x19, 0x47, 0x19, 0x47, 0x19, 0x47, 0x19,
    0x47, 0x19, 0x47, 0x19, 0x47, 0x19, 0x47, 0x19, 0x47, 0x19, 0x47, 0x19, 0x47, 0x19, 0x47, 0x19,
    0x47, 0x19, 0x47, 0x19, 0x47, 0x19, 0x47, 0x19, 0x47, 0x19, 0x47, 0x19, 0x47, 0x19, 0x47, 0x19,
    0x47, 0x19, 0x47, 0x19, 0x47, 0x19, 0x47, 0x19, 0x47, 0x19, 0x47, 0x19, 0x47, 0x19, 0x47, 0x19,
    0x47, 0x19, 0x47, 0x19, 0x47, 0x19, 0x47, 0x19, 0x47, 0x19, 0x47, 0x19, 0x47, 0x19, 0x47, 0x19,
    0x47, 0x19, 0x47, 0x19, 0x47, 0x19, 0x47, 0x19, 0x47, 0x19, 0x47, 0x19, 0x47, 0x19, 0x47, 0x19,
    0x47, 0x19, 0x47, 0x19, 0x47, 0x19, 0x47, 0x19, 0x47, 0x19, 0x47, 0x19, 0x47, 0x19, 0x47, 0x19,
    0x47, 0x19, 0x47, 0x19, 0x47, 0x19, 0x47, 0x19, 0x47, 0x19, 0x47, 0x19, 0x47, 0x19, 0x47, 0x19,
    0x47, 0x19, 0x47, 0x19, 0x47, 0x19, 0x47, 0x19, 0x47, 0x19, 0x47, 0x19, 0x47, 0x19, 0x47, 0x19,
    0x47, 0x19, 0x47, 0x19, 0x47, 0x19, 0x47, 0x19, 0x47, 0x19, 0x47, 0x19, 0x47, 0x19, 0x47, 0x19,
    0x47, 0x19, 0x47, 0x19, 0x47, 0x19, 0x47, 0x19, 0x47, 0x19, 0x47, 0x19, 0x47, 0x19, 0x47, 0x19,
    0x47, 0x19, 0x47, 0x19, 0x47, 0x19, 0x47, 0x19, 0x47, 0x19, 0x47, 0x19, 0x47, 0x19, 0x47, 0x19,
    0x47, 0x19, 0x47, 0x19, 0x47, 0x19, 0x47, 0x19, 0x47, 0x19, 0x47, 0x19, 0x47, 0x19, 0x47, 0x19,
    0x47, 0x19, 0x47, 0x19, 0x47, 0x19, 0x47, 0x19, 0x47, 0x19, 0x47, 0x19, 0x47, 0x19, 0x47, 0x19,
    0x47, 0x19, 0x47, 0x19, 0x47, 0x19, 0x47, 0x19, 0x47, 0x19, 0x47, 0x19, 0x47, 0x19, 0x47, 0x19,
    0x47, 0x19, 0x47, 0x19, 0x47, 0x19, 0x47, 0x19, 0x47, 0x19, 0x47, 0x19, 0x47, 0x19, 0x47, 0x19,
    0x47, 0x19, 0x47, 0x19, 0x47, 0x19, 0x47, 0x19, 0x47, 0x19, 0x47, 0x19, 0x47, 0x19, 0x47, 0x19,
    0x47, 0x19, 0x47, 0x19, 0x47, 0x19, 0x47, 0x19, 0x47, 0x19, 0x47, 0x19, 0x47, 0x19, 0x47, 0x19,
    0x47, 0x19, 0x47, 0x19, 0x47, 0x19, 0x47, 0x19, 0x47, 0x19, 0x47, 0x19, 0x47, 0x19, 0x47, 0x19,
    0x47, 0x19, 0x47, 0x19, 0x47, 0x19, 0x47, 0x19, 0x47, 0x19, 0x47, 0x19, 0x47, 0x19, 0x47, 0x19,
    0x47, 0x19, 0x47, 0x19, 0x47, 0x19, 0x47, 0x19, 0x47, 0x19, 0x47, 0x19, 0x47, 0x19, 0x47, 0x19,
    0x47, 0x19, 0x47, 0x19, 0x47, 0x19, 0x47, 0x19, 0x47, 0x19, 0x47, 0x19, 0x47, 0x19, 0x47, 0x19,
    0x47, 0x19, 0x47, 0x19, 0x47, 0x19, 0x47, 0x19, 0x47, 0x19, 0x47, 0x19, 0x47, 0x19, 0x47, 0x19,
    0x47, 0x19, 0x47, 0x19, 0x47, 0x19, 0x47, 0x19, 0x47, 0x19, 0x47, 0x19, 0x47, 0x19, 0x47, 0x19,
    0x47, 0x19, 0x47, 0x19, 0x47, 0x19, 0x47, 0x19, 0x47, 0x19, 0x47, 0x19, 0x47, 0x19, 0x47, 0x19,
    0x47, 0x19, 0x47, 0x19, 0x47, 0x19, 0x47, 0x19, 0x47, 0x19, 0x47, 0x19, 0x47, 0x19, 0x47, 0x19,
    0x47, 0x19, 0x47, 0x19, 0x47, 0x19, 0x47, 0x19, 0x47, 0x19, 0x47, 0x19, 0x47, 0x19, 0x47, 0x19,
    0x47, 0x19, 0x47, 0x19, 0x47, 0x19, 0x47, 0x19, 0x47, 0x19, 0x47, 0x19, 0x47, 0x19, 0x47, 0x19,
    0x47, 0x19, 0x47, 0x19, 0x47, 0x19, 0x47, 0x19, 0x47, 0x19, 0x47, 0x19, 0x47, 0x19, 0x47, 0x19,
    0x47, 0x19, 0x47, 0x19, 0x47, 0x19, 0x47, 0x19, 0x47, 0x19, 0x47, 0x19, 0x47, 0x19, 0x47, 0x19,
    0x47, 0x19, 0x47, 0x19, 0x47, 0x19, 0x47, 0x19, 0x47, 0x19, 0x47, 0x19, 0x47, 0x19, 0x47, 0x19,
    0x47, 0x19, 0x47, 0x19, 0x47, 0x19, 0x47, 0x19, 0x47, 0x19, 0x47, 0x19, 0x47, 0x19, 0x47, 0x19,
    0x47, 0x19, 0x47, 0x19, 0x47, 0x19, 0x47, 0x19, 0x47, 0x19, 0x47, 0x19, 0x47, 0x19, 0x47, 0x19,
    0x47, 0x19, 0x47, 0x19, 0x47, 0x19, 0x47, 0x19, 0x47, 0x19, 0x47, 0x19, 0x47, 0x19, 0x47, 0x19,
    0x47, 0x19, 0x47, 0x19, 0x47, 0x19, 0x47, 0x19, 0x47, 0x19, 0x47, 0x19, 0x47, 0x19, 0x47, 0x19,
    0x47, 0x19, 0x47, 0x19, 0x47, 0x19, 0x47, 0x19, 0x47, 0x19, 0x47, 0x19, 0x47, 0x19, 0x47, 0x19,
    0x47, 0x19, 0x47, 0x19, 0x47, 0x19, 0x47, 0x19, 0x47, 0x19, 0x47, 0x19, 0x47, 0x19, 0x47, 0x19,
    0x47, 0x19, 0x47, 0x19, 0x47, 0x19, 0x47, 0x19, 0x47, 0x19, 0x47, 0x19, 0x47, 0x19, 0x47, 0x19,
    0x47, 0x19, 0x47, 0x19, 0x47, 0x19, 0x47, 0x19, 0x47, 0x19, 0x47, 0x19, 0x47, 0x19, 0x47, 0x19,
    0x47, 0x19, 0x47, 0x19, 0x47, 0x19, 0x47, 0x19, 0x47, 0x19, 0x47, 0x19, 0x47, 0x19, 0x47, 0x19,
    0x47, 0x19, 0x47, 0x19, 0x47, 0x19, 0x47, 0x19, 0x47, 0x19, 0x47, 0x19, 0x47, 0x19, 0x47, 0x19,
    0x47, 0x19, 0x47, 0x19, 0x47, 0x19, 0x47, 0x19, 0x47, 0x19, 0x47, 0x19, 0x47, 0x19, 0x47, 0x19,
    0x47, 0x19, 0x47, 0x19, 0x47, 0x19, 0x47, 0x19, 0x47, 0x19, 0x47, 0x19, 0x47, 0x19, 0x47, 0x19,
    0x47, 0x19, 0x47, 0x19, 0x47, 0x19, 0x47, 0x19, 0x47, 0x19, 0x47, 0x19, 0x47, 0x19, 0x47, 0x19,
    0x47, 0x19, 0x47, 0x19, 0x47, 0x19, 0x47, 0x19, 0x47, 0x19, 0x47, 0x19, 0x47, 0x19, 0x47, 0x19,
    0x47, 0x19, 0x47, 0x19, 0x47, 0x19, 0x47, 0x19, 0x47, 0x19, 0x47, 0x19, 0x47, 0x19, 0x47, 0x19,
    0x47, 0x19, 0x47, 0x19, 0x47, 0x19, 0x47, 0x19, 0x47, 0x19, 0x47, 0x19, 0x47, 0x19, 0x47, 0x19,
    0x47, 0x19, 0x47, 0x19, 0x47, 0x19, 0x47, 0x19, 0x47, 0x19, 0x47, 0x19, 0x47, 0x19, 0x47, 0x19,
    0x47, 0x19, 0x47, 0x19, 0x47, 0x19, 0x47, 0x19, 0x47, 0x19, 0x47, 0x19, 0x47, 0x19, 0x47, 0x19,
    0x47, 0x19, 0x47, 0x19, 0x47, 0x19, 0x47, 0x19, 0x47, 0x19, 0x47, 0x19, 0x47, 0x19, 0x47, 0x19,
    0x47, 0x19, 0x47, 0x19, 0x47, 0x19, 0x47, 0x19, 0x47, 0x19, 0x47, 0x19, 0x47, 0x19, 0x47, 0x19,
    0x47, 0x19, 0x47, 0x19, 0x47, 0x19, 0x47, 0x19, 0x47, 0x19, 0x47, 0x19, 0x47, 0x19, 0x47, 0x19,
    0x47, 0x19, 0x47, 0x19, 0x47, 0x19, 0x47, 0x19, 0x47, 0x19, 0x47, 0x19, 0x47, 0x19, 0x47, 0x19,
    0x47, 0x19, 0x47, 0x19, 0x47, 0x19, 0x47, 0x19, 0x47, 0x19, 0x47, 0x19, 0x47, 0x19, 0x47, 0x19,
    0x47, 0x19, 0x47, 0x19, 0x47, 0x19, 0x47, 0x19, 0x47, 0x19, 0x47, 0x19, 0x47, 0x19, 0x47, 0x19,
    0x47, 0x19, 0x47, 0x19, 0x47, 0x19, 0x47, 0x19, 0x47, 0x19, 0x47, 0x19, 0x47, 0x19, 0x47, 0x19,
    0x47, 0x19, 0x47, 0x19, 0x47, 0x19, 0x47, 0x19, 0x47, 0x19, 0x47, 0x19, 0x47, 0x19, 0x47, 0x19,
    0x47, 0x19, 0x47, 0x19, 0x47, 0x19, 0x47, 0x19, 0x47, 0x19, 0x47, 0x19, 0x47, 0x19, 0x47, 0x19,
    0x47, 0x19, 0x47, 0x19, 0x47, 0x19, 0x47, 0x19, 0x47, 0x19, 0x47, 0x19, 0x47, 0x19, 0x47, 0x19,
    0x47, 0x19, 0x47, 0x19, 0x47, 0x19, 0x47, 0x19, 0x47, 0x19, 0x47, 0x19, 0x47, 0x19, 0x47, 0x19,
    0x47, 0x19, 0x47, 0x19, 0x47, 0x19, 0x47, 0x19, 0x47, 0x19, 0x47, 0x19, 0x47, 0x19, 0x47, 0x19,
    0x47, 0x19, 0x47, 0x19, 0x47, 0x19, 0x47, 0x19, 0x47, 0x19, 0x47, 0x19, 0x47, 0x19, 0x47, 0x19,
    0x47, 0x19, 0x47, 0x19, 0x47, 0x19, 0x47, 0x19, 0x47, 0x19, 0x47, 0x19, 0x47, 0x19, 0x47, 0x19,
    0x47, 0x19, 0x47, 0x19, 0x47, 0x19, 0x47, 0x19, 0x47, 0x19, 0x47, 0x19, 0x47, 0x19, 0x47, 0x19,
    0x47, 0x19, 0x47, 0x19, 0x47, 0x19, 0x47, 0x19, 0x47, 0x19, 0x47, 0x19, 0x47, 0x19, 0x47, 0x19,
    0x47, 0x19, 0x47, 0x19, 0x47, 0x19, 0x47, 0x19, 0x47, 0x19, 0x47, 0x19, 0x47, 0x19, 0x47, 0x19,
    0x47, 0x19, 0x47, 0x19, 0x47, 0x19, 0x47, 0x19, 0x47, 0x19, 0x47, 0x19, 0x47, 0x19, 0x47, 0x19,
    0x47, 0x19, 0x47, 0x19, 0x47, 0x19, 0x47, 0x19, 0x47, 0x19, 0x47, 0x19, 0x47, 0x19, 0x47, 0x19,
    0x47, 0x19, 0x47, 0x19, 0x47, 0x19, 0x47, 0x19, 0x47, 0x19, 0x47, 0x19, 0x47, 0x19, 0x47, 0x19,
    0x47, 0x19, 0x47, 0x19, 0x47, 0x19, 0x47, 0x19, 0x47, 0x19, 0x47, 0x19, 0x47, 0x19, 0x47, 0x19,
    0x47, 0x19, 0x47, 0x19, 0x47, 0x19, 0x47, 0x19, 0x47, 0x19, 0x47, 0x19, 0x47, 0x19, 0x47, 0x19,
    0x47, 0x19, 0x47, 0x19, 0x47, 0x19, 0x47, 0x19, 0x47, 0x19, 0x47, 0x19, 0x47, 0x19, 0x47, 0x19,
    0x47, 0x19, 0x47, 0x19, 0x47, 0x19, 0x47, 0x19, 0x47, 0x19, 0x47, 0x19, 0x47, 0x19, 0x47, 0x19,
    0x47, 0x19, 0x47, 0x19, 0x47, 0x19, 0x47, 0x19, 0x47, 0x19, 0x47, 0x19, 0x47, 0x19, 0x47, 0x19,
    0x47, 0x19, 0x47, 0x19, 0x47, 0x19, 0x47, 0x19, 0x47, 0x19, 0x47, 0x19, 0x47, 0x19, 0x47, 0x19,
    0x47, 0x19, 0x47, 0x19, 0x47, 0x19, 0x47, 0x19, 0x47, 0x19, 0x47, 0x19, 0x47, 0x19, 0x47, 0x19,
    0x47, 0x19, 0x47, 0x19, 0x47, 0x19, 0x47, 0x19, 0x47, 0x19, 0x47, 0x19, 0x47, 0x19, 0x47, 0x19,
    0x47, 0x19, 0x47, 0x19, 0x47, 0x19, 0x47, 0x19, 0x47, 0x19, 0x47, 0x19, 0x47, 0x19, 0x47, 0x19,
    0x47, 0x19, 0x47, 0x19, 0x47, 0x19, 0x47, 0x19, 0x47, 0x19, 0x47, 0x19, 0x47, 0x19, 0x47, 0x19,
    0x47, 0x19, 0x47, 0x19, 0x47, 0x19, 0x47, 0x19, 0x47, 0x19, 0x47, 0x19, 0x47, 0x19, 0x47, 0x19,
    0x47, 0x19, 0x47, 0x19, 0x47, 0x19, 0x47, 0x19, 0x47, 0x19, 0x47, 0x19, 0x47, 0x19, 0x47, 0x19,
    0x47, 0x19, 0x47, 0x19, 0x47, 0x19, 0x47, 0x19, 0x47, 0x19, 0x47, 0x19, 0x47, 0x19, 0x47, 0x19,
    0x47, 0x19, 0x47, 0x19, 0x47, 0x19, 0x47, 0x19, 0x47, 0x19, 0x47, 0x19, 0x47, 0x19, 0x47, 0x19,
    0x47, 0x19, 0x47, 0x19, 0x47, 0x19, 0x47, 0x19, 0x47, 0x19, 0x47, 0x19, 0x47, 0x19, 0x47, 0x19,
    0x47, 0x19, 0x47, 0x19, 0x47, 0x19, 0x47, 0x19, 0x47, 0x19, 0x47, 0x19, 0x47, 0x19, 0x47, 0x19,
    0x47, 0x19, 0x47, 0x19, 0x47, 0x19, 0x47, 0x19, 0x47, 0x19, 0x47, 0x19, 0x47, 0x19, 0x47, 0x19,
    0x47, 0x19, 0x47, 0x19, 0x47, 0x19, 0x47, 0x19, 0x47, 0x19, 0x47, 0x19, 0x47, 0x19, 0x47, 0x19,
    0x47, 0x19, 0x47, 0x19, 0x47, 0x19, 0x47, 0x19, 0x47, 0x19, 0x47, 0x19, 0x47, 0x19, 0x47, 0x19,
    0x47, 0x19, 0x47, 0x19, 0x47, 0x19, 0x47, 0x19, 0x47, 0x19, 0x47, 0x19, 0x47, 0x19, 0x47, 0x19,
    0x47, 0x19, 0x47, 0x19, 0x47, 0x19, 0x47, 0x19, 0x47, 0x19, 0x47, 0x19, 0x47, 0x19, 0x47, 0x19,
    0x47, 0x19, 0x47, 0x19, 0x47, 0x19, 0x47, 0x19, 0x47, 0x19, 0x47, 0x19, 0x47, 0x19, 0x47, 0x19,
    0x47, 0x19, 0x47, 0x19, 0x47, 0x19, 0x47, 0x19, 0x47, 0x19, 0x47, 0x19, 0x47, 0x19, 0x47, 0x19,
    0x47, 0x19, 0x47, 0x19, 0x47, 0x19, 0x47, 0x19, 0x47, 0x19, 0x47, 0x19, 0x47, 0x19, 0x47, 0x19,
    0x47, 0x19, 0x47, 0x19, 0x47, 0x19, 0x47, 0x19, 0x47, 0x19, 0x47, 0x19, 0x47, 0x19, 0x47, 0x19,
    0x47, 0x19, 0x47, 0x19, 0x47, 0x19, 0x47, 0x19, 0x47, 0x19, 0x47, 0x19, 0x47, 0x19, 0x47, 0x19,
    0x47, 0x19, 0x47, 0x19, 0x47, 0x19, 0x47, 0x19, 0x47, 0x19, 0x47, 0x19, 0x47, 0x19, 0x47, 0x19,
    0x47, 0x19, 0x47, 0x19, 0x47, 0x19, 0x47, 0x19, 0x47, 0x19, 0x47, 0x19, 0x47, 0x19, 0x47, 0x19,
    0x47, 0x19, 0x47, 0x19, 0x47, 0x19, 0x47, 0x19, 0x47, 0x19, 0x47, 0x19, 0x47, 0x19, 0x47, 0x19,
    0x47, 0x19, 0x47, 0x19, 0x47, 0x19, 0x47, 0x19, 0x47, 0x19, 0x47, 0x19, 0x47, 0x19, 0x47, 0x19,
    0x47, 0x19, 0x47, 0x19, 0x47, 0x19, 0x47, 0x19, 0x47, 0x19, 0x47, 0x19, 0x47, 0x19, 0x47, 0x19,
    0x47, 0x19, 0x47, 0x19, 0x47, 0x19, 0x47, 0x19, 0x47, 0x19, 0x47, 0x19, 0x47, 0x19, 0x47, 0x19,
    0x47, 0x19, 0x47, 0x19, 0x47, 0x19, 0x47, 0x19, 0x47, 0x19, 0x47, 0x19, 0x47, 0x19, 0x47, 0x19,
    0x47, 0x19, 0x47, 0x19, 0x47, 0x19, 0x47, 0x19, 0x47, 0x19, 0x47, 0x19, 0x47, 0x19, 0x47, 0x19,
    0x47, 0x19, 0x47, 0x19, 0x47, 0x19, 0x47, 0x19, 0x47, 0x19, 0x47, 0x19, 0x47, 0x19, 0x47, 0x19,
    0x47, 0x19, 0x47, 0x19, 0x47, 0x19, 0x47, 0x19, 0x47, 0x19, 0x47, 0x19, 0x47, 0x19, 0x47, 0x19,
    0x47, 0x19, 0x47, 0x19, 0x47, 0x19, 0x47, 0x19, 0x47, 0x19, 0x47, 0x19, 0x47, 0x19, 0x47, 0x19,
    0x47, 0x19, 0x47, 0x19, 0x47, 0x19, 0x47, 0x19, 0x47, 0x19, 0x47, 0x19, 0x47, 0x19, 0x47, 0x19,
    0x47, 0x19, 0x47, 0x19, 0x47, 0x19, 0x47, 0x19, 0x47, 0x19, 0x47, 0x19, 0x47, 0x19, 0x47, 0x19,
    0x47, 0x19, 0x47, 0x19, 0x47, 0x19, 0x47, 0x19, 0x47, 0x19, 0x47, 0x19, 0x47, 0x19, 0x47, 0x19,
    0x47, 0x19, 0x47, 0x19, 0x47, 0x19, 0x47, 0x19, 0x47, 0x19, 0x47, 0x19, 0x47, 0x19, 0x47, 0x19,
    0x47, 0x19, 0x47, 0x19, 0x47, 0x19, 0x47, 0x19, 0x47, 0x19, 0x47, 0x19, 0x47, 0x19, 0x47, 0x19,
    0x47, 0x19, 0x47, 0x19, 0x47, 0x19, 0x47, 0x19, 0x47, 0x19, 0x47, 0x19, 0x47, 0x19, 0x47, 0x19,
    0x47, 0x19, 0x47, 0x19, 0x47, 0x19, 0x47, 0x19, 0x47, 0x19, 0x47, 0x19, 0x47, 0x19, 0x47, 0x19,
    0x47, 0x19, 0x47, 0x19, 0x47, 0x19, 0x47, 0x19, 0x47, 0x19, 0x47, 0x19, 0x47, 0x19, 0x47, 0x19,
    0x47, 0x19, 0x47, 0x19, 0x47, 0x19, 0x47, 0x19, 0x47, 0x19, 0x47, 0x19, 0x47, 0x19, 0x47, 0x19,
    0x47, 0x19, 0x47, 0x19, 0x47, 0x19, 0x47, 0x19, 0x47, 0x19, 0x47, 0x19, 0x47, 0x19, 0x47, 0x19,
    0x47, 0x19, 0x47, 0x19, 0x47, 0x19, 0x47, 0x19, 0x47, 0x19, 0x47, 0x19, 0x47, 0x19, 0x47, 0x19,
    0x47, 0x19, 0x47, 0x19, 0x47, 0x19, 0x47, 0x19, 0x47, 0x19, 0x47, 0x19, 0x47, 0x19, 0x47, 0x19,
    0x47, 0x19, 0x47, 0x19, 0x47, 0x19, 0x47, 0x19, 0x47, 0x19, 0x47, 0x19, 0x47, 0x19, 0x47, 0x19,
    0x47, 0x19, 0x47, 0x19, 0x47, 0x19, 0x47, 0x19, 0x47, 0x19, 0x47, 0x19, 0x47, 0x19, 0x47, 0x19,
    0x47, 0x19, 0x47, 0x19, 0x47, 0x19, 0x47, 0x19, 0x47, 0x19, 0x47, 0x19, 0x47, 0x19, 0x47, 0x19,
    0x47, 0x19, 0x47, 0x19, 0x47, 0x19, 0x47, 0x19, 0x47, 0x19, 0x47, 0x19, 0x47, 0x19, 0x47, 0x19,
    0x47, 0x19, 0x47, 0x19, 0x47, 0x19, 0x47, 0x19, 0x47, 0x19, 0x47, 0x19, 0x47, 0x19, 0x47, 0x19,
    0x47, 0x19, 0x47, 0x19, 0x47, 0x19, 0x47, 0x19, 0x47, 0x19, 0x47, 0x19, 0x47, 0x19, 0x47, 0x19,
    0x47, 0x19, 0x47, 0x19, 0x47, 0x19, 0x47, 0x19, 0x47, 0x19, 0x47, 0x19, 0x47, 0x19, 0x47, 0x19,
    0x47, 0x19, 0x47, 0x19, 0x47, 0x19, 0x47, 0x19, 0x47, 0x19, 0x47, 0x19, 0x47, 0x19, 0x47, 0x19,
    0x47, 0x19, 0x47, 0x19, 0x47, 0x19, 0x47, 0x19, 0x47, 0x19, 0x47, 0x19, 0x47, 0x19, 0x47, 0x19,
    0x47, 0x19, 0x47, 0x19, 0x47, 0x19, 0x47, 0x19, 0x47, 0x19, 0x47, 0x19, 0x47, 0x19, 0x47, 0x19,
    0x47, 0x19, 0x47, 0x19, 0x47, 0x19, 0x47, 0x19, 0x47, 0x19, 0x47, 0x19, 0x47, 0x19, 0x47, 0x19,
    0x47, 0x19, 0x47, 0x19, 0x47, 0x19, 0x47, 0x19, 0x47, 0x19, 0x47, 0x19, 0x47, 0x19, 0x47, 0x19,
    0x47, 0x19, 0x47, 0x19, 0x47, 0x19, 0x47, 0x19, 0x47, 0x19, 0x47, 0x19, 0x47, 0x19, 0x47, 0x19,
    0x47, 0x19, 0x47, 0x19, 0x47, 0x19, 0x47, 0x19, 0x47, 0x19, 0x47, 0x19, 0x47, 0x19, 0x47, 0x19,
    0x47, 0x19, 0x47, 0x19, 0x47, 0x19, 0x47, 0x19, 0x47, 0x19, 0x47, 0x19, 0x47, 0x19, 0x47, 0x19,
    0x47, 0x19, 0x47, 0x19, 0x47, 0x19, 0x47, 0x19, 0x47, 0x19, 0x47, 0x19, 0x47, 0x19, 0x47, 0x19,
    0x47, 0x19, 0x47, 0x19, 0x47, 0x19, 0x47, 0x19, 0x47, 0x19, 0x47, 0x19, 0x47, 0x19, 0x47, 0x19,
    0x47, 0x19, 0x47, 0x19, 0x47, 0x19, 0x47, 0x19, 0x47, 0x19, 0x47, 0x19, 0x47, 0x19, 0x47, 0x19,
    0x47, 0x19, 0x47, 0x19, 0x47, 0x19, 0x47, 0x19, 0x47, 0x19, 0x47, 0x19, 0x47, 0x19, 0x47, 0x19,
    0x47, 0x19, 0x47, 0x19, 0x47, 0x19, 0x47, 0x19, 0x47, 0x19, 0x47, 0x19, 0x47, 0x19, 0x47, 0x19,
    0x47, 0x19, 0x47, 0x19, 0x47, 0x19, 0x47, 0x19, 0x47, 0x19, 0x47, 0x19, 0x47, 0x19, 0x47, 0x19,
    0x47, 0x19, 0x47, 0x19, 0x47, 0x19, 0x47, 0x19, 0x47, 0x19, 0x47, 0x19, 0x47, 0x19, 0x47, 0x19,
    0x47, 0x19, 0x47, 0x19, 0x47, 0x19, 0x47, 0x19, 0x47, 0x19, 0x47, 0x19, 0x47, 0x19, 0x47, 0x19,
    0x47, 0x19, 0x47, 0x19, 0x47, 0x19, 0x47, 0x19, 0x47, 0x19, 0x47, 0x19, 0x47, 0x19, 0x47, 0x19,
    0x47, 0x19, 0x47, 0x19, 0x47, 0x19, 0x47, 0x19, 0x47, 0x19, 0x47, 0x19, 0x47, 0x19, 0x47, 0x19,
    0x47, 0x19, 0x47, 0x19, 0x47, 0x19, 0x47, 0x19, 0x47, 0x19, 0x47, 0x19, 0x47, 0x19, 0x47, 0x19,
    0x47, 0x19, 0x47, 0x19, 0x47, 0x19, 0x47, 0x19, 0x47, 0x19, 0x47, 0x19, 0x47, 0x19, 0x47, 0x19,
    0x47, 0x19, 0x47, 0x19, 0x47, 0x19, 0x47, 0x19, 0x47, 0x19, 0x47, 0x19, 0x47, 0x19, 0x47, 0x19,
    0x47, 0x19, 0x47, 0x19, 0x47, 0x19, 0x47, 0x19, 0x47, 0x19, 0x47, 0x19, 0x47, 0x19, 0x47, 0x19,
    0x47, 0x19, 0x47, 0x19, 0x47, 0x19, 0x47, 0x19, 0x47, 0x19, 0x47, 0x19, 0x47, 0x19, 0x47, 0x19,
    0x47, 0x19, 0x47, 0x19, 0x47, 0x19, 0x47, 0x19, 0x47, 0x19, 0x47, 0x19, 0x47, 0x19, 0x47, 0x19,
    0x47, 0x19, 0x47, 0x19, 0x47, 0x19, 0x47, 0x19, 0x47, 0x19, 0x47, 0x19, 0x47, 0x19, 0x47, 0x19,
    0x47, 0x19, 0x47, 0x19, 0x47, 0x19, 0x47, 0x19, 0x47, 0x19, 0x47, 0x19, 0x47, 0x19, 0x47, 0x19,
    0x47, 0x19, 0x47, 0x19, 0x47, 0x19, 0x47, 0x19, 0x47, 0x19, 0x47, 0x19, 0x47, 0x19, 0x47, 0x19,
    0x47, 0x19, 0x47, 0x19, 0x47, 0x19, 0x47, 0x19, 0x47, 0x19, 0x47, 0x19, 0x47, 0x19, 0x47, 0x19,
    0x47, 0x19, 0x47, 0x19, 0x47, 0x19, 0x47, 0x19, 0x47, 0x19, 0x47, 0x19, 0x47, 0x19, 0x47, 0x19,
    0x47, 0x19, 0x47, 0x19, 0x47, 0x19, 0x47, 0x19, 0x47, 0x19, 0x47, 0x19, 0x47, 0x19, 0x47, 0x19,
    0x47, 0x19, 0x47, 0x19, 0x47, 0x19, 0x47, 0x19, 0x47, 0x19, 0x47, 0x19, 0x47, 0x19, 0x47, 0x19,
    0x47, 0x19, 0x47, 0x19, 0x47, 0x19, 0x47, 0x19, 0x47, 0x19, 0x47, 0x19, 0x47, 0x19, 0x47, 0x19,
    0x47, 0x19, 0x47, 0x19, 0x47, 0x19, 0x47, 0x19, 0x47, 0x19, 0x47, 0x19, 0x47, 0x19, 0x47, 0x19,
    0x47, 0x19, 0x47, 0x19, 0x47, 0x19, 0x47, 0x19, 0x47, 0x19, 0x47, 0x19, 0x47, 0x19, 0x47, 0x19,
    0x47, 0x19, 0x47, 0x19, 0x47, 0x19, 0x47, 0x19, 0x47, 0x19, 0x47, 0x19, 0x47, 0x19, 0x47, 0x19,
    0x47, 0x19, 0x47, 0x19, 0x47, 0x19, 0x47, 0x19, 0x47, 0x19, 0x47, 0x19, 0x47, 0x19, 0x47, 0x19,
    0x47, 0x19, 0x47, 0x19, 0x47, 0x19, 0x47, 0x19, 0x47, 0x19, 0x47, 0x19, 0x47, 0x19, 0x47, 0x19,
    0x47, 0x19, 0x47, 0x19, 0x47, 0x19, 0x47, 0x19, 0x47, 0x19, 0x47, 0x19, 0x47, 0x19, 0x47, 0x19,
    0x47, 0x19, 0x47, 0x19, 0x47, 0x19, 0x47, 0x19, 0x47, 0x19, 0x47, 0x19, 0x47, 0x19, 0x47, 0x19,
    0x47, 0x19, 0x47, 0x19, 0x47, 0x19, 0x47, 0x19, 0x47, 0x19, 0x47, 0x19, 0x47, 0x19, 0x47, 0x19,
    0x47, 0x19, 0x47, 0x19, 0x47, 0x19, 0x47, 0x19, 0x47, 0x19, 0x47, 0x19, 0x47, 0x19, 0x47, 0x19,
    0x47, 0x19, 0x47, 0x19, 0x47, 0x19, 0x47, 0x19, 0x47, 0x19, 0x47, 0x19, 0x47, 0x19, 0x47, 0x19,
    0x47, 0x19, 0x47, 0x19, 0x47, 0x19, 0x47, 0x19, 0x47, 0x19, 0x47, 0x19, 0x47, 0x19, 0x47, 0x19,
    0x47, 0x19, 0x47, 0x19, 0x47, 0x19, 0x47, 0x19, 0x47, 0x19, 0x47, 0x19, 0x47, 0x19, 0x47, 0x19,
    0x47, 0x19, 0x47, 0x19, 0x47, 0x19, 0x47, 0x19, 0x47, 0x19, 0x47, 0x19, 0x47, 0x19, 0x47, 0x19,
    0x47, 0x19, 0x47, 0x19, 0x47, 0x19, 0x47, 0x19, 0x47, 0x19, 0x47, 0x19, 0x47, 0x19, 0x47, 0x19,
    0x47, 0x19, 0x47, 0x19, 0x47, 0x19, 0x47, 0x19, 0x47, 0x19, 0x47, 0x19, 0x47, 0x19, 0x47, 0x19,
    0x47, 0x19, 0x47, 0x19, 0x47, 0x19, 0x47, 0x19, 0x47, 0x19, 0x47, 0x19, 0x47, 0x19, 0x47, 0x19,
    0x47, 0x19, 0x47, 0x19, 0x47, 0x19, 0x47, 0x19, 0x47, 0x19, 0x47, 0x19, 0x47, 0x19, 0x47, 0x19,
    0x47, 0x19, 0x47, 0x19, 0x47, 0x19, 0x47, 0x19, 0x47, 0x19, 0x47, 0x19, 0x47, 0x19, 0x47, 0x19,
    0x47, 0x19, 0x47, 0x19, 0x47, 0x19, 0x47, 0x19, 0x47, 0x19, 0x47, 0x19, 0x47, 0x19, 0x47, 0x19,
    0x47, 0x19, 0x47, 0x19, 0x47, 0x19, 0x47, 0x19, 0x47, 0x19, 0x47, 0x19, 0x47, 0x19, 0x47, 0x19,
    0x47, 0x19, 0x47, 0x19, 0x47, 0x19, 0x47, 0x19, 0x47, 0x19, 0x47, 0x19, 0x47, 0x19, 0x47, 0x19,
    0x47, 0x19, 0x47, 0x19, 0x47, 0x19, 0x47, 0x19, 0x47, 0x19, 0x47, 0x19, 0x47, 0x19, 0x47, 0x19,
    0x47, 0x19, 0x47, 0x19, 0x47, 0x19, 0x47, 0x19, 0x47, 0x19, 0x47, 0x19, 0x47, 0x19, 0x47, 0x19,
    0x47, 0x19, 0x47, 0x19, 0x47, 0x19, 0x47, 0x19, 0x47, 0x19, 0x47, 0x19, 0x47, 0x19, 0x47, 0x19,
    0x47, 0x19, 0x47, 0x19, 0x47, 0x19, 0x47, 0x19, 0x47, 0x19, 0x47, 0x19, 0x47, 0x19, 0x47, 0x19,
    0x47, 0x19, 0x47, 0x19, 0x47, 0x19, 0x47, 0x19, 0x47, 0x19, 0x47, 0x19, 0x47, 0x19, 0x47, 0x19,
    0x47, 0x19, 0x47, 0x19, 0x47, 0x19, 0x47, 0x19, 0x47, 0x19, 0x47, 0x19, 0x47, 0x19, 0x47, 0x19,
    0x47, 0x19, 0x47, 0x19, 0x47, 0x19, 0x47, 0x19, 0x47, 0x19, 0x47, 0x19, 0x47, 0x19, 0x47, 0x19,
    0x47, 0x19, 0x47, 0x19, 0x47, 0x19, 0x47, 0x19, 0x47, 0x19, 0x47, 0x19, 0x47, 0x19, 0x47, 0x19,
    0x47, 0x19, 0x47, 0x19, 0x47, 0x19, 0x47, 0x19, 0x47, 0x19, 0x47, 0x19, 0x47, 0x19, 0x47, 0x19,
    0x47, 0x19, 0x47, 0x19, 0x47, 0x19, 0x47, 0x19, 0x47, 0x19, 0x47, 0x19, 0x47, 0x19, 0x47, 0x19,
    0x47, 0x19, 0x47, 0x19, 0x47, 0x19, 0x47, 0x19, 0x47, 0x19, 0x47, 0x19, 0x47, 0x19, 0x47, 0x19,
    0x47, 0x19, 0x47, 0x19, 0x47, 0x19, 0x47, 0x19, 0x47, 0x19, 0x47, 0x19, 0x47, 0x19, 0x47, 0x19,
    0x47, 0x19, 0x47, 0x19, 0x47, 0x19, 0x47, 0x19, 0x47, 0x19, 0x47, 0x19, 0x47, 0x19, 0x47, 0x19,
    0x47, 0x19, 0x47, 0x19, 0x47, 0x19, 0x47, 0x19, 0x47, 0x19, 0x47, 0x19, 0x47, 0x19, 0x47, 0x19,
    0x47, 0x19, 0x47, 0x19, 0x47, 0x19, 0x47, 0x19, 0x47, 0x19, 0x47, 0x19, 0x47, 0x19, 0x47, 0x19,
    0x47, 0x19, 0x47, 0x19, 0x47, 0x19, 0x47, 0x19, 0x47, 0x19, 0x47, 0x19, 0x47, 0x19, 0x47, 0x19,
    0x47, 0x19, 0x47, 0x19, 0x47, 0x19, 0x47, 0x19, 0x47, 0x19, 0x47, 0x19, 0x47, 0x19, 0x47, 0x19,
    0x47, 0x19, 0x47, 0x19, 0x47, 0x19, 0x47, 0x19, 0x47, 0x19, 0x47, 0x19, 0x47, 0x19, 0x47, 0x19,
    0x47, 0x19, 0x47, 0x19, 0x47, 0x19, 0x47, 0x19, 0x47, 0x19, 0x47, 0x19, 0x47, 0x19, 0x47, 0x19,
    0x47, 0x19, 0x47, 0x19, 0x47, 0x19, 0x47, 0x19, 0x47, 0x19, 0x47, 0x19, 0x47, 0x19, 0x47, 0x19,
    0x47, 0x19, 0x47, 0x19, 0x47, 0x19, 0x47, 0x19, 0x47, 0x19, 0x47, 0x19, 0x47, 0x19, 0x47, 0x19,
    0x47, 0x19, 0x47, 0x19, 0x47, 0x19, 0x47, 0x19, 0x47, 0x19, 0x47, 0x19, 0x47, 0x19, 0x47, 0x19,
    0x47, 0x19, 0x47, 0x19, 0x47, 0x19, 0x47, 0x19, 0x47, 0x19, 0x47, 0x19, 0x47, 0x19, 0x47, 0x19,
    0x47, 0x19, 0x47, 0x19, 0x47, 0x19, 0x47, 0x19, 0x47, 0x19, 0x47, 0x19, 0x47, 0x19, 0x47, 0x19,
    0x47, 0x19, 0x47, 0x19, 0x47, 0x19, 0x47, 0x19, 0x47, 0x19, 0x47, 0x19, 0x47, 0x19, 0x47, 0x19,
    0x47, 0x19, 0x47, 0x19, 0x47, 0x19, 0x47, 0x19, 0x47, 0x19, 0x47, 0x19, 0x47, 0x19, 0x47, 0x19,
    0x47, 0x19, 0x47, 0x19, 0x47, 0x19, 0x47, 0x19, 0x47, 0x19, 0x47, 0x19, 0x47, 0x19, 0x47, 0x19,
    0x47, 0x19, 0x47, 0x19, 0x47, 0x19, 0x47, 0x19, 0x47, 0x19, 0x47, 0x19, 0x47, 0x19, 0x47, 0x19,
    0x47, 0x19, 0x47, 0x19, 0x47, 0x19, 0x47, 0x19, 0x47, 0x19, 0x47, 0x19, 0x47, 0x19, 0x47, 0x19,
    0x47, 0x19, 0x47, 0x19, 0x47, 0x19, 0x47, 0x19, 0x47, 0x19, 0x47, 0x19, 0x47, 0x19, 0x47, 0x19,
    0x47, 0x19, 0x47, 0x19, 0x47, 0x19, 0x47, 0x19, 0x47, 0x19, 0x47, 0x19, 0x47, 0x19, 0x47, 0x19,
    0x47, 0x19, 0x47, 0x19, 0x47, 0x19, 0x47, 0x19, 0x47, 0x19, 0x47, 0x19, 0x47, 0x19, 0x47, 0x19,
    0x47, 0x19, 0x47, 0x19, 0x47, 0x19, 0x47, 0x19, 0x47, 0x19, 0x47, 0x19, 0x47, 0x19, 0x47, 0x19,
    0x47, 0x19, 0x47, 0x19, 0x47, 0x19, 0x47, 0x19, 0x47, 0x19, 0x47, 0x19, 0x47, 0x19, 0x47, 0x19,
    0x47, 0x19, 0x47, 0x19, 0x47, 0x19, 0x47, 0x19, 0x47, 0x19, 0x47, 0x19, 0x47, 0x19, 0x47, 0x19,
    0x47, 0x19, 0x47, 0x19, 0x47, 0x19, 0x47, 0x19, 0x47, 0x19, 0x47, 0x19, 0x47, 0x19, 0x47, 0x19,
    0x47, 0x19, 0x47, 0x19, 0x47, 0x19, 0x47, 0x19, 0x47, 0x19, 0x47, 0x19, 0x47, 0x19, 0x47, 0x19,
    0x47, 0x19, 0x47, 0x19, 0x47, 0x19, 0x47, 0x19, 0x47, 0x19, 0x47, 0x19, 0x47, 0x19, 0x47, 0x19,
    0x47, 0x19, 0x47, 0x19, 0x47, 0x19, 0x47, 0x19, 0x47, 0x19, 0x47, 0x19, 0x47, 0x19, 0x47, 0x19,
    0x47, 0x19, 0x47, 0x19, 0x47, 0x19, 0x47, 0x19, 0x47, 0x19, 0x47, 0x19, 0x47, 0x19, 0x47, 0x19,
    0x47, 0x19, 0x47, 0x19, 0x47, 0x19, 0x47, 0x19, 0x47, 0x19, 0x47, 0x19, 0x47, 0x19, 0x47, 0x19,
    0x47, 0x19, 0x47, 0x19, 0x47, 0x19, 0x47, 0x19, 0x47, 0x19, 0x47, 0x19, 0x47, 0x19, 0x47, 0x19,
    0x47, 0x19, 0x47, 0x19, 0x47, 0x19, 0x47, 0x19, 0x47, 0x19, 0x47, 0x19, 0x47, 0x19, 0x47, 0x19,
    0x47, 0x19, 0x47, 0x19, 0x47, 0x19, 0x47, 0x19, 0x47, 0x19, 0x47, 0x19, 0x47, 0x19, 0x47, 0x19,
    0x47, 0x19, 0x47, 0x19, 0x47, 0x19, 0x47, 0x19, 0x47, 0x19, 0x47, 0x19, 0x47, 0x19, 0x47, 0x19,
    0x47, 0x19, 0x47, 0x19, 0x47, 0x19, 0x47, 0x19, 0x47, 0x19, 0x47, 0x19, 0x47, 0x19, 0x47, 0x19,
    0x47, 0x19, 0x47, 0x19, 0x47, 0x19, 0x47, 0x19, 0x47, 0x19, 0x47, 0x19, 0x47, 0x19, 0x47, 0x19,
    0x47, 0x19, 0x47, 0x19, 0x47, 0x19, 0x47, 0x19, 0x47, 0x19, 0x47, 0x19, 0x47, 0x19, 0x47, 0x19,
    0x47, 0x19, 0x47, 0x19, 0x47, 0x19, 0x47, 0x19, 0x47, 0x19, 0x47, 0x19, 0x47, 0x19, 0x47, 0x19,
    0x47, 0x19, 0x47, 0x19, 0x47, 0x19, 0x47, 0x19, 0x47, 0x19, 0x47, 0x19, 0x47, 0x19, 0x47, 0x19,
    0x47, 0x19, 0x47, 0x19, 0x47, 0x19, 0x47, 0x19, 0x47, 0x19, 0x47, 0x19, 0x47, 0x19, 0x47, 0x19,
    0x47, 0x19, 0x47, 0x19, 0x47, 0x19, 0x47, 0x19, 0x47, 0x19, 0x47, 0x19, 0x47, 0x19, 0x47, 0x19,
    0x47, 0x19, 0x47, 0x19, 0x47, 0x19, 0x47, 0x19, 0x47, 0x19, 0x47, 0x19, 0x47, 0x19, 0x47, 0x19,
    0x47, 0x19, 0x47, 0x19, 0x47, 0x19, 0x47, 0x19, 0x47, 0x19, 0x47, 0x19, 0x47, 0x19, 0x47, 0x19,
    0x47, 0x19, 0x47, 0x19, 0x47, 0x19, 0x47, 0x19, 0x47, 0x19, 0x47, 0x19, 0x47, 0x19, 0x47, 0x19,
    0x47, 0x19, 0x47, 0x19, 0x47, 0x19, 0x47, 0x19, 0x47, 0x19, 0x47, 0x19, 0x47, 0x19, 0x47, 0x19,
    0x47, 0x19, 0x47, 0x19, 0x47, 0x19, 0x47, 0x19, 0x47, 0x19, 0x47, 0x19, 0x47, 0x19, 0x47, 0x19,
    0x47, 0x19, 0x47, 0x19, 0x47, 0x19, 0x47, 0x19, 0x47, 0x19, 0x47, 0x19, 0x47, 0x19, 0x47, 0x19,
    0x47, 0x19, 0x47, 0x19, 0x47, 0x19, 0x47, 0x19, 0x47, 0x19, 0x47, 0x19, 0x47, 0x19, 0x47, 0x19,
    0x47, 0x19, 0x47, 0x19, 0x47, 0x19, 0x47, 0x19, 0x47, 0x19, 0x47, 0x19, 0x47, 0x19, 0x47, 0x19,
    0x47, 0x19, 0x47, 0x19, 0x47, 0x19, 0x47, 0x19, 0x47, 0x19, 0x47, 0x19, 0x47, 0x19, 0x47, 0x19,
    0x47, 0x19, 0x47, 0x19, 0x47, 0x19, 0x47, 0x19, 0x47, 0x19, 0x47, 0x19, 0x47, 0x19, 0x47, 0x19,
    0x47, 0x19, 0x47, 0x19, 0x47, 0x19, 0x47, 0x19, 0x47, 0x19, 0x47, 0x19, 0x47, 0x19, 0x47, 0x19,
    0x47, 0x19, 0x47, 0x19, 0x47, 0x19, 0x47, 0x19, 0x47, 0x19, 0x47, 0x19, 0x47, 0x19, 0x47, 0x19,
    0x47, 0x19, 0x47, 0x19, 0x47, 0x19, 0x47, 0x19, 0x47, 0x19, 0x47, 0x19, 0x47, 0x19, 0x47, 0x19,
    0x47, 0x19, 0x47, 0x19, 0x47, 0x19, 0x47, 0x19, 0x47, 0x19, 0x47, 0x19, 0x47, 0x19, 0x47, 0x19,
    0x47, 0x19, 0x47, 0x19, 0x47, 0x19, 0x47, 0x19, 0x47, 0x19, 0x47, 0x19, 0x47, 0x19, 0x47, 0x19,
    0x47, 0x19, 0x47, 0x19, 0x47, 0x19, 0x47, 0x19, 0x47, 0x19, 0x47, 0x19, 0x47, 0x19, 0x47, 0x19,
    0x47, 0x19, 0x47, 0x19, 0x47, 0x19, 0x47, 0x19, 0x47, 0x19, 0x47, 0x19, 0x47, 0x19, 0x47, 0x19,
    0x47, 0x19, 0x47, 0x19, 0x47, 0x19, 0x47, 0x19, 0x47, 0x19, 0x47, 0x19, 0x47, 0x19, 0x47, 0x19,
    0x47, 0x19, 0x47, 0x19, 0x47, 0x19, 0x47, 0x19, 0x47, 0x19, 0x47, 0x19, 0x47, 0x19, 0x47, 0x19,
    0x47, 0x19, 0x47, 0x19, 0x47, 0x19, 0x47, 0x19, 0x47, 0x19, 0x47, 0x19, 0x47, 0x19, 0x47, 0x19,
    0x47, 0x19, 0x47, 0x19, 0x47, 0x19, 0x47, 0x19, 0x47, 0x19, 0x47, 0x19, 0x47, 0x19, 0x47, 0x19,
    0x47, 0x19, 0x47, 0x19, 0x47, 0x19, 0x47, 0x19, 0x47, 0x19, 0x47, 0x19, 0x47, 0x19, 0x47, 0x19,
    0x47, 0x19, 0x47, 0x19, 0x47, 0x19, 0x47, 0x19, 0x47, 0x19, 0x47, 0x19, 0x47, 0x19, 0x47, 0x19,
    0x47, 0x19, 0x47, 0x19, 0x47, 0x19, 0x47, 0x19, 0x47, 0x19, 0x47, 0x19, 0x47, 0x19, 0x47, 0x19,
    0x47, 0x19, 0x47, 0x19, 0x47, 0x19, 0x47, 0x19, 0x47, 0x19, 0x47, 0x19, 0x47, 0x19, 0x47, 0x19,
    0x47, 0x19, 0x47, 0x19, 0x47, 0x19, 0x47, 0x19, 0x47, 0x19, 0x47, 0x19, 0x47, 0x19, 0x47, 0x19,
    0x47, 0x19, 0x47, 0x19, 0x47, 0x19, 0x47, 0x19, 0x47, 0x19, 0x47, 0x19, 0x47, 0x19, 0x47, 0x19,
    0x47, 0x19, 0x47, 0x19, 0x47, 0x19, 0x47, 0x19, 0x47, 0x19, 0x47, 0x19, 0x47, 0x19, 0x47, 0x19,
    0x47, 0x19, 0x47, 0x19, 0x47, 0x19, 0x47, 0x19, 0x47, 0x19, 0x47, 0x19, 0x47, 0x19, 0x47, 0x19,
    0x47, 0x19, 0x47, 0x19, 0x47, 0x19, 0x47, 0x19, 0x47, 0x19, 0x47, 0x19, 0x47, 0x19, 0x47, 0x19,
    0x47, 0x19, 0x47, 0x19, 0x47, 0x19, 0x47, 0x19, 0x47, 0x19, 0x47, 0x19, 0x47, 0x19, 0x47, 0x19,
    0x47, 0x19, 0x47, 0x19, 0x47, 0x19, 0x47, 0x19, 0x47, 0x19, 0x47, 0x19, 0x47, 0x19, 0x47, 0x19,
    0x47, 0x19, 0x47, 0x19, 0x47, 0x19, 0x47, 0x19, 0x47, 0x19, 0x47, 0x19, 0x47, 0x19, 0x47, 0x19,
    0x47, 0x19, 0x47, 0x19, 0x47, 0x19, 0x47, 0x19, 0x47, 0x19, 0x47, 0x19, 0x47, 0x19, 0x47, 0x19,
    0x47, 0x19, 0x47, 0x19, 0x47, 0x19, 0x47, 0x19, 0x47, 0x19, 0x47, 0x19, 0x47, 0x19, 0x47, 0x19,
    0x47, 0x19, 0x47, 0x19, 0x47, 0x19, 0x47, 0x19, 0x47, 0x19, 0x47, 0x19, 0x47, 0x19, 0x47, 0x19,
    0x47, 0x19, 0x47, 0x19, 0x47, 0x19, 0x47, 0x19, 0x47, 0x19, 0x47, 0x19, 0x47, 0x19, 0x47, 0x19,
    0x47, 0x19, 0x47, 0x19, 0x47, 0x19, 0x47, 0x19, 0x47, 0x19, 0x47, 0x19, 0x47, 0x19, 0x47, 0x19,
    0x47, 0x19, 0x47, 0x19, 0x47, 0x19, 0x47, 0x19, 0x47, 0x19, 0x47, 0x19, 0x47, 0x19, 0x47, 0x19,
    0x47, 0x19, 0x47, 0x19, 0x47, 0x19, 0x47, 0x19, 0x47, 0x19, 0x47, 0x19, 0x47, 0x19, 0x47, 0x19,
    0x47, 0x19, 0x47, 0x19, 0x47, 0x19, 0x47, 0x19, 0x47, 0x19, 0x47, 0x19, 0x47, 0x19, 0x47, 0x19,
    0x47, 0x19, 0x47, 0x19, 0x47, 0x19, 0x47, 0x19, 0x47, 0x19, 0x47, 0x19, 0x47, 0x19, 0x47, 0x19,
    0x47, 0x19, 0x47, 0x19, 0x47, 0x19, 0x47, 0x19, 0x47, 0x19, 0x47, 0x19, 0x47, 0x19, 0x47, 0x19,
    0x47, 0x19, 0x47, 0x19, 0x47, 0x19, 0x47, 0x19, 0x47, 0x19, 0x47, 0x19, 0x47, 0x19, 0x47, 0x19,
    0x47, 0x19, 0x47, 0x19, 0x47, 0x19, 0x47, 0x19, 0x47, 0x19, 0x47, 0x19, 0x47, 0x19, 0x47, 0x19,
    0x47, 0x19, 0x47, 0x19, 0x47, 0x19, 0x47, 0x19, 0x47, 0x19, 0x47, 0x19, 0x47, 0x19, 0x47, 0x19,
    0x47, 0x19, 0x47, 0x19, 0x47, 0x19, 0x47, 0x19, 0x47, 0x19, 0x47, 0x19, 0x47, 0x19, 0x47, 0x19,
    0x47, 0x19, 0x47, 0x19, 0x47, 0x19, 0x47, 0x19, 0x47, 0x19, 0x47, 0x19, 0x47, 0x19, 0x47, 0x19,
    0x47, 0x19, 0x47, 0x19, 0x47, 0x19, 0x47, 0x19, 0x47, 0x19, 0x47, 0x19, 0x47, 0x19, 0x47, 0x19,
    0x47, 0x19, 0x47, 0x19, 0x47, 0x19, 0x47, 0x19, 0x47, 0x19, 0x47, 0x19, 0x47, 0x19, 0x47, 0x19,
    0x47, 0x19, 0x47, 0x19, 0x47, 0x19, 0x47, 0x19, 0x47, 0x19, 0x47, 0x19, 0x47, 0x19, 0x47, 0x19,
    0x47, 0x19, 0x47, 0x19, 0x47, 0x19, 0x47, 0x19, 0x47, 0x19, 0x47, 0x19, 0x47, 0x19, 0x47, 0x19,
    0x47, 0x19, 0x47, 0x19, 0x47, 0x19, 0x47, 0x19, 0x47, 0x19, 0x47, 0x19, 0x47, 0x19, 0x47, 0x19,
    0x47, 0x19, 0x47, 0x19, 0x47, 0x19, 0x47, 0x19, 0x47, 0x19, 0x47, 0x19, 0x47, 0x19, 0x47, 0x19,
    0x47, 0x19, 0x47, 0x19, 0x47, 0x19, 0x47, 0x19, 0x47, 0x19, 0x47, 0x19, 0x47, 0x19, 0x47, 0x19,
    0x47, 0x19, 0x47, 0x19, 0x47, 0x19, 0x47, 0x19, 0x47, 0x19, 0x47, 0x19, 0x47, 0x19, 0x47, 0x19,
    0x47, 0x19, 0x47, 0x19, 0x47, 0x19, 0x47, 0x19, 0x47, 0x19, 0x47, 0x19, 0x47, 0x19, 0x47, 0x19,
    0x47, 0x19, 0x47, 0x19, 0x47, 0x21, 0x67, 0x21, 0x67, 0x21, 0x67, 0x21, 0x47, 0x19, 0x47, 0x19,
    0x47, 0x19, 0x47, 0x19, 0x47, 0x19, 0x47, 0x19, 0x47, 0x19, 0x47, 0x19, 0x47, 0x19, 0x47, 0x19,
    0x47, 0x19, 0x47, 0x19, 0x47, 0x19, 0x47, 0x19, 0x47, 0x19, 0x47, 0x19, 0x47, 0x19, 0x47, 0x19,
    0x47, 0x19, 0x47, 0x19, 0x47, 0x19, 0x47, 0x19, 0x47, 0x19, 0x47, 0x19, 0x47, 0x19, 0x47, 0x19,
    0x47, 0x19, 0x47, 0x19, 0x47, 0x19, 0x47, 0x19, 0x47, 0x19, 0x47, 0x19, 0x47, 0x19, 0x47, 0x19,
    0x47, 0x19, 0x47, 0x19, 0x47, 0x19, 0x47, 0x19, 0x47, 0x19, 0x47, 0x19, 0x47, 0x19, 0x47, 0x19,
    0x47, 0x19, 0x47, 0x19, 0x47, 0x19, 0x47, 0x19, 0x47, 0x19, 0x47, 0x19, 0x47, 0x19, 0x47, 0x19,
    0x47, 0x19, 0x47, 0x19, 0x47, 0x19, 0x47, 0x19, 0x47, 0x19, 0x47, 0x19, 0x47, 0x19, 0x47, 0x19,
    0x47, 0x19, 0x47, 0x19, 0x47, 0x19, 0x47, 0x19, 0x47, 0x19, 0x47, 0x19, 0x47, 0x19, 0x47, 0x19,
    0x47, 0x19, 0x47, 0x19, 0x47, 0x19, 0x47, 0x19, 0x47, 0x19, 0x47, 0x19, 0x47, 0x19, 0x47, 0x19,
    0x47, 0x19, 0x47, 0x19, 0x47, 0x19, 0x47, 0x19, 0x47, 0x19, 0x47, 0x19, 0x47, 0x19, 0x47, 0x19,
    0x47, 0x19, 0x47, 0x19, 0x47, 0x19, 0x47, 0x19, 0x47, 0x19, 0x47, 0x19, 0x47, 0x19, 0x47, 0x19,
    0x47, 0x19, 0x47, 0x19, 0x47, 0x19, 0x47, 0x19, 0x47, 0x19, 0x47, 0x19, 0x47, 0x19, 0x47, 0x19,
    0x47, 0x19, 0x47, 0x19, 0x47, 0x19, 0x47, 0x19, 0x47, 0x19, 0x47, 0x19, 0x47, 0x19, 0x47, 0x19,
    0x47, 0x19, 0x47, 0x19, 0x47, 0x19, 0x47, 0x19, 0x47, 0x19, 0x47, 0x19, 0x47, 0x19, 0x47, 0x19,
    0x47, 0x19, 0x47, 0x19, 0x47, 0x19, 0x47, 0x19, 0x47, 0x19, 0x47, 0x19, 0x47, 0x19, 0x47, 0x19,
    0x47, 0x19, 0x47, 0x19, 0x47, 0x19, 0x47, 0x19, 0x47, 0x19, 0x47, 0x19, 0x47, 0x19, 0x47, 0x19,
    0x47, 0x19, 0x47, 0x19, 0x47, 0x19, 0x47, 0x19, 0x47, 0x19, 0x47, 0x19, 0x47, 0x19, 0x47, 0x19,
    0x47, 0x19, 0x47, 0x19, 0x47, 0x19, 0x47, 0x19, 0x47, 0x19, 0x47, 0x19, 0x47, 0x19, 0x47, 0x19,
    0x47, 0x19, 0x47, 0x19, 0x47, 0x19, 0x47, 0x19, 0x47, 0x19, 0x47, 0x19, 0x47, 0x19, 0x47, 0x19,
    0x47, 0x19, 0x47, 0x19, 0x47, 0x19, 0x47, 0x19, 0x47, 0x19, 0x47, 0x19, 0x47, 0x19, 0x47, 0x19,
    0x47, 0x19, 0x47, 0x19, 0x47, 0x19, 0x47, 0x19, 0x47, 0x19, 0x47, 0x19, 0x47, 0x19, 0x47, 0x19,
    0x47, 0x19, 0x47, 0x19, 0x47, 0x19, 0x47, 0x19, 0x47, 0x19, 0x47, 0x19, 0x47, 0x19, 0x47, 0x19,
    0x47, 0x19, 0x47, 0x19, 0x47, 0x19, 0x47, 0x19, 0x47, 0x19, 0x47, 0x19, 0x47, 0x19, 0x47, 0x19,
    0x47, 0x19, 0x47, 0x19, 0x47, 0x19, 0x47, 0x19, 0x47, 0x19, 0x47, 0x19, 0x47, 0x19, 0x47, 0x19,
    0x47, 0x19, 0x47, 0x19, 0x47, 0x19, 0x47, 0x19, 0x47, 0x19, 0x47, 0x19, 0x47, 0x19, 0x47, 0x19,
    0x47, 0x19, 0x47, 0x19, 0x47, 0x19, 0x47, 0x19, 0x47, 0x19, 0x47, 0x19, 0x47, 0x19, 0x47, 0x19,
    0x47, 0x19, 0x47, 0x19, 0x47, 0x19, 0x47, 0x19, 0x47, 0x19, 0x47, 0x19, 0x47, 0x19, 0x47, 0x19,
    0x47, 0x19, 0x47, 0x19, 0x47, 0x19, 0x47, 0x19, 0x47, 0x19, 0x47, 0x19, 0x47, 0x19, 0x47, 0x19,
    0x47, 0x19, 0x47, 0x19, 0x47, 0x19, 0x47, 0x19, 0x47, 0x19, 0x47, 0x19, 0x47, 0x19, 0x47, 0x19,
    0x47, 0x19, 0x47, 0x19, 0x47, 0x19, 0x47, 0x19, 0x47, 0x19, 0x47, 0x19, 0x47, 0x19, 0x47, 0x19,
    0x47, 0x19, 0x47, 0x19, 0x47, 0x19, 0x47, 0x19, 0x47, 0x19, 0x47, 0x19, 0x47, 0x19, 0x47, 0x19,
    0x47, 0x19, 0x47, 0x19, 0x47, 0x19, 0x47, 0x19, 0x47, 0x19, 0x47, 0x19, 0x47, 0x19, 0x47, 0x19,
    0x47, 0x19, 0x47, 0x19, 0x47, 0x19, 0x47, 0x19, 0x47, 0x19, 0x47, 0x19, 0x47, 0x19, 0x47, 0x19,
    0x47, 0x19, 0x47, 0x19, 0x47, 0x19, 0x47, 0x19, 0x47, 0x19, 0x47, 0x19, 0x47, 0x19, 0x47, 0x19,
    0x47, 0x19, 0x47, 0x21, 0x06, 0x11, 0xe5, 0x10, 0xc5, 0x08, 0xe6, 0x10, 0x27, 0x19, 0x67, 0x21,
    0x47, 0x19, 0x47, 0x19, 0x47, 0x19, 0x47, 0x19, 0x47, 0x19, 0x47, 0x19, 0x47, 0x19, 0x47, 0x19,
    0x47, 0x19, 0x47, 0x19, 0x47, 0x19, 0x47, 0x19, 0x47, 0x19, 0x47, 0x19, 0x47, 0x19, 0x47, 0x19,
    0x47, 0x19, 0x47, 0x19, 0x47, 0x19, 0x47, 0x19, 0x47, 0x19, 0x47, 0x19, 0x47, 0x19, 0x47, 0x19,
    0x47, 0x19, 0x47, 0x19, 0x47, 0x19, 0x47, 0x19, 0x47, 0x19, 0x47, 0x19, 0x47, 0x19, 0x47, 0x19,
    0x47, 0x19, 0x47, 0x19, 0x47, 0x19, 0x47, 0x19, 0x47, 0x19, 0x47, 0x19, 0x47, 0x19, 0x47, 0x19,
    0x47, 0x19, 0x47, 0x19, 0x47, 0x19, 0x47, 0x19, 0x47, 0x19, 0x47, 0x19, 0x47, 0x19, 0x47, 0x19,
    0x47, 0x19, 0x47, 0x19, 0x47, 0x19, 0x47, 0x19, 0x47, 0x19, 0x47, 0x19, 0x47, 0x19, 0x47, 0x19,
    0x47, 0x19, 0x47, 0x19, 0x47, 0x19, 0x47, 0x19, 0x47, 0x19, 0x47, 0x19, 0x47, 0x19, 0x47, 0x19,
    0x47, 0x19, 0x47, 0x19, 0x47, 0x19, 0x47, 0x19, 0x47, 0x19, 0x47, 0x19, 0x47, 0x19, 0x47, 0x19,
    0x47, 0x19, 0x47, 0x19, 0x47, 0x19, 0x47, 0x19, 0x47, 0x19, 0x47, 0x19, 0x47, 0x19, 0x47, 0x19,
    0x47, 0x19, 0x47, 0x19, 0x47, 0x19, 0x47, 0x19, 0x47, 0x19, 0x47, 0x19, 0x47, 0x19, 0x47, 0x19,
    0x47, 0x19, 0x47, 0x19, 0x47, 0x19, 0x47, 0x19, 0x47, 0x19, 0x47, 0x19, 0x47, 0x19, 0x47, 0x19,
    0x47, 0x19, 0x47, 0x19, 0x47, 0x19, 0x47, 0x19, 0x47, 0x19, 0x47, 0x19, 0x47, 0x19, 0x47, 0x19,
    0x47, 0x19, 0x47, 0x19, 0x47, 0x19, 0x47, 0x19, 0x47, 0x19, 0x47, 0x19, 0x47, 0x19, 0x47, 0x19,
    0x47, 0x19, 0x47, 0x19, 0x47, 0x19, 0x47, 0x19, 0x47, 0x19, 0x47, 0x19, 0x47, 0x19, 0x47, 0x19,
    0x47, 0x19, 0x47, 0x19, 0x47, 0x19, 0x47, 0x19, 0x47, 0x19, 0x47, 0x19, 0x47, 0x19, 0x47, 0x19,
    0x47, 0x19, 0x47, 0x19, 0x47, 0x19, 0x47, 0x19, 0x47, 0x19, 0x47, 0x19, 0x47, 0x19, 0x47, 0x19,
    0x47, 0x19, 0x47, 0x19, 0x47, 0x19, 0x47, 0x19, 0x47, 0x19, 0x47, 0x19, 0x47, 0x19, 0x47, 0x19,
    0x47, 0x19, 0x47, 0x19, 0x47, 0x19, 0x47, 0x19, 0x47, 0x19, 0x47, 0x19, 0x47, 0x19, 0x47, 0x19,
    0x47, 0x19, 0x47, 0x19, 0x47, 0x19, 0x47, 0x19, 0x47, 0x19, 0x47, 0x19, 0x47, 0x19, 0x47, 0x19,
    0x47, 0x19, 0x47, 0x19, 0x47, 0x19, 0x47, 0x19, 0x47, 0x19, 0x47, 0x19, 0x47, 0x19, 0x47, 0x19,
    0x47, 0x19, 0x47, 0x19, 0x47, 0x19, 0x47, 0x19, 0x47, 0x19, 0x47, 0x19, 0x47, 0x19, 0x47, 0x19,
    0x47, 0x19, 0x47, 0x19, 0x47, 0x19, 0x47, 0x19, 0x47, 0x19, 0x47, 0x19, 0x47, 0x19, 0x47, 0x19,
    0x47, 0x19, 0x47, 0x19, 0x47, 0x19, 0x47, 0x19, 0x47, 0x19, 0x47, 0x19, 0x47, 0x19, 0x47, 0x19,
    0x47, 0x19, 0x47, 0x19, 0x47, 0x19, 0x47, 0x19, 0x47, 0x19, 0x47, 0x19, 0x47, 0x19, 0x47, 0x19,
    0x47, 0x19, 0x47, 0x19, 0x47, 0x19, 0x47, 0x19, 0x47, 0x19, 0x47, 0x19, 0x47, 0x19, 0x47, 0x19,
    0x47, 0x19, 0x47, 0x19, 0x47, 0x19, 0x47, 0x19, 0x47, 0x19, 0x47, 0x19, 0x47, 0x19, 0x47, 0x19,
    0x47, 0x19, 0x47, 0x19, 0x47, 0x19, 0x47, 0x19, 0x47, 0x19, 0x47, 0x19, 0x47, 0x19, 0x47, 0x19,
    0x47, 0x19, 0x47, 0x19, 0x47, 0x19, 0x47, 0x19, 0x47, 0x19, 0x47, 0x19, 0x47, 0x19, 0x47, 0x19,
    0x47, 0x19, 0x47, 0x19, 0x47, 0x19, 0x47, 0x19, 0x47, 0x19, 0x47, 0x19, 0x47, 0x19, 0x47, 0x19,
    0x47, 0x19, 0x47, 0x19, 0x47, 0x19, 0x47, 0x19, 0x47, 0x19, 0x47, 0x19, 0x47, 0x19, 0x47, 0x19,
    0x47, 0x19, 0x47, 0x19, 0x47, 0x19, 0x47, 0x19, 0x47, 0x19, 0x47, 0x19, 0x47, 0x19, 0x47, 0x19,
    0x47, 0x19, 0x47, 0x19, 0x47, 0x19, 0x47, 0x19, 0x47, 0x19, 0x47, 0x19, 0x47, 0x19, 0x47, 0x19,
    0x47, 0x19, 0x47, 0x19, 0x47, 0x19, 0x47, 0x19, 0x47, 0x19, 0x47, 0x19, 0x47, 0x19, 0x47, 0x19,
    0x47, 0x19, 0xe6, 0x10, 0x2a, 0x3a, 0x6f, 0x63, 0xd0, 0x73, 0xed, 0x52, 0x88, 0x21, 0xe5, 0x10,
    0x47, 0x19, 0x47, 0x21, 0x47, 0x19, 0x47, 0x19, 0x47, 0x19, 0x47, 0x19, 0x47, 0x19, 0x47, 0x19,
    0x47, 0x19, 0x47, 0x19, 0x47, 0x19, 0x47, 0x19, 0x47, 0x19, 0x47, 0x19, 0x47, 0x19, 0x47, 0x19,
    0x47, 0x19, 0x47, 0x19, 0x47, 0x19, 0x47, 0x19, 0x47, 0x19, 0x47, 0x19, 0x47, 0x19, 0x47, 0x19,
    0x47, 0x19, 0x47, 0x19, 0x47, 0x19, 0x47, 0x19, 0x47, 0x19, 0x47, 0x19, 0x47, 0x19, 0x47, 0x19,
    0x47, 0x19, 0x47, 0x19, 0x47, 0x19, 0x47, 0x19, 0x47, 0x19, 0x47, 0x19, 0x47, 0x19, 0x47, 0x19,
    0x47, 0x19, 0x47, 0x19, 0x47, 0x19, 0x47, 0x19, 0x47, 0x19, 0x47, 0x19, 0x47, 0x19, 0x47, 0x19,
    0x47, 0x19, 0x47, 0x19, 0x47, 0x19, 0x47, 0x19, 0x47, 0x19, 0x47, 0x19, 0x47, 0x19, 0x47, 0x19,
    0x47, 0x19, 0x47, 0x19, 0x47, 0x19, 0x47, 0x19, 0x47, 0x19, 0x47, 0x19, 0x47, 0x19, 0x47, 0x19,
    0x47, 0x19, 0x47, 0x19, 0x47, 0x19, 0x47, 0x19, 0x47, 0x19, 0x47, 0x19, 0x47, 0x19, 0x47, 0x19,
    0x47, 0x19, 0x47, 0x19, 0x47, 0x19, 0x47, 0x19, 0x47, 0x19, 0x47, 0x19, 0x47, 0x19, 0x47, 0x19,
    0x47, 0x19, 0x47, 0x19, 0x47, 0x19, 0x47, 0x19, 0x47, 0x19, 0x47, 0x19, 0x47, 0x19, 0x47, 0x19,
    0x47, 0x19, 0x47, 0x19, 0x47, 0x19, 0x47, 0x19, 0x47, 0x19, 0x47, 0x19, 0x47, 0x19, 0x47, 0x19,
    0x47, 0x19, 0x47, 0x19, 0x47, 0x19, 0x47, 0x19, 0x47, 0x19, 0x47, 0x19, 0x47, 0x19, 0x47, 0x19,
    0x47, 0x19, 0x47, 0x19, 0x47, 0x19, 0x47, 0x19, 0x47, 0x19, 0x47, 0x19, 0x47, 0x19, 0x47, 0x19,
    0x47, 0x19, 0x47, 0x19, 0x47, 0x19, 0x47, 0x19, 0x47, 0x19, 0x47, 0x19, 0x47, 0x19, 0x47, 0x19,
    0x47, 0x19, 0x47, 0x19, 0x47, 0x19, 0x47, 0x19, 0x47, 0x19, 0x47, 0x19, 0x47, 0x19, 0x47, 0x19,
    0x47, 0x19, 0x47, 0x19, 0x47, 0x19, 0x47, 0x19, 0x47, 0x19, 0x47, 0x19, 0x47, 0x19, 0x47, 0x19,
    0x47, 0x19, 0x47, 0x19, 0x47, 0x19, 0x47, 0x19, 0x47, 0x19, 0x47, 0x19, 0x47, 0x19, 0x47, 0x19,
    0x47, 0x19, 0x47, 0x19, 0x47, 0x19, 0x47, 0x19, 0x47, 0x19, 0x47, 0x19, 0x47, 0x19, 0x47, 0x19,
    0x47, 0x19, 0x47, 0x19, 0x47, 0x19, 0x47, 0x19, 0x47, 0x19, 0x47, 0x19, 0x47, 0x19, 0x47, 0x19,
    0x47, 0x19, 0x47, 0x19, 0x47, 0x19, 0x47, 0x19, 0x47, 0x19, 0x47, 0x19, 0x47, 0x19, 0x47, 0x19,
    0x47, 0x19, 0x47, 0x19, 0x47, 0x19, 0x47, 0x19, 0x47, 0x19, 0x47, 0x19, 0x47, 0x19, 0x47, 0x19,
    0x47, 0x19, 0x47, 0x19, 0x47, 0x19, 0x47, 0x19, 0x47, 0x19, 0x47, 0x19, 0x47, 0x19, 0x47, 0x19,
    0x47, 0x19, 0x47, 0x19, 0x47, 0x19, 0x47, 0x19, 0x47, 0x19, 0x47, 0x19, 0x47, 0x19, 0x47, 0x19,
    0x47, 0x19, 0x47, 0x19, 0x47, 0x19, 0x47, 0x19, 0x47, 0x19, 0x47, 0x19, 0x47, 0x19, 0x47, 0x19,
    0x47, 0x19, 0x47, 0x19, 0x47, 0x19, 0x47, 0x19, 0x47, 0x19, 0x47, 0x19, 0x47, 0x19, 0x47, 0x19,
    0x47, 0x19, 0x47, 0x19, 0x47, 0x19, 0x47, 0x19, 0x47, 0x19, 0x47, 0x19, 0x47, 0x19, 0x47, 0x19,
    0x47, 0x19, 0x47, 0x19, 0x47, 0x19, 0x47, 0x19, 0x47, 0x19, 0x47, 0x19, 0x47, 0x19, 0x47, 0x19,
    0x47, 0x19, 0x47, 0x19, 0x47, 0x19, 0x47, 0x19, 0x47, 0x19, 0x47, 0x19, 0x47, 0x19, 0x47, 0x19,
    0x47, 0x19, 0x47, 0x19, 0x47, 0x19, 0x47, 0x19, 0x47, 0x19, 0x47, 0x19, 0x47, 0x19, 0x47, 0x19,
    0x47, 0x19, 0x47, 0x19, 0x47, 0x19, 0x47, 0x19, 0x47, 0x19, 0x47, 0x19, 0x47, 0x19, 0x47, 0x19,
    0x47, 0x19, 0x47, 0x19, 0x47, 0x19, 0x47, 0x19, 0x47, 0x19, 0x47, 0x19, 0x47, 0x19, 0x47, 0x19,
    0x47, 0x19, 0x47, 0x19, 0x47, 0x19, 0x47, 0x19, 0x47, 0x19, 0x47, 0x19, 0x47, 0x19, 0x47, 0x19,
    0x47, 0x19, 0x47, 0x19, 0x47, 0x19, 0x47, 0x19, 0x47, 0x19, 0x47, 0x19, 0x47, 0x19, 0x27, 0x19,
    0x47, 0x19, 0xd4, 0x94, 0x9e, 0xf7, 0xff, 0xff, 0xff, 0xff, 0xff, 0xff, 0xfc, 0xde, 0x11, 0x7c,
    0x27, 0x19, 0x06, 0x19, 0x67, 0x21, 0x47, 0x19, 0x47, 0x19, 0x47, 0x19, 0x47, 0x19, 0x47, 0x19,
    0x47, 0x19, 0x47, 0x19, 0x47, 0x19, 0x47, 0x19, 0x47, 0x19, 0x47, 0x19, 0x47, 0x19, 0x47, 0x19,
    0x47, 0x19, 0x47, 0x19, 0x47, 0x19, 0x47, 0x19, 0x47, 0x19, 0x47, 0x19, 0x47, 0x19, 0x47, 0x19,
    0x47, 0x19, 0x47, 0x19, 0x47, 0x19, 0x47, 0x19, 0x47, 0x19, 0x47, 0x19, 0x47, 0x19, 0x47, 0x19,
    0x47, 0x19, 0x47, 0x19, 0x47, 0x19, 0x47, 0x19, 0x47, 0x19, 0x47, 0x19, 0x47, 0x19, 0x47, 0x19,
    0x47, 0x19, 0x47, 0x19, 0x47, 0x19, 0x47, 0x19, 0x47, 0x19, 0x47, 0x19, 0x47, 0x19, 0x47, 0x19,
    0x47, 0x19, 0x47, 0x19, 0x47, 0x19, 0x47, 0x19, 0x47, 0x19, 0x47, 0x19, 0x47, 0x19, 0x47, 0x19,
    0x47, 0x19, 0x47, 0x19, 0x47, 0x19, 0x47, 0x19, 0x47, 0x19, 0x47, 0x19, 0x47, 0x19, 0x47, 0x19,
    0x47, 0x19, 0x47, 0x19, 0x47, 0x19, 0x47, 0x19, 0x47, 0x19, 0x47, 0x19, 0x47, 0x19, 0x47, 0x19,
    0x47, 0x19, 0x47, 0x19, 0x47, 0x19, 0x47, 0x19, 0x47, 0x19, 0x47, 0x19, 0x47, 0x19, 0x47, 0x19,
    0x47, 0x19, 0x47, 0x19, 0x47, 0x19, 0x47, 0x19, 0x47, 0x19, 0x47, 0x19, 0x47, 0x19, 0x47, 0x19,
    0x47, 0x19, 0x47, 0x19, 0x47, 0x19, 0x47, 0x19, 0x47, 0x19, 0x47, 0x19, 0x47, 0x19, 0x47, 0x19,
    0x47, 0x19, 0x47, 0x19, 0x47, 0x19, 0x47, 0x19, 0x47, 0x19, 0x47, 0x19, 0x47, 0x19, 0x47, 0x19,
    0x47, 0x19, 0x47, 0x19, 0x47, 0x19, 0x47, 0x19, 0x47, 0x19, 0x47, 0x19, 0x47, 0x19, 0x47, 0x19,
    0x47, 0x19, 0x47, 0x19, 0x47, 0x19, 0x47, 0x19, 0x47, 0x19, 0x47, 0x19, 0x47, 0x19, 0x47, 0x19,
    0x47, 0x19, 0x47, 0x19, 0x47, 0x19, 0x47, 0x19, 0x47, 0x19, 0x47, 0x19, 0x47, 0x19, 0x47, 0x19,
    0x47, 0x19, 0x47, 0x19, 0x47, 0x19, 0x47, 0x19, 0x47, 0x19, 0x47, 0x19, 0x47, 0x19, 0x47, 0x19,
    0x47, 0x19, 0x47, 0x19, 0x47, 0x19, 0x47, 0x19, 0x47, 0x19, 0x47, 0x19, 0x47, 0x19, 0x47, 0x19,
    0x47, 0x19, 0x47, 0x19, 0x47, 0x19, 0x47, 0x19, 0x47, 0x19, 0x47, 0x19, 0x47, 0x19, 0x47, 0x19,
    0x47, 0x19, 0x47, 0x19, 0x47, 0x19, 0x47, 0x19, 0x47, 0x19, 0x47, 0x19, 0x47, 0x19, 0x47, 0x19,
    0x47, 0x19, 0x47, 0x19, 0x47, 0x19, 0x47, 0x19, 0x47, 0x19, 0x47, 0x19, 0x47, 0x19, 0x47, 0x19,
    0x47, 0x19, 0x47, 0x19, 0x47, 0x19, 0x47, 0x19, 0x47, 0x19, 0x47, 0x19, 0x47, 0x19, 0x47, 0x19,
    0x47, 0x19, 0x47, 0x19, 0x47, 0x19, 0x47, 0x19, 0x47, 0x19, 0x47, 0x19, 0x47, 0x19, 0x47, 0x19,
    0x47, 0x19, 0x47, 0x19, 0x47, 0x19, 0x47, 0x19, 0x47, 0x19, 0x47, 0x19, 0x47, 0x19, 0x47, 0x19,
    0x47, 0x19, 0x47, 0x19, 0x47, 0x19, 0x47, 0x19, 0x47, 0x19, 0x47, 0x19, 0x47, 0x19, 0x47, 0x19,
    0x47, 0x19, 0x47, 0x19, 0x47, 0x19, 0x47, 0x19, 0x47, 0x19, 0x47, 0x19, 0x47, 0x19, 0x47, 0x19,
    0x47, 0x19, 0x47, 0x19, 0x47, 0x19, 0x47, 0x19, 0x47, 0x19, 0x47, 0x19, 0x47, 0x19, 0x47, 0x19,
    0x47, 0x19, 0x47, 0x19, 0x47, 0x19, 0x47, 0x19, 0x47, 0x19, 0x47, 0x19, 0x47, 0x19, 0x47, 0x19,
    0x47, 0x19, 0x47, 0x19, 0x47, 0x19, 0x47, 0x19, 0x47, 0x19, 0x47, 0x19, 0x47, 0x19, 0x47, 0x19,
    0x47, 0x19, 0x47, 0x19, 0x47, 0x19, 0x47, 0x19, 0x47, 0x19, 0x47, 0x19, 0x47, 0x19, 0x47, 0x19,
    0x47, 0x19, 0x47, 0x19, 0x47, 0x19, 0x47, 0x19, 0x47, 0x19, 0x47, 0x19, 0x47, 0x19, 0x47, 0x19,
    0x47, 0x19, 0x47, 0x19, 0x47, 0x19, 0x47, 0x19, 0x47, 0x19, 0x47, 0x19, 0x47, 0x19, 0x47, 0x19,
    0x47, 0x19, 0x47, 0x19, 0x47, 0x19, 0x47, 0x19, 0x47, 0x19, 0x47, 0x19, 0x47, 0x19, 0x47, 0x19,
    0x47, 0x19, 0x47, 0x19, 0x47, 0x19, 0x47, 0x19, 0x47, 0x19, 0x47, 0x19, 0x47, 0x21, 0xe6, 0x10,
    0xf5, 0x9c, 0xff, 0xff, 0xdf, 0xff, 0xbe, 0xf7, 0xbe, 0xf7, 0xbe, 0xf7, 0xff, 0xff, 0xff, 0xff,
    0x18, 0xbe, 0xc9, 0x31, 0x06, 0x11, 0x67, 0x21, 0x47, 0x19, 0x47, 0x19, 0x47, 0x19, 0x47, 0x19,
    0x47, 0x19, 0x47, 0x19, 0x47, 0x19, 0x47, 0x19, 0x47, 0x19, 0x47, 0x19, 0x47, 0x19, 0x47, 0x19,
    0x47, 0x19, 0x47, 0x19, 0x47, 0x19, 0x47, 0x19, 0x47, 0x19, 0x47, 0x19, 0x47, 0x19, 0x47, 0x19,
    0x47, 0x19, 0x47, 0x19, 0x47, 0x19, 0x47, 0x19, 0x47, 0x19, 0x47, 0x19, 0x47, 0x19, 0x47, 0x19,
    0x47, 0x19, 0x47, 0x19, 0x47, 0x19, 0x47, 0x19, 0x47, 0x19, 0x47, 0x19, 0x47, 0x19, 0x47, 0x19,
    0x47, 0x19, 0x47, 0x19, 0x47, 0x19, 0x47, 0x19, 0x47, 0x19, 0x47, 0x19, 0x47, 0x19, 0x47, 0x19,
    0x47, 0x19, 0x47, 0x19, 0x47, 0x19, 0x47, 0x19, 0x47, 0x19, 0x47, 0x19, 0x47, 0x19, 0x47, 0x19,
    0x47, 0x19, 0x47, 0x19, 0x47, 0x19, 0x47, 0x19, 0x47, 0x19, 0x47, 0x19, 0x47, 0x19, 0x47, 0x19,
    0x47, 0x19, 0x47, 0x19, 0x47, 0x19, 0x47, 0x19, 0x47, 0x19, 0x47, 0x19, 0x47, 0x19, 0x47, 0x19,
    0x47, 0x19, 0x47, 0x19, 0x47, 0x19, 0x47, 0x19, 0x47, 0x19, 0x47, 0x19, 0x47, 0x19, 0x47, 0x19,
    0x47, 0x19, 0x47, 0x19, 0x47, 0x19, 0x47, 0x19, 0x47, 0x19, 0x47, 0x19, 0x47, 0x19, 0x47, 0x19,
    0x47, 0x19, 0x47, 0x19, 0x47, 0x19, 0x47, 0x19, 0x47, 0x19, 0x47, 0x19, 0x47, 0x19, 0x47, 0x19,
    0x47, 0x19, 0x47, 0x19, 0x47, 0x19, 0x47, 0x19, 0x47, 0x19, 0x47, 0x19, 0x47, 0x19, 0x47, 0x19,
    0x47, 0x19, 0x47, 0x19, 0x47, 0x19, 0x47, 0x19, 0x47, 0x19, 0x47, 0x19, 0x47, 0x19, 0x47, 0x19,
    0x47, 0x19, 0x47, 0x19, 0x47, 0x19, 0x47, 0x19, 0x47, 0x19, 0x47, 0x19, 0x47, 0x19, 0x47, 0x19,
    0x47, 0x19, 0x47, 0x19, 0x47, 0x19, 0x47, 0x19, 0x47, 0x19, 0x47, 0x19, 0x47, 0x19, 0x47, 0x19,
    0x47, 0x19, 0x47, 0x19, 0x47, 0x19, 0x47, 0x19, 0x47, 0x19, 0x47, 0x19, 0x47, 0x19, 0x47, 0x19,
    0x47, 0x19, 0x47, 0x19, 0x47, 0x19, 0x47, 0x19, 0x47, 0x19, 0x47, 0x19, 0x47, 0x19, 0x47, 0x19,
    0x47, 0x19, 0x47, 0x19, 0x47, 0x19, 0x47, 0x19, 0x47, 0x19, 0x47, 0x19, 0x47, 0x19, 0x47, 0x19,
    0x47, 0x19, 0x47, 0x19, 0x47, 0x19, 0x47, 0x19, 0x47, 0x19, 0x47, 0x19, 0x47, 0x19, 0x47, 0x19,
    0x47, 0x19, 0x47, 0x19, 0x47, 0x19, 0x47, 0x19, 0x47, 0x19, 0x47, 0x19, 0x47, 0x19, 0x47, 0x19,
    0x47, 0x19, 0x47, 0x19, 0x47, 0x19, 0x47, 0x19, 0x47, 0x19, 0x47, 0x19, 0x47, 0x19, 0x47, 0x19,
    0x47, 0x19, 0x47, 0x19, 0x47, 0x19, 0x47, 0x19, 0x47, 0x19, 0x47, 0x19, 0x47, 0x19, 0x47, 0x19,
    0x47, 0x19, 0x47, 0x19, 0x47, 0x19, 0x47, 0x19, 0x47, 0x19, 0x47, 0x19, 0x47, 0x19, 0x47, 0x19,
    0x47, 0x19, 0x47, 0x19, 0x47, 0x19, 0x47, 0x19, 0x47, 0x19, 0x47, 0x19, 0x47, 0x19, 0x47, 0x19,
    0x47, 0x19, 0x47, 0x19, 0x47, 0x19, 0x47, 0x19, 0x47, 0x19, 0x47, 0x19, 0x47, 0x19, 0x47, 0x19,
    0x47, 0x19, 0x47, 0x19, 0x47, 0x19, 0x47, 0x19, 0x47, 0x19, 0x47, 0x19, 0x47, 0x19, 0x47, 0x19,
    0x47, 0x19, 0x47, 0x19, 0x47, 0x19, 0x47, 0x19, 0x47, 0x19, 0x47, 0x19, 0x47, 0x19, 0x47, 0x19,
    0x47, 0x19, 0x47, 0x19, 0x47, 0x19, 0x47, 0x19, 0x47, 0x19, 0x47, 0x19, 0x47, 0x19, 0x47, 0x19,
    0x47, 0x19, 0x47, 0x19, 0x47, 0x19, 0x47, 0x19, 0x47, 0x19, 0x47, 0x19, 0x47, 0x19, 0x47, 0x19,
    0x47, 0x19, 0x47, 0x19, 0x47, 0x19, 0x47, 0x19, 0x47, 0x19, 0x47, 0x19, 0x47, 0x19, 0x47, 0x19,
    0x47, 0x19, 0x47, 0x19, 0x47, 0x19, 0x47, 0x19, 0x47, 0x19, 0x47, 0x19, 0x47, 0x19, 0x47, 0x19,
    0x47, 0x19, 0x47, 0x19, 0x47, 0x19, 0x47, 0x19, 0x47, 0x19, 0x47, 0x19, 0x47, 0x19, 0x47, 0x19,
    0x47, 0x19, 0x47, 0x19, 0x47, 0x19, 0x47, 0x19, 0x47, 0x19, 0x47, 0x21, 0x06, 0x11, 0xac, 0x4a,
    0xdf, 0xff, 0xbf, 0xf7, 0xbe, 0xf7, 0xdf, 0xff, 0xdf, 0xff, 0xdf, 0xff, 0xbe, 0xf7, 0xbe, 0xf7,
    0xff, 0xff, 0xdb, 0xde, 0xea, 0x31, 0x06, 0x11, 0x47, 0x21, 0x47, 0x19, 0x47, 0x19, 0x47, 0x19,
    0x47, 0x19, 0x47, 0x19, 0x47, 0x19, 0x47, 0x19, 0x47, 0x19, 0x47, 0x19, 0x47, 0x19, 0x47, 0x19,
    0x47, 0x19, 0x47, 0x19, 0x47, 0x19, 0x47, 0x19, 0x47, 0x19, 0x47, 0x19, 0x47, 0x19, 0x47, 0x19,
    0x47, 0x19, 0x47, 0x19, 0x47, 0x19, 0x47, 0x19, 0x47, 0x19, 0x47, 0x19, 0x47, 0x19, 0x47, 0x19,
    0x47, 0x19, 0x47, 0x19, 0x47, 0x19, 0x47, 0x19, 0x47, 0x19, 0x47, 0x19, 0x47, 0x19, 0x47, 0x19,
    0x47, 0x19, 0x47, 0x19, 0x47, 0x19, 0x47, 0x19, 0x47, 0x19, 0x47, 0x19, 0x47, 0x19, 0x47, 0x19,
    0x47, 0x19, 0x47, 0x19, 0x47, 0x19, 0x47, 0x19, 0x47, 0x19, 0x47, 0x19, 0x47, 0x19, 0x47, 0x19,
    0x47, 0x19, 0x47, 0x19, 0x47, 0x19, 0x47, 0x19, 0x47, 0x19, 0x47, 0x19, 0x47, 0x19, 0x47, 0x19,
    0x47, 0x19, 0x47, 0x19, 0x47, 0x19, 0x47, 0x19, 0x47, 0x19, 0x47, 0x19, 0x47, 0x19, 0x47, 0x19,
    0x47, 0x19, 0x47, 0x19, 0x47, 0x19, 0x47, 0x19, 0x47, 0x19, 0x47, 0x19, 0x47, 0x19, 0x47, 0x19,
    0x47, 0x19, 0x47, 0x19, 0x47, 0x19, 0x47, 0x19, 0x47, 0x19, 0x47, 0x19, 0x47, 0x19, 0x47, 0x19,
    0x47, 0x19, 0x47, 0x19, 0x47, 0x19, 0x47, 0x19, 0x47, 0x19, 0x47, 0x19, 0x47, 0x19, 0x47, 0x19,
    0x47, 0x19, 0x47, 0x19, 0x47, 0x19, 0x47, 0x19, 0x47, 0x19, 0x47, 0x19, 0x47, 0x19, 0x47, 0x19,
    0x47, 0x19, 0x47, 0x19, 0x47, 0x19, 0x47, 0x19, 0x47, 0x19, 0x47, 0x19, 0x47, 0x19, 0x47, 0x19,
    0x47, 0x19, 0x47, 0x19, 0x47, 0x19, 0x47, 0x19, 0x47, 0x19, 0x47, 0x19, 0x47, 0x19, 0x47, 0x19,
    0x47, 0x19, 0x47, 0x19, 0x47, 0x19, 0x47, 0x19, 0x47, 0x19, 0x47, 0x19, 0x47, 0x19, 0x47, 0x19,
    0x47, 0x19, 0x47, 0x19, 0x47, 0x19, 0x47, 0x19, 0x47, 0x19, 0x47, 0x19, 0x47, 0x19, 0x47, 0x19,
    0x47, 0x19, 0x47, 0x19, 0x47, 0x19, 0x47, 0x19, 0x47, 0x19, 0x47, 0x19, 0x47, 0x19, 0x47, 0x19,
    0x47, 0x19, 0x47, 0x19, 0x47, 0x19, 0x47, 0x19, 0x47, 0x19, 0x47, 0x19, 0x47, 0x19, 0x47, 0x19,
    0x47, 0x19, 0x47, 0x19, 0x47, 0x19, 0x47, 0x19, 0x47, 0x19, 0x47, 0x19, 0x47, 0x19, 0x47, 0x19,
    0x47, 0x19, 0x47, 0x19, 0x47, 0x19, 0x47, 0x19, 0x47, 0x19, 0x47, 0x19, 0x47, 0x19, 0x47, 0x19,
    0x47, 0x19, 0x47, 0x19, 0x47, 0x19, 0x47, 0x19, 0x47, 0x19, 0x47, 0x19, 0x47, 0x19, 0x47, 0x19,
    0x47, 0x19, 0x47, 0x19, 0x47, 0x19, 0x47, 0x19, 0x47, 0x19, 0x47, 0x19, 0x47, 0x19, 0x47, 0x19,
    0x47, 0x19, 0x47, 0x19, 0x47, 0x19, 0x47, 0x19, 0x47, 0x19, 0x47, 0x19, 0x47, 0x19, 0x47, 0x19,
    0x47, 0x19, 0x47, 0x19, 0x47, 0x19, 0x47, 0x19, 0x47, 0x19, 0x47, 0x19, 0x47, 0x19, 0x47, 0x19,
    0x47, 0x19, 0x47, 0x19, 0x47, 0x19, 0x47, 0x19, 0x47, 0x19, 0x47, 0x19, 0x47, 0x19, 0x47, 0x19,
    0x47, 0x19, 0x47, 0x19, 0x47, 0x19, 0x47, 0x19, 0x47, 0x19, 0x47, 0x19, 0x47, 0x19, 0x47, 0x19,
    0x47, 0x19, 0x47, 0x19, 0x47, 0x19, 0x47, 0x19, 0x47, 0x19, 0x47, 0x19, 0x47, 0x19, 0x47, 0x19,
    0x47, 0x19, 0x47, 0x19, 0x47, 0x19, 0x47, 0x19, 0x47, 0x19, 0x47, 0x19, 0x47, 0x19, 0x47, 0x19,
    0x47, 0x19, 0x47, 0x19, 0x47, 0x19, 0x47, 0x19, 0x47, 0x19, 0x47, 0x19, 0x47, 0x19, 0x47, 0x19,
    0x47, 0x19, 0x47, 0x19, 0x47, 0x19, 0x47, 0x19, 0x47, 0x19, 0x47, 0x19, 0x47, 0x19, 0x47, 0x19,
    0x47, 0x19, 0x47, 0x19, 0x47, 0x19, 0x47, 0x19, 0x47, 0x19, 0x47, 0x19, 0x47, 0x19, 0x47, 0x19,
    0x47, 0x19, 0x47, 0x19, 0x47, 0x19, 0x47, 0x19, 0x47, 0x19, 0x47, 0x19, 0x47, 0x19, 0x47, 0x19,
    0x47, 0x19, 0x47, 0x19, 0x47, 0x19, 0x47, 0x19, 0x47, 0x19, 0x47, 0x21, 0xe5, 0x10, 0x15, 0x9d,
    0xff, 0xff, 0xbe, 0xf7, 0xdf, 0xff, 0xdf, 0xff, 0xdf, 0xff, 0xdf, 0xff, 0xdf, 0xff, 0xdf, 0xff,
    0x9e, 0xf7, 0xff, 0xff, 0x9a, 0xce, 0x68, 0x21, 0x27, 0x19, 0x47, 0x19, 0x47, 0x19, 0x47, 0x19,
    0x47, 0x19, 0x47, 0x19, 0x47, 0x19, 0x47, 0x19, 0x47, 0x19, 0x47, 0x19, 0x47, 0x19, 0x47, 0x19,
    0x47, 0x19, 0x47, 0x19, 0x47, 0x19, 0x47, 0x19, 0x47, 0x19, 0x47, 0x19, 0x47, 0x19, 0x47, 0x19,
    0x47, 0x19, 0x47, 0x19, 0x47, 0x19, 0x47, 0x19, 0x47, 0x19, 0x47, 0x19, 0x47, 0x19, 0x47, 0x19,
    0x47, 0x19, 0x47, 0x19, 0x47, 0x19, 0x47, 0x19, 0x47, 0x19, 0x47, 0x19, 0x47, 0x19, 0x47, 0x19,
    0x47, 0x19, 0x47, 0x19, 0x47, 0x19, 0x47, 0x19, 0x47, 0x19, 0x47, 0x19, 0x47, 0x19, 0x47, 0x19,
    0x47, 0x19, 0x47, 0x19, 0x47, 0x19, 0x47, 0x19, 0x47, 0x19, 0x47, 0x19, 0x47, 0x19, 0x47, 0x19,
    0x47, 0x19, 0x47, 0x19, 0x47, 0x19, 0x47, 0x19, 0x47, 0x19, 0x47, 0x19, 0x47, 0x19, 0x47, 0x19,
    0x47, 0x19, 0x47, 0x19, 0x47, 0x19, 0x47, 0x19, 0x47, 0x19, 0x47, 0x19, 0x47, 0x19, 0x47, 0x19,
    0x47, 0x19, 0x47, 0x19, 0x47, 0x19, 0x47, 0x19, 0x47, 0x19, 0x47, 0x19, 0x47, 0x19, 0x47, 0x19,
    0x47, 0x19, 0x47, 0x19, 0x47, 0x19, 0x47, 0x19, 0x47, 0x19, 0x47, 0x19, 0x47, 0x19, 0x47, 0x19,
    0x47, 0x19, 0x47, 0x19, 0x47, 0x19, 0x47, 0x19, 0x47, 0x19, 0x47, 0x19, 0x47, 0x19, 0x47, 0x19,
    0x47, 0x19, 0x47, 0x19, 0x47, 0x19, 0x47, 0x19, 0x47, 0x19, 0x47, 0x19, 0x47, 0x19, 0x47, 0x19,
    0x47, 0x19, 0x47, 0x19, 0x47, 0x19, 0x47, 0x19, 0x47, 0x19, 0x47, 0x19, 0x47, 0x19, 0x47, 0x19,
    0x47, 0x19, 0x47, 0x19, 0x47, 0x19, 0x47, 0x19, 0x47, 0x19, 0x47, 0x19, 0x47, 0x19, 0x47, 0x19,
    0x47, 0x19, 0x47, 0x19, 0x47, 0x19, 0x47, 0x19, 0x47, 0x19, 0x47, 0x19, 0x47, 0x19, 0x47, 0x19,
    0x47, 0x19, 0x47, 0x19, 0x47, 0x19, 0x47, 0x19, 0x47, 0x19, 0x47, 0x19, 0x47, 0x19, 0x47, 0x19,
    0x47, 0x19, 0x47, 0x19, 0x47, 0x19, 0x47, 0x19, 0x47, 0x19, 0x47, 0x19, 0x47, 0x19, 0x47, 0x19,
    0x47, 0x19, 0x47, 0x19, 0x47, 0x19, 0x47, 0x19, 0x47, 0x19, 0x47, 0x19, 0x47, 0x19, 0x47, 0x19,
    0x47, 0x19, 0x47, 0x19, 0x47, 0x19, 0x47, 0x19, 0x47, 0x19, 0x47, 0x19, 0x47, 0x19, 0x47, 0x19,
    0x47, 0x19, 0x47, 0x19, 0x47, 0x19, 0x47, 0x19, 0x47, 0x19, 0x47, 0x19, 0x47, 0x19, 0x47, 0x19,
    0x47, 0x19, 0x47, 0x19, 0x47, 0x19, 0x47, 0x19, 0x47, 0x19, 0x47, 0x19, 0x47, 0x19, 0x47, 0x19,
    0x47, 0x19, 0x47, 0x19, 0x47, 0x19, 0x47, 0x19, 0x47, 0x19, 0x47, 0x19, 0x47, 0x19, 0x47, 0x19,
    0x47, 0x19, 0x47, 0x19, 0x47, 0x19, 0x47, 0x19, 0x47, 0x19, 0x47, 0x19, 0x47, 0x19, 0x47, 0x19,
    0x47, 0x19, 0x47, 0x19, 0x47, 0x19, 0x47, 0x19, 0x47, 0x19, 0x47, 0x19, 0x47, 0x19, 0x47, 0x19,
    0x47, 0x19, 0x47, 0x19, 0x47, 0x19, 0x47, 0x19, 0x47, 0x19, 0x47, 0x19, 0x47, 0x19, 0x47, 0x19,
    0x47, 0x19, 0x47, 0x19, 0x47, 0x19, 0x47, 0x19, 0x47, 0x19, 0x47, 0x19, 0x47, 0x19, 0x47, 0x19,
    0x47, 0x19, 0x47, 0x19, 0x47, 0x19, 0x47, 0x19, 0x47, 0x19, 0x47, 0x19, 0x47, 0x19, 0x47, 0x19,
    0x47, 0x19, 0x47, 0x19, 0x47, 0x19, 0x47, 0x19, 0x47, 0x19, 0x47, 0x19, 0x47, 0x19, 0x47, 0x19,
    0x47, 0x19, 0x47, 0x19, 0x47, 0x19, 0x47, 0x19, 0x47, 0x19, 0x47, 0x19, 0x47, 0x19, 0x47, 0x19,
    0x47, 0x19, 0x47, 0x19, 0x47, 0x19, 0x47, 0x19, 0x47, 0x19, 0x47, 0x19, 0x47, 0x19, 0x47, 0x19,
    0x47, 0x19, 0x47, 0x19, 0x47, 0x19, 0x47, 0x19, 0x47, 0x19, 0x47, 0x19, 0x47, 0x19, 0x47, 0x19,
    0x47, 0x19, 0x47, 0x19, 0x47, 0x19, 0x47, 0x19, 0x47, 0x19, 0x47, 0x19, 0x47, 0x19, 0x47, 0x19,
    0x47, 0x19, 0x47, 0x19, 0x47, 0x19, 0x47, 0x19, 0x47, 0x19, 0x47, 0x19, 0x47, 0x19, 0x9a, 0xce,
    0xff, 0xff, 0xbe, 0xf7, 0xdf, 0xff, 0xdf, 0xff, 0xdf, 0xff, 0xdf, 0xff, 0xdf, 0xff, 0xdf, 0xff,
    0xdf, 0xff, 0xbe, 0xf7, 0xff, 0xff, 0xd4, 0x94, 0xe6, 0x10, 0x67, 0x21, 0x47, 0x19, 0x47, 0x19,
    0x47, 0x19, 0x47, 0x19, 0x47, 0x19, 0x47, 0x19, 0x47, 0x19, 0x47, 0x19, 0x47, 0x19, 0x47, 0x19,
    0x47, 0x19, 0x47, 0x19, 0x47, 0x19, 0x47, 0x19, 0x47, 0x19, 0x47, 0x19, 0x47, 0x19, 0x47, 0x19,
    0x47, 0x19, 0x47, 0x19, 0x47, 0x19, 0x47, 0x19, 0x47, 0x19, 0x47, 0x19, 0x47, 0x19, 0x47, 0x19,
    0x47, 0x19, 0x47, 0x19, 0x47, 0x19, 0x47, 0x19, 0x47, 0x19, 0x47, 0x19, 0x47, 0x19, 0x47, 0x19,
    0x47, 0x19, 0x47, 0x19, 0x47, 0x19, 0x47, 0x19, 0x47, 0x19, 0x47, 0x19, 0x47, 0x19, 0x47, 0x19,
    0x47, 0x19, 0x47, 0x19, 0x47, 0x19, 0x47, 0x19, 0x47, 0x19, 0x47, 0x19, 0x47, 0x19, 0x47, 0x19,
    0x47, 0x19, 0x47, 0x19, 0x47, 0x19, 0x47, 0x19, 0x47, 0x19, 0x47, 0x19, 0x47, 0x19, 0x47, 0x19,
    0x47, 0x19, 0x47, 0x19, 0x47, 0x19, 0x47, 0x19, 0x47, 0x19, 0x47, 0x19, 0x47, 0x19, 0x47, 0x19,
    0x47, 0x19, 0x47, 0x19, 0x47, 0x19, 0x47, 0x19, 0x47, 0x19, 0x47, 0x19, 0x47, 0x19, 0x47, 0x19,
    0x47, 0x19, 0x47, 0x19, 0x47, 0x19, 0x47, 0x19, 0x47, 0x19, 0x47, 0x19, 0x47, 0x19, 0x47, 0x19,
    0x47, 0x19, 0x47, 0x19, 0x47, 0x19, 0x47, 0x19, 0x47, 0x19, 0x47, 0x19, 0x47, 0x19, 0x47, 0x19,
    0x47, 0x19, 0x47, 0x19, 0x47, 0x19, 0x47, 0x19, 0x47, 0x19, 0x47, 0x19, 0x47, 0x19, 0x47, 0x19,
    0x47, 0x19, 0x47, 0x19, 0x47, 0x19, 0x47, 0x19, 0x47, 0x19, 0x47, 0x19, 0x47, 0x19, 0x47, 0x19,
    0x47, 0x19, 0x47, 0x19, 0x47, 0x19, 0x47, 0x19, 0x47, 0x19, 0x47, 0x19, 0x47, 0x19, 0x47, 0x19,
    0x47, 0x19, 0x47, 0x19, 0x47, 0x19, 0x47, 0x19, 0x47, 0x19, 0x47, 0x19, 0x47, 0x19, 0x47, 0x19,
    0x47, 0x19, 0x47, 0x19, 0x47, 0x19, 0x47, 0x19, 0x47, 0x19, 0x47, 0x19, 0x47, 0x19, 0x47, 0x19,
    0x47, 0x19, 0x47, 0x19, 0x47, 0x19, 0x47, 0x19, 0x47, 0x19, 0x47, 0x19, 0x47, 0x19, 0x47, 0x19,
    0x47, 0x19, 0x47, 0x19, 0x47, 0x19, 0x47, 0x19, 0x47, 0x19, 0x47, 0x19, 0x47, 0x19, 0x47, 0x19,
    0x47, 0x19, 0x47, 0x19, 0x47, 0x19, 0x47, 0x19, 0x47, 0x19, 0x47, 0x19, 0x47, 0x19, 0x47, 0x19,
    0x47, 0x19, 0x47, 0x19, 0x47, 0x19, 0x47, 0x19, 0x47, 0x19, 0x47, 0x19, 0x47, 0x19, 0x47, 0x19,
    0x47, 0x19, 0x47, 0x19, 0x47, 0x19, 0x47, 0x19, 0x47, 0x19, 0x47, 0x19, 0x47, 0x19, 0x47, 0x19,
    0x47, 0x19, 0x47, 0x19, 0x47, 0x19, 0x47, 0x19, 0x47, 0x19, 0x47, 0x19, 0x47, 0x19, 0x47, 0x19,
    0x47, 0x19, 0x47, 0x19, 0x47, 0x19, 0x47, 0x19, 0x47, 0x19, 0x47, 0x19, 0x47, 0x19, 0x47, 0x19,
    0x47, 0x19, 0x47, 0x19, 0x47, 0x19, 0x47, 0x19, 0x47, 0x19, 0x47, 0x19, 0x47, 0x19, 0x47, 0x19,
    0x47, 0x19, 0x47, 0x19, 0x47, 0x19, 0x47, 0x19, 0x47, 0x19, 0x47, 0x19, 0x47, 0x19, 0x47, 0x19,
    0x47, 0x19, 0x47, 0x19, 0x47, 0x19, 0x47, 0x19, 0x47, 0x19, 0x47, 0x19, 0x47, 0x19, 0x47, 0x19,
    0x47, 0x19, 0x47, 0x19, 0x47, 0x19, 0x47, 0x19, 0x47, 0x19, 0x47, 0x19, 0x47, 0x19, 0x47, 0x19,
    0x47, 0x19, 0x47, 0x19, 0x47, 0x19, 0x47, 0x19, 0x47, 0x19, 0x47, 0x19, 0x47, 0x19, 0x47, 0x19,
    0x47, 0x19, 0x47, 0x19, 0x47, 0x19, 0x47, 0x19, 0x47, 0x19, 0x47, 0x19, 0x47, 0x19, 0x47, 0x19,
    0x47, 0x19, 0x47, 0x19, 0x47, 0x19, 0x47, 0x19, 0x47, 0x19, 0x47, 0x19, 0x47, 0x19, 0x47, 0x19,
    0x47, 0x19, 0x47, 0x19, 0x47, 0x19, 0x47, 0x19, 0x47, 0x19, 0x47, 0x19, 0x47, 0x19, 0x47, 0x19,
    0x47, 0x19, 0x47, 0x19, 0x47, 0x19, 0x47, 0x19, 0x47, 0x19, 0x47, 0x19, 0x47, 0x19, 0x47, 0x19,
    0x47, 0x19, 0x47, 0x19, 0x47, 0x19, 0x47, 0x19, 0x47, 0x19, 0x27, 0x19, 0x88, 0x29, 0x1c, 0xdf,
    0xff, 0xff, 0xbe, 0xf7, 0xdf, 0xff, 0xdf, 0xff, 0xdf, 0xff, 0xdf, 0xff, 0xdf, 0xff, 0xdf, 0xff,
    0xdf, 0xff, 0xbe, 0xf7, 0xdf, 0xff, 0x7d, 0xef, 0x0a, 0x32, 0x26, 0x19, 0x47, 0x19, 0x47, 0x19,
    0x47, 0x19, 0x47, 0x19, 0x47, 0x19, 0x47, 0x19, 0x47, 0x19, 0x47, 0x19, 0x47, 0x19, 0x47, 0x19,
    0x47, 0x19, 0x47, 0x19, 0x47, 0x19, 0x47, 0x19, 0x47, 0x19, 0x47, 0x19, 0x47, 0x19, 0x47, 0x19,
    0x47, 0x19, 0x47, 0x19, 0x47, 0x19, 0x47, 0x19, 0x47, 0x19, 0x47, 0x19, 0x47, 0x19, 0x47, 0x19,
    0x47, 0x19, 0x47, 0x19, 0x47, 0x19, 0x47, 0x19, 0x47, 0x19, 0x47, 0x19, 0x47, 0x19, 0x47, 0x19,
    0x47, 0x19, 0x47, 0x19, 0x47, 0x19, 0x47, 0x19, 0x47, 0x19, 0x47, 0x19, 0x47, 0x19, 0x47, 0x19,
    0x47, 0x19, 0x47, 0x19, 0x47, 0x19, 0x47, 0x19, 0x47, 0x19, 0x47, 0x19, 0x47, 0x19, 0x47, 0x19,
    0x47, 0x19, 0x47, 0x19, 0x47, 0x19, 0x47, 0x19, 0x47, 0x19, 0x47, 0x19, 0x47, 0x19, 0x47, 0x19,
    0x47, 0x19, 0x47, 0x19, 0x47, 0x19, 0x47, 0x19, 0x47, 0x19, 0x47, 0x19, 0x47, 0x19, 0x47, 0x19,
    0x47, 0x19, 0x47, 0x19, 0x47, 0x19, 0x47, 0x19, 0x47, 0x19, 0x47, 0x19, 0x47, 0x19, 0x47, 0x19,
    0x47, 0x19, 0x47, 0x19, 0x47, 0x19, 0x47, 0x19, 0x47, 0x19, 0x47, 0x19, 0x47, 0x19, 0x47, 0x19,
    0x47, 0x19, 0x47, 0x19, 0x47, 0x19, 0x47, 0x19, 0x47, 0x19, 0x47, 0x19, 0x47, 0x19, 0x47, 0x19,
    0x47, 0x19, 0x47, 0x19, 0x47, 0x19, 0x47, 0x19, 0x47, 0x19, 0x47, 0x19, 0x47, 0x19, 0x47, 0x19,
    0x47, 0x19, 0x47, 0x19, 0x47, 0x19, 0x47, 0x19, 0x47, 0x19, 0x47, 0x19, 0x47, 0x19, 0x47, 0x19,
    0x47, 0x19, 0x47, 0x19, 0x47, 0x19, 0x47, 0x19, 0x47, 0x19, 0x47, 0x19, 0x47, 0x19, 0x47, 0x19,
    0x47, 0x19, 0x47, 0x19, 0x47, 0x19, 0x47, 0x19, 0x47, 0x19, 0x47, 0x19, 0x47, 0x19, 0x47, 0x19,
    0x47, 0x19, 0x47, 0x19, 0x47, 0x19, 0x47, 0x19, 0x47, 0x19, 0x47, 0x19, 0x47, 0x19, 0x47, 0x19,
    0x47, 0x19, 0x47, 0x19, 0x47, 0x19, 0x47, 0x19, 0x47, 0x19, 0x47, 0x19, 0x47, 0x19, 0x47, 0x19,
    0x47, 0x19, 0x47, 0x19, 0x47, 0x19, 0x47, 0x19, 0x47, 0x19, 0x47, 0x19, 0x47, 0x19, 0x47, 0x19,
    0x47, 0x19, 0x47, 0x19, 0x47, 0x19, 0x47, 0x19, 0x47, 0x19, 0x47, 0x19, 0x47, 0x19, 0x47, 0x19,
    0x47, 0x19, 0x47, 0x19, 0x47, 0x19, 0x47, 0x19, 0x47, 0x19, 0x47, 0x19, 0x47, 0x19, 0x47, 0x19,
    0x47, 0x19, 0x47, 0x19, 0x47, 0x19, 0x47, 0x19, 0x47, 0x19, 0x47, 0x19, 0x47, 0x19, 0x47, 0x19,
    0x47, 0x19, 0x47, 0x19, 0x47, 0x19, 0x47, 0x19, 0x47, 0x19, 0x47, 0x19, 0x47, 0x19, 0x47, 0x19,
    0x47, 0x19, 0x47, 0x19, 0x47, 0x19, 0x47, 0x19, 0x47, 0x19, 0x47, 0x19, 0x47, 0x19, 0x47, 0x19,
    0x47, 0x19, 0x47, 0x19, 0x47, 0x19, 0x47, 0x19, 0x47, 0x19, 0x47, 0x19, 0x47, 0x19, 0x47, 0x19,
    0x47, 0x19, 0x47, 0x19, 0x47, 0x19, 0x47, 0x19, 0x47, 0x19, 0x47, 0x19, 0x47, 0x19, 0x47, 0x19,
    0x47, 0x19, 0x47, 0x19, 0x47, 0x19, 0x47, 0x19, 0x47, 0x19, 0x47, 0x19, 0x47, 0x19, 0x47, 0x19,
    0x47, 0x19, 0x47, 0x19, 0x47, 0x19, 0x47, 0x19, 0x47, 0x19, 0x47, 0x19, 0x47, 0x19, 0x47, 0x19,
    0x47, 0x19, 0x47, 0x19, 0x47, 0x19, 0x47, 0x19, 0x47, 0x19, 0x47, 0x19, 0x47, 0x19, 0x47, 0x19,
    0x47, 0x19, 0x47, 0x19, 0x47, 0x19, 0x47, 0x19, 0x47, 0x19, 0x47, 0x19, 0x47, 0x19, 0x47, 0x19,
    0x47, 0x19, 0x47, 0x19, 0x47, 0x19, 0x47, 0x19, 0x47, 0x19, 0x47, 0x19, 0x47, 0x19, 0x47, 0x19,
    0x47, 0x19, 0x47, 0x19, 0x47, 0x19, 0x47, 0x19, 0x47, 0x19, 0x47, 0x19, 0x47, 0x19, 0x47, 0x19,
    0x47, 0x19, 0x47, 0x19, 0x47, 0x19, 0x47, 0x19, 0x47, 0x19, 0x47, 0x19, 0x47, 0x19, 0x47, 0x19,
    0x47, 0x19, 0x47, 0x19, 0x47, 0x19, 0x47, 0x19, 0x47, 0x19, 0x47, 0x19, 0x47, 0x19, 0x9a, 0xce,
    0xff, 0xff, 0xbe, 0xf7, 0xdf, 0xff, 0xdf, 0xff, 0xdf, 0xff, 0xdf, 0xff, 0xdf, 0xff, 0xdf, 0xff,
    0xdf, 0xff, 0xdf, 0xff, 0xbe, 0xf7, 0xff, 0xff, 0x11, 0x7c, 0xc5, 0x08, 0x67, 0x21, 0x47, 0x19,
    0x47, 0x19, 0x47, 0x19, 0x47, 0x19, 0x47, 0x19, 0x47, 0x19, 0x47, 0x19, 0x47, 0x19, 0x47, 0x19,
    0x47, 0x19, 0x47, 0x19, 0x47, 0x19, 0x47, 0x19, 0x47, 0x19, 0x47, 0x19, 0x47, 0x19, 0x47, 0x19,
    0x47, 0x19, 0x47, 0x19, 0x47, 0x19, 0x47, 0x19, 0x47, 0x19, 0x47, 0x19, 0x47, 0x19, 0x47, 0x19,
    0x47, 0x19, 0x47, 0x19, 0x47, 0x19, 0x47, 0x19, 0x47, 0x19, 0x47, 0x19, 0x47, 0x19, 0x47, 0x19,
    0x47, 0x19, 0x47, 0x19, 0x47, 0x19, 0x47, 0x19, 0x47, 0x19, 0x47, 0x19, 0x47, 0x19, 0x47, 0x19,
    0x47, 0x19, 0x47, 0x19, 0x47, 0x19, 0x47, 0x19, 0x47, 0x19, 0x47, 0x19, 0x47, 0x19, 0x47, 0x19,
    0x47, 0x19, 0x47, 0x19, 0x47, 0x19, 0x47, 0x19, 0x47, 0x19, 0x47, 0x19, 0x47, 0x19, 0x47, 0x19,
    0x47, 0x19, 0x47, 0x19, 0x47, 0x19, 0x47, 0x19, 0x47, 0x19, 0x47, 0x19, 0x47, 0x19, 0x47, 0x19,
    0x47, 0x19, 0x47, 0x19, 0x47, 0x19, 0x47, 0x19, 0x47, 0x19, 0x47, 0x19, 0x47, 0x19, 0x47, 0x19,
    0x47, 0x19, 0x47, 0x19, 0x47, 0x19, 0x47, 0x19, 0x47, 0x19, 0x47, 0x19, 0x47, 0x19, 0x47, 0x19,
    0x47, 0x19, 0x47, 0x19, 0x47, 0x19, 0x47, 0x19, 0x47, 0x19, 0x47, 0x19, 0x47, 0x19, 0x47, 0x19,
    0x47, 0x19, 0x47, 0x19, 0x47, 0x19, 0x47, 0x19, 0x47, 0x19, 0x47, 0x19, 0x47, 0x19, 0x47, 0x19,
    0x47, 0x19, 0x47, 0x19, 0x47, 0x19, 0x47, 0x19, 0x47, 0x19, 0x47, 0x19, 0x47, 0x19, 0x47, 0x19,
    0x47, 0x19, 0x47, 0x19, 0x47, 0x19, 0x47, 0x19, 0x47, 0x19, 0x47, 0x19, 0x47, 0x19, 0x47, 0x19,
    0x47, 0x19, 0x47, 0x19, 0x47, 0x19, 0x47, 0x19, 0x47, 0x19, 0x47, 0x19, 0x47, 0x19, 0x47, 0x19,
    0x47, 0x19, 0x47, 0x19, 0x47, 0x19, 0x47, 0x19, 0x47, 0x19, 0x47, 0x19, 0x47, 0x19, 0x47, 0x19,
    0x47, 0x19, 0x47, 0x19, 0x47, 0x19, 0x47, 0x19, 0x47, 0x19, 0x47, 0x19, 0x47, 0x19, 0x47, 0x19,
    0x47, 0x19, 0x47, 0x19, 0x47, 0x19, 0x47, 0x19, 0x47, 0x19, 0x47, 0x19, 0x47, 0x19, 0x47, 0x19,
    0x47, 0x19, 0x47, 0x19, 0x47, 0x19, 0x47, 0x19, 0x47, 0x19, 0x47, 0x19, 0x47, 0x19, 0x47, 0x19,
    0x47, 0x19, 0x47, 0x19, 0x47, 0x19, 0x47, 0x19, 0x47, 0x19, 0x47, 0x19, 0x47, 0x19, 0x47, 0x19,
    0x47, 0x19, 0x47, 0x19, 0x47, 0x19, 0x47, 0x19, 0x47, 0x19, 0x47, 0x19, 0x47, 0x19, 0x47, 0x19,
    0x47, 0x19, 0x47, 0x19, 0x47, 0x19, 0x47, 0x19, 0x47, 0x19, 0x47, 0x19, 0x47, 0x19, 0x47, 0x19,
    0x47, 0x19, 0x47, 0x19, 0x47, 0x19, 0x47, 0x19, 0x47, 0x19, 0x47, 0x19, 0x47, 0x19, 0x47, 0x19,
    0x47, 0x19, 0x47, 0x19, 0x47, 0x21, 0x67, 0x21, 0x67, 0x21, 0x67, 0x21, 0x67, 0x21, 0x47, 0x19,
    0x47, 0x19, 0x47, 0x19, 0x47, 0x19, 0x47, 0x19, 0x47, 0x19, 0x47, 0x19, 0x47, 0x19, 0x47, 0x19,
    0x47, 0x19, 0x47, 0x19, 0x47, 0x19, 0x47, 0x19, 0x47, 0x19, 0x47, 0x19, 0x47, 0x19, 0x47, 0x19,
    0x47, 0x19, 0x47, 0x19, 0x47, 0x19, 0x47, 0x19, 0x47, 0x19, 0x47, 0x19, 0x47, 0x19, 0x47, 0x19,
    0x47, 0x19, 0x47, 0x19, 0x47, 0x19, 0x47, 0x19, 0x47, 0x19, 0x47, 0x19, 0x47, 0x19, 0x47, 0x19,
    0x47, 0x19, 0x47, 0x19, 0x47, 0x19, 0x47, 0x19, 0x47, 0x19, 0x47, 0x19, 0x47, 0x19, 0x47, 0x19,
    0x47, 0x19, 0x47, 0x19, 0x47, 0x19, 0x47, 0x19, 0x47, 0x19, 0x47, 0x19, 0x47, 0x19, 0x47, 0x19,
    0x47, 0x19, 0x47, 0x19, 0x47, 0x19, 0x47, 0x19, 0x47, 0x19, 0x47, 0x19, 0x47, 0x19, 0x47, 0x19,
    0x47, 0x19, 0x47, 0x19, 0x47, 0x19, 0x47, 0x19, 0x47, 0x19, 0x47, 0x19, 0x47, 0x19, 0x47, 0x19,
    0x47, 0x19, 0x47, 0x19, 0x47, 0x19, 0x47, 0x19, 0x47, 0x19, 0x67, 0x21, 0xe5, 0x10, 0x72, 0x8c,
    0xff, 0xff, 0x9e, 0xf7, 0xbe, 0xf7, 0xdf, 0xff, 0xdf, 0xf7, 0xdf, 0xff, 0xdf, 0xff, 0xdf, 0xff,
    0xdf, 0xff, 0xdf, 0xff, 0xbe, 0xf7, 0xff, 0xff, 0x76, 0xad, 0xe6, 0x10, 0x47, 0x21, 0x47, 0x19,
    0x47, 0x19, 0x47, 0x19, 0x47, 0x19, 0x47, 0x19, 0x47, 0x19, 0x47, 0x19, 0x47, 0x19, 0x47, 0x19,
    0x47, 0x19, 0x47, 0x19, 0x47, 0x19, 0x47, 0x19, 0x47, 0x19, 0x47, 0x19, 0x47, 0x19, 0x47, 0x19,
    0x47, 0x19, 0x47, 0x19, 0x47, 0x19, 0x47, 0x19, 0x47, 0x19, 0x47, 0x19, 0x47, 0x19, 0x47, 0x19,
    0x47, 0x19, 0x47, 0x19, 0x47, 0x19, 0x47, 0x19, 0x47, 0x19, 0x47, 0x19, 0x47, 0x19, 0x47, 0x19,
    0x47, 0x19, 0x47, 0x19, 0x47, 0x19, 0x47, 0x19, 0x47, 0x19, 0x47, 0x19, 0x47, 0x19, 0x47, 0x19,
    0x47, 0x19, 0x47, 0x19, 0x47, 0x19, 0x47, 0x19, 0x47, 0x19, 0x47, 0x19, 0x47, 0x19, 0x47, 0x19,
    0x47, 0x19, 0x47, 0x19, 0x47, 0x19, 0x47, 0x19, 0x47, 0x19, 0x47, 0x19, 0x47, 0x19, 0x47, 0x19,
    0x47, 0x19, 0x47, 0x19, 0x47, 0x19, 0x47, 0x19, 0x47, 0x19, 0x47, 0x19, 0x47, 0x19, 0x47, 0x19,
    0x47, 0x19, 0x47, 0x19, 0x47, 0x19, 0x47, 0x19, 0x47, 0x19, 0x47, 0x19, 0x47, 0x19, 0x47, 0x19,
    0x47, 0x19, 0x47, 0x19, 0x47, 0x19, 0x47, 0x19, 0x47, 0x19, 0x47, 0x19, 0x47, 0x19, 0x47, 0x19,
    0x47, 0x19, 0x47, 0x19, 0x47, 0x19, 0x47, 0x19, 0x47, 0x19, 0x47, 0x19, 0x47, 0x19, 0x47, 0x19,
    0x47, 0x19, 0x47, 0x19, 0x47, 0x19, 0x47, 0x19, 0x47, 0x19, 0x47, 0x19, 0x47, 0x19, 0x47, 0x19,
    0x47, 0x19, 0x47, 0x19, 0x47, 0x19, 0x47, 0x19, 0x47, 0x19, 0x47, 0x19, 0x47, 0x19, 0x47, 0x19,
    0x47, 0x19, 0x47, 0x19, 0x47, 0x19, 0x47, 0x19, 0x47, 0x19, 0x47, 0x19, 0x47, 0x19, 0x47, 0x19,
    0x47, 0x19, 0x47, 0x19, 0x47, 0x19, 0x47, 0x19, 0x47, 0x19, 0x47, 0x19, 0x47, 0x19, 0x47, 0x19,
    0x47, 0x19, 0x47, 0x19, 0x47, 0x19, 0x47, 0x19, 0x47, 0x19, 0x47, 0x19, 0x47, 0x19, 0x47, 0x19,
    0x47, 0x19, 0x47, 0x19, 0x47, 0x19, 0x47, 0x19, 0x47, 0x19, 0x47, 0x19, 0x47, 0x19, 0x47, 0x19,
    0x47, 0x19, 0x47, 0x19, 0x47, 0x19, 0x47, 0x19, 0x47, 0x19, 0x47, 0x19, 0x47, 0x19, 0x47, 0x19,
    0x47, 0x19, 0x47, 0x19, 0x47, 0x19, 0x47, 0x19, 0x47, 0x19, 0x47, 0x19, 0x47, 0x19, 0x47, 0x19,
    0x47, 0x19, 0x47, 0x19, 0x47, 0x19, 0x47, 0x19, 0x47, 0x19, 0x47, 0x19, 0x47, 0x19, 0x47, 0x19,
    0x47, 0x19, 0x47, 0x19, 0x47, 0x19, 0x47, 0x19, 0x47, 0x19, 0x47, 0x19, 0x47, 0x19, 0x47, 0x19,
    0x47, 0x19, 0x47, 0x19, 0x47, 0x19, 0x47, 0x19, 0x47, 0x19, 0x47, 0x19, 0x47, 0x19, 0x47, 0x19,
    0x47, 0x19, 0x47, 0x19, 0x47, 0x19, 0x47, 0x19, 0x47, 0x19, 0x47, 0x19, 0x47, 0x19, 0x47, 0x19,
    0x47, 0x21, 0x47, 0x19, 0xe6, 0x10, 0xc5, 0x10, 0xc5, 0x08, 0xc5, 0x08, 0xe6, 0x10, 0x26, 0x19,
    0x47, 0x21, 0x47, 0x19, 0x47, 0x19, 0x47, 0x19, 0x47, 0x19, 0x47, 0x19, 0x47, 0x19, 0x47, 0x19,
    0x47, 0x19, 0x47, 0x19, 0x47, 0x19, 0x47, 0x19, 0x47, 0x19, 0x47, 0x19, 0x47, 0x19, 0x47, 0x19,
    0x47, 0x19, 0x47, 0x19, 0x47, 0x19, 0x47, 0x19, 0x47, 0x19, 0x47, 0x19, 0x47, 0x19, 0x47, 0x19,
    0x47, 0x19, 0x47, 0x19, 0x47, 0x19, 0x47, 0x19, 0x47, 0x19, 0x47, 0x19, 0x47, 0x19, 0x47, 0x19,
    0x47, 0x19, 0x47, 0x19, 0x47, 0x19, 0x47, 0x19, 0x47, 0x19, 0x47, 0x19, 0x47, 0x19, 0x47, 0x19,
    0x47, 0x19, 0x47, 0x19, 0x47, 0x19, 0x47, 0x19, 0x47, 0x19, 0x47, 0x19, 0x47, 0x19, 0x47, 0x19,
    0x47, 0x19, 0x47, 0x19, 0x47, 0x19, 0x47, 0x19, 0x47, 0x19, 0x47, 0x19, 0x47, 0x19, 0x47, 0x19,
    0x47, 0x19, 0x47, 0x19, 0x47, 0x19, 0x47, 0x19, 0x47, 0x19, 0x47, 0x19, 0x47, 0x19, 0x47, 0x19,
    0x47, 0x19, 0x47, 0x19, 0x47, 0x19, 0x47, 0x19, 0x47, 0x19, 0x47, 0x19, 0x27, 0x19, 0x67, 0x21,
    0x39, 0xc6, 0xff, 0xff, 0xdf, 0xff, 0xbe, 0xf7, 0xbf, 0xf7, 0xdf, 0xff, 0xdf, 0xff, 0xdf, 0xff,
    0xdf, 0xff, 0xdf, 0xff, 0xbe, 0xf7, 0xff, 0xff, 0x18, 0xbe, 0x06, 0x11, 0x47, 0x19, 0x47, 0x19,
    0x47, 0x19, 0x47, 0x19, 0x47, 0x19, 0x47, 0x19, 0x47, 0x19, 0x47, 0x19, 0x47, 0x19, 0x47, 0x19,
    0x47, 0x19, 0x47, 0x19, 0x47, 0x19, 0x47, 0x19, 0x47, 0x19, 0x47, 0x19, 0x47, 0x19, 0x47, 0x19,
    0x47, 0x19, 0x47, 0x19, 0x47, 0x19, 0x47, 0x19, 0x47, 0x19, 0x47, 0x19, 0x47, 0x19, 0x47, 0x19,
    0x47, 0x19, 0x47, 0x19, 0x47, 0x19, 0x47, 0x19, 0x47, 0x19, 0x47, 0x19, 0x47, 0x19, 0x47, 0x19,
    0x47, 0x19, 0x47, 0x19, 0x47, 0x19, 0x47, 0x19, 0x47, 0x19, 0x47, 0x19, 0x47, 0x19, 0x47, 0x19,
    0x47, 0x19, 0x47, 0x19, 0x47, 0x19, 0x47, 0x19, 0x47, 0x19, 0x47, 0x19, 0x47, 0x19, 0x47, 0x19,
    0x47, 0x19, 0x47, 0x19, 0x47, 0x19, 0x47, 0x19, 0x47, 0x19, 0x47, 0x19, 0x47, 0x19, 0x47, 0x19,
    0x47, 0x19, 0x47, 0x19, 0x47, 0x19, 0x47, 0x19, 0x47, 0x19, 0x47, 0x19, 0x47, 0x19, 0x47, 0x19,
    0x47, 0x19, 0x47, 0x19, 0x47, 0x19, 0x47, 0x19, 0x47, 0x19, 0x47, 0x19, 0x47, 0x19, 0x47, 0x19,
    0x47, 0x19, 0x47, 0x19, 0x47, 0x19, 0x47, 0x19, 0x47, 0x19, 0x47, 0x19, 0x47, 0x19, 0x47, 0x19,
    0x47, 0x19, 0x47, 0x19, 0x47, 0x19, 0x47, 0x19, 0x47, 0x19, 0x47, 0x19, 0x47, 0x19, 0x47, 0x19,
    0x47, 0x19, 0x47, 0x19, 0x47, 0x19, 0x47, 0x19, 0x47, 0x19, 0x47, 0x19, 0x47, 0x19, 0x47, 0x19,
    0x47, 0x19, 0x47, 0x19, 0x47, 0x19, 0x47, 0x19, 0x47, 0x19, 0x47, 0x19, 0x47, 0x19, 0x47, 0x19,
    0x47, 0x19, 0x47, 0x19, 0x47, 0x19, 0x47, 0x19, 0x47, 0x19, 0x47, 0x19, 0x47, 0x19, 0x47, 0x19,
    0x47, 0x19, 0x47, 0x19, 0x47, 0x19, 0x47, 0x19, 0x47, 0x19, 0x47, 0x19, 0x47, 0x19, 0x47, 0x19,
    0x47, 0x19, 0x47, 0x19, 0x47, 0x19, 0x47, 0x19, 0x47, 0x19, 0x47, 0x19, 0x47, 0x19, 0x47, 0x19,
    0x47, 0x19, 0x47, 0x19, 0x47, 0x19, 0x47, 0x19, 0x47, 0x19, 0x47, 0x19, 0x47, 0x19, 0x47, 0x19,
    0x47, 0x19, 0x47, 0x19, 0x47, 0x19, 0x47, 0x19, 0x47, 0x19, 0x47, 0x19, 0x47, 0x19, 0x47, 0x19,
    0x47, 0x19, 0x47, 0x19, 0x47, 0x19, 0x47, 0x19, 0x47, 0x19, 0x47, 0x19, 0x47, 0x19, 0x47, 0x19,
    0x47, 0x19, 0x47, 0x19, 0x47, 0x19, 0x47, 0x19, 0x47, 0x19, 0x47, 0x19, 0x47, 0x19, 0x47, 0x19,
    0x47, 0x19, 0x47, 0x19, 0x47, 0x19, 0x47, 0x19, 0x47, 0x19, 0x47, 0x19, 0x47, 0x19, 0x47, 0x19,
    0x47, 0x19, 0x47, 0x19, 0x47, 0x19, 0x47, 0x19, 0x47, 0x19, 0x47, 0x19, 0x47, 0x19, 0x47, 0x19,
    0x47, 0x19, 0x47, 0x19, 0x47, 0x19, 0x47, 0x19, 0x47, 0x19, 0x47, 0x19, 0x47, 0x19, 0x47, 0x21,
    0x06, 0x19, 0x27, 0x19, 0xcc, 0x4a, 0xd0, 0x73, 0x31, 0x7c, 0xf1, 0x7b, 0x2e, 0x5b, 0xe9, 0x31,
    0xe6, 0x10, 0x27, 0x19, 0x47, 0x21, 0x47, 0x19, 0x47, 0x19, 0x47, 0x19, 0x47, 0x19, 0x47, 0x19,
    0x47, 0x19, 0x47, 0x19, 0x47, 0x19, 0x47, 0x19, 0x47, 0x19, 0x47, 0x19, 0x47, 0x19, 0x47, 0x19,
    0x47, 0x19, 0x47, 0x19, 0x47, 0x19, 0x47, 0x19, 0x47, 0x19, 0x47, 0x19, 0x47, 0x19, 0x47, 0x19,
    0x47, 0x19, 0x47, 0x19, 0x47, 0x19, 0x47, 0x19, 0x47, 0x19, 0x47, 0x19, 0x47, 0x19, 0x47, 0x19,
    0x47, 0x19, 0x47, 0x19, 0x47, 0x19, 0x47, 0x19, 0x47, 0x19, 0x47, 0x19, 0x47, 0x19, 0x47, 0x19,
    0x47, 0x19, 0x47, 0x19, 0x47, 0x19, 0x47, 0x19, 0x47, 0x19, 0x47, 0x19, 0x47, 0x19, 0x47, 0x19,
    0x47, 0x19, 0x47, 0x19, 0x47, 0x19, 0x47, 0x19, 0x47, 0x19, 0x47, 0x19, 0x47, 0x19, 0x47, 0x19,
    0x47, 0x19, 0x47, 0x19, 0x47, 0x19, 0x47, 0x19, 0x47, 0x19, 0x47, 0x19, 0x47, 0x19, 0x47, 0x19,
    0x47, 0x19, 0x47, 0x19, 0x47, 0x19, 0x47, 0x19, 0x47, 0x19, 0x47, 0x19, 0x47, 0x19, 0x26, 0x19,
    0x68, 0x21, 0x15, 0x9d, 0x7d, 0xef, 0xff, 0xff, 0xff, 0xff, 0xdf, 0xff, 0xdf, 0xff, 0xdf, 0xff,
    0xdf, 0xff, 0xdf, 0xff, 0xbe, 0xf7, 0xff, 0xff, 0xd8, 0xb5, 0x06, 0x11, 0x47, 0x21, 0x47, 0x19,
    0x47, 0x19, 0x47, 0x19, 0x47, 0x19, 0x47, 0x19, 0x47, 0x19, 0x47, 0x19, 0x47, 0x19, 0x47, 0x19,
    0x47, 0x19, 0x47, 0x19, 0x67, 0x21, 0x67, 0x21, 0x67, 0x21, 0x67, 0x21, 0x47, 0x21, 0x47, 0x19,
    0x47, 0x19, 0x47, 0x19, 0x47, 0x19, 0x47, 0x19, 0x47, 0x19, 0x47, 0x19, 0x47, 0x19, 0x47, 0x19,
    0x47, 0x19, 0x47, 0x19, 0x47, 0x19, 0x47, 0x19, 0x47, 0x19, 0x47, 0x19, 0x47, 0x19, 0x47, 0x19,
    0x47, 0x19, 0x47, 0x19, 0x47, 0x19, 0x47, 0x19, 0x47, 0x19, 0x47, 0x19, 0x47, 0x19, 0x47, 0x19,
    0x47, 0x19, 0x47, 0x19, 0x47, 0x19, 0x47, 0x19, 0x47, 0x19, 0x47, 0x19, 0x47, 0x19, 0x47, 0x19,
    0x47, 0x19, 0x47, 0x19, 0x47, 0x19, 0x47, 0x19, 0x47, 0x19, 0x47, 0x19, 0x47, 0x19, 0x47, 0x19,
    0x47, 0x19, 0x47, 0x19, 0x47, 0x19, 0x47, 0x19, 0x47, 0x19, 0x47, 0x19, 0x47, 0x19, 0x47, 0x19,
    0x47, 0x19, 0x47, 0x19, 0x47, 0x19, 0x47, 0x19, 0x47, 0x19, 0x47, 0x19, 0x47, 0x19, 0x47, 0x19,
    0x47, 0x19, 0x47, 0x19, 0x47, 0x19, 0x47, 0x19, 0x47, 0x19, 0x47, 0x19, 0x47, 0x19, 0x47, 0x19,
    0x47, 0x19, 0x47, 0x19, 0x47, 0x19, 0x47, 0x19, 0x47, 0x19, 0x47, 0x19, 0x47, 0x19, 0x47, 0x19,
    0x47, 0x19, 0x47, 0x19, 0x47, 0x19, 0x47, 0x19, 0x47, 0x19, 0x47, 0x19, 0x47, 0x19, 0x47, 0x19,
    0x47, 0x19, 0x47, 0x19, 0x47, 0x19, 0x47, 0x19, 0x47, 0x19, 0x47, 0x19, 0x47, 0x19, 0x47, 0x19,
    0x47, 0x19, 0x47, 0x19, 0x47, 0x19, 0x47, 0x19, 0x47, 0x19, 0x47, 0x19, 0x47, 0x19, 0x47, 0x19,
    0x47, 0x19, 0x47, 0x19, 0x47, 0x19, 0x47, 0x19, 0x47, 0x19, 0x47, 0x19, 0x47, 0x19, 0x47, 0x19,
    0x47, 0x19, 0x47, 0x19, 0x47, 0x19, 0x47, 0x19, 0x47, 0x19, 0x47, 0x19, 0x47, 0x19, 0x47, 0x19,
    0x47, 0x19, 0x47, 0x19, 0x47, 0x19, 0x47, 0x19, 0x47, 0x19, 0x47, 0x19, 0x47, 0x19, 0x47, 0x19,
    0x47, 0x19, 0x47, 0x19, 0x47, 0x19, 0x47, 0x19, 0x47, 0x19, 0x47, 0x19, 0x47, 0x19, 0x47, 0x19,
    0x47, 0x19, 0x47, 0x19, 0x47, 0x19, 0x47, 0x19, 0x47, 0x19, 0x47, 0x19, 0x47, 0x19, 0x47, 0x21,
    0x47, 0x21, 0x67, 0x21, 0x67, 0x21, 0x67, 0x21, 0x47, 0x21, 0x47, 0x21, 0x47, 0x19, 0x47, 0x19,
    0x47, 0x19, 0x47, 0x19, 0x47, 0x19, 0x47, 0x19, 0x47, 0x19, 0x47, 0x19, 0x47, 0x21, 0x67, 0x21,
    0x67, 0x21, 0x47, 0x21, 0x47, 0x19, 0x47, 0x19, 0x47, 0x19, 0x47, 0x19, 0x47, 0x19, 0x47, 0x19,
    0x47, 0x19, 0x47, 0x19, 0x47, 0x19, 0x47, 0x19, 0x47, 0x19, 0x47, 0x19, 0x47, 0x21, 0x06, 0x11,
    0xe9, 0x31, 0xf8, 0xbd, 0xff, 0xff, 0xff, 0xff, 0xff, 0xff, 0xff, 0xff, 0xff, 0xff, 0x5d, 0xef,
    0xf4, 0x9c, 0x88, 0x29, 0x26, 0x19, 0x47, 0x21, 0x47, 0x19, 0x47, 0x19, 0x47, 0x19, 0x47, 0x19,
    0x47, 0x19, 0x47, 0x19, 0x47, 0x19, 0x47, 0x19, 0x47, 0x19, 0x47, 0x19, 0x47, 0x19, 0x47, 0x21,
    0x67, 0x21, 0x67, 0x21, 0x67, 0x21, 0x67, 0x21, 0x67, 0x21, 0x47, 0x21, 0x47, 0x19, 0x47, 0x19,
    0x47, 0x19, 0x47, 0x19, 0x47, 0x19, 0x47, 0x19, 0x47, 0x19, 0x47, 0x19, 0x47, 0x19, 0x47, 0x19,
    0x47, 0x19, 0x47, 0x19, 0x47, 0x19, 0x47, 0x19, 0x47, 0x19, 0x47, 0x19, 0x47, 0x19, 0x47, 0x19,
    0x47, 0x19, 0x47, 0x19, 0x47, 0x19, 0x47, 0x19, 0x47, 0x19, 0x47, 0x19, 0x47, 0x19, 0x47, 0x19,
    0x47, 0x19, 0x47, 0x19, 0x47, 0x19, 0x47, 0x19, 0x47, 0x19, 0x47, 0x19, 0x47, 0x19, 0x47, 0x19,
    0x47, 0x19, 0x47, 0x19, 0x47, 0x19, 0x47, 0x19, 0x47, 0x19, 0x47, 0x19, 0x47, 0x19, 0x47, 0x19,
    0x47, 0x19, 0x47, 0x19, 0x47, 0x19, 0x47, 0x19, 0x47, 0x19, 0x47, 0x19, 0x47, 0x19, 0x47, 0x21,
    0x27, 0x19, 0xe6, 0x10, 0xe9, 0x31, 0x0d, 0x5b, 0xac, 0x4a, 0x96, 0xad, 0xff, 0xff, 0xbe, 0xf7,
    0xdf, 0xff, 0xdf, 0xff, 0xbe, 0xf7, 0xff, 0xff, 0xd4, 0x94, 0xc5, 0x08, 0x67, 0x21, 0x47, 0x19,
    0x47, 0x19, 0x47, 0x19, 0x47, 0x19, 0x47, 0x19, 0x47, 0x19, 0x47, 0x19, 0x47, 0x21, 0x67, 0x21,
    0x47, 0x19, 0x06, 0x19, 0xe6, 0x10, 0xc5, 0x10, 0xc5, 0x08, 0xc5, 0x10, 0xe6, 0x10, 0x26, 0x19,
    0x47, 0x19, 0x67, 0x21, 0x47, 0x19, 0x47, 0x19, 0x47, 0x19, 0x47, 0x19, 0x47, 0x19, 0x47, 0x19,
    0x47, 0x19, 0x47, 0x19, 0x47, 0x19, 0x47, 0x19, 0x47, 0x19, 0x47, 0x19, 0x47, 0x19, 0x47, 0x19,
    0x47, 0x19, 0x47, 0x19, 0x47, 0x19, 0x47, 0x19, 0x47, 0x19, 0x47, 0x19, 0x47, 0x19, 0x47, 0x19,
    0x47, 0x19, 0x47, 0x19, 0x47, 0x19, 0x47, 0x19, 0x47, 0x19, 0x47, 0x19, 0x47, 0x19, 0x47, 0x19,
    0x47, 0x19, 0x47, 0x19, 0x47, 0x19, 0x47, 0x19, 0x47, 0x19, 0x47, 0x19, 0x47, 0x19, 0x47, 0x19,
    0x47, 0x19, 0x47, 0x19, 0x47, 0x19, 0x47, 0x19, 0x47, 0x19, 0x47, 0x19, 0x47, 0x19, 0x47, 0x19,
    0x47, 0x19, 0x47, 0x19, 0x47, 0x19, 0x47, 0x19, 0x47, 0x19, 0x47, 0x19, 0x47, 0x19, 0x47, 0x19,
    0x47, 0x19, 0x47, 0x19, 0x47, 0x19, 0x47, 0x19, 0x47, 0x19, 0x47, 0x19, 0x47, 0x19, 0x47, 0x19,
    0x47, 0x19, 0x47, 0x19, 0x47, 0x19, 0x47, 0x19, 0x47, 0x19, 0x47, 0x19, 0x47, 0x19, 0x47, 0x19,
    0x47, 0x19, 0x47, 0x19, 0x47, 0x19, 0x47, 0x19, 0x47, 0x19, 0x47, 0x19, 0x47, 0x19, 0x47, 0x19,
    0x47, 0x19, 0x47, 0x19, 0x47, 0x19, 0x47, 0x19, 0x47, 0x19, 0x47, 0x19, 0x47, 0x19, 0x47, 0x19,
    0x47, 0x19, 0x47, 0x19, 0x47, 0x19, 0x47, 0x19, 0x47, 0x19, 0x47, 0x19, 0x47, 0x19, 0x47, 0x19,
    0x47, 0x19, 0x47, 0x19, 0x47, 0x19, 0x47, 0x19, 0x47, 0x19, 0x47, 0x19, 0x47, 0x19, 0x47, 0x19,
    0x47, 0x19, 0x47, 0x19, 0x47, 0x19, 0x47, 0x19, 0x47, 0x19, 0x47, 0x19, 0x47, 0x19, 0x47, 0x19,
    0x47, 0x19, 0x47, 0x19, 0x47, 0x19, 0x47, 0x19, 0x47, 0x19, 0x47, 0x19, 0x47, 0x19, 0x47, 0x19,
    0x47, 0x19, 0x47, 0x19, 0x47, 0x19, 0x47, 0x19, 0x47, 0x19, 0x47, 0x19, 0x47, 0x19, 0x47, 0x19,
    0x47, 0x19, 0x47, 0x19, 0x47, 0x19, 0x47, 0x19, 0x47, 0x21, 0x67, 0x21, 0x47, 0x19, 0x06, 0x19,
    0xe6, 0x10, 0xe5, 0x10, 0xc5, 0x10, 0xe5, 0x10, 0xe6, 0x10, 0x06, 0x11, 0x06, 0x11, 0x26, 0x19,
    0x27, 0x19, 0x47, 0x19, 0x47, 0x19, 0x47, 0x19, 0x27, 0x19, 0x26, 0x19, 0xe6, 0x10, 0xe5, 0x10,
    0xc5, 0x08, 0xe6, 0x10, 0x26, 0x19, 0x47, 0x19, 0x67, 0x21, 0x47, 0x19, 0x47, 0x19, 0x47, 0x19,
    0x47, 0x19, 0x47, 0x19, 0x47, 0x19, 0x47, 0x19, 0x47, 0x19, 0x47, 0x19, 0x27, 0x19, 0xa8, 0x29,
    0xbb, 0xd6, 0xff, 0xff, 0xbe, 0xf7, 0xbe, 0xf7, 0xbe, 0xf7, 0xbe, 0xf7, 0xbe, 0xf7, 0xdf, 0xff,
    0xff, 0xff, 0x59, 0xce, 0x88, 0x21, 0x27, 0x19, 0x47, 0x19, 0x47, 0x19, 0x47, 0x19, 0x47, 0x19,
    0x47, 0x19, 0x47, 0x19, 0x47, 0x19, 0x47, 0x19, 0x47, 0x19, 0x47, 0x19, 0x47, 0x19, 0x06, 0x11,
    0xe5, 0x10, 0xc5, 0x08, 0xc5, 0x10, 0xe5, 0x10, 0xe6, 0x10, 0x06, 0x11, 0x26, 0x19, 0x47, 0x19,
    0x47, 0x21, 0x67, 0x21, 0x67, 0x21, 0x47, 0x21, 0x47, 0x19, 0x47, 0x19, 0x47, 0x19, 0x47, 0x19,
    0x47, 0x19, 0x47, 0x19, 0x47, 0x19, 0x47, 0x19, 0x47, 0x19, 0x47, 0x19, 0x47, 0x19, 0x47, 0x19,
    0x47, 0x19, 0x47, 0x19, 0x47, 0x19, 0x47, 0x19, 0x47, 0x19, 0x47, 0x19, 0x47, 0x19, 0x47, 0x19,
    0x47, 0x19, 0x47, 0x19, 0x47, 0x19, 0x47, 0x19, 0x47, 0x19, 0x47, 0x21, 0x47, 0x21, 0x47, 0x21,
    0x47, 0x19, 0x47, 0x19, 0x47, 0x19, 0x47, 0x19, 0x47, 0x19, 0x47, 0x19, 0x47, 0x19, 0x47, 0x19,
    0x47, 0x19, 0x47, 0x19, 0x47, 0x19, 0x47, 0x19, 0x47, 0x19, 0x47, 0x19, 0x47, 0x19, 0x47, 0x19,
    0x47, 0x19, 0x47, 0x21, 0x47, 0x19, 0xa4, 0x08, 0xa8, 0x29, 0x1c, 0xe7, 0xff, 0xff, 0xbe, 0xf7,
    0xdf, 0xff, 0xdf, 0xff, 0xbe, 0xf7, 0xff, 0xff, 0xed, 0x52, 0xe6, 0x10, 0x67, 0x21, 0x47, 0x19,
    0x47, 0x19, 0x47, 0x19, 0x47, 0x19, 0x47, 0x19, 0x47, 0x21, 0x67, 0x21, 0x06, 0x19, 0xc5, 0x08,
    0x27, 0x19, 0x0a, 0x32, 0xed, 0x52, 0xb0, 0x6b, 0xf1, 0x73, 0x8f, 0x6b, 0xed, 0x52, 0xc9, 0x31,
    0x06, 0x11, 0xe5, 0x10, 0x27, 0x19, 0x67, 0x21, 0x47, 0x19, 0x47, 0x19, 0x47, 0x19, 0x47, 0x19,
    0x47, 0x19, 0x47, 0x19, 0x47, 0x19, 0x47, 0x19, 0x47, 0x19, 0x47, 0x19, 0x47, 0x19, 0x47, 0x19,
    0x47, 0x19, 0x47, 0x19, 0x47, 0x19, 0x47, 0x19, 0x47, 0x19, 0x47, 0x19, 0x47, 0x19, 0x47, 0x19,
    0x47, 0x19, 0x47, 0x19, 0x47, 0x19, 0x47, 0x19, 0x47, 0x19, 0x47, 0x19, 0x47, 0x19, 0x47, 0x19,
    0x47, 0x19, 0x47, 0x19, 0x47, 0x19, 0x47, 0x19, 0x47, 0x19, 0x47, 0x19, 0x47, 0x19, 0x47, 0x19,
    0x47, 0x19, 0x47, 0x19, 0x47, 0x19, 0x47, 0x19, 0x47, 0x19, 0x47, 0x19, 0x47, 0x19, 0x47, 0x19,
    0x47, 0x19, 0x47, 0x19, 0x47, 0x19, 0x47, 0x19, 0x47, 0x19, 0x47, 0x19, 0x47, 0x19, 0x47, 0x19,
    0x47, 0x19, 0x47, 0x19, 0x47, 0x19, 0x47, 0x19, 0x47, 0x19, 0x47, 0x19, 0x47, 0x19, 0x47, 0x19,
    0x47, 0x19, 0x47, 0x19, 0x47, 0x19, 0x47, 0x19, 0x47, 0x19, 0x47, 0x19, 0x47, 0x19, 0x47, 0x19,
    0x47, 0x19, 0x47, 0x19, 0x47, 0x19, 0x47, 0x19, 0x47, 0x19, 0x47, 0x19, 0x47, 0x19, 0x47, 0x19,
    0x47, 0x19, 0x47, 0x19, 0x47, 0x19, 0x47, 0x19, 0x47, 0x19, 0x47, 0x19, 0x47, 0x19, 0x47, 0x19,
    0x47, 0x19, 0x47, 0x19, 0x47, 0x19, 0x47, 0x19, 0x47, 0x19, 0x47, 0x19, 0x47, 0x19, 0x47, 0x19,
    0x47, 0x19, 0x47, 0x19, 0x47, 0x19, 0x47, 0x19, 0x47, 0x19, 0x47, 0x19, 0x47, 0x19, 0x47, 0x19,
    0x47, 0x19, 0x47, 0x19, 0x47, 0x19, 0x47, 0x19, 0x47, 0x19, 0x47, 0x19, 0x47, 0x19, 0x47, 0x19,
    0x47, 0x19, 0x47, 0x19, 0x47, 0x19, 0x47, 0x19, 0x47, 0x19, 0x47, 0x19, 0x47, 0x19, 0x47, 0x19,
    0x47, 0x19, 0x47, 0x19, 0x47, 0x19, 0x47, 0x19, 0x47, 0x19, 0x47, 0x19, 0x47, 0x19, 0x47, 0x19,
    0x47, 0x19, 0x47, 0x19, 0x47, 0x19, 0x47, 0x19, 0xe6, 0x10, 0xe5, 0x10, 0x47, 0x19, 0xe9, 0x31,
    0xcc, 0x52, 0x8f, 0x6b, 0x52, 0x84, 0xd4, 0x94, 0x55, 0xa5, 0xb7, 0xb5, 0xf8, 0xbd, 0x39, 0xc6,
    0x59, 0xce, 0x7a, 0xce, 0x9a, 0xce, 0x7a, 0xce, 0x79, 0xce, 0x39, 0xc6, 0x97, 0xb5, 0xf4, 0x94,
    0xf1, 0x7b, 0xed, 0x52, 0xc9, 0x31, 0x06, 0x11, 0xc5, 0x10, 0x27, 0x19, 0x67, 0x21, 0x47, 0x19,
    0x47, 0x19, 0x47, 0x19, 0x47, 0x19, 0x47, 0x19, 0x47, 0x19, 0x47, 0x21, 0xe6, 0x10, 0x35, 0x9d,
    0xff, 0xff, 0x9e, 0xf7, 0xdf, 0xff, 0xdf, 0xff, 0xdf, 0xff, 0xdf, 0xff, 0xdf, 0xff, 0xbe, 0xf7,
    0x9e, 0xf7, 0xff, 0xff, 0x15, 0x9d, 0xe6, 0x10, 0x47, 0x21, 0x47, 0x19, 0x47, 0x19, 0x47, 0x19,
    0x47, 0x19, 0x47, 0x19, 0x47, 0x19, 0x47, 0x19, 0x47, 0x19, 0x47, 0x19, 0x26, 0x19, 0x6b, 0x42,
    0xb0, 0x6b, 0xf1, 0x73, 0xd0, 0x73, 0x6f, 0x63, 0xed, 0x52, 0x4b, 0x42, 0xa9, 0x29, 0x47, 0x19,
    0xe6, 0x10, 0xc5, 0x10, 0xe6, 0x10, 0x26, 0x19, 0x47, 0x19, 0x47, 0x21, 0x47, 0x19, 0x47, 0x19,
    0x47, 0x19, 0x47, 0x19, 0x47, 0x19, 0x47, 0x19, 0x47, 0x19, 0x47, 0x19, 0x47, 0x19, 0x47, 0x19,
    0x47, 0x19, 0x47, 0x19, 0x47, 0x19, 0x47, 0x19, 0x47, 0x19, 0x47, 0x19, 0x47, 0x19, 0x47, 0x19,
    0x47, 0x19, 0x47, 0x19, 0x67, 0x21, 0x47, 0x19, 0x27, 0x19, 0x06, 0x11, 0x06, 0x11, 0x06, 0x11,
    0x27, 0x19, 0x47, 0x21, 0x67, 0x21, 0x47, 0x19, 0x47, 0x19, 0x47, 0x19, 0x47, 0x19, 0x47, 0x19,
    0x47, 0x19, 0x47, 0x19, 0x47, 0x19, 0x47, 0x19, 0x47, 0x19, 0x47, 0x19, 0x47, 0x19, 0x47, 0x19,
    0x47, 0x19, 0x67, 0x21, 0xe6, 0x10, 0xc9, 0x31, 0xdb, 0xd6, 0xff, 0xff, 0xbe, 0xf7, 0xdf, 0xff,
    0xdf, 0xff, 0xbe, 0xf7, 0xff, 0xff, 0x59, 0xce, 0x27, 0x19, 0x47, 0x19, 0x47, 0x19, 0x47, 0x19,
    0x47, 0x19, 0x47, 0x19, 0x47, 0x19, 0x67, 0x21, 0x26, 0x19, 0xe6, 0x10, 0x0a, 0x3a, 0x52, 0x84,
    0x59, 0xc6, 0x7d, 0xef, 0xff, 0xff, 0xff, 0xff, 0xff, 0xff, 0xff, 0xff, 0xff, 0xff, 0x5d, 0xef,
    0xd8, 0xb5, 0x8f, 0x6b, 0x67, 0x21, 0xe5, 0x10, 0x47, 0x19, 0x47, 0x21, 0x47, 0x19, 0x47, 0x19,
    0x47, 0x19, 0x47, 0x19, 0x47, 0x19, 0x47, 0x19, 0x47, 0x19, 0x47, 0x19, 0x47, 0x19, 0x47, 0x19,
    0x47, 0x19, 0x47, 0x19, 0x47, 0x19, 0x47, 0x19, 0x47, 0x19, 0x47, 0x19, 0x47, 0x19, 0x47, 0x19,
    0x47, 0x19, 0x47, 0x19, 0x47, 0x19, 0x47, 0x19, 0x47, 0x19, 0x47, 0x19, 0x47, 0x19, 0x47, 0x19,
    0x47, 0x19, 0x47, 0x19, 0x47, 0x19, 0x47, 0x19, 0x47, 0x19, 0x47, 0x19, 0x47, 0x19, 0x47, 0x19,
    0x47, 0x19, 0x47, 0x19, 0x47, 0x19, 0x47, 0x19, 0x47, 0x19, 0x47, 0x19, 0x47, 0x19, 0x47, 0x19,
    0x47, 0x19, 0x47, 0x19, 0x47, 0x19, 0x47, 0x19, 0x47, 0x19, 0x47, 0x19, 0x47, 0x19, 0x47, 0x19,
    0x47, 0x19, 0x47, 0x19, 0x47, 0x19, 0x47, 0x19, 0x47, 0x19, 0x47, 0x19, 0x47, 0x19, 0x47, 0x19,
    0x47, 0x19, 0x47, 0x19, 0x47, 0x19, 0x47, 0x19, 0x47, 0x19, 0x47, 0x19, 0x47, 0x19, 0x47, 0x19,
    0x47, 0x19, 0x47, 0x19, 0x47, 0x19, 0x47, 0x19, 0x47, 0x19, 0x47, 0x19, 0x47, 0x19, 0x47, 0x19,
    0x47, 0x19, 0x47, 0x19, 0x47, 0x19, 0x47, 0x19, 0x47, 0x19, 0x47, 0x19, 0x47, 0x19, 0x47, 0x19,
    0x47, 0x19, 0x47, 0x19, 0x47, 0x19, 0x47, 0x19, 0x47, 0x19, 0x47, 0x19, 0x47, 0x19, 0x47, 0x19,
    0x47, 0x19, 0x47, 0x19, 0x47, 0x19, 0x47, 0x19, 0x47, 0x19, 0x47, 0x19, 0x47, 0x19, 0x47, 0x19,
    0x47, 0x19, 0x47, 0x19, 0x47, 0x19, 0x47, 0x19, 0x47, 0x19, 0x47, 0x19, 0x47, 0x19, 0x47, 0x19,
    0x47, 0x19, 0x47, 0x19, 0x47, 0x19, 0x47, 0x19, 0x47, 0x19, 0x47, 0x19, 0x47, 0x19, 0x47, 0x19,
    0x47, 0x19, 0x47, 0x19, 0x47, 0x19, 0x47, 0x19, 0x47, 0x19, 0x47, 0x19, 0x47, 0x19, 0x47, 0x19,
    0x47, 0x19, 0x47, 0x19, 0x47, 0x19, 0x06, 0x11, 0xcd, 0x52, 0xf4, 0x9c, 0x9a, 0xce, 0x7d, 0xef,
    0xdf, 0xff, 0xff, 0xff, 0xff, 0xff, 0xff, 0xff, 0xff, 0xff, 0xff, 0xff, 0xff, 0xff, 0xff, 0xff,
    0xff, 0xff, 0xff, 0xff, 0xff, 0xff, 0xff, 0xff, 0xff, 0xff, 0xff, 0xff, 0xff, 0xff, 0xff, 0xff,
    0xff, 0xff, 0xff, 0xff, 0x5d, 0xef, 0xf8, 0xbd, 0xd0, 0x73, 0xa8, 0x29, 0xe5, 0x10, 0x47, 0x19,
    0x47, 0x21, 0x47, 0x19, 0x47, 0x19, 0x47, 0x19, 0x47, 0x21, 0x06, 0x11, 0x2a, 0x3a, 0x9e, 0xf7,
    0xdf, 0xff, 0xbe, 0xf7, 0xdf, 0xff, 0xdf, 0xff, 0xdf, 0xff, 0xdf, 0xff, 0xdf, 0xff, 0xdf, 0xff,
    0xbe, 0xf7, 0xdf, 0xff, 0x5d, 0xef, 0xe9, 0x31, 0x26, 0x19, 0x47, 0x19, 0x47, 0x19, 0x47, 0x19,
    0x47, 0x19, 0x47, 0x19, 0x47, 0x19, 0x47, 0x19, 0x67, 0x21, 0xe6, 0x10, 0xd0, 0x73, 0xbf, 0xf7,
    0xff, 0xff, 0xff, 0xff, 0xff, 0xff, 0xff, 0xff, 0xff, 0xff, 0x9e, 0xf7, 0x3c, 0xe7, 0x7a, 0xce,
    0x76, 0xad, 0x52, 0x84, 0x0d, 0x5b, 0xc9, 0x31, 0x06, 0x11, 0xe6, 0x10, 0x47, 0x19, 0x47, 0x19,
    0x47, 0x19, 0x47, 0x19, 0x47, 0x19, 0x47, 0x19, 0x47, 0x19, 0x47, 0x19, 0x47, 0x19, 0x47, 0x19,
    0x47, 0x19, 0x47, 0x19, 0x47, 0x19, 0x47, 0x19, 0x47, 0x19, 0x47, 0x19, 0x47, 0x19, 0x47, 0x19,
    0x47, 0x21, 0x47, 0x19, 0xe5, 0x10, 0x06, 0x11, 0xa8, 0x29, 0x0a, 0x32, 0x2a, 0x3a, 0x0a, 0x3a,
    0x88, 0x29, 0x06, 0x11, 0xe6, 0x10, 0x47, 0x19, 0x47, 0x21, 0x47, 0x19, 0x47, 0x19, 0x47, 0x19,
    0x47, 0x19, 0x47, 0x19, 0x47, 0x19, 0x47, 0x19, 0x47, 0x19, 0x47, 0x19, 0x47, 0x19, 0x47, 0x19,
    0x47, 0x21, 0x26, 0x19, 0x2a, 0x3a, 0x9a, 0xd6, 0xff, 0xff, 0xbe, 0xf7, 0xdf, 0xff, 0xdf, 0xff,
    0xdf, 0xff, 0xbe, 0xf7, 0xff, 0xff, 0x0e, 0x5b, 0xe6, 0x10, 0x67, 0x21, 0x47, 0x19, 0x47, 0x19,
    0x47, 0x19, 0x47, 0x19, 0x47, 0x21, 0xe6, 0x10, 0xc9, 0x29, 0xf4, 0x9c, 0x7d, 0xef, 0xff, 0xff,
    0xff, 0xff, 0xdf, 0xff, 0xdf, 0xff, 0xbe, 0xf7, 0xbe, 0xf7, 0xbe, 0xf7, 0xdf, 0xff, 0xff, 0xff,
    0xff, 0xff, 0xff, 0xff, 0xbb, 0xd6, 0x8f, 0x6b, 0x06, 0x19, 0x06, 0x11, 0x67, 0x21, 0x47, 0x19,
    0x47, 0x19, 0x47, 0x19, 0x47, 0x19, 0x47, 0x19, 0x47, 0x19, 0x47, 0x19, 0x47, 0x19, 0x47, 0x19,
    0x47, 0x19, 0x47, 0x19, 0x47, 0x19, 0x47, 0x19, 0x47, 0x19, 0x47, 0x19, 0x47, 0x19, 0x47, 0x19,
    0x47, 0x19, 0x47, 0x19, 0x47, 0x19, 0x47, 0x19, 0x47, 0x19, 0x47, 0x19, 0x47, 0x19, 0x47, 0x19,
    0x47, 0x19, 0x47, 0x19, 0x47, 0x19, 0x47, 0x19, 0x47, 0x19, 0x47, 0x19, 0x47, 0x19, 0x47, 0x19,
    0x47, 0x19, 0x47, 0x19, 0x47, 0x19, 0x47, 0x19, 0x47, 0x19, 0x47, 0x19, 0x47, 0x19, 0x47, 0x19,
    0x47, 0x19, 0x47, 0x19, 0x47, 0x19, 0x47, 0x19, 0x47, 0x19, 0x47, 0x19, 0x47, 0x19, 0x47, 0x19,
    0x47, 0x19, 0x47, 0x19, 0x47, 0x19, 0x47, 0x19, 0x47, 0x19, 0x47, 0x19, 0x47, 0x19, 0x47, 0x19,
    0x47, 0x19, 0x47, 0x19, 0x47, 0x19, 0x47, 0x19, 0x47, 0x19, 0x47, 0x19, 0x47, 0x19, 0x47, 0x19,
    0x47, 0x19, 0x47, 0x19, 0x47, 0x19, 0x47, 0x19, 0x47, 0x19, 0x47, 0x19, 0x47, 0x19, 0x47, 0x19,
    0x47, 0x19, 0x47, 0x19, 0x47, 0x19, 0x47, 0x19, 0x47, 0x19, 0x47, 0x19, 0x47, 0x19, 0x47, 0x19,
    0x47, 0x19, 0x47, 0x19, 0x47, 0x19, 0x47, 0x19, 0x47, 0x19, 0x47, 0x19, 0x47, 0x19, 0x47, 0x19,
    0x47, 0x19, 0x47, 0x19, 0x47, 0x19, 0x47, 0x19, 0x47, 0x19, 0x47, 0x19, 0x47, 0x19, 0x47, 0x19,
    0x47, 0x19, 0x47, 0x19, 0x47, 0x19, 0x47, 0x19, 0x47, 0x19, 0x47, 0x19, 0x47, 0x19, 0x47, 0x19,
    0x47, 0x19, 0x47, 0x19, 0x47, 0x19, 0x47, 0x19, 0x47, 0x19, 0x47, 0x19, 0x47, 0x19, 0x47, 0x19,
    0x47, 0x19, 0x47, 0x19, 0x47, 0x19, 0x47, 0x19, 0x47, 0x19, 0x47, 0x19, 0x47, 0x19, 0x47, 0x19,
    0x47, 0x19, 0x47, 0x19, 0x06, 0x11, 0xd4, 0x94, 0xff, 0xff, 0xff, 0xff, 0xff, 0xff, 0xff, 0xff,
    0xdf, 0xff, 0xbe, 0xf7, 0xbe, 0xf7, 0xbe, 0xf7, 0xbe, 0xf7, 0xbe, 0xf7, 0xbe, 0xf7, 0xbe, 0xf7,
    0xbe, 0xf7, 0xbe, 0xf7, 0xbe, 0xf7, 0xbe, 0xf7, 0xbe, 0xf7, 0xbe, 0xf7, 0xbe, 0xf7, 0xbe, 0xf7,
    0xbe, 0xf7, 0xdf, 0xff, 0xff, 0xff, 0xff, 0xff, 0xff, 0xff, 0x1c, 0xe7, 0x11, 0x7c, 0x27, 0x19,
    0x06, 0x19, 0x47, 0x21, 0x47, 0x19, 0x47, 0x19, 0x67, 0x21, 0xc5, 0x10, 0x31, 0x84, 0xff, 0xff,
    0xbe, 0xf7, 0xdf, 0xff, 0xdf, 0xff, 0xdf, 0xff, 0xdf, 0xff, 0xdf, 0xff, 0xdf, 0xff, 0xdf, 0xff,
    0xdf, 0xff, 0xbe, 0xf7, 0xff, 0xff, 0x2e, 0x5b, 0xe6, 0x10, 0x67, 0x21, 0x47, 0x19, 0x47, 0x19,
    0x47, 0x19, 0x47, 0x19, 0x47, 0x19, 0x47, 0x19, 0x47, 0x19, 0x67, 0x21, 0xdb, 0xde, 0xff, 0xff,
    0x9e, 0xf7, 0xbe, 0xf7, 0xbe, 0xf7, 0xbe, 0xf7, 0xdf, 0xff, 0xdf, 0xff, 0xff, 0xff, 0xff, 0xff,
    0xff, 0xff, 0xff, 0xff, 0xff, 0xff, 0x3d, 0xe7, 0xf8, 0xbd, 0x0d, 0x5b, 0x26, 0x19, 0x47, 0x19,
    0x47, 0x19, 0x47, 0x19, 0x47, 0x19, 0x47, 0x19, 0x47, 0x19, 0x47, 0x19, 0x47, 0x19, 0x47, 0x19,
    0x47, 0x19, 0x47, 0x19, 0x47, 0x19, 0x47, 0x19, 0x47, 0x19, 0x47, 0x19, 0x47, 0x19, 0x67, 0x21,
    0x06, 0x11, 0x47, 0x21, 0xb0, 0x73, 0xf8, 0xbd, 0x1c, 0xdf, 0x7d, 0xef, 0x9e, 0xf7, 0x7d, 0xef,
    0x1c, 0xdf, 0xb7, 0xb5, 0x0d, 0x5b, 0x06, 0x11, 0x06, 0x11, 0x67, 0x21, 0x47, 0x19, 0x47, 0x19,
    0x47, 0x19, 0x47, 0x19, 0x47, 0x19, 0x47, 0x19, 0x47, 0x19, 0x47, 0x19, 0x47, 0x19, 0x47, 0x19,
    0x47, 0x21, 0xe6, 0x10, 0x93, 0x8c, 0xff, 0xff, 0xdf, 0xff, 0xbe, 0xf7, 0xdf, 0xff, 0xdf, 0xff,
    0xbe, 0xf7, 0xff, 0xff, 0x96, 0xad, 0xe6, 0x10, 0x47, 0x21, 0x47, 0x19, 0x47, 0x19, 0x47, 0x19,
    0x47, 0x19, 0x47, 0x21, 0xe6, 0x10, 0x4e, 0x63, 0x3c, 0xe7, 0xff, 0xff, 0xdf, 0xff, 0xbe, 0xf7,
    0xbe, 0xf7, 0xbe, 0xf7, 0xdf, 0xff, 0xdf, 0xff, 0xdf, 0xff, 0xdf, 0xff, 0xdf, 0xff, 0xbe, 0xf7,
    0xbe, 0xf7, 0xbe, 0xf7, 0xff, 0xff, 0xff, 0xff, 0xd7, 0xb5, 0x0a, 0x3a, 0xe5, 0x10, 0x47, 0x21,
    0x47, 0x19, 0x47, 0x19, 0x47, 0x19, 0x47, 0x19, 0x47, 0x19, 0x47, 0x19, 0x47, 0x19, 0x47, 0x19,
    0x47, 0x19, 0x47, 0x19, 0x47, 0x19, 0x47, 0x19, 0x47, 0x19, 0x47, 0x19, 0x47, 0x19, 0x47, 0x19,
    0x47, 0x19, 0x47, 0x19, 0x47, 0x19, 0x47, 0x19, 0x47, 0x19, 0x47, 0x19, 0x47, 0x19, 0x47, 0x19,
    0x47, 0x19, 0x47, 0x19, 0x47, 0x19, 0x47, 0x19, 0x47, 0x19, 0x47, 0x19, 0x47, 0x19, 0x47, 0x19,
    0x47, 0x19, 0x47, 0x19, 0x47, 0x19, 0x47, 0x19, 0x47, 0x19, 0x47, 0x19, 0x47, 0x19, 0x47, 0x19,
    0x47, 0x19, 0x47, 0x19, 0x47, 0x19, 0x47, 0x19, 0x47, 0x19, 0x47, 0x19, 0x47, 0x19, 0x47, 0x19,
    0x47, 0x19, 0x47, 0x19, 0x47, 0x19, 0x47, 0x19, 0x47, 0x19, 0x47, 0x19, 0x47, 0x19, 0x47, 0x19,
    0x47, 0x19, 0x47, 0x19, 0x47, 0x19, 0x47, 0x19, 0x47, 0x19, 0x47, 0x19, 0x47, 0x19, 0x47, 0x19,
    0x47, 0x19, 0x47, 0x19, 0x47, 0x19, 0x47, 0x19, 0x47, 0x19, 0x47, 0x19, 0x47, 0x19, 0x47, 0x19,
    0x47, 0x19, 0x47, 0x19, 0x47, 0x19, 0x47, 0x19, 0x47, 0x19, 0x47, 0x19, 0x47, 0x19, 0x47, 0x19,
    0x47, 0x19, 0x47, 0x19, 0x47, 0x19, 0x47, 0x19, 0x47, 0x19, 0x47, 0x19, 0x47, 0x19, 0x47, 0x19,
    0x47, 0x19, 0x47, 0x19, 0x47, 0x19, 0x47, 0x19, 0x47, 0x19, 0x47, 0x19, 0x47, 0x19, 0x47, 0x19,
    0x47, 0x19, 0x47, 0x19, 0x47, 0x19, 0x47, 0x19, 0x47, 0x19, 0x47, 0x19, 0x47, 0x19, 0x47, 0x19,
    0x47, 0x19, 0x47, 0x19, 0x47, 0x19, 0x47, 0x19, 0x47, 0x19, 0x47, 0x19, 0x47, 0x19, 0x47, 0x19,
    0x47, 0x19, 0x47, 0x19, 0x47, 0x19, 0x47, 0x19, 0x47, 0x19, 0x47, 0x19, 0x47, 0x19, 0x47, 0x19,
    0x47, 0x21, 0xe6, 0x10, 0xcc, 0x4a, 0xff, 0xff, 0xdf, 0xff, 0xbe, 0xf7, 0xbe, 0xf7, 0xbe, 0xf7,
    0xbe, 0xf7, 0xdf, 0xff, 0xdf, 0xff, 0xdf, 0xff, 0xdf, 0xff, 0xdf, 0xff, 0xdf, 0xff, 0xdf, 0xff,
    0xdf, 0xff, 0xdf, 0xff, 0xdf, 0xff, 0xdf, 0xff, 0xdf, 0xff, 0xdf, 0xff, 0xdf, 0xff, 0xdf, 0xff,
    0xdf, 0xff, 0xbf, 0xf7, 0xbe, 0xf7, 0xbe, 0xf7, 0xbe, 0xf7, 0xff, 0xff, 0xff, 0xff, 0x18, 0xbe,
    0xa8, 0x29, 0x06, 0x11, 0x47, 0x21, 0x47, 0x19, 0x47, 0x19, 0x06, 0x11, 0xf8, 0xbd, 0xff, 0xff,
    0xbe, 0xf7, 0xdf, 0xff, 0xdf, 0xff, 0xdf, 0xff, 0xdf, 0xff, 0xdf, 0xff, 0xdf, 0xff, 0xdf, 0xff,
    0xdf, 0xff, 0xbe, 0xf7, 0xff, 0xff, 0xd0, 0x73, 0xe5, 0x10, 0x67, 0x21, 0x47, 0x19, 0x47, 0x19,
    0x47, 0x19, 0x47, 0x19, 0x47, 0x19, 0x47, 0x21, 0x06, 0x11, 0x8b, 0x42, 0xbe, 0xf7, 0xdf, 0xff,
    0xbe, 0xf7, 0xdf, 0xff, 0xdf, 0xff, 0xdf, 0xff, 0xbf, 0xf7, 0xbe, 0xf7, 0xbe, 0xf7, 0xbe, 0xf7,
    0xbe, 0xf7, 0xbe, 0xf7, 0xbe, 0xf7, 0xff, 0xff, 0xff, 0xff, 0xbe, 0xf7, 0x4b, 0x3a, 0x06, 0x11,
    0x47, 0x21, 0x47, 0x19, 0x47, 0x19, 0x47, 0x19, 0x47, 0x19, 0x47, 0x19, 0x47, 0x19, 0x47, 0x19,
    0x47, 0x19, 0x47, 0x19, 0x47, 0x19, 0x47, 0x19, 0x47, 0x19, 0x47, 0x19, 0x67, 0x21, 0xe6, 0x10,
    0x4b, 0x3a, 0x7a, 0xce, 0xff, 0xff, 0xff, 0xff, 0xff, 0xff, 0xdf, 0xff, 0xdf, 0xff, 0xdf, 0xff,
    0xff, 0xff, 0xff, 0xff, 0xff, 0xff, 0xb7, 0xb5, 0x0a, 0x3a, 0xe6, 0x10, 0x67, 0x21, 0x47, 0x19,
    0x47, 0x19, 0x47, 0x19, 0x47, 0x19, 0x47, 0x19, 0x47, 0x19, 0x47, 0x19, 0x47, 0x19, 0x47, 0x19,
    0x47, 0x19, 0x47, 0x19, 0x27, 0x19, 0xd0, 0x73, 0x7e, 0xef, 0xff, 0xff, 0xbe, 0xf7, 0xbe, 0xf7,
    0xff, 0xff, 0x5d, 0xef, 0xe9, 0x31, 0x06, 0x11, 0x47, 0x21, 0x47, 0x19, 0x47, 0x19, 0x47, 0x19,
    0x47, 0x21, 0xe6, 0x10, 0x52, 0x84, 0xff, 0xff, 0xff, 0xff, 0xbe, 0xf7, 0xbe, 0xf7, 0xdf, 0xff,
    0xdf, 0xff, 0xdf, 0xff, 0xdf, 0xff, 0xdf, 0xff, 0xdf, 0xff, 0xdf, 0xff, 0xdf, 0xff, 0xdf, 0xff,
    0xdf, 0xff, 0xdf, 0xff, 0xbe, 0xf7, 0xbe, 0xf7, 0xff, 0xff, 0x5d, 0xef, 0x4e, 0x63, 0xe5, 0x10,
    0x47, 0x19, 0x47, 0x19, 0x47, 0x19, 0x47, 0x19, 0x47, 0x19, 0x47, 0x19, 0x47, 0x19, 0x47, 0x19,
    0x47, 0x19, 0x47, 0x19, 0x47, 0x19, 0x47, 0x19, 0x47, 0x19, 0x47, 0x19, 0x47, 0x19, 0x47, 0x19,
    0x47, 0x19, 0x47, 0x19, 0x47, 0x19, 0x47, 0x19, 0x47, 0x19, 0x47, 0x19, 0x47, 0x19, 0x47, 0x19,
    0x47, 0x19, 0x47, 0x19, 0x47, 0x19, 0x47, 0x19, 0x47, 0x19, 0x47, 0x19, 0x47, 0x19, 0x47, 0x19,
    0x47, 0x19, 0x47, 0x19, 0x47, 0x19, 0x47, 0x19, 0x47, 0x19, 0x47, 0x19, 0x47, 0x19, 0x47, 0x19,
    0x47, 0x19, 0x47, 0x19, 0x47, 0x19, 0x47, 0x19, 0x47, 0x19, 0x47, 0x19, 0x47, 0x19, 0x47, 0x19,
    0x47, 0x19, 0x47, 0x19, 0x47, 0x19, 0x47, 0x19, 0x47, 0x19, 0x47, 0x19, 0x47, 0x19, 0x47, 0x19,
    0x47, 0x19, 0x47, 0x19, 0x47, 0x19, 0x47, 0x19, 0x47, 0x19, 0x47, 0x19, 0x47, 0x19, 0x47, 0x19,
    0x47, 0x19, 0x47, 0x19, 0x47, 0x19, 0x47, 0x19, 0x47, 0x19, 0x47, 0x19, 0x47, 0x19, 0x47, 0x19,
    0x47, 0x19, 0x47, 0x19, 0x47, 0x19, 0x47, 0x19, 0x47, 0x19, 0x47, 0x19, 0x47, 0x19, 0x47, 0x19,
    0x47, 0x19, 0x47, 0x19, 0x47, 0x19, 0x47, 0x19, 0x47, 0x19, 0x47, 0x19, 0x47, 0x19, 0x47, 0x19,
    0x47, 0x19, 0x47, 0x19, 0x47, 0x19, 0x47, 0x19, 0x47, 0x19, 0x47, 0x19, 0x47, 0x19, 0x47, 0x19,
    0x47, 0x19, 0x47, 0x19, 0x47, 0x19, 0x47, 0x19, 0x47, 0x19, 0x47, 0x19, 0x47, 0x19, 0x47, 0x19,
    0x47, 0x19, 0x47, 0x19, 0x47, 0x19, 0x47, 0x19, 0x47, 0x19, 0x47, 0x19, 0x47, 0x19, 0x47, 0x19,
    0x47, 0x19, 0x47, 0x19, 0x47, 0x19, 0x47, 0x19, 0x47, 0x19, 0x47, 0x19, 0x47, 0x19, 0x47, 0x19,
    0x67, 0x21, 0xc5, 0x08, 0xb3, 0x8c, 0xff, 0xff, 0xbe, 0xf7, 0xdf, 0xff, 0xdf, 0xff, 0xdf, 0xff,
    0xdf, 0xff, 0xdf, 0xff, 0xdf, 0xff, 0xdf, 0xff, 0xdf, 0xff, 0xdf, 0xff, 0xdf, 0xff, 0xdf, 0xff,
    0xdf, 0xff, 0xdf, 0xff, 0xdf, 0xff, 0xdf, 0xff, 0xdf, 0xff, 0xdf, 0xff, 0xdf, 0xff, 0xdf, 0xff,
    0xdf, 0xff, 0xdf, 0xff, 0xdf, 0xff, 0xdf, 0xff, 0xdf, 0xff, 0xbe, 0xf7, 0xbe, 0xf7, 0xff, 0xff,
    0x9a, 0xce, 0x88, 0x29, 0x26, 0x19, 0x67, 0x21, 0x27, 0x19, 0x88, 0x21, 0xfc, 0xde, 0xff, 0xff,
    0xbe, 0xf7, 0xdf, 0xff, 0xdf, 0xff, 0xdf, 0xff, 0xdf, 0xff, 0xdf, 0xff, 0xdf, 0xff, 0xdf, 0xff,
    0xdf, 0xff, 0xbe, 0xf7, 0xff, 0xff, 0x11, 0x7c, 0xc5, 0x08, 0x67, 0x21, 0x47, 0x19, 0x47, 0x19,
    0x47, 0x19, 0x47, 0x19, 0x47, 0x19, 0x67, 0x21, 0xe5, 0x10, 0x8f, 0x6b, 0xff, 0xff, 0xbe, 0xf7,
    0xdf, 0xff, 0xdf, 0xff, 0xdf, 0xff, 0xdf, 0xff, 0xdf, 0xff, 0xdf, 0xff, 0xdf, 0xff, 0xdf, 0xff,
    0xdf, 0xff, 0xdf, 0xff, 0xdf, 0xff, 0xbe, 0xf7, 0xbe, 0xf7, 0xdf, 0xff, 0x8c, 0x4a, 0x06, 0x11,
    0x47, 0x21, 0x47, 0x19, 0x47, 0x19, 0x47, 0x19, 0x47, 0x19, 0x47, 0x19, 0x47, 0x19, 0x47, 0x19,
    0x47, 0x19, 0x47, 0x19, 0x47, 0x19, 0x47, 0x19, 0x47, 0x19, 0x67, 0x21, 0xe5, 0x10, 0xed, 0x52,
    0x5d, 0xef, 0xff, 0xff, 0xbe, 0xf7, 0xbe, 0xf7, 0xbe, 0xf7, 0xbe, 0xf7, 0xbe, 0xf7, 0xbe, 0xf7,
    0xbe, 0xf7, 0xbe, 0xf7, 0xbe, 0xf7, 0xff, 0xff, 0x5d, 0xef, 0x2e, 0x5b, 0xe5, 0x10, 0x67, 0x21,
    0x47, 0x19, 0x47, 0x19, 0x47, 0x19, 0x47, 0x19, 0x47, 0x19, 0x47, 0x19, 0x47, 0x19, 0x47, 0x19,
    0x47, 0x19, 0x47, 0x19, 0x47, 0x19, 0xc5, 0x10, 0x2a, 0x3a, 0xd8, 0xb5, 0xff, 0xff, 0xff, 0xff,
    0xff, 0xff, 0xb0, 0x6b, 0xe5, 0x10, 0x67, 0x21, 0x47, 0x19, 0x47, 0x19, 0x47, 0x19, 0x67, 0x21,
    0xe5, 0x10, 0x11, 0x7c, 0xff, 0xff, 0xde, 0xff, 0xbe, 0xf7, 0xdf, 0xff, 0xdf, 0xff, 0xdf, 0xff,
    0xdf, 0xff, 0xdf, 0xff, 0xdf, 0xff, 0xdf, 0xff, 0xdf, 0xff, 0xdf, 0xff, 0xdf, 0xff, 0xdf, 0xff,
    0xdf, 0xff, 0xdf, 0xff, 0xdf, 0xff, 0xdf, 0xff, 0xbe, 0xf7, 0xff, 0xff, 0xff, 0xff, 0x52, 0x84,
    0xe6, 0x10, 0x47, 0x19, 0x47, 0x19, 0x47, 0x19, 0x47, 0x19, 0x47, 0x19, 0x47, 0x19, 0x47, 0x19,
    0x47, 0x19, 0x47, 0x19, 0x47, 0x19, 0x47, 0x19, 0x47, 0x19, 0x47, 0x19, 0x47, 0x19, 0x47, 0x19,
    0x47, 0x19, 0x47, 0x19, 0x47, 0x19, 0x47, 0x19, 0x47, 0x19, 0x47, 0x19, 0x47, 0x19, 0x47, 0x19,
    0x47, 0x19, 0x47, 0x19, 0x47, 0x19, 0x47, 0x19, 0x47, 0x19, 0x47, 0x19, 0x47, 0x19, 0x47, 0x19,
    0x47, 0x19, 0x47, 0x19, 0x47, 0x19, 0x47, 0x19, 0x47, 0x19, 0x47, 0x19, 0x47, 0x19, 0x47, 0x19,
    0x47, 0x19, 0x47, 0x19, 0x47, 0x19, 0x47, 0x19, 0x47, 0x19, 0x47, 0x19, 0x47, 0x19, 0x47, 0x19,
    0x47, 0x19, 0x47, 0x19, 0x47, 0x19, 0x47, 0x19, 0x47, 0x19, 0x47, 0x19, 0x47, 0x19, 0x47, 0x19,
    0x47, 0x19, 0x47, 0x19, 0x47, 0x19, 0x47, 0x19, 0x47, 0x19, 0x47, 0x19, 0x47, 0x19, 0x47, 0x19,
    0x47, 0x19, 0x47, 0x19, 0x47, 0x19, 0x47, 0x19, 0x47, 0x19, 0x47, 0x19, 0x47, 0x19, 0x47, 0x19,
    0x47, 0x19, 0x47, 0x19, 0x47, 0x19, 0x47, 0x19, 0x47, 0x19, 0x47, 0x19, 0x47, 0x19, 0x47, 0x19,
    0x47, 0x19, 0x47, 0x19, 0x47, 0x19, 0x47, 0x19, 0x47, 0x19, 0x47, 0x19, 0x47, 0x19, 0x47, 0x19,
    0x47, 0x19, 0x47, 0x19, 0x47, 0x19, 0x47, 0x19, 0x47, 0x19, 0x47, 0x19, 0x47, 0x19, 0x47, 0x19,
    0x47, 0x19, 0x47, 0x19, 0x47, 0x19, 0x47, 0x19, 0x47, 0x19, 0x47, 0x19, 0x47, 0x19, 0x47, 0x19,
    0x47, 0x19, 0x47, 0x19, 0x47, 0x19, 0x47, 0x19, 0x47, 0x19, 0x47, 0x19, 0x47, 0x19, 0x47, 0x19,
    0x47, 0x19, 0x47, 0x19, 0x47, 0x19, 0x47, 0x19, 0x47, 0x19, 0x47, 0x19, 0x47, 0x19, 0x47, 0x19,
    0x47, 0x19, 0x06, 0x11, 0xd8, 0xb5, 0xff, 0xff, 0xbe, 0xf7, 0xdf, 0xff, 0xdf, 0xff, 0xdf, 0xff,
    0xdf, 0xff, 0xdf, 0xff, 0xdf, 0xff, 0xdf, 0xff, 0xdf, 0xff, 0xdf, 0xff, 0xdf, 0xff, 0xdf, 0xff,
    0xdf, 0xff, 0xdf, 0xff, 0xdf, 0xff, 0xdf, 0xff, 0xdf, 0xff, 0xdf, 0xff, 0xdf, 0xff, 0xdf, 0xff,
    0xdf, 0xff, 0xdf, 0xff, 0xdf, 0xff, 0xdf, 0xff, 0xdf, 0xff, 0xdf, 0xff, 0xdf, 0xff, 0xbe, 0xf7,
    0xff, 0xff, 0x97, 0xb5, 0x06, 0x11, 0x67, 0x21, 0x06, 0x19, 0x2a, 0x3a, 0x7e, 0xef, 0xdf, 0xff,
    0xbe, 0xf7, 0xdf, 0xff, 0xdf, 0xff, 0xdf, 0xff, 0xdf, 0xff, 0xdf, 0xff, 0xdf, 0xff, 0xdf, 0xff,
    0xdf, 0xff, 0xbe, 0xf7, 0xff, 0xff, 0xd0, 0x73, 0xc5, 0x10, 0x67, 0x21, 0x47, 0x19, 0x47, 0x19,
    0x47, 0x19, 0x47, 0x19, 0x47, 0x19, 0x67, 0x21, 0xc5, 0x10, 0x93, 0x8c, 0xff, 0xff, 0xbe, 0xf7,
    0xdf, 0xff, 0xdf, 0xff, 0xdf, 0xff, 0xdf, 0xff, 0xdf, 0xff, 0xdf, 0xff, 0xdf, 0xff, 0xdf, 0xff,
    0xdf, 0xff, 0xdf, 0xff, 0xdf, 0xff, 0xbe, 0xf7, 0xff, 0xff, 0xbb, 0xd6, 0x67, 0x21, 0x27, 0x19,
    0x47, 0x19, 0x47, 0x19, 0x47, 0x19, 0x47, 0x19, 0x47, 0x19, 0x47, 0x19, 0x47, 0x19, 0x47, 0x19,
    0x47, 0x19, 0x47, 0x19, 0x47, 0x19, 0x47, 0x19, 0x67, 0x21, 0xe5, 0x10, 0x2e, 0x5b, 0x9e, 0xf7,
    0xff, 0xff, 0xbe, 0xf7, 0xdf, 0xff, 0xdf, 0xff, 0xdf, 0xff, 0xdf, 0xff, 0xdf, 0xff, 0xdf, 0xff,
    0xdf, 0xff, 0xdf, 0xff, 0xdf, 0xff, 0xbe, 0xf7, 0xff, 0xff, 0xdf, 0xff, 0x8f, 0x6b, 0xc5, 0x08,
    0x67, 0x21, 0x47, 0x19, 0x47, 0x19, 0x47, 0x19, 0x47, 0x19, 0x47, 0x19, 0x47, 0x19, 0x47, 0x19,
    0x47, 0x19, 0x47, 0x19, 0x47, 0x19, 0x67, 0x21, 0x06, 0x11, 0x06, 0x11, 0x6f, 0x63, 0xfb, 0xde,
    0x97, 0xad, 0xe6, 0x10, 0x47, 0x19, 0x47, 0x19, 0x47, 0x19, 0x47, 0x19, 0x47, 0x21, 0xe6, 0x10,
    0xcc, 0x52, 0xdf, 0xff, 0xdf, 0xff, 0xbe, 0xf7, 0xdf, 0xff, 0xdf, 0xff, 0xdf, 0xff, 0xdf, 0xff,
    0xdf, 0xff, 0xdf, 0xff, 0xdf, 0xff, 0xdf, 0xff, 0xdf, 0xff, 0xdf, 0xff, 0xdf, 0xff, 0xdf, 0xff,
    0xdf, 0xff, 0xdf, 0xff, 0xdf, 0xff, 0xdf, 0xff, 0xdf, 0xff, 0xbe, 0xf7, 0xdf, 0xf7, 0xff, 0xff,
    0xf4, 0x9c, 0x06, 0x11, 0x47, 0x19, 0x47, 0x21, 0x47, 0x19, 0x47, 0x19, 0x47, 0x19, 0x47, 0x19,
    0x47, 0x19, 0x47, 0x19, 0x47, 0x19, 0x47, 0x19, 0x47, 0x19, 0x47, 0x19, 0x47, 0x19, 0x47, 0x19,
    0x47, 0x19, 0x47, 0x19, 0x47, 0x19, 0x47, 0x19, 0x47, 0x19, 0x47, 0x19, 0x47, 0x19, 0x47, 0x19,
    0x47, 0x19, 0x47, 0x19, 0x47, 0x19, 0x47, 0x19, 0x47, 0x19, 0x47, 0x19, 0x47, 0x19, 0x47, 0x19,
    0x47, 0x19, 0x47, 0x19, 0x47, 0x19, 0x47, 0x19, 0x47, 0x19, 0x47, 0x19, 0x47, 0x19, 0x47, 0x19,
    0x47, 0x19, 0x47, 0x19, 0x47, 0x19, 0x47, 0x19, 0x47, 0x19, 0x47, 0x19, 0x47, 0x19, 0x47, 0x19,
    0x47, 0x19, 0x47, 0x19, 0x47, 0x19, 0x47, 0x19, 0x47, 0x19, 0x47, 0x19, 0x47, 0x19, 0x47, 0x19,
    0x47, 0x19, 0x47, 0x19, 0x47, 0x19, 0x47, 0x19, 0x47, 0x19, 0x47, 0x19, 0x47, 0x19, 0x47, 0x19,
    0x47, 0x19, 0x47, 0x19, 0x47, 0x19, 0x47, 0x19, 0x47, 0x19, 0x47, 0x19, 0x47, 0x19, 0x47, 0x19,
    0x47, 0x19, 0x47, 0x19, 0x47, 0x19, 0x47, 0x19, 0x47, 0x19, 0x47, 0x19, 0x47, 0x19, 0x47, 0x19,
    0x47, 0x19, 0x47, 0x19, 0x47, 0x19, 0x47, 0x19, 0x47, 0x19, 0x47, 0x19, 0x47, 0x19, 0x47, 0x19,
    0x47, 0x19, 0x47, 0x19, 0x47, 0x19, 0x47, 0x19, 0x47, 0x19, 0x47, 0x19, 0x47, 0x19, 0x47, 0x19,
    0x47, 0x19, 0x47, 0x19, 0x47, 0x19, 0x47, 0x19, 0x47, 0x19, 0x47, 0x19, 0x47, 0x19, 0x47, 0x19,
    0x47, 0x19, 0x47, 0x19, 0x47, 0x19, 0x47, 0x19, 0x47, 0x19, 0x47, 0x19, 0x47, 0x19, 0x47, 0x19,
    0x47, 0x19, 0x47, 0x19, 0x47, 0x19, 0x47, 0x19, 0x47, 0x19, 0x47, 0x19, 0x47, 0x19, 0x47, 0x19,
    0x47, 0x19, 0x47, 0x21, 0x9a, 0xd6, 0xff, 0xff, 0xbe, 0xf7, 0xdf, 0xff, 0xdf, 0xff, 0xdf, 0xff,
    0xdf, 0xff, 0xdf, 0xff, 0xdf, 0xff, 0xdf, 0xff, 0xdf, 0xff, 0xdf, 0xff, 0xdf, 0xff, 0xdf, 0xff,
    0xdf, 0xff, 0xdf, 0xff, 0xdf, 0xff, 0xdf, 0xff, 0xdf, 0xff, 0xdf, 0xff, 0xdf, 0xff, 0xdf, 0xff,
    0xdf, 0xff, 0xdf, 0xff, 0xdf, 0xff, 0xdf, 0xff, 0xdf, 0xff, 0xdf, 0xff, 0xdf, 0xff, 0xdf, 0xff,
    0xbe, 0xf7, 0xff, 0xff, 0x2e, 0x5b, 0x06, 0x11, 0x06, 0x11, 0x8c, 0x4a, 0xdf, 0xff, 0xdf, 0xff,
    0xbe, 0xf7, 0xdf, 0xff, 0xdf, 0xff, 0xdf, 0xff, 0xdf, 0xff, 0xdf, 0xff, 0xdf, 0xff, 0xdf, 0xff,
    0xdf, 0xff, 0xbe, 0xf7, 0xff, 0xff, 0x4e, 0x63, 0xe6, 0x10, 0x67, 0x21, 0x47, 0x19, 0x47, 0x19,
    0x47, 0x19, 0x47, 0x19, 0x47, 0x19, 0x47, 0x21, 0xe6, 0x10, 0x56, 0xa5, 0xff, 0xff, 0xbe, 0xf7,
    0xdf, 0xff, 0xdf, 0xff, 0xdf, 0xff, 0xdf, 0xff, 0xdf, 0xff, 0xdf, 0xff, 0xdf, 0xff, 0xdf, 0xff,
    0xdf, 0xff, 0xdf, 0xff, 0xdf, 0xff, 0xbe, 0xf7, 0xff, 0xff, 0x73, 0x8c, 0xc5, 0x08, 0x67, 0x21,
    0x47, 0x19, 0x47, 0x19, 0x47, 0x19, 0x47, 0x19, 0x47, 0x19, 0x47, 0x19, 0x47, 0x19, 0x47, 0x19,
    0x47, 0x19, 0x47, 0x19, 0x47, 0x19, 0x67, 0x21, 0xe6, 0x10, 0xac, 0x4a, 0x9e, 0xf7, 0xff, 0xff,
    0xbe, 0xf7, 0xdf, 0xff, 0xdf, 0xff, 0xdf, 0xff, 0xdf, 0xff, 0xdf, 0xff, 0xdf, 0xff, 0xdf, 0xff,
    0xdf, 0xff, 0xdf, 0xff, 0xdf, 0xff, 0xdf, 0xff, 0xbe, 0xf7, 0xdf, 0xff, 0xff, 0xff, 0xb0, 0x6b,
    0xe5, 0x10, 0x67, 0x21, 0x47, 0x19, 0x47, 0x19, 0x47, 0x19, 0x47, 0x19, 0x47, 0x19, 0x47, 0x19,
    0x47, 0x19, 0x47, 0x19, 0x47, 0x19, 0x47, 0x19, 0x47, 0x21, 0x47, 0x19, 0xc5, 0x08, 0xa8, 0x29,
    0x88, 0x29, 0x27, 0x19, 0x47, 0x19, 0x47, 0x19, 0x47, 0x19, 0x47, 0x19, 0x47, 0x19, 0x47, 0x19,
    0x9a, 0xd6, 0xff, 0xff, 0xbe, 0xf7, 0xdf, 0xff, 0xdf, 0xff, 0xdf, 0xff, 0xdf, 0xff, 0xdf, 0xff,
    0xdf, 0xff, 0xdf, 0xff, 0xdf, 0xff, 0xdf, 0xff, 0xdf, 0xff, 0xdf, 0xff, 0xdf, 0xff, 0xdf, 0xff,
    0xdf, 0xff, 0xdf, 0xff, 0xdf, 0xff, 0xdf, 0xff, 0xdf, 0xff, 0xdf, 0xff, 0xbe, 0xf7, 0xbe, 0xf7,
    0xff, 0xff, 0x35, 0xa5, 0x06, 0x11, 0x47, 0x19, 0x47, 0x21, 0x47, 0x19, 0x47, 0x19, 0x47, 0x19,
    0x47, 0x19, 0x47, 0x19, 0x47, 0x19, 0x47, 0x19, 0x47, 0x19, 0x47, 0x19, 0x47, 0x19, 0x47, 0x19,
    0x47, 0x19, 0x47, 0x19, 0x47, 0x19, 0x47, 0x19, 0x47, 0x19, 0x47, 0x19, 0x47, 0x19, 0x47, 0x19,
    0x47, 0x19, 0x47, 0x19, 0x47, 0x19, 0x47, 0x19, 0x47, 0x19, 0x47, 0x19, 0x47, 0x19, 0x47, 0x19,
    0x47, 0x19, 0x47, 0x19, 0x47, 0x19, 0x47, 0x19, 0x47, 0x19, 0x47, 0x19, 0x47, 0x19, 0x47, 0x19,
    0x47, 0x19, 0x47, 0x19, 0x47, 0x19, 0x47, 0x19, 0x47, 0x19, 0x47, 0x19, 0x47, 0x19, 0x47, 0x19,
    0x47, 0x19, 0x47, 0x19, 0x47, 0x19, 0x47, 0x19, 0x47, 0x19, 0x47, 0x19, 0x47, 0x19, 0x47, 0x19,
    0x47, 0x19, 0x47, 0x19, 0x47, 0x19, 0x47, 0x19, 0x47, 0x19, 0x47, 0x19, 0x47, 0x19, 0x47, 0x19,
    0x47, 0x19, 0x47, 0x19, 0x47, 0x19, 0x47, 0x19, 0x47, 0x19, 0x47, 0x19, 0x47, 0x19, 0x47, 0x19,
    0x47, 0x19, 0x47, 0x19, 0x47, 0x19, 0x47, 0x19, 0x47, 0x19, 0x47, 0x19, 0x47, 0x19, 0x47, 0x19,
    0x47, 0x19, 0x47, 0x19, 0x47, 0x19, 0x47, 0x19, 0x47, 0x19, 0x47, 0x19, 0x47, 0x19, 0x47, 0x19,
    0x47, 0x19, 0x47, 0x19, 0x47, 0x19, 0x47, 0x19, 0x47, 0x19, 0x47, 0x19, 0x47, 0x19, 0x47, 0x19,
    0x47, 0x19, 0x47, 0x19, 0x47, 0x19, 0x47, 0x19, 0x47, 0x19, 0x47, 0x19, 0x47, 0x19, 0x47, 0x19,
    0x47, 0x19, 0x47, 0x19, 0x47, 0x19, 0x47, 0x19, 0x47, 0x19, 0x47, 0x19, 0x47, 0x19, 0x47, 0x19,
    0x47, 0x19, 0x47, 0x19, 0x47, 0x19, 0x47, 0x19, 0x47, 0x19, 0x47, 0x19, 0x47, 0x19, 0x47, 0x19,
    0x27, 0x19, 0x88, 0x29, 0x1c, 0xdf, 0xff, 0xff, 0xbe, 0xf7, 0xdf, 0xff, 0xdf, 0xff, 0xdf, 0xff,
    0xdf, 0xff, 0xdf, 0xff, 0xdf, 0xff, 0xdf, 0xff, 0xdf, 0xff, 0xdf, 0xff, 0xdf, 0xff, 0xdf, 0xff,
    0xdf, 0xff, 0xdf, 0xff, 0xdf, 0xff, 0xdf, 0xff, 0xdf, 0xff, 0xdf, 0xff, 0xdf, 0xff, 0xdf, 0xff,
    0xdf, 0xff, 0xdf, 0xff, 0xdf, 0xff, 0xdf, 0xff, 0xdf, 0xff, 0xdf, 0xff, 0xdf, 0xff, 0xdf, 0xff,
    0xbe, 0xf7, 0xff, 0xff, 0x18, 0xbe, 0x26, 0x19, 0xe6, 0x10, 0xed, 0x52, 0xff, 0xff, 0xdf, 0xff,
    0xdf, 0xff, 0xdf, 0xff, 0xdf, 0xff, 0xdf, 0xff, 0xdf, 0xff, 0xdf, 0xff, 0xdf, 0xff, 0xdf, 0xff,
    0xbf, 0xf7, 0xdf, 0xff, 0xbe, 0xf7, 0x8b, 0x42, 0x06, 0x11, 0x47, 0x21, 0x47, 0x19, 0x47, 0x19,
    0x47, 0x19, 0x47, 0x19, 0x47, 0x19, 0x47, 0x19, 0x06, 0x11, 0xf8, 0xbd, 0xff, 0xff, 0xbe, 0xf7,
    0xdf, 0xff, 0xdf, 0xff, 0xdf, 0xff, 0xdf, 0xff, 0xdf, 0xff, 0xdf, 0xff, 0xdf, 0xff, 0xdf, 0xff,
    0xdf, 0xff, 0xdf, 0xff, 0xbe, 0xf7, 0xdf, 0xff, 0x9e, 0xf7, 0x2a, 0x3a, 0x06, 0x11, 0x47, 0x21,
    0x47, 0x19, 0x47, 0x19, 0x47, 0x19, 0x47, 0x19, 0x47, 0x19, 0x47, 0x19, 0x47, 0x19, 0x47, 0x19,
    0x47, 0x19, 0x47, 0x19, 0x47, 0x21, 0x06, 0x19, 0xe9, 0x31, 0x3c, 0xe7, 0xff, 0xff, 0xbe, 0xf7,
    0xdf, 0xff, 0xdf, 0xff, 0xdf, 0xff, 0xdf, 0xff, 0xdf, 0xff, 0xdf, 0xff, 0xdf, 0xff, 0xdf, 0xff,
    0xdf, 0xff, 0xdf, 0xff, 0xdf, 0xff, 0xdf, 0xff, 0xdf, 0xff, 0xbe, 0xf7, 0xdf, 0xff, 0xff, 0xff,
    0x4e, 0x63, 0xe5, 0x10, 0x67, 0x21, 0x47, 0x19, 0x47, 0x19, 0x47, 0x19, 0x47, 0x19, 0x47, 0x19,
    0x47, 0x19, 0x47, 0x19, 0x47, 0x19, 0x47, 0x19, 0x47, 0x19, 0x47, 0x19, 0x67, 0x21, 0x27, 0x19,
    0x27, 0x19, 0x47, 0x19, 0x47, 0x19, 0x47, 0x19, 0x47, 0x19, 0x67, 0x21, 0xe5, 0x10, 0xb0, 0x6b,
    0xff, 0xff, 0xbe, 0xf7, 0xdf, 0xff, 0xdf, 0xff, 0xdf, 0xff, 0xdf, 0xff, 0xdf, 0xff, 0xdf, 0xff,
    0xdf, 0xff, 0xdf, 0xff, 0xdf, 0xff, 0xdf, 0xff, 0xdf, 0xff, 0xdf, 0xff, 0xdf, 0xff, 0xdf, 0xff,
    0xdf, 0xff, 0xdf, 0xff, 0xdf, 0xff, 0xdf, 0xff, 0xdf, 0xff, 0xdf, 0xff, 0xdf, 0xff, 0xbe, 0xf7,
    0xbe, 0xf7, 0xff, 0xff, 0x15, 0x9d, 0x06, 0x11, 0x47, 0x19, 0x47, 0x19, 0x47, 0x19, 0x47, 0x19,
    0x47, 0x19, 0x47, 0x19, 0x47, 0x19, 0x47, 0x19, 0x47, 0x19, 0x47, 0x19, 0x47, 0x19, 0x47, 0x19,
    0x47, 0x19, 0x47, 0x19, 0x47, 0x19, 0x47, 0x19, 0x47, 0x19, 0x47, 0x19, 0x47, 0x19, 0x47, 0x19,
    0x47, 0x19, 0x47, 0x19, 0x47, 0x19, 0x47, 0x19, 0x47, 0x19, 0x47, 0x19, 0x47, 0x19, 0x47, 0x19,
    0x47, 0x19, 0x47, 0x19, 0x47, 0x19, 0x47, 0x19, 0x47, 0x19, 0x47, 0x19, 0x47, 0x19, 0x47, 0x19,
    0x47, 0x19, 0x47, 0x19, 0x47, 0x19, 0x47, 0x19, 0x47, 0x19, 0x47, 0x19, 0x47, 0x19, 0x47, 0x19,
    0x47, 0x19, 0x47, 0x19, 0x47, 0x19, 0x47, 0x19, 0x47, 0x19, 0x47, 0x19, 0x47, 0x19, 0x47, 0x19,
    0x47, 0x19, 0x47, 0x19, 0x47, 0x19, 0x47, 0x19, 0x47, 0x19, 0x47, 0x19, 0x47, 0x19, 0x47, 0x19,
    0x47, 0x19, 0x47, 0x19, 0x47, 0x19, 0x47, 0x19, 0x47, 0x19, 0x47, 0x19, 0x47, 0x19, 0x47, 0x19,
    0x47, 0x19, 0x47, 0x19, 0x47, 0x19, 0x47, 0x19, 0x47, 0x19, 0x47, 0x19, 0x47, 0x19, 0x47, 0x19,
    0x47, 0x19, 0x47, 0x19, 0x47, 0x19, 0x47, 0x19, 0x47, 0x19, 0x47, 0x19, 0x47, 0x19, 0x47, 0x19,
    0x47, 0x19, 0x47, 0x19, 0x47, 0x19, 0x47, 0x19, 0x47, 0x19, 0x47, 0x19, 0x47, 0x19, 0x47, 0x19,
    0x47, 0x19, 0x47, 0x19, 0x47, 0x19, 0x47, 0x19, 0x47, 0x19, 0x47, 0x19, 0x47, 0x19, 0x47, 0x19,
    0x47, 0x19, 0x47, 0x19, 0x47, 0x19, 0x47, 0x19, 0x47, 0x19, 0x47, 0x19, 0x47, 0x19, 0x47, 0x19,
    0x47, 0x19, 0x47, 0x19, 0x47, 0x19, 0x47, 0x19, 0x47, 0x19, 0x47, 0x19, 0x47, 0x19, 0x47, 0x19,
    0x26, 0x19, 0xc9, 0x31, 0x5d, 0xef, 0xff, 0xff, 0xbe, 0xf7, 0xdf, 0xff, 0xdf, 0xff, 0xdf, 0xff,
    0xdf, 0xff, 0xdf, 0xff, 0xdf, 0xff, 0xdf, 0xff, 0xdf, 0xff, 0xdf, 0xff, 0xdf, 0xff, 0xdf, 0xff,
    0xdf, 0xff, 0xdf, 0xff, 0xdf, 0xff, 0xdf, 0xff, 0xdf, 0xff, 0xdf, 0xff, 0xdf, 0xff, 0xdf, 0xff,
    0xdf, 0xff, 0xdf, 0xff, 0xdf, 0xff, 0xdf, 0xff, 0xdf, 0xff, 0xdf, 0xff, 0xdf, 0xff, 0xdf, 0xff,
    0xbe, 0xf7, 0xdf, 0xff, 0x9e, 0xf7, 0x4b, 0x42, 0xa5, 0x08, 0xed, 0x52, 0xff, 0xff, 0xdf, 0xff,
    0xdf, 0xff, 0xdf, 0xff, 0xdf, 0xff, 0xdf, 0xff, 0xdf, 0xff, 0xdf, 0xff, 0xdf, 0xff, 0xdf, 0xff,
    0xbe, 0xf7, 0xff, 0xff, 0x1c, 0xdf, 0xa8, 0x29, 0x27, 0x19, 0x47, 0x19, 0x47, 0x19, 0x47, 0x19,
    0x47, 0x19, 0x47, 0x19, 0x47, 0x19, 0x47, 0x19, 0x27, 0x19, 0x5a, 0xce, 0xff, 0xff, 0xbe, 0xf7,
    0xdf, 0xff, 0xdf, 0xff, 0xdf, 0xff, 0xdf, 0xff, 0xdf, 0xff, 0xdf, 0xff, 0xdf, 0xff, 0xdf, 0xff,
    0xdf, 0xff, 0xdf, 0xff, 0xbe, 0xf7, 0xff, 0xff, 0xd7, 0xb5, 0x06, 0x11, 0x47, 0x21, 0x47, 0x19,
    0x47, 0x19, 0x47, 0x19, 0x47, 0x19, 0x47, 0x19, 0x47, 0x19, 0x47, 0x19, 0x47, 0x19, 0x47, 0x19,
    0x47, 0x19, 0x47, 0x19, 0x47, 0x19, 0x26, 0x19, 0xf8, 0xbd, 0xff, 0xff, 0xbe, 0xf7, 0xdf, 0xff,
    0xdf, 0xff, 0xdf, 0xff, 0xdf, 0xff, 0xdf, 0xff, 0xdf, 0xff, 0xdf, 0xff, 0xdf, 0xff, 0xdf, 0xff,
    0xdf, 0xff, 0xdf, 0xff, 0xdf, 0xff, 0xdf, 0xff, 0xdf, 0xff, 0xdf, 0xff, 0xbe, 0xf7, 0xdf, 0xff,
    0x7e, 0xef, 0x4b, 0x42, 0x06, 0x11, 0x47, 0x21, 0x47, 0x19, 0x47, 0x19, 0x47, 0x19, 0x47, 0x19,
    0x47, 0x19, 0x47, 0x19, 0x47, 0x19, 0x47, 0x19, 0x47, 0x19, 0x47, 0x19, 0x47, 0x19, 0x47, 0x19,
    0x47, 0x19, 0x47, 0x19, 0x47, 0x19, 0x47, 0x19, 0x47, 0x19, 0x47, 0x19, 0x27, 0x19, 0x39, 0xc6,
    0xff, 0xff, 0xbe, 0xf7, 0xdf, 0xff, 0xdf, 0xff, 0xdf, 0xff, 0xdf, 0xff, 0xdf, 0xff, 0xdf, 0xff,
    0xdf, 0xff, 0xdf, 0xff, 0xdf, 0xff, 0xdf, 0xff, 0xdf, 0xff, 0xdf, 0xff, 0xdf, 0xff, 0xdf, 0xff,
    0xdf, 0xff, 0xdf, 0xff, 0xdf, 0xff, 0xdf, 0xff, 0xdf, 0xff, 0xdf, 0xff, 0xdf, 0xff, 0xdf, 0xff,
    0xbe, 0xf7, 0xbe, 0xf7, 0xff, 0xff, 0x93, 0x8c, 0xe5, 0x10, 0x47, 0x21, 0x47, 0x19, 0x47, 0x19,
    0x47, 0x19, 0x47, 0x19, 0x47, 0x19, 0x47, 0x19, 0x47, 0x19, 0x47, 0x19, 0x47, 0x19, 0x47, 0x19,
    0x47, 0x19, 0x47, 0x19, 0x47, 0x19, 0x47, 0x19, 0x47, 0x19, 0x47, 0x19, 0x47, 0x19, 0x47, 0x19,
    0x47, 0x19, 0x47, 0x19, 0x47, 0x19, 0x47, 0x19, 0x47, 0x19, 0x47, 0x19, 0x47, 0x19, 0x47, 0x19,
    0x47, 0x19, 0x47, 0x19, 0x47, 0x19, 0x47, 0x19, 0x47, 0x19, 0x47, 0x19, 0x47, 0x19, 0x47, 0x19,
    0x47, 0x19, 0x47, 0x19, 0x47, 0x19, 0x47, 0x19, 0x47, 0x19, 0x47, 0x19, 0x47, 0x19, 0x47, 0x19,
    0x47, 0x19, 0x47, 0x19, 0x47, 0x19, 0x47, 0x19, 0x47, 0x19, 0x47, 0x19, 0x47, 0x19, 0x47, 0x19,
    0x47, 0x19, 0x47, 0x19, 0x47, 0x19, 0x47, 0x19, 0x47, 0x19, 0x47, 0x19, 0x47, 0x19, 0x47, 0x19,
    0x47, 0x19, 0x47, 0x19, 0x47, 0x19, 0x47, 0x19, 0x47, 0x19, 0x47, 0x19, 0x47, 0x19, 0x47, 0x19,
    0x47, 0x19, 0x47, 0x19, 0x47, 0x19, 0x47, 0x19, 0x47, 0x19, 0x47, 0x19, 0x47, 0x19, 0x47, 0x19,
    0x47, 0x19, 0x47, 0x19, 0x47, 0x19, 0x47, 0x19, 0x47, 0x19, 0x47, 0x19, 0x47, 0x19, 0x47, 0x19,
    0x47, 0x19, 0x47, 0x19, 0x47, 0x19, 0x47, 0x19, 0x47, 0x19, 0x47, 0x19, 0x47, 0x19, 0x47, 0x19,
    0x47, 0x19, 0x47, 0x19, 0x47, 0x19, 0x47, 0x19, 0x47, 0x19, 0x47, 0x19, 0x47, 0x19, 0x47, 0x19,
    0x47, 0x19, 0x47, 0x19, 0x47, 0x19, 0x47, 0x19, 0x47, 0x19, 0x47, 0x19, 0x47, 0x19, 0x47, 0x19,
    0x47, 0x19, 0x47, 0x19, 0x47, 0x19, 0x47, 0x19, 0x47, 0x19, 0x47, 0x19, 0x47, 0x19, 0x47, 0x19,
    0x06, 0x19, 0x0a, 0x32, 0x7d, 0xef, 0xdf, 0xff, 0xbe, 0xf7, 0xdf, 0xff, 0xdf, 0xff, 0xdf, 0xff,
    0xdf, 0xff, 0xdf, 0xff, 0xdf, 0xff, 0xdf, 0xff, 0xdf, 0xff, 0xdf, 0xff, 0xdf, 0xff, 0xdf, 0xff,
    0xdf, 0xff, 0xdf, 0xff, 0xdf, 0xff, 0xdf, 0xff, 0xdf, 0xff, 0xdf, 0xff, 0xdf, 0xff, 0xdf, 0xff,
    0xdf, 0xff, 0xdf, 0xff, 0xdf, 0xff, 0xdf, 0xff, 0xdf, 0xff, 0xdf, 0xff, 0xdf, 0xff, 0xdf, 0xff,
    0xdf, 0xff, 0xbe, 0xf7, 0xff, 0xff, 0xb0, 0x6b, 0xa5, 0x08, 0x8b, 0x4a, 0xbe, 0xf7, 0xdf, 0xff,
    0xbe, 0xf7, 0xdf, 0xff, 0xdf, 0xff, 0xdf, 0xff, 0xdf, 0xff, 0xdf, 0xff, 0xdf, 0xff, 0xdf, 0xff,
    0xbe, 0xf7, 0xff, 0xff, 0xb7, 0xb5, 0x06, 0x11, 0x47, 0x21, 0x47, 0x19, 0x47, 0x19, 0x47, 0x19,
    0x47, 0x19, 0x47, 0x19, 0x47, 0x19, 0x27, 0x19, 0x67, 0x21, 0xdb, 0xd6, 0xff, 0xff, 0xbe, 0xf7,
    0xdf, 0xff, 0xdf, 0xff, 0xdf, 0xff, 0xdf, 0xff, 0xdf, 0xff, 0xdf, 0xff, 0xdf, 0xff, 0xdf, 0xff,
    0xdf, 0xff, 0xdf, 0xff, 0xbe, 0xf7, 0xff, 0xff, 0x8f, 0x6b, 0xe5, 0x10, 0x67, 0x21, 0x47, 0x19,
    0x47, 0x19, 0x47, 0x19, 0x47, 0x19, 0x47, 0x19, 0x47, 0x19, 0x47, 0x19, 0x47, 0x19, 0x47, 0x19,
    0x47, 0x19, 0x67, 0x21, 0xc5, 0x10, 0xd0, 0x73, 0xff, 0xff, 0xbe, 0xf7, 0xdf, 0xff, 0xdf, 0xff,
    0xdf, 0xff, 0xdf, 0xff, 0xdf, 0xff, 0xdf, 0xff, 0xdf, 0xff, 0xdf, 0xff, 0xdf, 0xff, 0xdf, 0xff,
    0xdf, 0xff, 0xdf, 0xff, 0xdf, 0xff, 0xdf, 0xff, 0xdf, 0xff, 0xdf, 0xff, 0xdf, 0xff, 0xbe, 0xf7,
    0xff, 0xff, 0x59, 0xc6, 0x27, 0x19, 0x47, 0x19, 0x47, 0x19, 0x47, 0x19, 0x47, 0x19, 0x47, 0x19,
    0x47, 0x19, 0x47, 0x19, 0x47, 0x19, 0x47, 0x19, 0x47, 0x19, 0x47, 0x19, 0x47, 0x19, 0x47, 0x19,
    0x47, 0x19, 0x47, 0x19, 0x47, 0x19, 0x47, 0x19, 0x47, 0x21, 0x06, 0x11, 0x6b, 0x42, 0xbe, 0xf7,
    0xdf, 0xff, 0xdf, 0xff, 0xdf, 0xff, 0xdf, 0xff, 0xdf, 0xff, 0xdf, 0xff, 0xdf, 0xff, 0xdf, 0xff,
    0xdf, 0xff, 0xdf, 0xff, 0xdf, 0xff, 0xdf, 0xff, 0xdf, 0xff, 0xdf, 0xff, 0xdf, 0xff, 0xdf, 0xff,
    0xdf, 0xff, 0xdf, 0xff, 0xdf, 0xff, 0xdf, 0xff, 0xdf, 0xff, 0xdf, 0xff, 0xdf, 0xff, 0xdf, 0xff,
    0xdf, 0xff, 0xbe, 0xf7, 0xbe, 0xf7, 0xff, 0xff, 0xd0, 0x73, 0xc5, 0x08, 0x67, 0x21, 0x47, 0x19,
    0x47, 0x19, 0x47, 0x19, 0x47, 0x19, 0x47, 0x19, 0x47, 0x19, 0x47, 0x19, 0x47, 0x19, 0x47, 0x19,
    0x47, 0x19, 0x47, 0x19, 0x47, 0x19, 0x47, 0x19, 0x47, 0x19, 0x47, 0x19, 0x47, 0x19, 0x47, 0x19,
    0x47, 0x19, 0x47, 0x19, 0x47, 0x19, 0x47, 0x19, 0x47, 0x19, 0x47, 0x19, 0x47, 0x19, 0x47, 0x19,
    0x47, 0x19, 0x47, 0x19, 0x47, 0x19, 0x47, 0x19, 0x47, 0x19, 0x47, 0x19, 0x47, 0x19, 0x47, 0x19,
    0x47, 0x19, 0x47, 0x19, 0x47, 0x19, 0x47, 0x19, 0x47, 0x19, 0x47, 0x19, 0x47, 0x19, 0x47, 0x19,
    0x47, 0x19, 0x47, 0x19, 0x47, 0x19, 0x47, 0x19, 0x47, 0x19, 0x47, 0x19, 0x47, 0x19, 0x47, 0x19,
    0x47, 0x19, 0x47, 0x19, 0x47, 0x19, 0x47, 0x19, 0x47, 0x19, 0x47, 0x19, 0x47, 0x19, 0x47, 0x19,
    0x47, 0x19, 0x47, 0x19, 0x47, 0x19, 0x47, 0x19, 0x47, 0x19, 0x47, 0x19, 0x47, 0x19, 0x47, 0x19,
    0x47, 0x19, 0x47, 0x19, 0x47, 0x19, 0x47, 0x19, 0x47, 0x19, 0x47, 0x19, 0x47, 0x19, 0x47, 0x19,
    0x47, 0x19, 0x47, 0x19, 0x47, 0x19, 0x47, 0x19, 0x47, 0x19, 0x47, 0x19, 0x47, 0x19, 0x47, 0x19,
    0x47, 0x19, 0x47, 0x19, 0x47, 0x19, 0x47, 0x19, 0x47, 0x19, 0x47, 0x19, 0x47, 0x19, 0x47, 0x19,
    0x47, 0x19, 0x47, 0x19, 0x47, 0x19, 0x47, 0x19, 0x47, 0x19, 0x47, 0x19, 0x47, 0x19, 0x47, 0x19,
    0x47, 0x19, 0x47, 0x19, 0x47, 0x19, 0x47, 0x19, 0x47, 0x19, 0x47, 0x19, 0x47, 0x19, 0x47, 0x19,
    0x47, 0x19, 0x47, 0x19, 0x47, 0x19, 0x47, 0x19, 0x47, 0x19, 0x47, 0x19, 0x47, 0x19, 0x47, 0x21,
    0x06, 0x11, 0x2a, 0x3a, 0x9e, 0xf7, 0xdf, 0xff, 0xbe, 0xf7, 0xdf, 0xff, 0xdf, 0xff, 0xdf, 0xff,
    0xdf, 0xff, 0xdf, 0xff, 0xdf, 0xff, 0xdf, 0xff, 0xdf, 0xff, 0xdf, 0xff, 0xdf, 0xff, 0xdf, 0xff,
    0xdf, 0xff, 0xdf, 0xff, 0xdf, 0xff, 0xdf, 0xff, 0xdf, 0xff, 0xdf, 0xff, 0xdf, 0xff, 0xdf, 0xff,
    0xdf, 0xff, 0xdf, 0xff, 0xdf, 0xff, 0xdf, 0xff, 0xdf, 0xff, 0xdf, 0xff, 0xdf, 0xff, 0xdf, 0xff,
    0xdf, 0xff, 0xbe, 0xf7, 0xff, 0xff, 0x93, 0x8c, 0xc5, 0x08, 0xc9, 0x29, 0x1c, 0xe7, 0xff, 0xff,
    0xbe, 0xf7, 0xdf, 0xff, 0xdf, 0xff, 0xdf, 0xff, 0xdf, 0xff, 0xdf, 0xff, 0xdf, 0xff, 0xdf, 0xff,
    0xbe, 0xf7, 0xff, 0xff, 0xb0, 0x6b, 0xe5, 0x10, 0x67, 0x21, 0x47, 0x19, 0x47, 0x19, 0x47, 0x19,
    0x47, 0x19, 0x47, 0x19, 0x47, 0x19, 0x26, 0x19, 0xc9, 0x29, 0x3c, 0xe7, 0xff, 0xff, 0xbe, 0xf7,
    0xdf, 0xff, 0xdf, 0xff, 0xdf, 0xff, 0xdf, 0xff, 0xdf, 0xff, 0xdf, 0xff, 0xdf, 0xff, 0xdf, 0xff,
    0xdf, 0xff, 0xbe, 0xf7, 0xff, 0xff, 0x5d, 0xe7, 0xe9, 0x31, 0x26, 0x19, 0x47, 0x19, 0x47, 0x19,
    0x47, 0x19, 0x47, 0x19, 0x47, 0x19, 0x47, 0x19, 0x47, 0x19, 0x47, 0x19, 0x47, 0x19, 0x47, 0x19,
    0x47, 0x19, 0x26, 0x19, 0xc9, 0x29, 0x3c, 0xe7, 0xdf, 0xff, 0xbe, 0xf7, 0xdf, 0xff, 0xdf, 0xff,
    0xdf, 0xff, 0xdf, 0xff, 0xdf, 0xff, 0xdf, 0xff, 0xdf, 0xff, 0xdf, 0xff, 0xdf, 0xff, 0xdf, 0xff,
    0xdf, 0xff, 0xdf, 0xff, 0xdf, 0xff, 0xdf, 0xff, 0xdf, 0xff, 0xdf, 0xff, 0xdf, 0xff, 0xdf, 0xff,
    0xbe, 0xf7, 0xff, 0xff, 0x11, 0x7c, 0xc5, 0x08, 0x67, 0x21, 0x47, 0x19, 0x47, 0x19, 0x47, 0x19,
    0x47, 0x19, 0x47, 0x19, 0x47, 0x19, 0x47, 0x19, 0x47, 0x19, 0x47, 0x19, 0x47, 0x19, 0x47, 0x19,
    0x47, 0x19, 0x47, 0x19, 0x47, 0x19, 0x47, 0x19, 0x67, 0x21, 0xc5, 0x10, 0xd0, 0x73, 0xff, 0xff,
    0xbe, 0xf7, 0xdf, 0xff, 0xdf, 0xff, 0xdf, 0xff, 0xdf, 0xff, 0xdf, 0xff, 0xdf, 0xff, 0xdf, 0xff,
    0xdf, 0xff, 0xdf, 0xff, 0xdf, 0xff, 0xdf, 0xff, 0xdf, 0xff, 0xdf, 0xff, 0xdf, 0xff, 0xdf, 0xff,
    0xdf, 0xff, 0xdf, 0xff, 0xdf, 0xff, 0xdf, 0xff, 0xdf, 0xff, 0xdf, 0xff, 0xdf, 0xff, 0xdf, 0xff,
    0xdf, 0xff, 0xdf, 0xff, 0xbe, 0xf7, 0xdf, 0xff, 0xdf, 0xf7, 0xed, 0x52, 0xe6, 0x10, 0x67, 0x21,
    0x47, 0x19, 0x47, 0x19, 0x47, 0x19, 0x47, 0x19, 0x47, 0x19, 0x47, 0x19, 0x47, 0x19, 0x47, 0x19,
    0x47, 0x19, 0x47, 0x19, 0x47, 0x19, 0x47, 0x19, 0x47, 0x19, 0x47, 0x19, 0x47, 0x19, 0x47, 0x19,
    0x47, 0x19, 0x47, 0x19, 0x47, 0x19, 0x47, 0x19, 0x47, 0x19, 0x47, 0x19, 0x47, 0x19, 0x47, 0x19,
    0x47, 0x19, 0x47, 0x19, 0x47, 0x19, 0x47, 0x19, 0x47, 0x19, 0x47, 0x19, 0x47, 0x19, 0x47, 0x19,
    0x47, 0x19, 0x47, 0x19, 0x47, 0x19, 0x47, 0x19, 0x47, 0x19, 0x47, 0x19, 0x47, 0x19, 0x47, 0x19,
    0x47, 0x19, 0x47, 0x19, 0x47, 0x19, 0x47, 0x19, 0x47, 0x19, 0x47, 0x19, 0x47, 0x19, 0x47, 0x19,
    0x47, 0x19, 0x47, 0x19, 0x47, 0x19, 0x47, 0x19, 0x47, 0x19, 0x47, 0x19, 0x47, 0x19, 0x47, 0x19,
    0x47, 0x19, 0x47, 0x19, 0x47, 0x19, 0x47, 0x19, 0x47, 0x19, 0x47, 0x19, 0x47, 0x19, 0x47, 0x19,
    0x47, 0x19, 0x47, 0x19, 0x47, 0x19, 0x47, 0x19, 0x47, 0x19, 0x47, 0x19, 0x47, 0x19, 0x47, 0x19,
    0x47, 0x19, 0x47, 0x19, 0x47, 0x19, 0x47, 0x19, 0x47, 0x19, 0x47, 0x19, 0x47, 0x19, 0x47, 0x19,
    0x47, 0x19, 0x47, 0x19, 0x47, 0x19, 0x47, 0x19, 0x47, 0x19, 0x47, 0x19, 0x47, 0x19, 0x47, 0x19,
    0x47, 0x19, 0x47, 0x19, 0x47, 0x19, 0x47, 0x19, 0x47, 0x19, 0x47, 0x19, 0x47, 0x19, 0x47, 0x19,
    0x47, 0x19, 0x47, 0x19, 0x47, 0x19, 0x47, 0x19, 0x47, 0x19, 0x47, 0x19, 0x47, 0x19, 0x47, 0x19,
    0x47, 0x19, 0x47, 0x19, 0x47, 0x19, 0x47, 0x19, 0x47, 0x19, 0x47, 0x19, 0x47, 0x19, 0x47, 0x21,
    0x06, 0x11, 0x2a, 0x3a, 0x9e, 0xf7, 0xdf, 0xff, 0xbe, 0xf7, 0xdf, 0xff, 0xdf, 0xff, 0xdf, 0xff,
    0xdf, 0xff, 0xdf, 0xff, 0xdf, 0xff, 0xdf, 0xff, 0xdf, 0xff, 0xdf, 0xff, 0xdf, 0xff, 0xdf, 0xff,
    0xdf, 0xff, 0xdf, 0xff, 0xdf, 0xff, 0xdf, 0xff, 0xdf, 0xff, 0xdf, 0xff, 0xdf, 0xff, 0xdf, 0xff,
    0xdf, 0xff, 0xdf, 0xff, 0xdf, 0xff, 0xdf, 0xff, 0xdf, 0xff, 0xdf, 0xff, 0xdf, 0xff, 0xdf, 0xff,
    0xdf, 0xff, 0xbe, 0xf7, 0xff, 0xff, 0xf4, 0x9c, 0xe6, 0x10, 0x06, 0x11, 0xb7, 0xb5, 0xff, 0xff,
    0xbe, 0xf7, 0xdf, 0xff, 0xdf, 0xff, 0xdf, 0xff, 0xdf, 0xff, 0xdf, 0xff, 0xdf, 0xff, 0xbe, 0xf7,
    0xff, 0xff, 0x1c, 0xdf, 0x88, 0x21, 0x27, 0x19, 0x47, 0x19, 0x47, 0x19, 0x47, 0x19, 0x47, 0x19,
    0x47, 0x19, 0x47, 0x19, 0x47, 0x19, 0x06, 0x19, 0x0a, 0x32, 0x7d, 0xef, 0xdf, 0xff, 0xbe, 0xf7,
    0xdf, 0xff, 0xdf, 0xff, 0xdf, 0xff, 0xdf, 0xff, 0xdf, 0xff, 0xdf, 0xff, 0xdf, 0xff, 0xdf, 0xff,
    0xdf, 0xff, 0xbe, 0xf7, 0xff, 0xff, 0xb7, 0xb5, 0x06, 0x11, 0x47, 0x21, 0x47, 0x19, 0x47, 0x19,
    0x47, 0x19, 0x47, 0x19, 0x47, 0x19, 0x47, 0x19, 0x47, 0x19, 0x47, 0x19, 0x47, 0x19, 0x47, 0x19,
    0x67, 0x21, 0xc5, 0x10, 0x93, 0x8c, 0xff, 0xff, 0xbe, 0xf7, 0xdf, 0xff, 0xdf, 0xff, 0xdf, 0xff,
    0xdf, 0xff, 0xdf, 0xff, 0xdf, 0xff, 0xdf, 0xff, 0xdf, 0xff, 0xdf, 0xff, 0xdf, 0xff, 0xdf, 0xff,
    0xdf, 0xff, 0xdf, 0xff, 0xdf, 0xff, 0xdf, 0xff, 0xdf, 0xff, 0xdf, 0xff, 0xdf, 0xff, 0xdf, 0xff,
    0xbe, 0xf7, 0xdf, 0xff, 0x3d, 0xe7, 0xc9, 0x31, 0x26, 0x19, 0x47, 0x19, 0x47, 0x19, 0x47, 0x19,
    0x47, 0x19, 0x47, 0x19, 0x47, 0x19, 0x47, 0x19, 0x47, 0x19, 0x47, 0x19, 0x47, 0x19, 0x47, 0x19,
    0x47, 0x19, 0x47, 0x19, 0x47, 0x19, 0x47, 0x19, 0x67, 0x21, 0xc5, 0x08, 0xd4, 0x94, 0xff, 0xff,
    0xbe, 0xf7, 0xdf, 0xff, 0xdf, 0xff, 0xdf, 0xff, 0xdf, 0xff, 0xdf, 0xff, 0xdf, 0xff, 0xdf, 0xff,
    0xdf, 0xff, 0xdf, 0xff, 0xdf, 0xff, 0xdf, 0xff, 0xdf, 0xff, 0xdf, 0xff, 0xdf, 0xff, 0xdf, 0xff,
    0xdf, 0xff, 0xdf, 0xff, 0xdf, 0xff, 0xdf, 0xff, 0xdf, 0xff, 0xdf, 0xff, 0xdf, 0xff, 0xdf, 0xff,
    0xdf, 0xff, 0xdf, 0xff, 0xdf, 0xff, 0xbe, 0xf7, 0xff, 0xff, 0x3d, 0xe7, 0x0a, 0x32, 0x06, 0x11,
    0x67, 0x21, 0x47, 0x19, 0x47, 0x19, 0x47, 0x19, 0x47, 0x19, 0x47, 0x19, 0x47, 0x19, 0x47, 0x19,
    0x47, 0x19, 0x47, 0x19, 0x47, 0x19, 0x47, 0x19, 0x47, 0x19, 0x47, 0x19, 0x47, 0x19, 0x47, 0x19,
    0x47, 0x19, 0x47, 0x19, 0x47, 0x19, 0x47, 0x19, 0x47, 0x19, 0x47, 0x19, 0x47, 0x19, 0x47, 0x19,
    0x47, 0x19, 0x47, 0x19, 0x47, 0x19, 0x47, 0x19, 0x47, 0x19, 0x47, 0x19, 0x47, 0x19, 0x47, 0x19,
    0x47, 0x19, 0x47, 0x19, 0x47, 0x19, 0x47, 0x19, 0x47, 0x19, 0x47, 0x19, 0x47, 0x19, 0x47, 0x19,
    0x47, 0x19, 0x47, 0x19, 0x47, 0x19, 0x47, 0x19, 0x47, 0x19, 0x47, 0x19, 0x47, 0x19, 0x47, 0x19,
    0x47, 0x19, 0x47, 0x19, 0x47, 0x19, 0x47, 0x19, 0x47, 0x19, 0x47, 0x19, 0x47, 0x19, 0x47, 0x19,
    0x47, 0x19, 0x47, 0x19, 0x47, 0x19, 0x47, 0x19, 0x47, 0x19, 0x47, 0x19, 0x47, 0x19, 0x47, 0x19,
    0x47, 0x19, 0x47, 0x19, 0x47, 0x19, 0x47, 0x19, 0x47, 0x19, 0x47, 0x19, 0x47, 0x19, 0x47, 0x19,
    0x47, 0x19, 0x47, 0x19, 0x47, 0x19, 0x47, 0x19, 0x47, 0x19, 0x47, 0x19, 0x47, 0x19, 0x47, 0x19,
    0x47, 0x19, 0x47, 0x19, 0x47, 0x19, 0x47, 0x19, 0x47, 0x19, 0x47, 0x19, 0x47, 0x19, 0x47, 0x19,
    0x47, 0x19, 0x47, 0x19, 0x47, 0x19, 0x47, 0x19, 0x47, 0x19, 0x47, 0x19, 0x47, 0x19, 0x47, 0x19,
    0x47, 0x19, 0x47, 0x19, 0x47, 0x19, 0x47, 0x19, 0x47, 0x19, 0x47, 0x19, 0x47, 0x19, 0x47, 0x19,
    0x47, 0x19, 0x47, 0x19, 0x47, 0x19, 0x47, 0x19, 0x47, 0x19, 0x47, 0x19, 0x47, 0x19, 0x47, 0x21,
    0x06, 0x11, 0x2a, 0x3a, 0x9e, 0xf7, 0xdf, 0xff, 0xbe, 0xf7, 0xdf, 0xff, 0xdf, 0xff, 0xdf, 0xff,
    0xdf, 0xff, 0xdf, 0xff, 0xdf, 0xff, 0xdf, 0xff, 0xdf, 0xff, 0xdf, 0xff, 0xdf, 0xff, 0xdf, 0xff,
    0xdf, 0xff, 0xdf, 0xff, 0xdf, 0xff, 0xdf, 0xff, 0xdf, 0xff, 0xdf, 0xff, 0xdf, 0xff, 0xdf, 0xff,
    0xdf, 0xff, 0xdf, 0xff, 0xdf, 0xff, 0xdf, 0xff, 0xdf, 0xff, 0xdf, 0xff, 0xdf, 0xff, 0xdf, 0xff,
    0xdf, 0xff, 0xbe, 0xf7, 0xff, 0xff, 0xd4, 0x94, 0xe6, 0x10, 0x06, 0x11, 0x2e, 0x5b, 0xff, 0xff,
    0xbe, 0xf7, 0xbe, 0xf7, 0xdf, 0xff, 0xdf, 0xff, 0xdf, 0xff, 0xdf, 0xff, 0xbe, 0xf7, 0xbe, 0xf7,
    0xff, 0xff, 0xb0, 0x73, 0xe5, 0x10, 0x67, 0x21, 0x47, 0x19, 0x47, 0x19, 0x47, 0x19, 0x47, 0x19,
    0x47, 0x19, 0x47, 0x19, 0x47, 0x21, 0x06, 0x11, 0x4b, 0x3a, 0xbe, 0xf7, 0xdf, 0xff, 0xbe, 0xf7,
    0xdf, 0xff, 0xdf, 0xff, 0xdf, 0xff, 0xdf, 0xff, 0xdf, 0xff, 0xdf, 0xff, 0xdf, 0xff, 0xdf, 0xff,
    0xdf, 0xff, 0xbe, 0xf7, 0xff, 0xff, 0xd0, 0x73, 0xc5, 0x10, 0x67, 0x21, 0x47, 0x19, 0x47, 0x19,
    0x47, 0x19, 0x47, 0x19, 0x47, 0x19, 0x47, 0x19, 0x47, 0x19, 0x47, 0x19, 0x47, 0x19, 0x47, 0x19,
    0x27, 0x19, 0xa8, 0x29, 0x1c, 0xe7, 0xff, 0xff, 0xbe, 0xf7, 0xdf, 0xff, 0xdf, 0xff, 0xdf, 0xff,
    0xdf, 0xff, 0xdf, 0xff, 0xdf, 0xff, 0xdf, 0xff, 0xdf, 0xff, 0xdf, 0xff, 0xdf, 0xff, 0xdf, 0xff,
    0xdf, 0xff, 0xdf, 0xff, 0xdf, 0xff, 0xdf, 0xff, 0xdf, 0xff, 0xdf, 0xff, 0xdf, 0xff, 0xdf, 0xff,
    0xdf, 0xff, 0xbe, 0xf7, 0xff, 0xff, 0x93, 0x8c, 0xc5, 0x10, 0x67, 0x21, 0x47, 0x19, 0x47, 0x19,
    0x47, 0x19, 0x47, 0x19, 0x47, 0x19, 0x47, 0x19, 0x47, 0x19, 0x47, 0x19, 0x47, 0x19, 0x47, 0x19,
    0x47, 0x19, 0x47, 0x19, 0x47, 0x19, 0x47, 0x19, 0x47, 0x21, 0xe6, 0x10, 0x76, 0xad, 0xff, 0xff,
    0xbe, 0xf7, 0xdf, 0xff, 0xdf, 0xff, 0xdf, 0xff, 0xdf, 0xff, 0xdf, 0xff, 0xdf, 0xff, 0xdf, 0xff,
    0xdf, 0xff, 0xdf, 0xff, 0xdf, 0xff, 0xdf, 0xff, 0xdf, 0xff, 0xdf, 0xff, 0xdf, 0xff, 0xdf, 0xff,
    0xdf, 0xff, 0xdf, 0xff, 0xdf, 0xff, 0xdf, 0xff, 0xdf, 0xff, 0xdf, 0xff, 0xdf, 0xff, 0xdf, 0xff,
    0xdf, 0xff, 0xdf, 0xff, 0xdf, 0xff, 0xdf, 0xff, 0xbe, 0xf7, 0xff, 0xff, 0x39, 0xc6, 0x27, 0x19,
    0x47, 0x19, 0x47, 0x19, 0x47, 0x19, 0x47, 0x19, 0x47, 0x19, 0x47, 0x19, 0x47, 0x19, 0x47, 0x19,
    0x47, 0x19, 0x47, 0x19, 0x47, 0x19, 0x47, 0x19, 0x47, 0x19, 0x47, 0x19, 0x47, 0x19, 0x47, 0x19,
    0x47, 0x19, 0x47, 0x19, 0x47, 0x19, 0x47, 0x19, 0x47, 0x19, 0x47, 0x19, 0x47, 0x19, 0x47, 0x19,
    0x47, 0x19, 0x47, 0x19, 0x47, 0x19, 0x47, 0x19, 0x47, 0x19, 0x47, 0x19, 0x47, 0x19, 0x47, 0x19,
    0x47, 0x19, 0x47, 0x19, 0x47, 0x19, 0x47, 0x19, 0x47, 0x19, 0x47, 0x19, 0x47, 0x19, 0x47, 0x19,
    0x47, 0x19, 0x47, 0x19, 0x47, 0x19, 0x47, 0x19, 0x47, 0x19, 0x47, 0x19, 0x47, 0x19, 0x47, 0x19,
    0x47, 0x19, 0x47, 0x19, 0x47, 0x19, 0x47, 0x19, 0x47, 0x19, 0x47, 0x19, 0x47, 0x19, 0x47, 0x19,
    0x47, 0x19, 0x47, 0x19, 0x47, 0x19, 0x47, 0x19, 0x47, 0x19, 0x47, 0x19, 0x47, 0x19, 0x47, 0x19,
    0x47, 0x19, 0x47, 0x19, 0x47, 0x19, 0x47, 0x19, 0x47, 0x19, 0x47, 0x19, 0x47, 0x19, 0x47, 0x19,
    0x47, 0x19, 0x47, 0x19, 0x47, 0x19, 0x47, 0x19, 0x47, 0x19, 0x47, 0x19, 0x47, 0x19, 0x47, 0x19,
    0x47, 0x19, 0x47, 0x19, 0x47, 0x19, 0x47, 0x19, 0x47, 0x19, 0x47, 0x19, 0x47, 0x19, 0x47, 0x19,
    0x47, 0x19, 0x47, 0x19, 0x47, 0x19, 0x47, 0x19, 0x47, 0x19, 0x47, 0x19, 0x47, 0x19, 0x47, 0x19,
    0x47, 0x19, 0x47, 0x19, 0x47, 0x19, 0x47, 0x19, 0x47, 0x19, 0x47, 0x19, 0x47, 0x19, 0x47, 0x19,
    0x47, 0x19, 0x47, 0x19, 0x47, 0x19, 0x47, 0x19, 0x47, 0x19, 0x47, 0x19, 0x47, 0x19, 0x47, 0x21,
    0x06, 0x11, 0x2a, 0x3a, 0x9e, 0xef, 0xdf, 0xff, 0xbe, 0xf7, 0xdf, 0xff, 0xdf, 0xff, 0xdf, 0xff,
    0xdf, 0xff, 0xdf, 0xff, 0xdf, 0xff, 0xdf, 0xff, 0xdf, 0xff, 0xdf, 0xff, 0xdf, 0xff, 0xdf, 0xff,
    0xdf, 0xff, 0xdf, 0xff, 0xdf, 0xff, 0xdf, 0xff, 0xdf, 0xff, 0xdf, 0xff, 0xdf, 0xff, 0xdf, 0xff,
    0xdf, 0xff, 0xdf, 0xff, 0xdf, 0xff, 0xdf, 0xff, 0xdf, 0xff, 0xdf, 0xff, 0xdf, 0xff, 0xdf, 0xff,
    0xdf, 0xff, 0xbe, 0xf7, 0xff, 0xff, 0x31, 0x7c, 0xc5, 0x10, 0x67, 0x21, 0x06, 0x11, 0x76, 0xad,
    0xff, 0xff, 0xbe, 0xf7, 0xbe, 0xf7, 0xbe, 0xf7, 0xbe, 0xf7, 0xbe, 0xf7, 0xdf, 0xff, 0xff, 0xff,
    0x15, 0x9d, 0x06, 0x11, 0x47, 0x19, 0x47, 0x19, 0x47, 0x19, 0x47, 0x19, 0x47, 0x19, 0x47, 0x19,
    0x47, 0x19, 0x47, 0x19, 0x47, 0x21, 0x06, 0x11, 0x8c, 0x4a, 0xdf, 0xff, 0xdf, 0xff, 0xdf, 0xf7,
    0xdf, 0xff, 0xdf, 0xff, 0xdf, 0xff, 0xdf, 0xff, 0xdf, 0xff, 0xdf, 0xff, 0xdf, 0xff, 0xdf, 0xff,
    0xbe, 0xf7, 0xdf, 0xff, 0x9e, 0xf7, 0x2a, 0x3a, 0x06, 0x11, 0x47, 0x21, 0x47, 0x19, 0x47, 0x19,
    0x47, 0x19, 0x47, 0x19, 0x47, 0x19, 0x47, 0x19, 0x47, 0x19, 0x47, 0x19, 0x47, 0x19, 0x67, 0x21,
    0xe5, 0x10, 0xb0, 0x6b, 0xff, 0xff, 0xbe, 0xf7, 0xdf, 0xff, 0xdf, 0xff, 0xdf, 0xff, 0xdf, 0xff,
    0xdf, 0xff, 0xdf, 0xff, 0xdf, 0xff, 0xdf, 0xff, 0xdf, 0xff, 0xdf, 0xff, 0xdf, 0xff, 0xdf, 0xff,
    0xdf, 0xff, 0xdf, 0xff, 0xdf, 0xff, 0xdf, 0xff, 0xdf, 0xff, 0xdf, 0xff, 0xdf, 0xff, 0xdf, 0xff,
    0xdf, 0xff, 0xbe, 0xf7, 0xff, 0xff, 0xdb, 0xde, 0x68, 0x21, 0x27, 0x19, 0x47, 0x19, 0x47, 0x19,
    0x47, 0x19, 0x47, 0x19, 0x47, 0x19, 0x47, 0x19, 0x47, 0x19, 0x47, 0x19, 0x47, 0x19, 0x47, 0x19,
    0x47, 0x19, 0x47, 0x19, 0x47, 0x19, 0x47, 0x19, 0x47, 0x21, 0xe6, 0x10, 0x76, 0xa5, 0xff, 0xff,
    0xbe, 0xf7, 0xdf, 0xff, 0xdf, 0xff, 0xdf, 0xff, 0xdf, 0xff, 0xdf, 0xff, 0xdf, 0xff, 0xdf, 0xff,
    0xdf, 0xff, 0xdf, 0xff, 0xdf, 0xff, 0xdf, 0xff, 0xdf, 0xff, 0xdf, 0xff, 0xdf, 0xff, 0xdf, 0xff,
    0xdf, 0xff, 0xdf, 0xff, 0xdf, 0xff, 0xdf, 0xff, 0xdf, 0xff, 0xdf, 0xff, 0xdf, 0xff, 0xdf, 0xff,
    0xdf, 0xff, 0xdf, 0xff, 0xdf, 0xff, 0xdf, 0xff, 0xdf, 0xff, 0xbe, 0xf7, 0xff, 0xff, 0xb3, 0x8c,
    0xc5, 0x10, 0x67, 0x21, 0x47, 0x19, 0x47, 0x19, 0x47, 0x19, 0x47, 0x19, 0x47, 0x19, 0x47, 0x19,
    0x47, 0x19, 0x47, 0x19, 0x47, 0x19, 0x47, 0x19, 0x47, 0x19, 0x47, 0x19, 0x47, 0x19, 0x47, 0x19,
    0x47, 0x19, 0x47, 0x19, 0x47, 0x19, 0x47, 0x19, 0x47, 0x19, 0x47, 0x19, 0x47, 0x19, 0x47, 0x19,
    0x47, 0x19, 0x47, 0x19, 0x47, 0x19, 0x47, 0x19, 0x47, 0x19, 0x47, 0x19, 0x47, 0x19, 0x47, 0x19,
    0x47, 0x19, 0x47, 0x19, 0x47, 0x19, 0x47, 0x19, 0x47, 0x19, 0x47, 0x19, 0x47, 0x19, 0x47, 0x19,
    0x47, 0x19, 0x47, 0x19, 0x47, 0x19, 0x47, 0x19, 0x47, 0x19, 0x47, 0x19, 0x47, 0x19, 0x47, 0x19,
    0x47, 0x19, 0x47, 0x19, 0x47, 0x19, 0x47, 0x19, 0x47, 0x19, 0x47, 0x19, 0x47, 0x19, 0x47, 0x19,
    0x47, 0x19, 0x47, 0x19, 0x47, 0x19, 0x47, 0x19, 0x47, 0x19, 0x47, 0x19, 0x47, 0x19, 0x47, 0x19,
    0x47, 0x19, 0x47, 0x19, 0x47, 0x19, 0x47, 0x19, 0x47, 0x19, 0x47, 0x19, 0x47, 0x19, 0x47, 0x19,
    0x47, 0x19, 0x47, 0x19, 0x47, 0x19, 0x47, 0x19, 0x47, 0x19, 0x47, 0x19, 0x47, 0x19, 0x47, 0x19,
    0x47, 0x19, 0x47, 0x19, 0x47, 0x19, 0x47, 0x19, 0x47, 0x19, 0x47, 0x19, 0x47, 0x19, 0x47, 0x19,
    0x47, 0x19, 0x47, 0x19, 0x47, 0x19, 0x47, 0x19, 0x47, 0x19, 0x47, 0x19, 0x47, 0x19, 0x47, 0x19,
    0x47, 0x19, 0x47, 0x19, 0x47, 0x19, 0x47, 0x19, 0x47, 0x19, 0x47, 0x19, 0x47, 0x19, 0x47, 0x19,
    0x47, 0x19, 0x47, 0x19, 0x47, 0x19, 0x47, 0x19, 0x47, 0x19, 0x47, 0x19, 0x47, 0x19, 0x47, 0x21,
    0x06, 0x19, 0x0a, 0x3a, 0x7d, 0xef, 0xdf, 0xff, 0xbe, 0xf7, 0xdf, 0xff, 0xdf, 0xff, 0xdf, 0xff,
    0xdf, 0xff, 0xdf, 0xff, 0xbe, 0xf7, 0xbe, 0xf7, 0xbe, 0xf7, 0xbe, 0xf7, 0xbe, 0xf7, 0xdf, 0xff,
    0xdf, 0xff, 0xdf, 0xff, 0xdf, 0xff, 0xdf, 0xff, 0xdf, 0xff, 0xdf, 0xff, 0xdf, 0xff, 0xdf, 0xff,
    0xdf, 0xff, 0xdf, 0xff, 0xdf, 0xff, 0xdf, 0xff, 0xdf, 0xff, 0xdf, 0xff, 0xdf, 0xff, 0xdf, 0xff,
    0xbf, 0xf7, 0xdf, 0xff, 0xff, 0xff, 0xed, 0x52, 0xe6, 0x10, 0x67, 0x21, 0x27, 0x19, 0x67, 0x21,
    0xb7, 0xb5, 0xff, 0xff, 0xff, 0xff, 0xff, 0xff, 0xff, 0xff, 0xff, 0xff, 0x9e, 0xf7, 0x72, 0x84,
    0x26, 0x19, 0x47, 0x19, 0x47, 0x19, 0x47, 0x19, 0x47, 0x19, 0x47, 0x19, 0x47, 0x19, 0x47, 0x19,
    0x47, 0x19, 0x47, 0x19, 0x47, 0x21, 0xe6, 0x10, 0xcd, 0x52, 0xff, 0xff, 0xdf, 0xff, 0xdf, 0xff,
    0xdf, 0xff, 0xdf, 0xff, 0xdf, 0xff, 0xdf, 0xff, 0xdf, 0xff, 0xdf, 0xff, 0xdf, 0xff, 0xdf, 0xff,
    0xbe, 0xf7, 0xff, 0xff, 0x59, 0xce, 0x27, 0x19, 0x47, 0x19, 0x47, 0x19, 0x47, 0x19, 0x47, 0x19,
    0x47, 0x19, 0x47, 0x19, 0x47, 0x19, 0x47, 0x19, 0x47, 0x19, 0x47, 0x19, 0x47, 0x19, 0x47, 0x19,
    0x06, 0x11, 0xf8, 0xbd, 0xff, 0xff, 0xbe, 0xf7, 0xdf, 0xff, 0xdf, 0xff, 0xdf, 0xff, 0xdf, 0xff,
    0xdf, 0xff, 0xdf, 0xff, 0xdf, 0xff, 0xdf, 0xff, 0xdf, 0xff, 0xdf, 0xff, 0xdf, 0xff, 0xdf, 0xff,
    0xdf, 0xff, 0xdf, 0xff, 0xdf, 0xff, 0xdf, 0xff, 0xdf, 0xff, 0xdf, 0xff, 0xdf, 0xff, 0xdf, 0xff,
    0xdf, 0xff, 0xdf, 0xff, 0xbe, 0xf7, 0xff, 0xff, 0x2e, 0x5b, 0xe6, 0x10, 0x67, 0x21, 0x47, 0x19,
    0x47, 0x19, 0x47, 0x19, 0x47, 0x19, 0x47, 0x19, 0x47, 0x19, 0x47, 0x19, 0x47, 0x19, 0x47, 0x19,
    0x47, 0x19, 0x47, 0x19, 0x47, 0x19, 0x47, 0x19, 0x67, 0x21, 0xc5, 0x08, 0xb3, 0x94, 0xff, 0xff,
    0xbe, 0xf7, 0xdf, 0xff, 0xdf, 0xff, 0xdf, 0xff, 0xdf, 0xff, 0xdf, 0xff, 0xdf, 0xff, 0xdf, 0xff,
    0xdf, 0xff, 0xdf, 0xff, 0xdf, 0xff, 0xdf, 0xff, 0xdf, 0xff, 0xdf, 0xff, 0xdf, 0xff, 0xdf, 0xff,
    0xdf, 0xff, 0xdf, 0xff, 0xdf, 0xff, 0xdf, 0xff, 0xdf, 0xff, 0xdf, 0xff, 0xdf, 0xff, 0xdf, 0xff,
    0xdf, 0xff, 0xdf, 0xff, 0xdf, 0xff, 0xdf, 0xff, 0xdf, 0xff, 0xbe, 0xf7, 0xdf, 0xff, 0xdf, 0xff,
    0xcc, 0x4a, 0xe6, 0x10, 0x47, 0x21, 0x47, 0x19, 0x47, 0x19, 0x47, 0x19, 0x47, 0x19, 0x47, 0x19,
    0x47, 0x19, 0x47, 0x19, 0x47, 0x19, 0x47, 0x19, 0x47, 0x19, 0x47, 0x19, 0x47, 0x19, 0x47, 0x19,
    0x47, 0x19, 0x47, 0x19, 0x47, 0x19, 0x47, 0x19, 0x47, 0x19, 0x47, 0x19, 0x47, 0x19, 0x47, 0x19,
    0x47, 0x19, 0x47, 0x19, 0x47, 0x19, 0x47, 0x19, 0x47, 0x19, 0x47, 0x19, 0x47, 0x19, 0x47, 0x19,
    0x47, 0x19, 0x47, 0x19, 0x47, 0x19, 0x47, 0x19, 0x47, 0x19, 0x47, 0x19, 0x47, 0x19, 0x47, 0x19,
    0x47, 0x19, 0x47, 0x19, 0x47, 0x19, 0x47, 0x19, 0x47, 0x19, 0x47, 0x19, 0x47, 0x19, 0x47, 0x19,
    0x47, 0x19, 0x47, 0x19, 0x47, 0x19, 0x47, 0x19, 0x47, 0x19, 0x47, 0x19, 0x47, 0x19, 0x47, 0x19,
    0x47, 0x19, 0x47, 0x19, 0x47, 0x19, 0x47, 0x19, 0x47, 0x19, 0x47, 0x19, 0x47, 0x19, 0x47, 0x19,
    0x47, 0x19, 0x47, 0x19, 0x47, 0x19, 0x47, 0x19, 0x47, 0x19, 0x47, 0x19, 0x47, 0x19, 0x47, 0x19,
    0x47, 0x19, 0x47, 0x19, 0x47, 0x19, 0x47, 0x19, 0x47, 0x19, 0x47, 0x19, 0x47, 0x19, 0x47, 0x19,
    0x47, 0x19, 0x47, 0x19, 0x47, 0x19, 0x47, 0x19, 0x47, 0x19, 0x47, 0x19, 0x47, 0x19, 0x47, 0x19,
    0x47, 0x19, 0x47, 0x19, 0x47, 0x19, 0x47, 0x19, 0x47, 0x19, 0x47, 0x19, 0x47, 0x19, 0x47, 0x19,
    0x47, 0x19, 0x47, 0x19, 0x47, 0x19, 0x47, 0x19, 0x47, 0x19, 0x47, 0x19, 0x47, 0x19, 0x47, 0x19,
    0x47, 0x19, 0x47, 0x19, 0x47, 0x19, 0x47, 0x19, 0x47, 0x19, 0x47, 0x19, 0x47, 0x19, 0x47, 0x19,
    0x26, 0x19, 0xe9, 0x31, 0x7d, 0xef, 0xff, 0xff, 0xbe, 0xf7, 0xdf, 0xff, 0xdf, 0xff, 0xdf, 0xff,
    0xdf, 0xff, 0xdf, 0xff, 0xdf, 0xff, 0xff, 0xff, 0xff, 0xff, 0xff, 0xff, 0xdf, 0xff, 0xbe, 0xf7,
    0xbe, 0xf7, 0xdf, 0xff, 0xdf, 0xff, 0xdf, 0xff, 0xdf, 0xff, 0xdf, 0xff, 0xdf, 0xff, 0xdf, 0xff,
    0xdf, 0xff, 0xdf, 0xff, 0xdf, 0xff, 0xdf, 0xff, 0xdf, 0xff, 0xdf, 0xff, 0xdf, 0xff, 0xdf, 0xff,
    0xbe, 0xf7, 0xff, 0xff, 0x3c, 0xe7, 0xa9, 0x29, 0x26, 0x19, 0x47, 0x19, 0x47, 0x21, 0x27, 0x19,
    0x26, 0x19, 0x6f, 0x6b, 0x76, 0xad, 0xf8, 0xbd, 0x56, 0xa5, 0xd0, 0x73, 0xa8, 0x29, 0xa5, 0x08,
    0x26, 0x19, 0x27, 0x19, 0x47, 0x19, 0x47, 0x19, 0x47, 0x19, 0x47, 0x19, 0x47, 0x19, 0x47, 0x19,
    0x47, 0x19, 0x47, 0x19, 0x67, 0x21, 0xe6, 0x10, 0x0e, 0x5b, 0xff, 0xff, 0xbe, 0xf7, 0xdf, 0xff,
    0xdf, 0xff, 0xdf, 0xff, 0xdf, 0xff, 0xdf, 0xff, 0xdf, 0xff, 0xdf, 0xff, 0xdf, 0xff, 0xdf, 0xff,
    0xbe, 0xf7, 0xff, 0xff, 0xb3, 0x94, 0xc5, 0x08, 0x67, 0x21, 0x47, 0x19, 0x47, 0x19, 0x47, 0x19,
    0x47, 0x19, 0x47, 0x19, 0x47, 0x19, 0x47, 0x19, 0x47, 0x19, 0x47, 0x19, 0x47, 0x21, 0x06, 0x19,
    0x0a, 0x32, 0x7d, 0xef, 0xdf, 0xff, 0xbe, 0xf7, 0xdf, 0xff, 0xdf, 0xff, 0xdf, 0xff, 0xdf, 0xff,
    0xdf, 0xff, 0xdf, 0xff, 0xdf, 0xff, 0xdf, 0xff, 0xdf, 0xff, 0xdf, 0xff, 0xdf, 0xff, 0xdf, 0xff,
    0xdf, 0xff, 0xdf, 0xff, 0xdf, 0xff, 0xdf, 0xff, 0xdf, 0xff, 0xdf, 0xff, 0xdf, 0xff, 0xdf, 0xff,
    0xdf, 0xff, 0xdf, 0xff, 0xbe, 0xf7, 0xff, 0xff, 0xf4, 0x94, 0xe5, 0x10, 0x67, 0x21, 0x47, 0x19,
    0x47, 0x19, 0x47, 0x19, 0x47, 0x19, 0x47, 0x19, 0x47, 0x19, 0x47, 0x19, 0x47, 0x19, 0x47, 0x19,
    0x47, 0x19, 0x47, 0x19, 0x47, 0x19, 0x47, 0x19, 0x67, 0x21, 0xe5, 0x10, 0x6f, 0x63, 0xff, 0xff,
    0xbe, 0xf7, 0xdf, 0xff, 0xdf, 0xff, 0xdf, 0xff, 0xdf, 0xff, 0xdf, 0xff, 0xdf, 0xff, 0xdf, 0xff,
    0xdf, 0xff, 0xdf, 0xff, 0xdf, 0xff, 0xdf, 0xff, 0xdf, 0xff, 0xdf, 0xff, 0xdf, 0xff, 0xbe, 0xf7,
    0xbe, 0xf7, 0xdf, 0xff, 0xdf, 0xff, 0xdf, 0xff, 0xdf, 0xff, 0xdf, 0xff, 0xdf, 0xff, 0xdf, 0xff,
    0xdf, 0xff, 0xdf, 0xff, 0xdf, 0xff, 0xdf, 0xff, 0xdf, 0xff, 0xdf, 0xff, 0xbe, 0xf7, 0xff, 0xff,
    0x39, 0xc6, 0x26, 0x19, 0x47, 0x19, 0x47, 0x19, 0x47, 0x19, 0x47, 0x19, 0x47, 0x19, 0x47, 0x19,
    0x47, 0x19, 0x47, 0x19, 0x47, 0x19, 0x47, 0x19, 0x47, 0x19, 0x47, 0x19, 0x47, 0x19, 0x47, 0x19,
    0x47, 0x19, 0x47, 0x19, 0x47, 0x19, 0x47, 0x19, 0x47, 0x19, 0x47, 0x19, 0x47, 0x19, 0x47, 0x19,
    0x47, 0x19, 0x47, 0x19, 0x47, 0x19, 0x47, 0x19, 0x47, 0x19, 0x47, 0x19, 0x47, 0x19, 0x47, 0x19,
    0x47, 0x19, 0x47, 0x19, 0x47, 0x19, 0x47, 0x19, 0x47, 0x19, 0x47, 0x19, 0x47, 0x19, 0x47, 0x19,
    0x47, 0x19, 0x47, 0x19, 0x47, 0x19, 0x47, 0x19, 0x47, 0x19, 0x47, 0x19, 0x47, 0x19, 0x47, 0x19,
    0x47, 0x19, 0x47, 0x19, 0x47, 0x19, 0x47, 0x19, 0x47, 0x19, 0x47, 0x19, 0x47, 0x19, 0x47, 0x19,
    0x47, 0x19, 0x47, 0x19, 0x47, 0x19, 0x47, 0x19, 0x47, 0x19, 0x47, 0x19, 0x47, 0x19, 0x47, 0x19,
    0x47, 0x19, 0x47, 0x19, 0x47, 0x19, 0x47, 0x19, 0x47, 0x19, 0x47, 0x19, 0x47, 0x19, 0x47, 0x19,
    0x47, 0x19, 0x47, 0x19, 0x47, 0x19, 0x47, 0x19, 0x47, 0x19, 0x47, 0x19, 0x47, 0x19, 0x47, 0x19,
    0x47, 0x19, 0x47, 0x19, 0x47, 0x19, 0x47, 0x19, 0x47, 0x19, 0x47, 0x19, 0x47, 0x19, 0x47, 0x19,
    0x47, 0x19, 0x47, 0x19, 0x47, 0x19, 0x47, 0x19, 0x47, 0x19, 0x47, 0x19, 0x47, 0x19, 0x47, 0x19,
    0x47, 0x19, 0x47, 0x19, 0x47, 0x19, 0x47, 0x19, 0x47, 0x19, 0x47, 0x19, 0x47, 0x19, 0x47, 0x19,
    0x47, 0x19, 0x47, 0x19, 0x47, 0x19, 0x47, 0x19, 0x47, 0x19, 0x47, 0x19, 0x47, 0x19, 0x47, 0x19,
    0x26, 0x19, 0xc9, 0x31, 0x5d, 0xef, 0xff, 0xff, 0xbe, 0xf7, 0xdf, 0xff, 0xdf, 0xff, 0xdf, 0xff,
    0xbe, 0xf7, 0xdf, 0xff, 0x7d, 0xef, 0xfb, 0xde, 0x1c, 0xe7, 0x5d, 0xef, 0x9e, 0xf7, 0xff, 0xff,
    0xff, 0xff, 0xdf, 0xff, 0xdf, 0xff, 0xdf, 0xff, 0xdf, 0xff, 0xdf, 0xff, 0xdf, 0xff, 0xdf, 0xff,
    0xdf, 0xff, 0xdf, 0xff, 0xdf, 0xff, 0xdf, 0xff, 0xdf, 0xff, 0xdf, 0xff, 0xdf, 0xff, 0xdf, 0xff,
    0xbe, 0xf7, 0xff, 0xff, 0x76, 0xad, 0xe6, 0x10, 0x47, 0x21, 0x47, 0x19, 0x47, 0x19, 0x47, 0x21,
    0x47, 0x19, 0x84, 0x00, 0xe6, 0x10, 0x0a, 0x3a, 0x0d, 0x5b, 0xd0, 0x73, 0xf4, 0x9c, 0x18, 0xbe,
    0x19, 0xc6, 0x4b, 0x3a, 0x06, 0x11, 0x47, 0x21, 0x47, 0x19, 0x47, 0x19, 0x47, 0x19, 0x47, 0x19,
    0x47, 0x19, 0x47, 0x19, 0x67, 0x21, 0xe5, 0x10, 0x4e, 0x63, 0xff, 0xff, 0xbe, 0xf7, 0xdf, 0xff,
    0xdf, 0xff, 0xdf, 0xff, 0xdf, 0xff, 0xdf, 0xff, 0xdf, 0xff, 0xdf, 0xff, 0xdf, 0xff, 0xdf, 0xff,
    0xbe, 0xf7, 0xff, 0xff, 0x0e, 0x5b, 0xe6, 0x10, 0x67, 0x21, 0x47, 0x19, 0x47, 0x19, 0x47, 0x19,
    0x47, 0x19, 0x47, 0x19, 0x47, 0x19, 0x47, 0x19, 0x47, 0x19, 0x47, 0x19, 0x67, 0x21, 0xe5, 0x10,
    0x8f, 0x6b, 0xff, 0xff, 0xbe, 0xf7, 0xdf, 0xff, 0xdf, 0xff, 0xdf, 0xff, 0xdf, 0xff, 0xdf, 0xff,
    0xdf, 0xff, 0xdf, 0xff, 0xdf, 0xff, 0xdf, 0xff, 0xdf, 0xff, 0xdf, 0xff, 0xdf, 0xff, 0xdf, 0xff,
    0xdf, 0xff, 0xdf, 0xff, 0xdf, 0xff, 0xdf, 0xff, 0xdf, 0xff, 0xdf, 0xff, 0xdf, 0xff, 0xdf, 0xff,
    0xdf, 0xff, 0xdf, 0xff, 0xbe, 0xf7, 0xff, 0xff, 0x7a, 0xce, 0x47, 0x19, 0x47, 0x19, 0x47, 0x19,
    0x47, 0x19, 0x47, 0x19, 0x47, 0x19, 0x47, 0x19, 0x47, 0x19, 0x47, 0x19, 0x47, 0x19, 0x47, 0x19,
    0x47, 0x19, 0x47, 0x19, 0x47, 0x19, 0x47, 0x19, 0x47, 0x19, 0x26, 0x19, 0xc9, 0x31, 0x5d, 0xe7,
    0xff, 0xff, 0xbe, 0xf7, 0xdf, 0xff, 0xdf, 0xff, 0xdf, 0xff, 0xdf, 0xff, 0xdf, 0xff, 0xdf, 0xff,
    0xdf, 0xff, 0xdf, 0xff, 0xdf, 0xff, 0xdf, 0xff, 0xdf, 0xff, 0xdf, 0xff, 0xdf, 0xf7, 0xff, 0xff,
    0xff, 0xff, 0xbe, 0xf7, 0xdf, 0xff, 0xdf, 0xff, 0xdf, 0xff, 0xdf, 0xff, 0xdf, 0xff, 0xdf, 0xff,
    0xdf, 0xff, 0xdf, 0xff, 0xdf, 0xff, 0xdf, 0xff, 0xdf, 0xff, 0xdf, 0xff, 0xbe, 0xf7, 0xff, 0xff,
    0x59, 0xce, 0x27, 0x19, 0x47, 0x19, 0x47, 0x19, 0x47, 0x19, 0x47, 0x19, 0x47, 0x19, 0x47, 0x19,
    0x47, 0x19, 0x47, 0x19, 0x47, 0x19, 0x47, 0x19, 0x47, 0x19, 0x47, 0x19, 0x47, 0x19, 0x47, 0x19,
    0x47, 0x19, 0x47, 0x19, 0x47, 0x19, 0x47, 0x19, 0x47, 0x19, 0x47, 0x19, 0x47, 0x19, 0x47, 0x19,
    0x47, 0x19, 0x47, 0x19, 0x47, 0x19, 0x47, 0x19, 0x47, 0x19, 0x47, 0x19, 0x47, 0x19, 0x47, 0x19,
    0x47, 0x19, 0x47, 0x19, 0x47, 0x19, 0x47, 0x19, 0x47, 0x19, 0x47, 0x19, 0x47, 0x19, 0x47, 0x19,
    0x47, 0x19, 0x47, 0x19, 0x47, 0x19, 0x47, 0x19, 0x47, 0x19, 0x47, 0x19, 0x47, 0x19, 0x47, 0x19,
    0x47, 0x19, 0x47, 0x19, 0x47, 0x19, 0x47, 0x19, 0x47, 0x19, 0x47, 0x19, 0x47, 0x19, 0x47, 0x19,
    0x47, 0x19, 0x47, 0x19, 0x47, 0x19, 0x47, 0x19, 0x47, 0x19, 0x47, 0x19, 0x47, 0x19, 0x47, 0x19,
    0x47, 0x19, 0x47, 0x19, 0x47, 0x19, 0x47, 0x19, 0x47, 0x19, 0x47, 0x19, 0x47, 0x19, 0x47, 0x19,
    0x47, 0x19, 0x47, 0x19, 0x47, 0x19, 0x47, 0x19, 0x47, 0x19, 0x47, 0x19, 0x47, 0x19, 0x47, 0x19,
    0x47, 0x19, 0x47, 0x19, 0x47, 0x19, 0x47, 0x19, 0x47, 0x19, 0x47, 0x19, 0x47, 0x19, 0x47, 0x19,
    0x47, 0x19, 0x47, 0x19, 0x47, 0x19, 0x47, 0x19, 0x47, 0x19, 0x47, 0x19, 0x47, 0x19, 0x47, 0x19,
    0x47, 0x19, 0x47, 0x19, 0x47, 0x19, 0x47, 0x19, 0x47, 0x19, 0x47, 0x19, 0x47, 0x19, 0x47, 0x19,
    0x47, 0x19, 0x47, 0x19, 0x47, 0x19, 0x47, 0x19, 0x47, 0x19, 0x47, 0x19, 0x47, 0x19, 0x47, 0x19,
    0x26, 0x19, 0xa9, 0x29, 0x3d, 0xe7, 0xff, 0xff, 0xbe, 0xf7, 0xdf, 0xff, 0xdf, 0xff, 0xdf, 0xff,
    0xbe, 0xf7, 0xff, 0xff, 0x35, 0xa5, 0x27, 0x19, 0xc9, 0x29, 0xe9, 0x31, 0x4a, 0x3a, 0xcd, 0x52,
    0x56, 0xa5, 0xff, 0xff, 0xdf, 0xff, 0xdf, 0xff, 0xdf, 0xff, 0xdf, 0xff, 0xdf, 0xff, 0xdf, 0xff,
    0xdf, 0xff, 0xdf, 0xff, 0xdf, 0xff, 0xdf, 0xff, 0xdf, 0xff, 0xdf, 0xff, 0xdf, 0xff, 0xdf, 0xff,
    0xbe, 0xff, 0xdf, 0xff, 0xcd, 0x52, 0xe6, 0x10, 0x67, 0x21, 0x47, 0x19, 0x47, 0x19, 0x27, 0x19,
    0x47, 0x19, 0x11, 0x7c, 0x7a, 0xce, 0xbe, 0xf7, 0xff, 0xff, 0xff, 0xff, 0xff, 0xff, 0xff, 0xff,
    0xff, 0xff, 0x31, 0x7c, 0xc5, 0x08, 0x67, 0x21, 0x47, 0x19, 0x47, 0x19, 0x47, 0x19, 0x47, 0x19,
    0x47, 0x19, 0x47, 0x19, 0x67, 0x21, 0xe5, 0x10, 0x8f, 0x6b, 0xff, 0xff, 0xbe, 0xf7, 0xdf, 0xff,
    0xdf, 0xff, 0xdf, 0xff, 0xdf, 0xff, 0xdf, 0xff, 0xdf, 0xff, 0xdf, 0xff, 0xdf, 0xff, 0xbe, 0xf7,
    0xff, 0xff, 0x3d, 0xe7, 0xc9, 0x31, 0x26, 0x19, 0x47, 0x21, 0x47, 0x19, 0x47, 0x19, 0x47, 0x19,
    0x47, 0x19, 0x47, 0x19, 0x47, 0x19, 0x47, 0x19, 0x47, 0x19, 0x47, 0x19, 0x67, 0x21, 0xe5, 0x10,
    0x35, 0x9d, 0xff, 0xff, 0xbe, 0xf7, 0xdf, 0xff, 0xdf, 0xff, 0xdf, 0xff, 0xdf, 0xff, 0xdf, 0xff,
    0xdf, 0xff, 0xdf, 0xff, 0xdf, 0xff, 0xdf, 0xff, 0xdf, 0xff, 0xdf, 0xff, 0xdf, 0xff, 0xdf, 0xff,
    0xdf, 0xff, 0xdf, 0xff, 0xdf, 0xff, 0xdf, 0xff, 0xdf, 0xff, 0xdf, 0xff, 0xdf, 0xff, 0xdf, 0xff,
    0xdf, 0xff, 0xdf, 0xff, 0xbe, 0xf7, 0xdf, 0xff, 0x7e, 0xef, 0x0a, 0x3a, 0x06, 0x11, 0x47, 0x21,
    0x47, 0x19, 0x47, 0x19, 0x47, 0x19, 0x47, 0x19, 0x47, 0x19, 0x47, 0x19, 0x47, 0x19, 0x47, 0x19,
    0x47, 0x19, 0x47, 0x19, 0x47, 0x19, 0x47, 0x19, 0x47, 0x19, 0x47, 0x21, 0xe6, 0x10, 0x35, 0xa5,
    0xff, 0xff, 0xbe, 0xf7, 0xdf, 0xff, 0xdf, 0xff, 0xdf, 0xff, 0xdf, 0xff, 0xdf, 0xff, 0xdf, 0xff,
    0xdf, 0xff, 0xdf, 0xff, 0xdf, 0xff, 0xdf, 0xff, 0xbe, 0xf7, 0xdf, 0xff, 0xff, 0xff, 0xdb, 0xd6,
    0x5d, 0xef, 0xff, 0xff, 0xbe, 0xf7, 0xdf, 0xff, 0xdf, 0xff, 0xdf, 0xff, 0xdf, 0xff, 0xdf, 0xff,
    0xdf, 0xff, 0xdf, 0xff, 0xdf, 0xff, 0xdf, 0xff, 0xdf, 0xff, 0xbe, 0xf7, 0xff, 0xff, 0xbb, 0xd6,
    0x2a, 0x3a, 0x06, 0x19, 0x47, 0x21, 0x47, 0x19, 0x47, 0x19, 0x47, 0x19, 0x47, 0x19, 0x47, 0x19,
    0x47, 0x19, 0x47, 0x19, 0x47, 0x19, 0x47, 0x19, 0x47, 0x19, 0x47, 0x19, 0x47, 0x19, 0x47, 0x19,
    0x47, 0x19, 0x47, 0x19, 0x47, 0x19, 0x47, 0x19, 0x47, 0x19, 0x47, 0x19, 0x47, 0x19, 0x47, 0x19,
    0x47, 0x19, 0x47, 0x19, 0x47, 0x19, 0x47, 0x19, 0x47, 0x19, 0x47, 0x19, 0x47, 0x19, 0x47, 0x19,
    0x47, 0x19, 0x47, 0x19, 0x47, 0x19, 0x47, 0x19, 0x47, 0x19, 0x47, 0x19, 0x47, 0x19, 0x47, 0x19,
    0x47, 0x19, 0x47, 0x19, 0x47, 0x19, 0x47, 0x19, 0x47, 0x19, 0x47, 0x19, 0x47, 0x19, 0x47, 0x19,
    0x47, 0x19, 0x47, 0x19, 0x47, 0x19, 0x47, 0x19, 0x47, 0x19, 0x47, 0x19, 0x47, 0x19, 0x47, 0x19,
    0x47, 0x19, 0x47, 0x19, 0x47, 0x19, 0x47, 0x19, 0x47, 0x19, 0x47, 0x19, 0x47, 0x19, 0x47, 0x19,
    0x47, 0x19, 0x47, 0x19, 0x47, 0x19, 0x47, 0x19, 0x47, 0x19, 0x47, 0x19, 0x47, 0x19, 0x47, 0x19,
    0x47, 0x19, 0x47, 0x19, 0x47, 0x19, 0x47, 0x19, 0x47, 0x19, 0x47, 0x19, 0x47, 0x19, 0x47, 0x19,
    0x47, 0x19, 0x47, 0x19, 0x47, 0x19, 0x47, 0x19, 0x47, 0x19, 0x47, 0x19, 0x47, 0x19, 0x47, 0x19,
    0x47, 0x19, 0x47, 0x19, 0x47, 0x19, 0x47, 0x19, 0x47, 0x19, 0x47, 0x19, 0x47, 0x19, 0x47, 0x19,
    0x47, 0x19, 0x47, 0x19, 0x47, 0x19, 0x47, 0x19, 0x47, 0x19, 0x47, 0x19, 0x47, 0x19, 0x47, 0x19,
    0x47, 0x19, 0x47, 0x19, 0x47, 0x19, 0x47, 0x19, 0x47, 0x19, 0x47, 0x19, 0x47, 0x19, 0x47, 0x19,
    0x27, 0x19, 0xa8, 0x29, 0x1c, 0xe7, 0xff, 0xff, 0xbe, 0xf7, 0xdf, 0xff, 0xdf, 0xff, 0xdf, 0xff,
    0xbe, 0xf7, 0xff, 0xff, 0x97, 0xad, 0xe5, 0x10, 0x27, 0x19, 0x26, 0x19, 0x06, 0x11, 0xe6, 0x10,
    0xe6, 0x10, 0x19, 0xc6, 0xff, 0xff, 0xbe, 0xf7, 0xdf, 0xff, 0xdf, 0xff, 0xdf, 0xff, 0xdf, 0xff,
    0xdf, 0xff, 0xdf, 0xff, 0xdf, 0xff, 0xdf, 0xff, 0xdf, 0xff, 0xdf, 0xff, 0xdf, 0xff, 0xbe, 0xf7,
    0xff, 0xff, 0xd7, 0xb5, 0x06, 0x11, 0x47, 0x19, 0x47, 0x19, 0x47, 0x19, 0x47, 0x19, 0x26, 0x19,
    0x76, 0xad, 0xff, 0xff, 0xff, 0xff, 0xdf, 0xff, 0xbe, 0xf7, 0xbe, 0xf7, 0xbe, 0xf7, 0x9e, 0xf7,
    0xff, 0xff, 0xd4, 0x94, 0xe5, 0x10, 0x67, 0x21, 0x47, 0x19, 0x47, 0x19, 0x47, 0x19, 0x47, 0x19,
    0x47, 0x19, 0x47, 0x19, 0x67, 0x21, 0xc5, 0x10, 0xd0, 0x73, 0xff, 0xff, 0xbe, 0xf7, 0xdf, 0xff,
    0xdf, 0xff, 0xdf, 0xff, 0xdf, 0xff, 0xdf, 0xff, 0xdf, 0xff, 0xdf, 0xff, 0xdf, 0xff, 0xbe, 0xf7,
    0xff, 0xff, 0x39, 0xc6, 0x26, 0x19, 0x47, 0x19, 0x47, 0x19, 0x47, 0x19, 0x47, 0x19, 0x47, 0x19,
    0x47, 0x19, 0x47, 0x19, 0x47, 0x19, 0x47, 0x19, 0x47, 0x19, 0x47, 0x19, 0x47, 0x19, 0x47, 0x19,
    0x7a, 0xce, 0xff, 0xff, 0xbe, 0xf7, 0xdf, 0xff, 0xdf, 0xff, 0xdf, 0xff, 0xdf, 0xff, 0xdf, 0xff,
    0xdf, 0xff, 0xdf, 0xff, 0xdf, 0xff, 0xdf, 0xff, 0xdf, 0xff, 0xbe, 0xf7, 0xbe, 0xf7, 0xdf, 0xff,
    0xdf, 0xff, 0xdf, 0xff, 0xdf, 0xff, 0xdf, 0xff, 0xdf, 0xff, 0xdf, 0xff, 0xdf, 0xff, 0xdf, 0xff,
    0xdf, 0xff, 0xdf, 0xff, 0xbf, 0xf7, 0xbe, 0xf7, 0xff, 0xff, 0xed, 0x5a, 0xe6, 0x10, 0x47, 0x21,
    0x47, 0x19, 0x47, 0x19, 0x47, 0x19, 0x47, 0x19, 0x47, 0x19, 0x47, 0x19, 0x47, 0x19, 0x47, 0x19,
    0x47, 0x19, 0x47, 0x19, 0x47, 0x19, 0x47, 0x19, 0x47, 0x19, 0x47, 0x21, 0x06, 0x11, 0x8b, 0x42,
    0xbe, 0xf7, 0xdf, 0xff, 0xbf, 0xf7, 0xdf, 0xff, 0xdf, 0xff, 0xdf, 0xff, 0xdf, 0xff, 0xdf, 0xff,
    0xdf, 0xff, 0xdf, 0xff, 0xdf, 0xff, 0xdf, 0xff, 0xbe, 0xf7, 0xff, 0xff, 0x52, 0x84, 0x27, 0x19,
    0xc9, 0x31, 0x56, 0xa5, 0xff, 0xff, 0xbe, 0xf7, 0xdf, 0xff, 0xdf, 0xff, 0xdf, 0xff, 0xdf, 0xff,
    0xdf, 0xff, 0xdf, 0xff, 0xdf, 0xff, 0xbe, 0xf7, 0xbe, 0xf7, 0xff, 0xff, 0xf8, 0xbd, 0xa8, 0x29,
    0xe6, 0x10, 0x47, 0x21, 0x47, 0x19, 0x47, 0x19, 0x47, 0x19, 0x47, 0x19, 0x47, 0x19, 0x47, 0x19,
    0x47, 0x19, 0x47, 0x19, 0x47, 0x19, 0x47, 0x19, 0x47, 0x19, 0x47, 0x19, 0x47, 0x19, 0x47, 0x19,
    0x47, 0x19, 0x47, 0x19, 0x47, 0x19, 0x47, 0x19, 0x47, 0x19, 0x47, 0x19, 0x47, 0x19, 0x47, 0x19,
    0x47, 0x19, 0x47, 0x19, 0x47, 0x19, 0x47, 0x19, 0x47, 0x19, 0x47, 0x19, 0x47, 0x19, 0x47, 0x19,
    0x47, 0x19, 0x47, 0x19, 0x47, 0x19, 0x47, 0x19, 0x47, 0x19, 0x47, 0x19, 0x47, 0x19, 0x47, 0x19,
    0x47, 0x19, 0x47, 0x19, 0x47, 0x19, 0x47, 0x19, 0x47, 0x19, 0x47, 0x19, 0x47, 0x19, 0x47, 0x19,
    0x47, 0x19, 0x47, 0x19, 0x47, 0x19, 0x47, 0x19, 0x47, 0x19, 0x47, 0x19, 0x47, 0x19, 0x47, 0x19,
    0x47, 0x19, 0x47, 0x19, 0x47, 0x19, 0x47, 0x19, 0x47, 0x19, 0x47, 0x19, 0x47, 0x19, 0x47, 0x19,
    0x47, 0x19, 0x47, 0x19, 0x47, 0x19, 0x47, 0x19, 0x47, 0x19, 0x47, 0x19, 0x47, 0x19, 0x47, 0x19,
    0x47, 0x19, 0x47, 0x19, 0x47, 0x19, 0x47, 0x19, 0x47, 0x19, 0x47, 0x19, 0x47, 0x19, 0x47, 0x19,
    0x47, 0x19, 0x47, 0x19, 0x47, 0x19, 0x47, 0x19, 0x47, 0x19, 0x47, 0x19, 0x47, 0x19, 0x47, 0x19,
    0x47, 0x19, 0x47, 0x19, 0x47, 0x19, 0x47, 0x19, 0x47, 0x19, 0x47, 0x19, 0x47, 0x19, 0x47, 0x19,
    0x47, 0x19, 0x47, 0x19, 0x47, 0x19, 0x47, 0x19, 0x47, 0x19, 0x47, 0x19, 0x47, 0x19, 0x47, 0x19,
    0x47, 0x19, 0x47, 0x19, 0x47, 0x19, 0x47, 0x19, 0x47, 0x19, 0x47, 0x19, 0x47, 0x19, 0x47, 0x19,
    0x27, 0x19, 0x88, 0x21, 0xfb, 0xde, 0xff, 0xff, 0xbe, 0xf7, 0xdf, 0xff, 0xdf, 0xff, 0xdf, 0xff,
    0xbe, 0xf7, 0xff, 0xff, 0xbb, 0xd6, 0x67, 0x21, 0x47, 0x19, 0x47, 0x21, 0x47, 0x19, 0x68, 0x21,
    0xe6, 0x10, 0x35, 0x9d, 0xff, 0xff, 0xbe, 0xf7, 0xdf, 0xff, 0xdf, 0xff, 0xdf, 0xff, 0xdf, 0xff,
    0xdf, 0xff, 0xdf, 0xff, 0xdf, 0xff, 0xdf, 0xff, 0xdf, 0xff, 0xdf, 0xff, 0xbe, 0xf7, 0xdf, 0xff,
    0x9e, 0xf7, 0x6b, 0x42, 0x06, 0x11, 0x47, 0x21, 0x47, 0x19, 0x47, 0x21, 0xe6, 0x10, 0xed, 0x52,
    0xff, 0xff, 0xbe, 0xf7, 0xbe, 0xf7, 0xbe, 0xf7, 0xdf, 0xff, 0xdf, 0xff, 0xdf, 0xff, 0xbe, 0xf7,
    0xff, 0xff, 0x76, 0xad, 0xe6, 0x10, 0x47, 0x21, 0x47, 0x19, 0x47, 0x19, 0x47, 0x19, 0x47, 0x19,
    0x47, 0x19, 0x47, 0x19, 0x67, 0x21, 0xc5, 0x08, 0x11, 0x7c, 0xff, 0xff, 0xbe, 0xf7, 0xdf, 0xff,
    0xdf, 0xff, 0xdf, 0xff, 0xdf, 0xff, 0xdf, 0xff, 0xdf, 0xff, 0xdf, 0xff, 0xdf, 0xff, 0xbe, 0xf7,
    0xff, 0xff, 0xf4, 0x94, 0xe5, 0x10, 0x67, 0x21, 0x47, 0x19, 0x47, 0x19, 0x47, 0x19, 0x47, 0x19,
    0x47, 0x19, 0x47, 0x19, 0x47, 0x19, 0x47, 0x19, 0x47, 0x19, 0x47, 0x19, 0x26, 0x19, 0xc9, 0x31,
    0x5d, 0xe7, 0xff, 0xff, 0xbe, 0xf7, 0xdf, 0xff, 0xdf, 0xff, 0xdf, 0xff, 0xdf, 0xff, 0xdf, 0xff,
    0xdf, 0xff, 0xdf, 0xff, 0xdf, 0xff, 0xdf, 0xff, 0xbe, 0xf7, 0xff, 0xff, 0xff, 0xff, 0xbe, 0xf7,
    0xdf, 0xff, 0xdf, 0xff, 0xdf, 0xff, 0xdf, 0xff, 0xdf, 0xff, 0xdf, 0xff, 0xdf, 0xff, 0xdf, 0xff,
    0xdf, 0xff, 0xdf, 0xff, 0xdf, 0xff, 0xbe, 0xf7, 0xff, 0xff, 0x11, 0x7c, 0xe5, 0x10, 0x67, 0x21,
    0x47, 0x19, 0x47, 0x19, 0x47, 0x19, 0x47, 0x19, 0x47, 0x19, 0x47, 0x19, 0x47, 0x19, 0x47, 0x19,
    0x47, 0x19, 0x47, 0x19, 0x47, 0x19, 0x47, 0x19, 0x47, 0x19, 0x47, 0x19, 0x47, 0x21, 0xe6, 0x10,
    0x35, 0xa5, 0xff, 0xff, 0xbe, 0xf7, 0xdf, 0xff, 0xdf, 0xff, 0xdf, 0xff, 0xdf, 0xff, 0xdf, 0xff,
    0xdf, 0xff, 0xdf, 0xff, 0xdf, 0xff, 0xbe, 0xf7, 0xdf, 0xff, 0x7d, 0xef, 0xc9, 0x29, 0x06, 0x11,
    0x26, 0x19, 0xe6, 0x10, 0xb7, 0xb5, 0xff, 0xff, 0xbe, 0xf7, 0xdf, 0xff, 0xdf, 0xff, 0xdf, 0xff,
    0xdf, 0xff, 0xdf, 0xff, 0xbe, 0xf7, 0xdf, 0xff, 0xff, 0xff, 0x15, 0x9d, 0x27, 0x19, 0x26, 0x19,
    0x67, 0x21, 0x47, 0x19, 0x47, 0x19, 0x47, 0x19, 0x47, 0x19, 0x47, 0x19, 0x47, 0x19, 0x47, 0x19,
    0x47, 0x19, 0x47, 0x19, 0x47, 0x19, 0x47, 0x19, 0x47, 0x19, 0x47, 0x19, 0x47, 0x19, 0x47, 0x19,
    0x47, 0x19, 0x47, 0x19, 0x47, 0x19, 0x47, 0x19, 0x47, 0x19, 0x47, 0x19, 0x47, 0x19, 0x47, 0x19,
    0x47, 0x19, 0x47, 0x19, 0x47, 0x19, 0x47, 0x19, 0x47, 0x19, 0x47, 0x19, 0x47, 0x19, 0x47, 0x19,
    0x47, 0x19, 0x47, 0x19, 0x47, 0x19, 0x47, 0x19, 0x47, 0x19, 0x47, 0x19, 0x47, 0x19, 0x47, 0x19,
    0x47, 0x19, 0x47, 0x19, 0x47, 0x19, 0x47, 0x19, 0x47, 0x19, 0x47, 0x19, 0x47, 0x19, 0x47, 0x19,
    0x47, 0x19, 0x47, 0x19, 0x47, 0x19, 0x47, 0x19, 0x47, 0x19, 0x47, 0x19, 0x47, 0x19, 0x47, 0x19,
    0x47, 0x19, 0x47, 0x19, 0x47, 0x19, 0x47, 0x19, 0x47, 0x19, 0x47, 0x19, 0x47, 0x19, 0x47, 0x19,
    0x47, 0x19, 0x47, 0x19, 0x47, 0x19, 0x47, 0x19, 0x47, 0x19, 0x47, 0x19, 0x47, 0x19, 0x47, 0x19,
    0x47, 0x19, 0x47, 0x19, 0x47, 0x19, 0x47, 0x19, 0x47, 0x19, 0x47, 0x19, 0x47, 0x19, 0x47, 0x19,
    0x47, 0x19, 0x47, 0x19, 0x47, 0x19, 0x47, 0x19, 0x47, 0x19, 0x47, 0x19, 0x47, 0x19, 0x47, 0x19,
    0x47, 0x19, 0x47, 0x19, 0x47, 0x19, 0x47, 0x19, 0x47, 0x19, 0x47, 0x19, 0x47, 0x19, 0x47, 0x19,
    0x47, 0x19, 0x47, 0x19, 0x47, 0x19, 0x47, 0x19, 0x47, 0x19, 0x47, 0x19, 0x47, 0x19, 0x47, 0x19,
    0x47, 0x19, 0x47, 0x19, 0x47, 0x19, 0x47, 0x19, 0x47, 0x19, 0x47, 0x19, 0x47, 0x19, 0x47, 0x19,
    0x27, 0x19, 0x67, 0x21, 0xbb, 0xd6, 0xff, 0xff, 0xbe, 0xf7, 0xdf, 0xff, 0xdf, 0xff, 0xdf, 0xff,
    0xbe, 0xf7, 0xdf, 0xff, 0x9e, 0xef, 0x2a, 0x3a, 0x06, 0x11, 0x47, 0x21, 0x47, 0x19, 0x47, 0x19,
    0x27, 0x19, 0x59, 0xce, 0xff, 0xff, 0xbe, 0xf7, 0xdf, 0xff, 0xdf, 0xff, 0xdf, 0xff, 0xdf, 0xff,
    0xdf, 0xff, 0xdf, 0xff, 0xdf, 0xff, 0xdf, 0xff, 0xdf, 0xff, 0xdf, 0xff, 0xbe, 0xf7, 0xff, 0xff,
    0x93, 0x8c, 0xc5, 0x08, 0x67, 0x21, 0x47, 0x19, 0x47, 0x19, 0x67, 0x21, 0xc5, 0x08, 0x72, 0x84,
    0xff, 0xff, 0xbe, 0xf7, 0xdf, 0xff, 0xdf, 0xff, 0xdf, 0xff, 0xdf, 0xff, 0xdf, 0xff, 0xbe, 0xf7,
    0xff, 0xff, 0x18, 0xc6, 0x26, 0x19, 0x47, 0x19, 0x47, 0x19, 0x47, 0x19, 0x47, 0x19, 0x47, 0x19,
    0x47, 0x19, 0x47, 0x19, 0x67, 0x21, 0xc5, 0x08, 0x32, 0x84, 0xff, 0xff, 0xbe, 0xf7, 0xdf, 0xff,
    0xdf, 0xff, 0xdf, 0xff, 0xdf, 0xff, 0xdf, 0xff, 0xdf, 0xff, 0xdf, 0xff, 0xdf, 0xff, 0xbe, 0xf7,
    0xff, 0xff, 0xaf, 0x6b, 0xe5, 0x10, 0x67, 0x21, 0x47, 0x19, 0x47, 0x19, 0x47, 0x19, 0x47, 0x19,
    0x47, 0x19, 0x47, 0x19, 0x47, 0x19, 0x47, 0x19, 0x47, 0x19, 0x47, 0x21, 0x06, 0x11, 0x8c, 0x4a,
    0xdf, 0xff, 0xdf, 0xff, 0xdf, 0xff, 0xdf, 0xff, 0xdf, 0xff, 0xdf, 0xff, 0xdf, 0xff, 0xdf, 0xff,
    0xdf, 0xff, 0xdf, 0xff, 0xdf, 0xff, 0xdf, 0xff, 0xff, 0xff, 0x76, 0xad, 0x18, 0xbe, 0xff, 0xff,
    0xbe, 0xf7, 0xdf, 0xff, 0xdf, 0xff, 0xdf, 0xff, 0xdf, 0xff, 0xdf, 0xff, 0xdf, 0xff, 0xdf, 0xff,
    0xdf, 0xff, 0xdf, 0xff, 0xdf, 0xff, 0xbe, 0xf7, 0xff, 0xff, 0xf4, 0x9c, 0xe5, 0x10, 0x67, 0x21,
    0x47, 0x19, 0x47, 0x19, 0x47, 0x19, 0x47, 0x19, 0x47, 0x19, 0x47, 0x19, 0x47, 0x19, 0x47, 0x19,
    0x47, 0x19, 0x47, 0x19, 0x47, 0x19, 0x47, 0x19, 0x47, 0x19, 0x47, 0x19, 0x47, 0x21, 0x26, 0x19,
    0xc9, 0x29, 0x1c, 0xe7, 0xff, 0xff, 0xbe, 0xf7, 0xdf, 0xff, 0xdf, 0xff, 0xdf, 0xff, 0xdf, 0xff,
    0xdf, 0xff, 0xdf, 0xff, 0xdf, 0xff, 0xdf, 0xff, 0xbe, 0xf7, 0xdf, 0xff, 0xed, 0x52, 0xe6, 0x10,
    0x88, 0x21, 0x06, 0x11, 0x2a, 0x3a, 0x9e, 0xf7, 0xdf, 0xff, 0xbe, 0xf7, 0xdf, 0xff, 0xdf, 0xff,
    0xdf, 0xff, 0xbe, 0xf7, 0xff, 0xff, 0xff, 0xff, 0x31, 0x7c, 0xe6, 0x10, 0x47, 0x19, 0x47, 0x21,
    0x47, 0x19, 0x47, 0x19, 0x47, 0x19, 0x47, 0x19, 0x47, 0x19, 0x47, 0x19, 0x47, 0x19, 0x47, 0x19,
    0x47, 0x19, 0x47, 0x19, 0x47, 0x19, 0x47, 0x19, 0x47, 0x19, 0x47, 0x19, 0x47, 0x19, 0x47, 0x19,
    0x47, 0x19, 0x47, 0x19, 0x47, 0x19, 0x47, 0x19, 0x47, 0x19, 0x47, 0x19, 0x47, 0x19, 0x47, 0x19,
    0x47, 0x19, 0x47, 0x19, 0x47, 0x19, 0x47, 0x19, 0x47, 0x19, 0x47, 0x19, 0x47, 0x19, 0x47, 0x19,
    0x47, 0x19, 0x47, 0x19, 0x47, 0x19, 0x47, 0x19, 0x47, 0x19, 0x47, 0x19, 0x47, 0x19, 0x47, 0x19,
    0x47, 0x19, 0x47, 0x19, 0x47, 0x19, 0x47, 0x19, 0x47, 0x19, 0x47, 0x19, 0x47, 0x19, 0x47, 0x19,
    0x47, 0x19, 0x47, 0x19, 0x47, 0x19, 0x47, 0x19, 0x47, 0x19, 0x47, 0x19, 0x47, 0x19, 0x47, 0x19,
    0x47, 0x19, 0x47, 0x19, 0x47, 0x19, 0x47, 0x19, 0x47, 0x19, 0x47, 0x19, 0x47, 0x19, 0x47, 0x19,
    0x47, 0x19, 0x47, 0x19, 0x47, 0x19, 0x47, 0x19, 0x47, 0x19, 0x47, 0x19, 0x47, 0x19, 0x47, 0x19,
    0x47, 0x19, 0x47, 0x19, 0x47, 0x19, 0x47, 0x19, 0x47, 0x19, 0x47, 0x19, 0x47, 0x19, 0x47, 0x19,
    0x47, 0x19, 0x47, 0x19, 0x47, 0x19, 0x47, 0x19, 0x47, 0x19, 0x47, 0x19, 0x47, 0x19, 0x47, 0x19,
    0x47, 0x19, 0x47, 0x19, 0x47, 0x19, 0x47, 0x19, 0x47, 0x19, 0x47, 0x19, 0x47, 0x19, 0x47, 0x19,
    0x47, 0x19, 0x47, 0x19, 0x47, 0x19, 0x47, 0x19, 0x47, 0x19, 0x47, 0x19, 0x47, 0x19, 0x47, 0x19,
    0x47, 0x19, 0x47, 0x19, 0x47, 0x19, 0x47, 0x19, 0x47, 0x19, 0x47, 0x19, 0x47, 0x19, 0x47, 0x19,
    0x47, 0x19, 0x47, 0x19, 0x9a, 0xce, 0xff, 0xff, 0xbe, 0xf7, 0xdf, 0xff, 0xdf, 0xff, 0xdf, 0xff,
    0xdf, 0xff, 0xbe, 0xf7, 0xff, 0xff, 0x6f, 0x63, 0xe6, 0x10, 0x47, 0x21, 0x67, 0x21, 0xe6, 0x10,
    0xed, 0x52, 0xdf, 0xff, 0xdf, 0xff, 0xdf, 0xff, 0xdf, 0xff, 0xdf, 0xff, 0xdf, 0xff, 0xdf, 0xff,
    0xdf, 0xff, 0xdf, 0xff, 0xdf, 0xff, 0xdf, 0xff, 0xdf, 0xff, 0xbe, 0xf7, 0xff, 0xff, 0x39, 0xc6,
    0x47, 0x19, 0x47, 0x19, 0x47, 0x19, 0x47, 0x19, 0x47, 0x19, 0x67, 0x21, 0xe6, 0x10, 0x15, 0x9d,
    0xff, 0xff, 0xbe, 0xf7, 0xdf, 0xff, 0xdf, 0xff, 0xdf, 0xff, 0xdf, 0xff, 0xdf, 0xff, 0xbe, 0xf7,
    0xff, 0xff, 0xdb, 0xde, 0x68, 0x21, 0x27, 0x19, 0x47, 0x19, 0x47, 0x19, 0x47, 0x19, 0x47, 0x19,
    0x47, 0x19, 0x47, 0x19, 0x67, 0x21, 0xc5, 0x08, 0x52, 0x84, 0xff, 0xff, 0xbe, 0xf7, 0xdf, 0xff,
    0xdf, 0xff, 0xdf, 0xff, 0xdf, 0xff, 0xdf, 0xff, 0xdf, 0xff, 0xdf, 0xff, 0xbe, 0xf7, 0xdf, 0xff,
    0xdf, 0xff, 0x8b, 0x42, 0x06, 0x11, 0x47, 0x21, 0x47, 0x19, 0x47, 0x19, 0x47, 0x19, 0x47, 0x19,
    0x47, 0x19, 0x47, 0x19, 0x47, 0x19, 0x47, 0x19, 0x47, 0x19, 0x67, 0x21, 0xe6, 0x10, 0x4f, 0x63,
    0xff, 0xff, 0xbe, 0xf7, 0xdf, 0xff, 0xdf, 0xff, 0xdf, 0xff, 0xdf, 0xff, 0xdf, 0xff, 0xdf, 0xff,
    0xdf, 0xff, 0xdf, 0xff, 0xbe, 0xf7, 0xff, 0xff, 0xf8, 0xbd, 0xc5, 0x08, 0xa8, 0x29, 0x1c, 0xe7,
    0xff, 0xff, 0xbe, 0xf7, 0xdf, 0xff, 0xdf, 0xff, 0xdf, 0xff, 0xdf, 0xff, 0xdf, 0xff, 0xdf, 0xff,
    0xdf, 0xff, 0xdf, 0xff, 0xdf, 0xff, 0xbe, 0xf7, 0xff, 0xff, 0x97, 0xad, 0xe6, 0x10, 0x47, 0x21,
    0x47, 0x19, 0x47, 0x19, 0x47, 0x19, 0x47, 0x19, 0x47, 0x19, 0x47, 0x19, 0x47, 0x19, 0x47, 0x19,
    0x47, 0x19, 0x47, 0x19, 0x47, 0x19, 0x47, 0x19, 0x47, 0x19, 0x47, 0x19, 0x47, 0x19, 0x67, 0x21,
    0xe6, 0x10, 0xed, 0x52, 0xdf, 0xff, 0xdf, 0xff, 0xbe, 0xf7, 0xdf, 0xff, 0xdf, 0xff, 0xdf, 0xff,
    0xdf, 0xff, 0xdf, 0xff, 0xdf, 0xff, 0xdf, 0xff, 0xbe, 0xf7, 0xff, 0xff, 0x39, 0xc6, 0x27, 0x19,
    0x26, 0x19, 0x68, 0x21, 0xe5, 0x10, 0x35, 0xa5, 0xff, 0xff, 0xbe, 0xf7, 0xdf, 0xff, 0xdf, 0xff,
    0xbe, 0xf7, 0xff, 0xff, 0x5d, 0xef, 0x2e, 0x5b, 0xc5, 0x08, 0x47, 0x21, 0x47, 0x19, 0x47, 0x19,
    0x47, 0x19, 0x47, 0x19, 0x47, 0x19, 0x47, 0x19, 0x47, 0x19, 0x47, 0x19, 0x47, 0x19, 0x47, 0x19,
    0x47, 0x19, 0x47, 0x19, 0x47, 0x19, 0x47, 0x19, 0x47, 0x19, 0x47, 0x19, 0x47, 0x19, 0x47, 0x19,
    0x47, 0x19, 0x47, 0x19, 0x47, 0x19, 0x47, 0x19, 0x47, 0x19, 0x47, 0x19, 0x47, 0x19, 0x47, 0x19,
    0x47, 0x19, 0x47, 0x19, 0x47, 0x19, 0x47, 0x19, 0x47, 0x19, 0x47, 0x19, 0x47, 0x19, 0x47, 0x19,
    0x47, 0x19, 0x47, 0x19, 0x47, 0x19, 0x47, 0x19, 0x47, 0x19, 0x47, 0x19, 0x47, 0x19, 0x47, 0x19,
    0x47, 0x19, 0x47, 0x19, 0x47, 0x19, 0x47, 0x19, 0x47, 0x19, 0x47, 0x19, 0x47, 0x19, 0x47, 0x19,
    0x47, 0x19, 0x47, 0x19, 0x47, 0x19, 0x47, 0x19, 0x47, 0x19, 0x47, 0x19, 0x47, 0x19, 0x47, 0x19,
    0x47, 0x19, 0x47, 0x19, 0x47, 0x19, 0x47, 0x19, 0x47, 0x19, 0x47, 0x19, 0x47, 0x19, 0x47, 0x19,
    0x47, 0x19, 0x47, 0x19, 0x47, 0x19, 0x47, 0x19, 0x47, 0x19, 0x47, 0x19, 0x47, 0x19, 0x47, 0x19,
    0x47, 0x19, 0x47, 0x19, 0x47, 0x19, 0x47, 0x19, 0x47, 0x19, 0x47, 0x19, 0x47, 0x19, 0x47, 0x19,
    0x47, 0x19, 0x47, 0x19, 0x47, 0x19, 0x47, 0x19, 0x47, 0x19, 0x47, 0x19, 0x47, 0x19, 0x47, 0x19,
    0x47, 0x19, 0x47, 0x19, 0x47, 0x19, 0x47, 0x19, 0x47, 0x19, 0x47, 0x19, 0x47, 0x19, 0x47, 0x19,
    0x47, 0x19, 0x47, 0x19, 0x47, 0x19, 0x47, 0x19, 0x47, 0x19, 0x47, 0x19, 0x47, 0x19, 0x47, 0x19,
    0x47, 0x19, 0x47, 0x19, 0x47, 0x19, 0x47, 0x19, 0x47, 0x19, 0x47, 0x19, 0x47, 0x19, 0x47, 0x19,
    0x47, 0x19, 0x27, 0x19, 0x59, 0xc6, 0xff, 0xff, 0xbe, 0xf7, 0xdf, 0xff, 0xdf, 0xff, 0xdf, 0xff,
    0xdf, 0xff, 0xbe, 0xf7, 0xff, 0xff, 0xf4, 0x94, 0xc5, 0x10, 0x67, 0x21, 0x27, 0x19, 0x47, 0x19,
    0x9a, 0xce, 0xff, 0xff, 0xbe, 0xf7, 0xdf, 0xff, 0xdf, 0xff, 0xdf, 0xff, 0xdf, 0xff, 0xdf, 0xff,
    0xdf, 0xff, 0xdf, 0xff, 0xdf, 0xff, 0xdf, 0xff, 0xbe, 0xf7, 0xff, 0xff, 0x5d, 0xe7, 0x0a, 0x3a,
    0x06, 0x11, 0x67, 0x21, 0x47, 0x19, 0x47, 0x19, 0x47, 0x19, 0x47, 0x21, 0xe6, 0x10, 0x35, 0xa5,
    0xff, 0xff, 0xbe, 0xf7, 0xdf, 0xff, 0xdf, 0xff, 0xdf, 0xff, 0xdf, 0xff, 0xdf, 0xff, 0xbe, 0xf7,
    0xdf, 0xff, 0x7d, 0xef, 0x0a, 0x3a, 0x06, 0x19, 0x47, 0x19, 0x47, 0x19, 0x47, 0x19, 0x47, 0x19,
    0x47, 0x19, 0x47, 0x19, 0x67, 0x21, 0xc5, 0x10, 0x73, 0x8c, 0xff, 0xff, 0xbe, 0xf7, 0xdf, 0xff,
    0xdf, 0xff, 0xdf, 0xff, 0xdf, 0xff, 0xdf, 0xff, 0xdf, 0xff, 0xdf, 0xff, 0xbe, 0xf7, 0xff, 0xff,
    0xfc, 0xde, 0x88, 0x29, 0x27, 0x19, 0x47, 0x19, 0x47, 0x19, 0x47, 0x19, 0x47, 0x19, 0x47, 0x19,
    0x47, 0x19, 0x47, 0x19, 0x47, 0x19, 0x47, 0x19, 0x47, 0x19, 0x67, 0x21, 0xc5, 0x08, 0x11, 0x7c,
    0xff, 0xff, 0xbe, 0xf7, 0xdf, 0xff, 0xdf, 0xff, 0xdf, 0xff, 0xdf, 0xff, 0xdf, 0xff, 0xdf, 0xff,
    0xdf, 0xff, 0xdf, 0xff, 0xdf, 0xff, 0xbe, 0xf7, 0x6b, 0x42, 0x26, 0x19, 0xe6, 0x10, 0xd4, 0x94,
    0xff, 0xff, 0xbe, 0xf7, 0xdf, 0xff, 0xdf, 0xff, 0xdf, 0xff, 0xdf, 0xff, 0xdf, 0xff, 0xdf, 0xff,
    0xdf, 0xff, 0xdf, 0xff, 0xdf, 0xff, 0xbe, 0xf7, 0xff, 0xff, 0x39, 0xc6, 0x26, 0x19, 0x47, 0x19,
    0x47, 0x19, 0x47, 0x19, 0x47, 0x19, 0x47, 0x19, 0x47, 0x19, 0x47, 0x19, 0x47, 0x19, 0x47, 0x19,
    0x47, 0x19, 0x47, 0x19, 0x47, 0x19, 0x47, 0x19, 0x47, 0x19, 0x47, 0x19, 0x47, 0x19, 0x47, 0x19,
    0x67, 0x21, 0xc5, 0x10, 0xf0, 0x73, 0xff, 0xff, 0xbe, 0xf7, 0xbe, 0xf7, 0xdf, 0xff, 0xdf, 0xff,
    0xdf, 0xff, 0xdf, 0xff, 0xdf, 0xff, 0xdf, 0xff, 0xdf, 0xff, 0xbe, 0xf7, 0xff, 0xff, 0x97, 0xb5,
    0x47, 0x19, 0x06, 0x11, 0x27, 0x19, 0x0a, 0x3a, 0x7d, 0xef, 0xff, 0xff, 0x9e, 0xf7, 0xbe, 0xf7,
    0xff, 0xff, 0xbb, 0xd6, 0x4b, 0x42, 0xe5, 0x10, 0x67, 0x21, 0x47, 0x19, 0x47, 0x19, 0x47, 0x19,
    0x47, 0x19, 0x47, 0x19, 0x47, 0x19, 0x47, 0x19, 0x47, 0x19, 0x47, 0x19, 0x47, 0x19, 0x47, 0x19,
    0x47, 0x19, 0x47, 0x19, 0x47, 0x19, 0x47, 0x19, 0x47, 0x19, 0x47, 0x19, 0x47, 0x19, 0x47, 0x19,
    0x47, 0x19, 0x47, 0x19, 0x47, 0x19, 0x47, 0x19, 0x47, 0x19, 0x47, 0x19, 0x47, 0x19, 0x47, 0x19,
    0x47, 0x19, 0x47, 0x19, 0x47, 0x19, 0x47, 0x19, 0x47, 0x19, 0x47, 0x19, 0x47, 0x19, 0x47, 0x19,
    0x47, 0x19, 0x47, 0x19, 0x47, 0x19, 0x47, 0x19, 0x47, 0x19, 0x47, 0x19, 0x47, 0x19, 0x47, 0x19,
    0x47, 0x19, 0x47, 0x19, 0x47, 0x19, 0x47, 0x19, 0x47, 0x19, 0x47, 0x19, 0x47, 0x19, 0x47, 0x19,
    0x47, 0x19, 0x47, 0x19, 0x47, 0x19, 0x47, 0x19, 0x47, 0x19, 0x47, 0x19, 0x47, 0x19, 0x47, 0x19,
    0x47, 0x19, 0x47, 0x19, 0x47, 0x19, 0x47, 0x19, 0x47, 0x19, 0x47, 0x19, 0x47, 0x19, 0x47, 0x19,
    0x47, 0x19, 0x47, 0x19, 0x47, 0x19, 0x47, 0x19, 0x47, 0x19, 0x47, 0x19, 0x47, 0x19, 0x47, 0x19,
    0x47, 0x19, 0x47, 0x19, 0x47, 0x19, 0x47, 0x19, 0x47, 0x19, 0x47, 0x19, 0x47, 0x19, 0x47, 0x19,
    0x47, 0x19, 0x47, 0x19, 0x47, 0x19, 0x47, 0x19, 0x47, 0x19, 0x47, 0x19, 0x47, 0x19, 0x47, 0x19,
    0x47, 0x19, 0x47, 0x19, 0x47, 0x19, 0x47, 0x19, 0x47, 0x19, 0x47, 0x19, 0x47, 0x19, 0x47, 0x19,
    0x47, 0x19, 0x47, 0x19, 0x47, 0x19, 0x47, 0x19, 0x47, 0x19, 0x47, 0x19, 0x47, 0x19, 0x47, 0x19,
    0x47, 0x19, 0x47, 0x19, 0x47, 0x19, 0x47, 0x19, 0x47, 0x19, 0x47, 0x19, 0x47, 0x19, 0x47, 0x19,
    0x47, 0x19, 0x06, 0x19, 0xf8, 0xbd, 0xff, 0xff, 0xbe, 0xf7, 0xdf, 0xff, 0xdf, 0xff, 0xdf, 0xff,
    0xdf, 0xff, 0xbe, 0xf7, 0xff, 0xff, 0x9a, 0xce, 0x47, 0x19, 0x47, 0x21, 0xe5, 0x10, 0xf4, 0x9c,
    0xff, 0xff, 0xbe, 0xf7, 0xdf, 0xff, 0xdf, 0xff, 0xdf, 0xff, 0xdf, 0xff, 0xdf, 0xff, 0xdf, 0xff,
    0xdf, 0xff, 0xdf, 0xff, 0xdf, 0xff, 0xbe, 0xf7, 0xdf, 0xff, 0xbe, 0xf7, 0xcd, 0x52, 0xe6, 0x10,
    0x67, 0x21, 0x47, 0x19, 0x47, 0x19, 0x47, 0x19, 0x47, 0x19, 0x47, 0x21, 0xe6, 0x10, 0x35, 0xa5,
    0xff, 0xff, 0xbe, 0xf7, 0xdf, 0xff, 0xdf, 0xff, 0xdf, 0xff, 0xdf, 0xff, 0xdf, 0xff, 0xdf, 0xff,
    0xdf, 0xff, 0xff, 0xff, 0xcd, 0x52, 0xe6, 0x10, 0x47, 0x21, 0x47, 0x19, 0x47, 0x19, 0x47, 0x19,
    0x47, 0x19, 0x47, 0x19, 0x67, 0x21, 0xc5, 0x10, 0xb3, 0x8c, 0xff, 0xff, 0xbe, 0xf7, 0xdf, 0xff,
    0xdf, 0xff, 0xdf, 0xff, 0xdf, 0xff, 0xdf, 0xff, 0xdf, 0xff, 0xdf, 0xff, 0xbe, 0xf7, 0xff, 0xff,
    0x39, 0xc6, 0x26, 0x19, 0x47, 0x19, 0x47, 0x19, 0x47, 0x19, 0x47, 0x19, 0x47, 0x19, 0x47, 0x19,
    0x47, 0x19, 0x47, 0x19, 0x47, 0x19, 0x47, 0x19, 0x47, 0x19, 0x67, 0x21, 0xc5, 0x08, 0x93, 0x8c,
    0xff, 0xff, 0xbe, 0xf7, 0xdf, 0xff, 0xdf, 0xff, 0xdf, 0xff, 0xdf, 0xff, 0xdf, 0xff, 0xdf, 0xff,
    0xdf, 0xff, 0xbe, 0xf7, 0xff, 0xff, 0xb7, 0xb5, 0xe6, 0x10, 0x67, 0x21, 0xe6, 0x10, 0x2e, 0x5b,
    0xff, 0xff, 0xbe, 0xf7, 0xdf, 0xff, 0xdf, 0xff, 0xdf, 0xff, 0xdf, 0xff, 0xdf, 0xff, 0xdf, 0xff,
    0xdf, 0xff, 0xdf, 0xff, 0xdf, 0xff, 0xbe, 0xf7, 0xff, 0xff, 0x9a, 0xd6, 0x47, 0x21, 0x47, 0x19,
    0x47, 0x19, 0x47, 0x19, 0x47, 0x19, 0x47, 0x19, 0x47, 0x19, 0x47, 0x19, 0x47, 0x19, 0x47, 0x19,
    0x47, 0x19, 0x47, 0x19, 0x47, 0x19, 0x47, 0x19, 0x47, 0x19, 0x47, 0x19, 0x47, 0x19, 0x47, 0x19,
    0x47, 0x19, 0x47, 0x21, 0xc5, 0x10, 0x31, 0x7c, 0xff, 0xff, 0xdf, 0xff, 0xbe, 0xf7, 0xdf, 0xff,
    0xdf, 0xff, 0xdf, 0xff, 0xdf, 0xff, 0xdf, 0xff, 0xdf, 0xff, 0xdf, 0xff, 0xbe, 0xf7, 0xff, 0xff,
    0x59, 0xc6, 0x2a, 0x3a, 0xe6, 0x10, 0xe6, 0x10, 0x8f, 0x6b, 0xdf, 0xff, 0xff, 0xff, 0xff, 0xff,
    0x96, 0xad, 0x88, 0x21, 0xe6, 0x10, 0x67, 0x21, 0x47, 0x19, 0x47, 0x19, 0x47, 0x19, 0x47, 0x19,
    0x47, 0x19, 0x47, 0x19, 0x47, 0x19, 0x47, 0x19, 0x47, 0x19, 0x47, 0x19, 0x47, 0x19, 0x47, 0x19,
    0x47, 0x19, 0x47, 0x19, 0x47, 0x19, 0x47, 0x19, 0x47, 0x19, 0x47, 0x19, 0x47, 0x19, 0x47, 0x19,
    0x47, 0x19, 0x47, 0x19, 0x47, 0x19, 0x47, 0x19, 0x47, 0x19, 0x47, 0x19, 0x47, 0x19, 0x47, 0x19,
    0x47, 0x19, 0x47, 0x19, 0x47, 0x19, 0x47, 0x19, 0x47, 0x19, 0x47, 0x19, 0x47, 0x19, 0x47, 0x19,
    0x47, 0x19, 0x47, 0x19, 0x47, 0x19, 0x47, 0x19, 0x47, 0x19, 0x47, 0x19, 0x47, 0x19, 0x47, 0x19,
    0x47, 0x19, 0x47, 0x19, 0x47, 0x19, 0x47, 0x19, 0x47, 0x19, 0x47, 0x19, 0x47, 0x19, 0x47, 0x19,
    0x47, 0x19, 0x47, 0x19, 0x47, 0x19, 0x47, 0x19, 0x47, 0x19, 0x47, 0x19, 0x47, 0x19, 0x47, 0x19,
    0x47, 0x19, 0x47, 0x19, 0x47, 0x19, 0x47, 0x19, 0x47, 0x19, 0x47, 0x19, 0x47, 0x19, 0x47, 0x19,
    0x47, 0x19, 0x47, 0x19, 0x47, 0x19, 0x47, 0x19, 0x47, 0x19, 0x47, 0x19, 0x47, 0x19, 0x47, 0x19,
    0x47, 0x19, 0x47, 0x19, 0x47, 0x19, 0x47, 0x19, 0x47, 0x19, 0x47, 0x19, 0x47, 0x19, 0x47, 0x19,
    0x47, 0x19, 0x47, 0x19, 0x47, 0x19, 0x47, 0x19, 0x47, 0x19, 0x47, 0x19, 0x47, 0x19, 0x47, 0x19,
    0x47, 0x19, 0x47, 0x19, 0x47, 0x19, 0x47, 0x19, 0x47, 0x19, 0x47, 0x19, 0x47, 0x19, 0x47, 0x19,
    0x47, 0x19, 0x47, 0x19, 0x47, 0x19, 0x47, 0x19, 0x47, 0x19, 0x47, 0x19, 0x47, 0x19, 0x47, 0x19,
    0x47, 0x19, 0x47, 0x19, 0x47, 0x19, 0x47, 0x19, 0x47, 0x19, 0x47, 0x19, 0x47, 0x19, 0x47, 0x19,
    0x47, 0x19, 0x06, 0x11, 0xb7, 0xb5, 0xff, 0xff, 0xbe, 0xf7, 0xdf, 0xff, 0xdf, 0xff, 0xdf, 0xff,
    0xdf, 0xff, 0xbe, 0xf7, 0xdf, 0xff, 0xbf, 0xf7, 0x6b, 0x42, 0x64, 0x00, 0x31, 0x7c, 0xff, 0xff,
    0xbe, 0xf7, 0xdf, 0xff, 0xdf, 0xff, 0xdf, 0xff, 0xdf, 0xff, 0xdf, 0xff, 0xdf, 0xff, 0xdf, 0xff,
    0xdf, 0xff, 0xdf, 0xff, 0xbe, 0xf7, 0xdf, 0xff, 0xdf, 0xff, 0x6f, 0x63, 0xe5, 0x10, 0x67, 0x21,
    0x47, 0x19, 0x47, 0x19, 0x47, 0x19, 0x47, 0x19, 0x47, 0x19, 0x47, 0x21, 0xe6, 0x10, 0x35, 0xa5,
    0xff, 0xff, 0xbe, 0xf7, 0xdf, 0xff, 0xdf, 0xff, 0xdf, 0xff, 0xdf, 0xff, 0xdf, 0xff, 0xdf, 0xff,
    0xbe, 0xf7, 0xff, 0xff, 0xd0, 0x73, 0xc5, 0x10, 0x67, 0x21, 0x47, 0x19, 0x47, 0x19, 0x47, 0x19,
    0x47, 0x19, 0x47, 0x19, 0x67, 0x21, 0xe5, 0x10, 0xd4, 0x94, 0xff, 0xff, 0xbe, 0xf7, 0xdf, 0xff,
    0xdf, 0xff, 0xdf, 0xff, 0xdf, 0xff, 0xdf, 0xff, 0xdf, 0xff, 0xdf, 0xff, 0xbe, 0xf7, 0xff, 0xff,
    0x35, 0xa5, 0xe6, 0x10, 0x47, 0x21, 0x47, 0x19, 0x47, 0x19, 0x47, 0x19, 0x47, 0x19, 0x47, 0x19,
    0x47, 0x19, 0x47, 0x19, 0x47, 0x19, 0x47, 0x19, 0x47, 0x19, 0x67, 0x21, 0xe5, 0x10, 0xf4, 0x9c,
    0xff, 0xff, 0xbe, 0xf7, 0xdf, 0xff, 0xdf, 0xff, 0xdf, 0xff, 0xdf, 0xff, 0xdf, 0xff, 0xdf, 0xff,
    0xdf, 0xff, 0xbe, 0xf7, 0xff, 0xff, 0x4e, 0x63, 0xe6, 0x10, 0x67, 0x21, 0x06, 0x11, 0x4b, 0x42,
    0xbe, 0xf7, 0xdf, 0xff, 0xbe, 0xf7, 0xdf, 0xff, 0xdf, 0xff, 0xdf, 0xff, 0xdf, 0xff, 0xdf, 0xff,
    0xdf, 0xff, 0xdf, 0xff, 0xdf, 0xff, 0xbe, 0xf7, 0xff, 0xff, 0xdb, 0xde, 0x68, 0x21, 0x27, 0x19,
    0x47, 0x19, 0x47, 0x19, 0x47, 0x19, 0x47, 0x19, 0x47, 0x19, 0x47, 0x19, 0x47, 0x19, 0x47, 0x19,
    0x47, 0x19, 0x47, 0x19, 0x47, 0x19, 0x47, 0x19, 0x47, 0x19, 0x47, 0x19, 0x47, 0x19, 0x47, 0x19,
    0x47, 0x19, 0x47, 0x19, 0x47, 0x19, 0xe5, 0x10, 0xf0, 0x73, 0xdf, 0xff, 0xff, 0xff, 0xbe, 0xf7,
    0xdf, 0xff, 0xdf, 0xff, 0xdf, 0xff, 0xdf, 0xff, 0xdf, 0xff, 0xdf, 0xff, 0xdf, 0xff, 0xbe, 0xf7,
    0xff, 0xff, 0x7d, 0xef, 0x11, 0x7c, 0x47, 0x19, 0x84, 0x00, 0x2e, 0x63, 0x18, 0xbe, 0xd0, 0x73,
    0x06, 0x11, 0x26, 0x19, 0x67, 0x21, 0x47, 0x19, 0x47, 0x19, 0x47, 0x19, 0x47, 0x19, 0x47, 0x19,
    0x47, 0x19, 0x47, 0x19, 0x47, 0x19, 0x47, 0x19, 0x47, 0x19, 0x47, 0x19, 0x47, 0x19, 0x47, 0x19,
    0x47, 0x19, 0x47, 0x19, 0x47, 0x19, 0x47, 0x19, 0x47, 0x19, 0x47, 0x19, 0x47, 0x19, 0x47, 0x19,
    0x47, 0x19, 0x47, 0x19, 0x47, 0x19, 0x47, 0x19, 0x47, 0x19, 0x47, 0x19, 0x47, 0x19, 0x47, 0x19,
    0x47, 0x19, 0x47, 0x19, 0x47, 0x19, 0x47, 0x19, 0x47, 0x19, 0x47, 0x19, 0x47, 0x19, 0x47, 0x19,
    0x47, 0x19, 0x47, 0x19, 0x47, 0x19, 0x47, 0x19, 0x47, 0x19, 0x47, 0x19, 0x47, 0x19, 0x47, 0x19,
    0x47, 0x19, 0x47, 0x19, 0x47, 0x19, 0x47, 0x19, 0x47, 0x19, 0x47, 0x19, 0x47, 0x19, 0x47, 0x19,
    0x47, 0x19, 0x47, 0x19, 0x47, 0x19, 0x47, 0x19, 0x47, 0x19, 0x47, 0x19, 0x47, 0x19, 0x47, 0x19,
    0x47, 0x19, 0x47, 0x19, 0x47, 0x19, 0x47, 0x19, 0x47, 0x19, 0x47, 0x19, 0x47, 0x19, 0x47, 0x19,
    0x47, 0x19, 0x47, 0x19, 0x47, 0x19, 0x47, 0x19, 0x47, 0x19, 0x47, 0x19, 0x47, 0x19, 0x47, 0x19,
    0x47, 0x19, 0x47, 0x19, 0x47, 0x19, 0x47, 0x19, 0x47, 0x19, 0x47, 0x19, 0x47, 0x19, 0x47, 0x19,
    0x47, 0x19, 0x47, 0x19, 0x47, 0x19, 0x47, 0x19, 0x47, 0x19, 0x47, 0x19, 0x47, 0x19, 0x47, 0x19,
    0x47, 0x19, 0x47, 0x19, 0x47, 0x19, 0x47, 0x19, 0x47, 0x19, 0x47, 0x19, 0x47, 0x19, 0x47, 0x19,
    0x47, 0x19, 0x47, 0x19, 0x47, 0x19, 0x47, 0x19, 0x47, 0x19, 0x47, 0x19, 0x47, 0x19, 0x47, 0x19,
    0x47, 0x19, 0x47, 0x19, 0x47, 0x19, 0x47, 0x19, 0x47, 0x19, 0x47, 0x19, 0x47, 0x19, 0x47, 0x19,
    0x47, 0x21, 0xe6, 0x10, 0x56, 0xa5, 0xff, 0xff, 0xbe, 0xf7, 0xdf, 0xff, 0xdf, 0xff, 0xdf, 0xff,
    0xdf, 0xff, 0xdf, 0xff, 0xbe, 0xf7, 0xff, 0xff, 0x35, 0xa5, 0xd0, 0x73, 0xff, 0xff, 0xdf, 0xff,
    0xbe, 0xf7, 0xdf, 0xff, 0xdf, 0xff, 0xdf, 0xff, 0xdf, 0xff, 0xdf, 0xff, 0xdf, 0xff, 0xdf, 0xff,
    0xdf, 0xff, 0xbe, 0xf7, 0xdf, 0xff, 0xff, 0xff, 0xb0, 0x73, 0xc5, 0x08, 0x67, 0x21, 0x47, 0x19,
    0x47, 0x19, 0x47, 0x19, 0x47, 0x19, 0x47, 0x19, 0x47, 0x19, 0x67, 0x21, 0xe6, 0x10, 0x15, 0x9d,
    0xff, 0xff, 0xbe, 0xf7, 0xdf, 0xff, 0xdf, 0xff, 0xdf, 0xff, 0xdf, 0xff, 0xdf, 0xff, 0xdf, 0xff,
    0xbe, 0xf7, 0xff, 0xff, 0x15, 0x9d, 0xe5, 0x10, 0x67, 0x21, 0x47, 0x19, 0x47, 0x19, 0x47, 0x19,
    0x47, 0x19, 0x47, 0x19, 0x67, 0x21, 0xe5, 0x10, 0xf4, 0x94, 0xff, 0xff, 0xbe, 0xf7, 0xdf, 0xff,
    0xdf, 0xff, 0xdf, 0xff, 0xdf, 0xff, 0xdf, 0xff, 0xdf, 0xff, 0xdf, 0xff, 0xbe, 0xf7, 0xff, 0xff,
    0x32, 0x7c, 0xc5, 0x08, 0x67, 0x21, 0x47, 0x19, 0x47, 0x19, 0x47, 0x19, 0x47, 0x19, 0x47, 0x19,
    0x47, 0x19, 0x47, 0x19, 0x47, 0x19, 0x47, 0x19, 0x47, 0x19, 0x67, 0x21, 0xe5, 0x10, 0x35, 0xa5,
    0xff, 0xff, 0xbe, 0xf7, 0xdf, 0xff, 0xdf, 0xff, 0xdf, 0xff, 0xdf, 0xff, 0xdf, 0xff, 0xdf, 0xff,
    0xbe, 0xf7, 0xff, 0xff, 0x1c, 0xe7, 0xa8, 0x29, 0x27, 0x19, 0x67, 0x21, 0x26, 0x19, 0xc9, 0x29,
    0x3c, 0xe7, 0xff, 0xff, 0xbe, 0xf7, 0xdf, 0xff, 0xdf, 0xff, 0xdf, 0xff, 0xdf, 0xff, 0xdf, 0xff,
    0xdf, 0xff, 0xdf, 0xff, 0xdf, 0xff, 0xbe, 0xf7, 0xff, 0xff, 0x1c, 0xdf, 0x88, 0x21, 0x27, 0x19,
    0x47, 0x19, 0x47, 0x19, 0x47, 0x19, 0x47, 0x19, 0x47, 0x19, 0x47, 0x19, 0x47, 0x19, 0x47, 0x19,
    0x47, 0x19, 0x47, 0x19, 0x47, 0x19, 0x47, 0x19, 0x47, 0x19, 0x47, 0x19, 0x47, 0x19, 0x47, 0x19,
    0x47, 0x19, 0x47, 0x19, 0x47, 0x19, 0x47, 0x21, 0xc5, 0x10, 0x2e, 0x5b, 0x7d, 0xef, 0xff, 0xff,
    0xbe, 0xf7, 0xbe, 0xf7, 0xdf, 0xff, 0xdf, 0xff, 0xdf, 0xff, 0xdf, 0xff, 0xdf, 0xff, 0xdf, 0xff,
    0xbe, 0xf7, 0xdf, 0xff, 0xff, 0xff, 0x7a, 0xce, 0x0d, 0x5b, 0xa5, 0x08, 0xa5, 0x08, 0xe6, 0x10,
    0x67, 0x21, 0x47, 0x21, 0x47, 0x19, 0x47, 0x19, 0x47, 0x19, 0x47, 0x19, 0x47, 0x19, 0x47, 0x19,
    0x47, 0x19, 0x47, 0x19, 0x47, 0x19, 0x47, 0x19, 0x47, 0x19, 0x47, 0x19, 0x47, 0x19, 0x47, 0x19,
    0x47, 0x19, 0x47, 0x19, 0x47, 0x19, 0x47, 0x19, 0x47, 0x19, 0x47, 0x19, 0x47, 0x19, 0x47, 0x19,
    0x47, 0x19, 0x47, 0x19, 0x47, 0x19, 0x47, 0x19, 0x47, 0x19, 0x47, 0x19, 0x47, 0x19, 0x47, 0x19,
    0x47, 0x19, 0x47, 0x19, 0x47, 0x19, 0x47, 0x19, 0x47, 0x19, 0x47, 0x19, 0x47, 0x19, 0x47, 0x19,
    0x47, 0x19, 0x47, 0x19, 0x47, 0x19, 0x47, 0x19, 0x47, 0x19, 0x47, 0x19, 0x47, 0x19, 0x47, 0x19,
    0x47, 0x19, 0x47, 0x19, 0x47, 0x19, 0x47, 0x19, 0x47, 0x19, 0x47, 0x19, 0x47, 0x19, 0x47, 0x19,
    0x47, 0x19, 0x47, 0x19, 0x47, 0x19, 0x47, 0x19, 0x47, 0x19, 0x47, 0x19, 0x47, 0x19, 0x47, 0x19,
    0x47, 0x19, 0x47, 0x19, 0x47, 0x19, 0x47, 0x19, 0x47, 0x19, 0x47, 0x19, 0x47, 0x19, 0x47, 0x19,
    0x47, 0x19, 0x47, 0x19, 0x47, 0x19, 0x47, 0x19, 0x47, 0x19, 0x47, 0x19, 0x47, 0x19, 0x47, 0x19,
    0x47, 0x19, 0x47, 0x19, 0x47, 0x19, 0x47, 0x19, 0x47, 0x19, 0x47, 0x19, 0x47, 0x19, 0x47, 0x19,
    0x47, 0x19, 0x47, 0x19, 0x47, 0x19, 0x47, 0x19, 0x47, 0x19, 0x47, 0x19, 0x47, 0x19, 0x47, 0x19,
    0x47, 0x19, 0x47, 0x19, 0x47, 0x19, 0x47, 0x19, 0x47, 0x19, 0x47, 0x19, 0x47, 0x19, 0x47, 0x19,
    0x47, 0x19, 0x47, 0x19, 0x47, 0x19, 0x47, 0x19, 0x47, 0x19, 0x47, 0x19, 0x47, 0x19, 0x47, 0x19,
    0x47, 0x19, 0x47, 0x19, 0x47, 0x19, 0x47, 0x19, 0x47, 0x19, 0x47, 0x19, 0x47, 0x19, 0x47, 0x19,
    0x67, 0x21, 0xe5, 0x10, 0xf4, 0x9c, 0xff, 0xff, 0xbe, 0xf7, 0xdf, 0xff, 0xdf, 0xff, 0xdf, 0xff,
    0xdf, 0xff, 0xdf, 0xff, 0xdf, 0xff, 0xdf, 0xff, 0xff, 0xff, 0xff, 0xff, 0xdf, 0xff, 0xbe, 0xf7,
    0xdf, 0xff, 0xdf, 0xff, 0xdf, 0xff, 0xdf, 0xff, 0xdf, 0xff, 0xdf, 0xff, 0xdf, 0xff, 0xdf, 0xff,
    0xbe, 0xf7, 0xdf, 0xff, 0xff, 0xff, 0xd0, 0x73, 0xc5, 0x08, 0x67, 0x21, 0x47, 0x19, 0x47, 0x19,
    0x47, 0x19, 0x47, 0x19, 0x47, 0x19, 0x47, 0x19, 0x47, 0x19, 0x67, 0x21, 0xe5, 0x10, 0xd4, 0x94,
    0xff, 0xff, 0xbe, 0xf7, 0xdf, 0xff, 0xdf, 0xff, 0xdf, 0xff, 0xdf, 0xff, 0xdf, 0xff, 0xdf, 0xff,
    0xbe, 0xf7, 0xff, 0xff, 0x59, 0xc6, 0x27, 0x19, 0x47, 0x19, 0x47, 0x19, 0x47, 0x19, 0x47, 0x19,
    0x47, 0x19, 0x47, 0x19, 0x47, 0x21, 0xe5, 0x10, 0xf4, 0x9c, 0xff, 0xff, 0xbe, 0xf7, 0xdf, 0xff,
    0xdf, 0xff, 0xdf, 0xff, 0xdf, 0xff, 0xdf, 0xff, 0xdf, 0xff, 0xdf, 0xff, 0xbe, 0xf7, 0xff, 0xff,
    0x2e, 0x5b, 0xe6, 0x10, 0x67, 0x21, 0x47, 0x19, 0x47, 0x19, 0x47, 0x19, 0x47, 0x19, 0x47, 0x19,
    0x47, 0x19, 0x47, 0x19, 0x47, 0x19, 0x47, 0x19, 0x47, 0x19, 0x67, 0x21, 0xe6, 0x10, 0x56, 0xa5,
    0xff, 0xff, 0xbe, 0xf7, 0xdf, 0xff, 0xdf, 0xff, 0xdf, 0xff, 0xdf, 0xff, 0xdf, 0xff, 0xdf, 0xff,
    0xbe, 0xf7, 0xff, 0xff, 0xb7, 0xb5, 0x06, 0x11, 0x47, 0x21, 0x47, 0x19, 0x47, 0x19, 0x67, 0x21,
    0xbb, 0xd6, 0xff, 0xff, 0xbe, 0xf7, 0xdf, 0xff, 0xdf, 0xff, 0xdf, 0xff, 0xdf, 0xff, 0xdf, 0xff,
    0xdf, 0xff, 0xdf, 0xff, 0xdf, 0xff, 0xbe, 0xf7, 0xff, 0xff, 0x1c, 0xe7, 0xa8, 0x29, 0x27, 0x19,
    0x47, 0x19, 0x47, 0x19, 0x47, 0x19, 0x47, 0x19, 0x47, 0x19, 0x47, 0x19, 0x47, 0x19, 0x47, 0x19,
    0x47, 0x19, 0x47, 0x19, 0x47, 0x19, 0x47, 0x19, 0x47, 0x19, 0x47, 0x19, 0x47, 0x19, 0x47, 0x19,
    0x47, 0x19, 0x47, 0x19, 0x47, 0x19, 0x47, 0x19, 0x67, 0x21, 0xe5, 0x10, 0x2a, 0x3a, 0x59, 0xce,
    0xff, 0xff, 0xdf, 0xff, 0xbe, 0xf7, 0xdf, 0xff, 0xdf, 0xff, 0xdf, 0xff, 0xdf, 0xff, 0xdf, 0xff,
    0xdf, 0xff, 0xbe, 0xf7, 0xbe, 0xf7, 0xff, 0xff, 0xff, 0xff, 0xf8, 0xbd, 0xed, 0x52, 0x06, 0x11,
    0x06, 0x11, 0x47, 0x21, 0x47, 0x21, 0x47, 0x19, 0x47, 0x19, 0x47, 0x19, 0x47, 0x19, 0x47, 0x19,
    0x47, 0x19, 0x47, 0x19, 0x47, 0x19, 0x47, 0x19, 0x47, 0x19, 0x47, 0x19, 0x47, 0x19, 0x47, 0x19,
    0x47, 0x19, 0x47, 0x19, 0x47, 0x19, 0x47, 0x19, 0x47, 0x19, 0x47, 0x19, 0x47, 0x19, 0x47, 0x19,
    0x47, 0x19, 0x47, 0x19, 0x47, 0x19, 0x47, 0x19, 0x47, 0x19, 0x47, 0x19, 0x47, 0x19, 0x47, 0x19,
    0x47, 0x19, 0x47, 0x19, 0x47, 0x19, 0x47, 0x19, 0x47, 0x19, 0x47, 0x19, 0x47, 0x19, 0x47, 0x19,
    0x47, 0x19, 0x47, 0x19, 0x47, 0x19, 0x47, 0x19, 0x47, 0x19, 0x47, 0x19, 0x47, 0x19, 0x47, 0x19,
    0x47, 0x19, 0x47, 0x19, 0x47, 0x19, 0x47, 0x19, 0x47, 0x19, 0x47, 0x19, 0x47, 0x19, 0x47, 0x19,
    0x47, 0x19, 0x47, 0x19, 0x47, 0x19, 0x47, 0x19, 0x47, 0x19, 0x47, 0x19, 0x47, 0x19, 0x47, 0x19,
    0x47, 0x19, 0x47, 0x19, 0x47, 0x19, 0x47, 0x19, 0x47, 0x19, 0x47, 0x19, 0x47, 0x19, 0x47, 0x19,
    0x47, 0x19, 0x47, 0x19, 0x47, 0x19, 0x47, 0x19, 0x47, 0x19, 0x47, 0x19, 0x47, 0x19, 0x47, 0x19,
    0x47, 0x19, 0x47, 0x19, 0x47, 0x19, 0x47, 0x19, 0x47, 0x19, 0x47, 0x19, 0x47, 0x19, 0x47, 0x19,
    0x47, 0x19, 0x47, 0x19, 0x47, 0x19, 0x47, 0x19, 0x47, 0x19, 0x47, 0x19, 0x47, 0x19, 0x47, 0x19,
    0x47, 0x19, 0x47, 0x19, 0x47, 0x19, 0x47, 0x19, 0x47, 0x19, 0x47, 0x19, 0x47, 0x19, 0x47, 0x19,
    0x47, 0x19, 0x47, 0x19, 0x47, 0x19, 0x47, 0x19, 0x47, 0x19, 0x47, 0x19, 0x47, 0x19, 0x47, 0x19,
    0x47, 0x19, 0x47, 0x19, 0x47, 0x19, 0x47, 0x19, 0x47, 0x19, 0x47, 0x19, 0x47, 0x19, 0x47, 0x19,
    0x67, 0x21, 0xc5, 0x08, 0x93, 0x8c, 0xff, 0xff, 0xbe, 0xf7, 0xdf, 0xff, 0xdf, 0xff, 0xdf, 0xff,
    0xdf, 0xff, 0xdf, 0xff, 0xdf, 0xff, 0xdf, 0xff, 0xbe, 0xf7, 0xbe, 0xf7, 0xbe, 0xf7, 0xdf, 0xff,
    0xdf, 0xff, 0xdf, 0xff, 0xdf, 0xff, 0xdf, 0xff, 0xdf, 0xff, 0xdf, 0xff, 0xdf, 0xff, 0xbe, 0xf7,
    0xff, 0xff, 0xdf, 0xff, 0x8f, 0x6b, 0xc5, 0x08, 0x67, 0x21, 0x47, 0x19, 0x47, 0x19, 0x47, 0x19,
    0x47, 0x19, 0x47, 0x19, 0x47, 0x19, 0x47, 0x19, 0x47, 0x19, 0x67, 0x21, 0xc5, 0x08, 0xb3, 0x8c,
    0xff, 0xff, 0xbe, 0xf7, 0xdf, 0xff, 0xdf, 0xff, 0xdf, 0xff, 0xdf, 0xff, 0xdf, 0xff, 0xdf, 0xff,
    0xbe, 0xf7, 0xff, 0xff, 0x7d, 0xef, 0x0a, 0x32, 0x06, 0x11, 0x47, 0x21, 0x47, 0x19, 0x47, 0x19,
    0x47, 0x19, 0x47, 0x19, 0x47, 0x21, 0xe5, 0x10, 0xf4, 0x9c, 0xff, 0xff, 0xbe, 0xf7, 0xdf, 0xff,
    0xdf, 0xff, 0xdf, 0xff, 0xdf, 0xff, 0xdf, 0xff, 0xdf, 0xff, 0xbe, 0xf7, 0xdf, 0xff, 0xbe, 0xf7,
    0x6b, 0x42, 0x06, 0x11, 0x47, 0x21, 0x47, 0x19, 0x47, 0x19, 0x47, 0x19, 0x47, 0x19, 0x47, 0x19,
    0x47, 0x19, 0x47, 0x19, 0x47, 0x19, 0x47, 0x21, 0x47, 0x21, 0x47, 0x21, 0xe6, 0x10, 0x96, 0xad,
    0xff, 0xff, 0xbe, 0xf7, 0xdf, 0xff, 0xdf, 0xff, 0xdf, 0xff, 0xdf, 0xff, 0xdf, 0xff, 0xdf, 0xff,
    0xbe, 0xf7, 0xff, 0xff, 0x72, 0x8c, 0xc5, 0x08, 0x67, 0x21, 0x47, 0x19, 0x47, 0x19, 0x27, 0x19,
    0x7a, 0xce, 0xff, 0xff, 0xbe, 0xf7, 0xdf, 0xff, 0xdf, 0xff, 0xdf, 0xff, 0xdf, 0xff, 0xdf, 0xff,
    0xdf, 0xff, 0xdf, 0xff, 0xdf, 0xff, 0xbe, 0xf7, 0xff, 0xff, 0x1c, 0xe7, 0xa8, 0x29, 0x27, 0x19,
    0x47, 0x19, 0x47, 0x19, 0x47, 0x19, 0x47, 0x19, 0x47, 0x19, 0x47, 0x19, 0x47, 0x19, 0x47, 0x19,
    0x47, 0x19, 0x47, 0x19, 0x47, 0x19, 0x47, 0x19, 0x47, 0x19, 0x47, 0x19, 0x47, 0x19, 0x47, 0x19,
    0x47, 0x19, 0x47, 0x19, 0x47, 0x19, 0x47, 0x19, 0x47, 0x19, 0x67, 0x21, 0x06, 0x11, 0x47, 0x19,
    0x93, 0x8c, 0xbe, 0xf7, 0xff, 0xff, 0xbe, 0xf7, 0xbe, 0xf7, 0xdf, 0xff, 0xdf, 0xff, 0xdf, 0xff,
    0xdf, 0xff, 0xdf, 0xff, 0xdf, 0xff, 0xbe, 0xf7, 0xbe, 0xf7, 0xff, 0xff, 0xff, 0xff, 0xb7, 0xb5,
    0x8b, 0x42, 0xe6, 0x10, 0x06, 0x19, 0x67, 0x21, 0x47, 0x19, 0x47, 0x19, 0x47, 0x19, 0x47, 0x19,
    0x47, 0x19, 0x47, 0x19, 0x47, 0x19, 0x47, 0x19, 0x47, 0x19, 0x47, 0x19, 0x47, 0x19, 0x47, 0x19,
    0x47, 0x19, 0x47, 0x19, 0x47, 0x19, 0x47, 0x19, 0x47, 0x19, 0x47, 0x19, 0x47, 0x19, 0x47, 0x19,
    0x47, 0x19, 0x47, 0x19, 0x47, 0x19, 0x47, 0x19, 0x47, 0x19, 0x47, 0x19, 0x47, 0x19, 0x47, 0x19,
    0x47, 0x19, 0x47, 0x19, 0x47, 0x19, 0x47, 0x19, 0x47, 0x19, 0x47, 0x19, 0x47, 0x19, 0x47, 0x19,
    0x47, 0x19, 0x47, 0x19, 0x47, 0x19, 0x47, 0x19, 0x47, 0x19, 0x47, 0x19, 0x47, 0x19, 0x47, 0x19,
    0x47, 0x19, 0x47, 0x19, 0x47, 0x19, 0x47, 0x19, 0x47, 0x19, 0x47, 0x19, 0x47, 0x19, 0x47, 0x19,
    0x47, 0x19, 0x47, 0x19, 0x47, 0x19, 0x47, 0x19, 0x47, 0x19, 0x47, 0x19, 0x47, 0x19, 0x47, 0x19,
    0x47, 0x19, 0x47, 0x19, 0x47, 0x19, 0x47, 0x19, 0x47, 0x19, 0x47, 0x19, 0x47, 0x19, 0x47, 0x19,
    0x47, 0x19, 0x47, 0x19, 0x47, 0x19, 0x47, 0x19, 0x47, 0x19, 0x47, 0x19, 0x47, 0x19, 0x47, 0x19,
    0x47, 0x19, 0x47, 0x19, 0x47, 0x19, 0x47, 0x19, 0x47, 0x19, 0x47, 0x19, 0x47, 0x19, 0x47, 0x19,
    0x47, 0x19, 0x47, 0x19, 0x47, 0x19, 0x47, 0x19, 0x47, 0x19, 0x47, 0x19, 0x47, 0x19, 0x47, 0x19,
    0x47, 0x19, 0x47, 0x19, 0x47, 0x19, 0x47, 0x19, 0x47, 0x19, 0x47, 0x19, 0x47, 0x19, 0x47, 0x19,
    0x47, 0x19, 0x47, 0x19, 0x47, 0x19, 0x47, 0x19, 0x47, 0x19, 0x47, 0x19, 0x47, 0x19, 0x47, 0x19,
    0x47, 0x19, 0x47, 0x19, 0x47, 0x19, 0x47, 0x19, 0x47, 0x19, 0x47, 0x19, 0x47, 0x19, 0x47, 0x19,
    0x67, 0x21, 0xc5, 0x08, 0x31, 0x7c, 0xff, 0xff, 0xbe, 0xf7, 0xdf, 0xff, 0xdf, 0xff, 0xdf, 0xff,
    0xdf, 0xff, 0xdf, 0xff, 0xdf, 0xff, 0xdf, 0xff, 0xdf, 0xff, 0xdf, 0xff, 0xdf, 0xff, 0xdf, 0xff,
    0xdf, 0xff, 0xdf, 0xff, 0xdf, 0xff, 0xdf, 0xff, 0xdf, 0xff, 0xdf, 0xff, 0xbe, 0xf7, 0xff, 0xff,
    0x5d, 0xef, 0x0d, 0x5b, 0xc5, 0x10, 0x67, 0x21, 0x47, 0x19, 0x47, 0x19, 0x47, 0x19, 0x47, 0x19,
    0x47, 0x19, 0x47, 0x19, 0x47, 0x19, 0x47, 0x19, 0x47, 0x19, 0x67, 0x21, 0xc5, 0x10, 0x72, 0x8c,
    0xff, 0xff, 0xbe, 0xf7, 0xdf, 0xff, 0xdf, 0xff, 0xdf, 0xff, 0xdf, 0xff, 0xdf, 0xff, 0xdf, 0xff,
    0xdf, 0xff, 0xbe, 0xf7, 0xff, 0xff, 0x8f, 0x6b, 0xe5, 0x10, 0x67, 0x21, 0x47, 0x19, 0x47, 0x19,
    0x47, 0x19, 0x47, 0x19, 0x47, 0x21, 0xe6, 0x10, 0x15, 0x9d, 0xff, 0xff, 0xbe, 0xf7, 0xdf, 0xff,
    0xdf, 0xff, 0xdf, 0xff, 0xdf, 0xff, 0xdf, 0xff, 0xdf, 0xff, 0xbe, 0xf7, 0xff, 0xff, 0x3d, 0xe7,
    0xc9, 0x29, 0x26, 0x19, 0x47, 0x19, 0x47, 0x19, 0x47, 0x19, 0x47, 0x19, 0x47, 0x19, 0x47, 0x19,
    0x47, 0x19, 0x67, 0x21, 0x47, 0x19, 0xe6, 0x10, 0x06, 0x11, 0x67, 0x21, 0xe6, 0x10, 0x76, 0xad,
    0xff, 0xff, 0xbe, 0xf7, 0xdf, 0xff, 0xdf, 0xff, 0xdf, 0xff, 0xdf, 0xff, 0xdf, 0xff, 0xdf, 0xff,
    0xbe, 0xf7, 0xff, 0xff, 0x8f, 0x6b, 0xe6, 0x10, 0x67, 0x21, 0x47, 0x19, 0x47, 0x19, 0x27, 0x19,
    0x59, 0xc6, 0xff, 0xff, 0xbe, 0xf7, 0xdf, 0xff, 0xdf, 0xff, 0xdf, 0xff, 0xdf, 0xff, 0xdf, 0xff,
    0xdf, 0xff, 0xdf, 0xff, 0xdf, 0xff, 0xbe, 0xf7, 0xff, 0xff, 0x1c, 0xdf, 0x88, 0x21, 0x27, 0x19,
    0x47, 0x19, 0x47, 0x19, 0x47, 0x19, 0x47, 0x19, 0x47, 0x19, 0x47, 0x19, 0x47, 0x19, 0x47, 0x19,
    0x47, 0x19, 0x47, 0x19, 0x47, 0x19, 0x47, 0x19, 0x47, 0x19, 0x47, 0x19, 0x47, 0x19, 0x47, 0x19,
    0x47, 0x19, 0x47, 0x19, 0x47, 0x19, 0x47, 0x19, 0x47, 0x19, 0x47, 0x19, 0x47, 0x21, 0x47, 0x19,
    0xe5, 0x10, 0x6b, 0x42, 0xd8, 0xb5, 0xff, 0xff, 0xff, 0xff, 0xbe, 0xf7, 0xbe, 0xf7, 0xdf, 0xff,
    0xdf, 0xff, 0xdf, 0xff, 0xdf, 0xff, 0xdf, 0xff, 0xdf, 0xff, 0xbe, 0xf7, 0xdf, 0xff, 0xff, 0xff,
    0xbf, 0xf7, 0x35, 0xa5, 0x0a, 0x32, 0xc5, 0x08, 0x47, 0x19, 0x67, 0x21, 0x47, 0x19, 0x47, 0x19,
    0x47, 0x19, 0x47, 0x19, 0x47, 0x19, 0x47, 0x19, 0x47, 0x19, 0x47, 0x19, 0x47, 0x19, 0x47, 0x19,
    0x47, 0x19, 0x47, 0x19, 0x47, 0x19, 0x47, 0x19, 0x47, 0x19, 0x47, 0x19, 0x47, 0x19, 0x47, 0x19,
    0x47, 0x19, 0x47, 0x19, 0x47, 0x19, 0x47, 0x19, 0x47, 0x19, 0x47, 0x19, 0x47, 0x19, 0x47, 0x19,
    0x47, 0x19, 0x47, 0x19, 0x47, 0x19, 0x47, 0x19, 0x47, 0x19, 0x47, 0x19, 0x47, 0x19, 0x47, 0x19,
    0x47, 0x19, 0x47, 0x19, 0x47, 0x19, 0x47, 0x19, 0x47, 0x19, 0x47, 0x19, 0x47, 0x19, 0x47, 0x19,
    0x47, 0x19, 0x47, 0x19, 0x47, 0x19, 0x47, 0x19, 0x47, 0x19, 0x47, 0x19, 0x47, 0x19, 0x47, 0x19,
    0x47, 0x19, 0x47, 0x19, 0x47, 0x19, 0x47, 0x19, 0x47, 0x19, 0x47, 0x19, 0x47, 0x19, 0x47, 0x19,
    0x47, 0x19, 0x47, 0x19, 0x47, 0x19, 0x47, 0x19, 0x47, 0x19, 0x47, 0x19, 0x47, 0x19, 0x47, 0x19,
    0x47, 0x19, 0x47, 0x19, 0x47, 0x19, 0x47, 0x19, 0x47, 0x19, 0x47, 0x19, 0x47, 0x19, 0x47, 0x19,
    0x47, 0x19, 0x47, 0x19, 0x47, 0x19, 0x47, 0x19, 0x47, 0x19, 0x47, 0x19, 0x47, 0x19, 0x47, 0x19,
    0x47, 0x19, 0x47, 0x19, 0x47, 0x19, 0x47, 0x19, 0x47, 0x19, 0x47, 0x19, 0x47, 0x19, 0x47, 0x19,
    0x47, 0x19, 0x47, 0x19, 0x47, 0x19, 0x47, 0x19, 0x47, 0x19, 0x47, 0x19, 0x47, 0x19, 0x47, 0x19,
    0x47, 0x19, 0x47, 0x19, 0x47, 0x19, 0x47, 0x19, 0x47, 0x19, 0x47, 0x19, 0x47, 0x19, 0x47, 0x19,
    0x47, 0x19, 0x47, 0x19, 0x47, 0x19, 0x47, 0x19, 0x47, 0x19, 0x47, 0x19, 0x47, 0x19, 0x47, 0x19,
    0x67, 0x21, 0xc5, 0x10, 0xd0, 0x73, 0xff, 0xff, 0xbe, 0xf7, 0xdf, 0xff, 0xdf, 0xff, 0xdf, 0xff,
    0xdf, 0xff, 0xdf, 0xff, 0xdf, 0xff, 0xdf, 0xff, 0xdf, 0xff, 0xdf, 0xff, 0xdf, 0xff, 0xdf, 0xff,
    0xdf, 0xff, 0xdf, 0xff, 0xdf, 0xff, 0xdf, 0xff, 0xbe, 0xf7, 0xbe, 0xf7, 0xff, 0xff, 0xbb, 0xd6,
    0x4b, 0x3a, 0xe5, 0x10, 0x67, 0x21, 0x47, 0x19, 0x47, 0x19, 0x47, 0x19, 0x47, 0x19, 0x47, 0x19,
    0x47, 0x19, 0x47, 0x19, 0x47, 0x19, 0x47, 0x19, 0x47, 0x19, 0x67, 0x21, 0xe5, 0x10, 0x11, 0x7c,
    0xff, 0xff, 0xbe, 0xf7, 0xdf, 0xff, 0xdf, 0xff, 0xdf, 0xff, 0xdf, 0xff, 0xdf, 0xff, 0xdf, 0xff,
    0xdf, 0xff, 0xbe, 0xf7, 0xff, 0xff, 0x96, 0xad, 0xe6, 0x10, 0x47, 0x21, 0x47, 0x19, 0x47, 0x19,
    0x47, 0x19, 0x47, 0x19, 0x47, 0x21, 0xe6, 0x10, 0x15, 0x9d, 0xff, 0xff, 0xbe, 0xf7, 0xdf, 0xff,
    0xdf, 0xff, 0xdf, 0xff, 0xdf, 0xff, 0xdf, 0xff, 0xdf, 0xff, 0xbe, 0xf7, 0xff, 0xff, 0x9a, 0xd6,
    0x47, 0x19, 0x47, 0x19, 0x47, 0x19, 0x47, 0x19, 0x47, 0x19, 0x47, 0x19, 0x47, 0x19, 0x47, 0x21,
    0x47, 0x21, 0xe6, 0x10, 0x26, 0x19, 0xac, 0x4a, 0x4b, 0x42, 0x27, 0x19, 0xe6, 0x10, 0x55, 0xa5,
    0xff, 0xff, 0xbe, 0xf7, 0xdf, 0xff, 0xdf, 0xff, 0xdf, 0xff, 0xdf, 0xff, 0xdf, 0xff, 0xdf, 0xff,
    0xbe, 0xf7, 0xff, 0xff, 0xed, 0x52, 0xe6, 0x10, 0x47, 0x21, 0x47, 0x19, 0x47, 0x19, 0x27, 0x19,
    0x59, 0xc6, 0xff, 0xff, 0xbe, 0xf7, 0xdf, 0xff, 0xdf, 0xff, 0xdf, 0xff, 0xdf, 0xff, 0xdf, 0xff,
    0xdf, 0xff, 0xdf, 0xff, 0xdf, 0xff, 0xbe, 0xf7, 0xff, 0xff, 0xfb, 0xde, 0x88, 0x21, 0x27, 0x19,
    0x47, 0x19, 0x47, 0x19, 0x47, 0x19, 0x47, 0x19, 0x47, 0x19, 0x47, 0x19, 0x47, 0x19, 0x47, 0x19,
    0x47, 0x19, 0x47, 0x19, 0x47, 0x19, 0x47, 0x19, 0x47, 0x19, 0x47, 0x19, 0x47, 0x19, 0x47, 0x19,
    0x47, 0x19, 0x47, 0x19, 0x47, 0x19, 0x47, 0x19, 0x47, 0x19, 0x47, 0x19, 0x47, 0x19, 0x47, 0x19,
    0x67, 0x21, 0x06, 0x11, 0x06, 0x11, 0x2e, 0x5b, 0x5a, 0xce, 0xff, 0xff, 0xff, 0xff, 0xbe, 0xf7,
    0xbe, 0xf7, 0xdf, 0xff, 0xdf, 0xff, 0xdf, 0xff, 0xdf, 0xff, 0xdf, 0xff, 0xdf, 0xff, 0xbe, 0xf7,
    0xdf, 0xff, 0xff, 0xff, 0x7d, 0xef, 0x31, 0x7c, 0x47, 0x19, 0x06, 0x11, 0x67, 0x21, 0x47, 0x19,
    0x47, 0x19, 0x47, 0x19, 0x47, 0x19, 0x47, 0x19, 0x47, 0x19, 0x47, 0x19, 0x47, 0x19, 0x47, 0x19,
    0x47, 0x19, 0x47, 0x19, 0x47, 0x19, 0x47, 0x19, 0x47, 0x19, 0x47, 0x19, 0x47, 0x19, 0x47, 0x19,
    0x47, 0x19, 0x47, 0x19, 0x47, 0x19, 0x47, 0x19, 0x47, 0x19, 0x47, 0x19, 0x47, 0x19, 0x47, 0x19,
    0x47, 0x19, 0x47, 0x19, 0x47, 0x19, 0x47, 0x19, 0x47, 0x19, 0x47, 0x19, 0x47, 0x19, 0x47, 0x19,
    0x47, 0x19, 0x47, 0x19, 0x47, 0x19, 0x47, 0x19, 0x47, 0x19, 0x47, 0x19, 0x47, 0x19, 0x47, 0x19,
    0x47, 0x19, 0x47, 0x19, 0x47, 0x19, 0x47, 0x19, 0x47, 0x19, 0x47, 0x19, 0x47, 0x19, 0x47, 0x19,
    0x47, 0x19, 0x47, 0x19, 0x47, 0x19, 0x47, 0x19, 0x47, 0x19, 0x47, 0x19, 0x47, 0x19, 0x47, 0x19,
    0x47, 0x19, 0x47, 0x19, 0x47, 0x19, 0x47, 0x19, 0x47, 0x19, 0x47, 0x19, 0x47, 0x19, 0x47, 0x19,
    0x47, 0x19, 0x47, 0x19, 0x47, 0x19, 0x47, 0x19, 0x47, 0x19, 0x47, 0x19, 0x47, 0x19, 0x47, 0x19,
    0x47, 0x19, 0x47, 0x19, 0x47, 0x19, 0x47, 0x19, 0x47, 0x19, 0x47, 0x19, 0x47, 0x19, 0x47, 0x19,
    0x47, 0x19, 0x47, 0x19, 0x47, 0x19, 0x47, 0x19, 0x47, 0x19, 0x47, 0x19, 0x47, 0x19, 0x47, 0x19,
    0x47, 0x19, 0x47, 0x19, 0x47, 0x19, 0x47, 0x19, 0x47, 0x19, 0x47, 0x19, 0x47, 0x19, 0x47, 0x19,
    0x47, 0x19, 0x47, 0x19, 0x47, 0x19, 0x47, 0x19, 0x47, 0x19, 0x47, 0x19, 0x47, 0x19, 0x47, 0x19,
    0x47, 0x19, 0x47, 0x19, 0x47, 0x19, 0x47, 0x19, 0x47, 0x19, 0x47, 0x19, 0x47, 0x19, 0x47, 0x19,
    0x67, 0x21, 0xe5, 0x10, 0x6f, 0x63, 0xff, 0xff, 0xbe, 0xf7, 0xdf, 0xff, 0xdf, 0xff, 0xdf, 0xff,
    0xdf, 0xff, 0xdf, 0xff, 0xdf, 0xff, 0xdf, 0xff, 0xdf, 0xff, 0xdf, 0xff, 0xdf, 0xff, 0xdf, 0xff,
    0xdf, 0xff, 0xdf, 0xff, 0xdf, 0xff, 0xbe, 0xf7, 0xdf, 0xff, 0xff, 0xff, 0x97, 0xb5, 0x88, 0x21,
    0x06, 0x11, 0x67, 0x21, 0x47, 0x19, 0x47, 0x19, 0x47, 0x19, 0x47, 0x19, 0x47, 0x19, 0x47, 0x19,
    0x47, 0x19, 0x47, 0x19, 0x47, 0x19, 0x47, 0x19, 0x47, 0x19, 0x67, 0x21, 0xe5, 0x10, 0xd0, 0x73,
    0xff, 0xff, 0xbe, 0xf7, 0xdf, 0xff, 0xdf, 0xff, 0xdf, 0xff, 0xdf, 0xff, 0xdf, 0xff, 0xdf, 0xff,
    0xdf, 0xff, 0xbe, 0xf7, 0xff, 0xff, 0x5d, 0xef, 0xe9, 0x31, 0x26, 0x19, 0x47, 0x19, 0x47, 0x19,
    0x47, 0x19, 0x47, 0x19, 0x47, 0x21, 0xe6, 0x10, 0x15, 0x9d, 0xff, 0xff, 0xbe, 0xf7, 0xdf, 0xff,
    0xdf, 0xff, 0xdf, 0xff, 0xdf, 0xff, 0xdf, 0xff, 0xdf, 0xff, 0xbe, 0xf7, 0xff, 0xff, 0xf8, 0xbd,
    0x06, 0x11, 0x47, 0x19, 0x47, 0x19, 0x47, 0x19, 0x47, 0x19, 0x47, 0x19, 0x67, 0x21, 0x06, 0x11,
    0xe6, 0x10, 0xcc, 0x52, 0xf8, 0xbd, 0xdf, 0xff, 0x3c, 0xe7, 0xe9, 0x31, 0xa5, 0x08, 0x35, 0xa5,
    0xff, 0xff, 0xbe, 0xf7, 0xdf, 0xff, 0xdf, 0xff, 0xdf, 0xff, 0xdf, 0xff, 0xdf, 0xff, 0xbe, 0xf7,
    0xdf, 0xff, 0xdf, 0xff, 0x8c, 0x4a, 0x06, 0x11, 0x47, 0x21, 0x47, 0x19, 0x47, 0x19, 0x27, 0x19,
    0x7a, 0xce, 0xff, 0xff, 0xbe, 0xf7, 0xdf, 0xff, 0xdf, 0xff, 0xdf, 0xff, 0xdf, 0xff, 0xdf, 0xff,
    0xdf, 0xff, 0xdf, 0xff, 0xdf, 0xff, 0xbe, 0xf7, 0xff, 0xff, 0xbb, 0xd6, 0x67, 0x21, 0x47, 0x19,
    0x47, 0x19, 0x47, 0x19, 0x47, 0x19, 0x47, 0x19, 0x47, 0x19, 0x47, 0x19, 0x47, 0x19, 0x47, 0x19,
    0x47, 0x19, 0x47, 0x19, 0x47, 0x19, 0x47, 0x19, 0x47, 0x19, 0x47, 0x19, 0x47, 0x19, 0x47, 0x19,
    0x47, 0x19, 0x47, 0x19, 0x47, 0x19, 0x47, 0x19, 0x47, 0x19, 0x47, 0x19, 0x47, 0x19, 0x47, 0x19,
    0x47, 0x19, 0x47, 0x21, 0x47, 0x21, 0x06, 0x11, 0x06, 0x19, 0x2e, 0x5b, 0x9a, 0xce, 0xff, 0xff,
    0xff, 0xff, 0xbe, 0xf7, 0xbe, 0xf7, 0xdf, 0xff, 0xdf, 0xff, 0xdf, 0xff, 0xdf, 0xff, 0xdf, 0xff,
    0xbe, 0xf7, 0xbe, 0xf7, 0xff, 0xff, 0xff, 0xff, 0x59, 0xc6, 0x6b, 0x42, 0xc5, 0x08, 0x47, 0x19,
    0x47, 0x21, 0x47, 0x19, 0x47, 0x19, 0x47, 0x19, 0x47, 0x19, 0x47, 0x19, 0x47, 0x19, 0x47, 0x19,
    0x47, 0x19, 0x47, 0x19, 0x47, 0x19, 0x47, 0x19, 0x47, 0x19, 0x47, 0x19, 0x47, 0x19, 0x47, 0x19,
    0x47, 0x19, 0x47, 0x19, 0x47, 0x19, 0x47, 0x19, 0x47, 0x19, 0x47, 0x19, 0x47, 0x19, 0x47, 0x19,
    0x47, 0x19, 0x47, 0x19, 0x47, 0x19, 0x47, 0x19, 0x47, 0x19, 0x47, 0x19, 0x47, 0x19, 0x47, 0x19,
    0x47, 0x19, 0x47, 0x19, 0x47, 0x19, 0x47, 0x19, 0x47, 0x19, 0x47, 0x19, 0x47, 0x19, 0x47, 0x19,
    0x47, 0x19, 0x47, 0x19, 0x47, 0x19, 0x47, 0x19, 0x47, 0x19, 0x47, 0x19, 0x47, 0x19, 0x47, 0x19,
    0x47, 0x19, 0x47, 0x19, 0x47, 0x19, 0x47, 0x19, 0x47, 0x19, 0x47, 0x19, 0x47, 0x19, 0x47, 0x19,
    0x47, 0x19, 0x47, 0x19, 0x47, 0x19, 0x47, 0x19, 0x47, 0x19, 0x47, 0x19, 0x47, 0x19, 0x47, 0x19,
    0x47, 0x19, 0x47, 0x19, 0x47, 0x19, 0x47, 0x19, 0x47, 0x19, 0x47, 0x19, 0x47, 0x19, 0x47, 0x19,
    0x47, 0x19, 0x47, 0x19, 0x47, 0x19, 0x47, 0x19, 0x47, 0x19, 0x47, 0x19, 0x47, 0x19, 0x47, 0x19,
    0x47, 0x19, 0x47, 0x19, 0x47, 0x19, 0x47, 0x19, 0x47, 0x19, 0x47, 0x19, 0x47, 0x19, 0x47, 0x19,
    0x47, 0x19, 0x47, 0x19, 0x47, 0x19, 0x47, 0x19, 0x47, 0x19, 0x47, 0x19, 0x47, 0x19, 0x47, 0x19,
    0x47, 0x19, 0x47, 0x19, 0x47, 0x19, 0x47, 0x19, 0x47, 0x19, 0x47, 0x19, 0x47, 0x19, 0x47, 0x19,
    0x47, 0x19, 0x47, 0x19, 0x47, 0x19, 0x47, 0x19, 0x47, 0x19, 0x47, 0x19, 0x47, 0x19, 0x47, 0x19,
    0x67, 0x21, 0xe6, 0x10, 0xed, 0x52, 0xff, 0xff, 0xdf, 0xff, 0xdf, 0xff, 0xdf, 0xff, 0xdf, 0xff,
    0xdf, 0xff, 0xdf, 0xff, 0xdf, 0xff, 0xdf, 0xff, 0xdf, 0xff, 0xdf, 0xff, 0xdf, 0xff, 0xdf, 0xff,
    0xdf, 0xff, 0xdf, 0xff, 0xbe, 0xf7, 0xff, 0xff, 0xdf, 0xff, 0x52, 0x84, 0x06, 0x11, 0x26, 0x19,
    0x67, 0x21, 0x47, 0x19, 0x47, 0x19, 0x47, 0x19, 0x47, 0x19, 0x47, 0x19, 0x47, 0x19, 0x47, 0x19,
    0x47, 0x19, 0x47, 0x19, 0x47, 0x19, 0x47, 0x19, 0x47, 0x19, 0x67, 0x21, 0xe5, 0x10, 0x6f, 0x6b,
    0xff, 0xff, 0xbe, 0xf7, 0xdf, 0xff, 0xdf, 0xff, 0xdf, 0xff, 0xdf, 0xff, 0xdf, 0xff, 0xdf, 0xff,
    0xdf, 0xff, 0xdf, 0xff, 0xbe, 0xf7, 0xff, 0xff, 0xf0, 0x73, 0xc5, 0x08, 0x67, 0x21, 0x47, 0x19,
    0x47, 0x19, 0x47, 0x19, 0x47, 0x21, 0xe6, 0x10, 0x15, 0x9d, 0xff, 0xff, 0xbe, 0xf7, 0xdf, 0xff,
    0xdf, 0xff, 0xdf, 0xff, 0xdf, 0xff, 0xdf, 0xff, 0xdf, 0xff, 0xbe, 0xf7, 0xff, 0xff, 0x15, 0x9d,
    0xe6, 0x10, 0x47, 0x21, 0x47, 0x19, 0x47, 0x19, 0x67, 0x21, 0x47, 0x19, 0xc5, 0x08, 0x2a, 0x3a,
    0x76, 0xad, 0xdf, 0xff, 0xff, 0xff, 0xbe, 0xf7, 0xff, 0xff, 0x4e, 0x63, 0x64, 0x00, 0xf4, 0x94,
    0xff, 0xff, 0xbe, 0xf7, 0xdf, 0xff, 0xdf, 0xff, 0xdf, 0xff, 0xdf, 0xff, 0xdf, 0xff, 0xbe, 0xf7,
    0xdf, 0xff, 0xbe, 0xf7, 0x6b, 0x42, 0x06, 0x11, 0x47, 0x21, 0x47, 0x19, 0x47, 0x19, 0x47, 0x19,
    0x9a, 0xce, 0xff, 0xff, 0xbe, 0xf7, 0xdf, 0xff, 0xdf, 0xff, 0xdf, 0xff, 0xdf, 0xff, 0xdf, 0xff,
    0xdf, 0xff, 0xdf, 0xff, 0xdf, 0xff, 0xbe, 0xf7, 0xff, 0xff, 0x7a, 0xce, 0x27, 0x19, 0x47, 0x19,
    0x47, 0x19, 0x47, 0x19, 0x47, 0x19, 0x47, 0x19, 0x47, 0x19, 0x47, 0x19, 0x47, 0x19, 0x47, 0x19,
    0x47, 0x19, 0x47, 0x19, 0x47, 0x19, 0x47, 0x19, 0x47, 0x19, 0x47, 0x19, 0x47, 0x19, 0x47, 0x19,
    0x47, 0x19, 0x47, 0x19, 0x47, 0x19, 0x47, 0x19, 0x47, 0x19, 0x47, 0x19, 0x47, 0x19, 0x47, 0x19,
    0x47, 0x19, 0x67, 0x21, 0x26, 0x19, 0xe6, 0x10, 0xa8, 0x29, 0x0a, 0x3a, 0x26, 0x19, 0xb0, 0x6b,
    0xdb, 0xd6, 0xff, 0xff, 0xff, 0xff, 0xbe, 0xf7, 0xdf, 0xff, 0xdf, 0xff, 0xdf, 0xff, 0xdf, 0xff,
    0xdf, 0xff, 0xdf, 0xff, 0xbe, 0xf7, 0xbe, 0xf7, 0xff, 0xff, 0xbe, 0xf7, 0x11, 0x7c, 0x06, 0x11,
    0x27, 0x19, 0x67, 0x21, 0x47, 0x19, 0x47, 0x19, 0x47, 0x19, 0x47, 0x19, 0x47, 0x19, 0x47, 0x19,
    0x47, 0x19, 0x47, 0x19, 0x47, 0x19, 0x47, 0x19, 0x47, 0x19, 0x47, 0x19, 0x47, 0x19, 0x47, 0x19,
    0x47, 0x19, 0x47, 0x19, 0x47, 0x19, 0x47, 0x19, 0x47, 0x19, 0x47, 0x19, 0x47, 0x19, 0x47, 0x19,
    0x47, 0x19, 0x47, 0x19, 0x47, 0x19, 0x47, 0x19, 0x47, 0x19, 0x47, 0x19, 0x47, 0x19, 0x47, 0x19,
    0x47, 0x19, 0x47, 0x19, 0x47, 0x19, 0x47, 0x19, 0x47, 0x19, 0x47, 0x19, 0x47, 0x19, 0x47, 0x19,
    0x47, 0x19, 0x47, 0x19, 0x47, 0x19, 0x47, 0x19, 0x47, 0x19, 0x47, 0x19, 0x47, 0x19, 0x47, 0x19,
    0x47, 0x19, 0x47, 0x19, 0x47, 0x19, 0x47, 0x19, 0x47, 0x19, 0x47, 0x19, 0x47, 0x19, 0x47, 0x19,
    0x47, 0x19, 0x47, 0x19, 0x47, 0x19, 0x47, 0x19, 0x47, 0x19, 0x47, 0x19, 0x47, 0x19, 0x47, 0x19,
    0x47, 0x19, 0x47, 0x19, 0x47, 0x19, 0x47, 0x19, 0x47, 0x19, 0x47, 0x19, 0x47, 0x19, 0x47, 0x19,
    0x47, 0x19, 0x47, 0x19, 0x47, 0x19, 0x47, 0x19, 0x47, 0x19, 0x47, 0x19, 0x47, 0x19, 0x47, 0x19,
    0x47, 0x19, 0x47, 0x19, 0x47, 0x19, 0x47, 0x19, 0x47, 0x19, 0x47, 0x19, 0x47, 0x19, 0x47, 0x19,
    0x47, 0x19, 0x47, 0x19, 0x47, 0x19, 0x47, 0x19, 0x47, 0x19, 0x47, 0x19, 0x47, 0x19, 0x47, 0x19,
    0x47, 0x19, 0x47, 0x19, 0x47, 0x19, 0x47, 0x19, 0x47, 0x19, 0x47, 0x19, 0x47, 0x19, 0x47, 0x19,
    0x47, 0x19, 0x47, 0x19, 0x47, 0x19, 0x47, 0x19, 0x47, 0x19, 0x47, 0x19, 0x47, 0x19, 0x47, 0x19,
    0x47, 0x21, 0x06, 0x11, 0x8c, 0x4a, 0xdf, 0xf7, 0xdf, 0xff, 0xbe, 0xf7, 0xdf, 0xff, 0xdf, 0xff,
    0xdf, 0xff, 0xdf, 0xff, 0xdf, 0xff, 0xdf, 0xff, 0xdf, 0xff, 0xdf, 0xff, 0xdf, 0xff, 0xdf, 0xff,
    0xbe, 0xf7, 0xbe, 0xf7, 0xff, 0xff, 0x1c, 0xdf, 0x0d, 0x53, 0xc5, 0x08, 0x47, 0x19, 0x47, 0x21,
    0x47, 0x19, 0x47, 0x19, 0x47, 0x19, 0x47, 0x19, 0x47, 0x19, 0x47, 0x19, 0x47, 0x19, 0x47, 0x19,
    0x47, 0x19, 0x47, 0x19, 0x47, 0x19, 0x47, 0x19, 0x47, 0x19, 0x67, 0x21, 0xe6, 0x10, 0x2e, 0x5b,
    0xff, 0xff, 0xbe, 0xf7, 0xdf, 0xff, 0xdf, 0xff, 0xdf, 0xff, 0xdf, 0xff, 0xdf, 0xff, 0xdf, 0xff,
    0xdf, 0xff, 0xdf, 0xff, 0xbe, 0xf7, 0xff, 0xff, 0xbb, 0xd6, 0x67, 0x21, 0x27, 0x19, 0x47, 0x19,
    0x47, 0x19, 0x47, 0x19, 0x47, 0x21, 0xe6, 0x10, 0x15, 0x9d, 0xff, 0xff, 0xbe, 0xf7, 0xdf, 0xff,
    0xdf, 0xff, 0xdf, 0xff, 0xdf, 0xff, 0xdf, 0xff, 0xdf, 0xff, 0xbe, 0xf7, 0xff, 0xff, 0x52, 0x84,
    0xc5, 0x10, 0x67, 0x21, 0x47, 0x19, 0x67, 0x21, 0xe6, 0x10, 0x47, 0x19, 0x52, 0x84, 0x7d, 0xef,
    0xff, 0xff, 0xdf, 0xff, 0xbe, 0xf7, 0xbe, 0xf7, 0xff, 0xff, 0x11, 0x7c, 0x64, 0x00, 0x93, 0x8c,
    0xff, 0xff, 0xbe, 0xf7, 0xdf, 0xff, 0xdf, 0xff, 0xdf, 0xff, 0xdf, 0xff, 0xdf, 0xff, 0xbe, 0xf7,
    0xdf, 0xff, 0xbf, 0xff, 0x8b, 0x4a, 0x06, 0x11, 0x47, 0x21, 0x47, 0x19, 0x27, 0x19, 0x67, 0x21,
    0xdb, 0xd6, 0xff, 0xff, 0xbe, 0xf7, 0xdf, 0xff, 0xdf, 0xff, 0xdf, 0xff, 0xdf, 0xff, 0xdf, 0xff,
    0xdf, 0xff, 0xdf, 0xff, 0xdf, 0xff, 0xbe, 0xf7, 0xff, 0xff, 0x18, 0xbe, 0x06, 0x11, 0x47, 0x19,
    0x47, 0x19, 0x47, 0x19, 0x47, 0x19, 0x47, 0x19, 0x47, 0x19, 0x47, 0x19, 0x47, 0x19, 0x47, 0x19,
    0x47, 0x19, 0x47, 0x19, 0x47, 0x19, 0x47, 0x19, 0x47, 0x19, 0x47, 0x19, 0x47, 0x19, 0x47, 0x19,
    0x47, 0x19, 0x47, 0x19, 0x47, 0x19, 0x47, 0x19, 0x47, 0x19, 0x47, 0x19, 0x47, 0x19, 0x67, 0x21,
    0x27, 0x19, 0xc5, 0x08, 0xa8, 0x29, 0x32, 0x84, 0xfc, 0xde, 0xff, 0xff, 0x8f, 0x6b, 0x64, 0x00,
    0x88, 0x29, 0x32, 0x84, 0x5d, 0xef, 0xff, 0xff, 0xbe, 0xf7, 0xbe, 0xf7, 0xdf, 0xff, 0xdf, 0xff,
    0xdf, 0xff, 0xdf, 0xff, 0xdf, 0xff, 0xdf, 0xff, 0xbe, 0xf7, 0xdf, 0xff, 0xff, 0xff, 0x76, 0xad,
    0x67, 0x21, 0x06, 0x11, 0x67, 0x21, 0x47, 0x19, 0x47, 0x19, 0x47, 0x19, 0x47, 0x19, 0x47, 0x19,
    0x47, 0x19, 0x47, 0x19, 0x47, 0x19, 0x47, 0x19, 0x47, 0x19, 0x47, 0x19, 0x47, 0x19, 0x47, 0x19,
    0x47, 0x19, 0x47, 0x19, 0x47, 0x19, 0x47, 0x19, 0x47, 0x19, 0x47, 0x19, 0x47, 0x19, 0x47, 0x19,
    0x47, 0x19, 0x47, 0x19, 0x47, 0x19, 0x47, 0x19, 0x47, 0x19, 0x47, 0x19, 0x47, 0x19, 0x47, 0x19,
    0x47, 0x19, 0x47, 0x19, 0x47, 0x19, 0x47, 0x19, 0x47, 0x19, 0x47, 0x19, 0x47, 0x19, 0x47, 0x19,
    0x47, 0x19, 0x47, 0x19, 0x47, 0x19, 0x47, 0x19, 0x47, 0x19, 0x47, 0x19, 0x47, 0x19, 0x47, 0x19,
    0x47, 0x19, 0x47, 0x19, 0x47, 0x19, 0x47, 0x19, 0x47, 0x19, 0x47, 0x19, 0x47, 0x19, 0x47, 0x19,
    0x47, 0x19, 0x47, 0x19, 0x47, 0x19, 0x47, 0x19, 0x47, 0x19, 0x47, 0x19, 0x47, 0x19, 0x47, 0x19,
    0x47, 0x19, 0x47, 0x19, 0x47, 0x19, 0x47, 0x19, 0x47, 0x19, 0x47, 0x19, 0x47, 0x19, 0x47, 0x19,
    0x47, 0x19, 0x47, 0x19, 0x47, 0x19, 0x47, 0x19, 0x47, 0x19, 0x47, 0x19, 0x47, 0x19, 0x47, 0x19,
    0x47, 0x19, 0x47, 0x19, 0x47, 0x19, 0x47, 0x19, 0x47, 0x19, 0x47, 0x19, 0x47, 0x19, 0x47, 0x19,
    0x47, 0x19, 0x47, 0x19, 0x47, 0x19, 0x47, 0x19, 0x47, 0x19, 0x47, 0x19, 0x47, 0x19, 0x47, 0x19,
    0x47, 0x19, 0x47, 0x19, 0x47, 0x19, 0x47, 0x19, 0x47, 0x19, 0x47, 0x19, 0x47, 0x19, 0x47, 0x19,
    0x47, 0x19, 0x47, 0x19, 0x47, 0x19, 0x47, 0x19, 0x47, 0x19, 0x47, 0x19, 0x47, 0x19, 0x47, 0x19,
    0x47, 0x21, 0x06, 0x11, 0x2a, 0x3a, 0x9e, 0xf7, 0xdf, 0xff, 0xbe, 0xf7, 0xdf, 0xff, 0xdf, 0xff,
    0xdf, 0xff, 0xdf, 0xff, 0xdf, 0xff, 0xdf, 0xff, 0xdf, 0xff, 0xdf, 0xff, 0xdf, 0xff, 0xbe, 0xf7,
    0xff, 0xff, 0xff, 0xff, 0x97, 0xad, 0xc9, 0x29, 0xe6, 0x10, 0x67, 0x21, 0x47, 0x19, 0x47, 0x19,
    0x47, 0x19, 0x47, 0x19, 0x47, 0x19, 0x47, 0x19, 0x47, 0x19, 0x47, 0x19, 0x47, 0x19, 0x47, 0x19,
    0x47, 0x19, 0x47, 0x19, 0x47, 0x19, 0x47, 0x19, 0x47, 0x19, 0x67, 0x21, 0xe6, 0x10, 0xed, 0x52,
    0xff, 0xff, 0xbe, 0xf7, 0xdf, 0xff, 0xdf, 0xff, 0xdf, 0xff, 0xdf, 0xff, 0xdf, 0xff, 0xdf, 0xff,
    0xdf, 0xff, 0xdf, 0xff, 0xdf, 0xff, 0xbe, 0xf7, 0xff, 0xff, 0xd0, 0x73, 0xc5, 0x08, 0x67, 0x21,
    0x47, 0x19, 0x47, 0x19, 0x47, 0x21, 0xe5, 0x10, 0xf4, 0x9c, 0xff, 0xff, 0xbe, 0xf7, 0xdf, 0xff,
    0xdf, 0xff, 0xdf, 0xff, 0xdf, 0xff, 0xdf, 0xff, 0xdf, 0xff, 0xbe, 0xf7, 0xff, 0xff, 0x8f, 0x6b,
    0xe6, 0x10, 0x68, 0x21, 0x26, 0x19, 0xe6, 0x10, 0xcd, 0x52, 0x9a, 0xce, 0xff, 0xff, 0xdf, 0xff,
    0xbe, 0xf7, 0xde, 0xf7, 0xdf, 0xff, 0xbe, 0xf7, 0xff, 0xff, 0xb3, 0x94, 0x64, 0x00, 0x11, 0x7c,
    0xff, 0xff, 0xbe, 0xf7, 0xdf, 0xff, 0xdf, 0xff, 0xdf, 0xff, 0xdf, 0xff, 0xdf, 0xff, 0xdf, 0xff,
    0xbe, 0xf7, 0xff, 0xff, 0xcc, 0x4a, 0xe6, 0x10, 0x47, 0x21, 0x47, 0x19, 0x26, 0x19, 0xc9, 0x29,
    0x3c, 0xe7, 0xff, 0xff, 0xbe, 0xf7, 0xdf, 0xff, 0xdf, 0xff, 0xdf, 0xff, 0xdf, 0xff, 0xdf, 0xff,
    0xdf, 0xff, 0xdf, 0xff, 0xdf, 0xff, 0xbe, 0xf7, 0xff, 0xff, 0x76, 0xa5, 0xe6, 0x10, 0x47, 0x21,
    0x47, 0x19, 0x47, 0x19, 0x47, 0x19, 0x47, 0x19, 0x47, 0x19, 0x47, 0x19, 0x47, 0x19, 0x47, 0x19,
    0x47, 0x19, 0x47, 0x19, 0x47, 0x19, 0x47, 0x19, 0x47, 0x19, 0x47, 0x19, 0x47, 0x19, 0x47, 0x19,
    0x47, 0x19, 0x47, 0x19, 0x47, 0x19, 0x47, 0x19, 0x47, 0x19, 0x47, 0x21, 0x47, 0x19, 0xe5, 0x10,
    0xa8, 0x29, 0x52, 0x84, 0x1c, 0xe7, 0xff, 0xff, 0xff, 0xff, 0xdf, 0xff, 0x9e, 0xf7, 0x8c, 0x4a,
    0xe5, 0x10, 0xe6, 0x10, 0xe9, 0x31, 0x76, 0xad, 0xff, 0xff, 0xff, 0xff, 0xbe, 0xf7, 0xdf, 0xff,
    0xdf, 0xff, 0xdf, 0xff, 0xdf, 0xff, 0xdf, 0xff, 0xdf, 0xff, 0xbe, 0xf7, 0xbe, 0xf7, 0xff, 0xff,
    0x9a, 0xce, 0x2a, 0x3a, 0xe6, 0x10, 0x67, 0x21, 0x47, 0x19, 0x47, 0x19, 0x47, 0x19, 0x47, 0x19,
    0x47, 0x19, 0x47, 0x19, 0x47, 0x19, 0x47, 0x19, 0x47, 0x19, 0x47, 0x19, 0x47, 0x19, 0x47, 0x19,
    0x47, 0x19, 0x47, 0x19, 0x47, 0x19, 0x47, 0x19, 0x47, 0x19, 0x47, 0x19, 0x47, 0x19, 0x47, 0x19,
    0x47, 0x19, 0x47, 0x19, 0x47, 0x19, 0x47, 0x19, 0x47, 0x19, 0x47, 0x19, 0x47, 0x19, 0x47, 0x19,
    0x47, 0x19, 0x47, 0x19, 0x47, 0x19, 0x47, 0x19, 0x47, 0x19, 0x47, 0x19, 0x47, 0x19, 0x47, 0x19,
    0x47, 0x19, 0x47, 0x19, 0x47, 0x19, 0x47, 0x19, 0x47, 0x19, 0x47, 0x19, 0x47, 0x19, 0x47, 0x19,
    0x47, 0x19, 0x47, 0x19, 0x47, 0x19, 0x47, 0x19, 0x47, 0x19, 0x47, 0x19, 0x47, 0x19, 0x47, 0x19,
    0x47, 0x19, 0x47, 0x19, 0x47, 0x19, 0x47, 0x19, 0x47, 0x19, 0x47, 0x19, 0x47, 0x19, 0x47, 0x19,
    0x47, 0x19, 0x47, 0x19, 0x47, 0x19, 0x47, 0x19, 0x47, 0x19, 0x47, 0x19, 0x47, 0x19, 0x47, 0x19,
    0x47, 0x19, 0x47, 0x19, 0x47, 0x19, 0x47, 0x19, 0x47, 0x19, 0x47, 0x19, 0x47, 0x19, 0x47, 0x19,
    0x47, 0x19, 0x47, 0x19, 0x47, 0x19, 0x47, 0x19, 0x47, 0x19, 0x47, 0x19, 0x47, 0x19, 0x47, 0x19,
    0x47, 0x19, 0x47, 0x19, 0x47, 0x19, 0x47, 0x19, 0x47, 0x19, 0x47, 0x19, 0x47, 0x19, 0x47, 0x19,
    0x47, 0x19, 0x47, 0x19, 0x47, 0x19, 0x47, 0x19, 0x47, 0x19, 0x47, 0x19, 0x47, 0x19, 0x47, 0x19,
    0x47, 0x19, 0x47, 0x19, 0x47, 0x19, 0x47, 0x19, 0x47, 0x19, 0x47, 0x19, 0x47, 0x19, 0x47, 0x19,
    0x47, 0x19, 0x26, 0x19, 0xc9, 0x31, 0x5d, 0xe7, 0xff, 0xff, 0xbe, 0xf7, 0xdf, 0xff, 0xdf, 0xff,
    0xdf, 0xff, 0xdf, 0xff, 0xdf, 0xff, 0xdf, 0xff, 0xdf, 0xff, 0xdf, 0xff, 0xbe, 0xf7, 0xff, 0xff,
    0xfb, 0xde, 0x6f, 0x63, 0x06, 0x11, 0x26, 0x19, 0x67, 0x21, 0x47, 0x19, 0x47, 0x19, 0x47, 0x19,
    0x47, 0x19, 0x47, 0x19, 0x47, 0x19, 0x47, 0x19, 0x47, 0x19, 0x47, 0x19, 0x47, 0x19, 0x47, 0x19,
    0x47, 0x19, 0x47, 0x19, 0x47, 0x19, 0x47, 0x19, 0x47, 0x19, 0x47, 0x21, 0xe6, 0x10, 0xcc, 0x52,
    0xdf, 0xff, 0xdf, 0xff, 0xbf, 0xf7, 0xdf, 0xff, 0xdf, 0xff, 0xdf, 0xff, 0xdf, 0xff, 0xdf, 0xff,
    0xdf, 0xff, 0xdf, 0xff, 0xdf, 0xff, 0xbe, 0xf7, 0xff, 0xff, 0xfb, 0xde, 0x88, 0x21, 0x27, 0x19,
    0x47, 0x19, 0x47, 0x19, 0x47, 0x21, 0xe5, 0x10, 0xf4, 0x9c, 0xff, 0xff, 0xbe, 0xf7, 0xdf, 0xff,
    0xdf, 0xff, 0xdf, 0xff, 0xdf, 0xff, 0xdf, 0xff, 0xdf, 0xff, 0xdf, 0xff, 0xdf, 0xff, 0xed, 0x52,
    0x06, 0x11, 0xe6, 0x10, 0xa8, 0x29, 0x15, 0x9d, 0xff, 0xff, 0xff, 0xff, 0xbe, 0xf7, 0xbe, 0xf7,
    0xdf, 0xff, 0xdf, 0xff, 0xdf, 0xff, 0xbe, 0xf7, 0xff, 0xff, 0x56, 0xa5, 0x84, 0x00, 0x8f, 0x6b,
    0xff, 0xff, 0xbe, 0xf7, 0xdf, 0xff, 0xdf, 0xff, 0xdf, 0xff, 0xdf, 0xff, 0xdf, 0xff, 0xdf, 0xff,
    0xbe, 0xf7, 0xff, 0xff, 0x2e, 0x5b, 0xe6, 0x10, 0x67, 0x21, 0x47, 0x21, 0x06, 0x11, 0x4b, 0x42,
    0xbe, 0xf7, 0xdf, 0xff, 0xbe, 0xf7, 0xdf, 0xff, 0xdf, 0xff, 0xdf, 0xff, 0xdf, 0xff, 0xdf, 0xff,
    0xdf, 0xff, 0xdf, 0xff, 0xdf, 0xff, 0xbe, 0xf7, 0xff, 0xff, 0xb3, 0x94, 0xe5, 0x10, 0x67, 0x21,
    0x47, 0x19, 0x47, 0x19, 0x47, 0x19, 0x47, 0x19, 0x47, 0x19, 0x47, 0x19, 0x47, 0x19, 0x47, 0x19,
    0x47, 0x19, 0x47, 0x19, 0x47, 0x19, 0x47, 0x19, 0x47, 0x19, 0x47, 0x19, 0x47, 0x19, 0x47, 0x19,
    0x47, 0x19, 0x47, 0x19, 0x47, 0x19, 0x47, 0x19, 0x67, 0x21, 0x06, 0x11, 0x27, 0x19, 0xf0, 0x73,
    0xfc, 0xde, 0xff, 0xff, 0xff, 0xff, 0xbe, 0xf7, 0xbe, 0xf7, 0xbe, 0xf7, 0xff, 0xff, 0x1c, 0xdf,
    0xe9, 0x31, 0x26, 0x19, 0x27, 0x19, 0xe6, 0x10, 0x4e, 0x63, 0x3c, 0xe7, 0xff, 0xff, 0xbe, 0xf7,
    0xdf, 0xff, 0xdf, 0xff, 0xdf, 0xff, 0xdf, 0xff, 0xdf, 0xff, 0xdf, 0xff, 0xdf, 0xff, 0xbe, 0xf7,
    0xff, 0xff, 0x5d, 0xef, 0xed, 0x52, 0xe5, 0x10, 0x67, 0x21, 0x47, 0x19, 0x47, 0x19, 0x47, 0x19,
    0x47, 0x19, 0x47, 0x19, 0x47, 0x19, 0x47, 0x19, 0x47, 0x19, 0x47, 0x19, 0x47, 0x19, 0x47, 0x19,
    0x47, 0x19, 0x47, 0x19, 0x47, 0x19, 0x47, 0x19, 0x47, 0x19, 0x47, 0x19, 0x47, 0x19, 0x47, 0x19,
    0x47, 0x19, 0x47, 0x19, 0x47, 0x19, 0x47, 0x19, 0x47, 0x19, 0x47, 0x19, 0x47, 0x19, 0x47, 0x19,
    0x47, 0x19, 0x47, 0x19, 0x47, 0x19, 0x47, 0x19, 0x47, 0x19, 0x47, 0x19, 0x47, 0x19, 0x47, 0x19,
    0x47, 0x19, 0x47, 0x19, 0x47, 0x19, 0x47, 0x19, 0x47, 0x19, 0x47, 0x19, 0x47, 0x19, 0x47, 0x19,
    0x47, 0x19, 0x47, 0x19, 0x47, 0x19, 0x47, 0x19, 0x47, 0x19, 0x47, 0x19, 0x47, 0x19, 0x47, 0x19,
    0x47, 0x19, 0x47, 0x19, 0x47, 0x19, 0x47, 0x19, 0x47, 0x19, 0x47, 0x19, 0x47, 0x19, 0x47, 0x19,
    0x47, 0x19, 0x47, 0x19, 0x47, 0x19, 0x47, 0x19, 0x47, 0x19, 0x47, 0x19, 0x47, 0x19, 0x47, 0x19,
    0x47, 0x19, 0x47, 0x19, 0x47, 0x19, 0x47, 0x19, 0x47, 0x19, 0x47, 0x19, 0x47, 0x19, 0x47, 0x19,
    0x47, 0x19, 0x47, 0x19, 0x47, 0x19, 0x47, 0x19, 0x47, 0x19, 0x47, 0x19, 0x47, 0x19, 0x47, 0x19,
    0x47, 0x19, 0x47, 0x19, 0x47, 0x19, 0x47, 0x19, 0x47, 0x19, 0x47, 0x19, 0x47, 0x19, 0x47, 0x19,
    0x47, 0x19, 0x47, 0x19, 0x47, 0x19, 0x47, 0x19, 0x47, 0x19, 0x47, 0x19, 0x47, 0x19, 0x47, 0x19,
    0x47, 0x19, 0x47, 0x19, 0x47, 0x19, 0x47, 0x19, 0x47, 0x19, 0x47, 0x19, 0x47, 0x19, 0x47, 0x19,
    0x47, 0x19, 0x27, 0x19, 0x88, 0x21, 0xfc, 0xde, 0xff, 0xff, 0xbe, 0xf7, 0xdf, 0xff, 0xdf, 0xff,
    0xdf, 0xff, 0xdf, 0xff, 0xdf, 0xff, 0xdf, 0xff, 0xdf, 0xff, 0xbe, 0xf7, 0xff, 0xff, 0x7a, 0xce,
    0x88, 0x29, 0xc5, 0x10, 0x47, 0x21, 0x47, 0x21, 0x47, 0x19, 0x47, 0x19, 0x47, 0x19, 0x47, 0x19,
    0x47, 0x19, 0x47, 0x19, 0x47, 0x19, 0x47, 0x19, 0x47, 0x19, 0x47, 0x19, 0x47, 0x19, 0x47, 0x19,
    0x47, 0x19, 0x47, 0x19, 0x47, 0x19, 0x47, 0x19, 0x47, 0x19, 0x47, 0x21, 0x06, 0x11, 0x8c, 0x4a,
    0xdf, 0xff, 0xdf, 0xff, 0xbe, 0xf7, 0xdf, 0xff, 0xdf, 0xff, 0xdf, 0xff, 0xdf, 0xff, 0xdf, 0xff,
    0xdf, 0xff, 0xdf, 0xff, 0xdf, 0xff, 0xdf, 0xff, 0xbe, 0xf7, 0xff, 0xff, 0x73, 0x8c, 0xc5, 0x08,
    0x67, 0x21, 0x47, 0x19, 0x47, 0x21, 0xe5, 0x10, 0xf4, 0x9c, 0xff, 0xff, 0xbe, 0xf7, 0xdf, 0xff,
    0xdf, 0xff, 0xdf, 0xff, 0xdf, 0xff, 0xdf, 0xff, 0xbe, 0xf7, 0xdf, 0xff, 0x9e, 0xf7, 0xe9, 0x31,
    0xc5, 0x08, 0x8f, 0x6b, 0x1c, 0xe7, 0xff, 0xff, 0xdf, 0xff, 0xbe, 0xf7, 0xdf, 0xff, 0xdf, 0xff,
    0xdf, 0xff, 0xdf, 0xff, 0xdf, 0xff, 0xbe, 0xf7, 0xff, 0xff, 0xd8, 0xbd, 0xa5, 0x08, 0xed, 0x52,
    0xff, 0xff, 0xbe, 0xf7, 0xdf, 0xff, 0xdf, 0xff, 0xdf, 0xff, 0xdf, 0xff, 0xdf, 0xff, 0xdf, 0xff,
    0xbe, 0xf7, 0xff, 0xff, 0xd0, 0x73, 0xe5, 0x10, 0x67, 0x21, 0x67, 0x21, 0xe6, 0x10, 0x4e, 0x63,
    0xff, 0xff, 0xbe, 0xf7, 0xdf, 0xff, 0xdf, 0xff, 0xdf, 0xff, 0xdf, 0xff, 0xdf, 0xff, 0xdf, 0xff,
    0xdf, 0xff, 0xdf, 0xff, 0xdf, 0xff, 0xbe, 0xf7, 0xff, 0xff, 0xd0, 0x73, 0xe5, 0x10, 0x67, 0x21,
    0x47, 0x19, 0x47, 0x19, 0x47, 0x19, 0x47, 0x19, 0x47, 0x19, 0x47, 0x19, 0x47, 0x19, 0x47, 0x19,
    0x47, 0x19, 0x47, 0x19, 0x47, 0x19, 0x47, 0x19, 0x47, 0x19, 0x47, 0x19, 0x47, 0x19, 0x47, 0x19,
    0x47, 0x19, 0x47, 0x19, 0x47, 0x19, 0x67, 0x21, 0xe5, 0x10, 0x6b, 0x42, 0x39, 0xc6, 0xff, 0xff,
    0xff, 0xff, 0xbe, 0xf7, 0xbe, 0xf7, 0xdf, 0xff, 0xdf, 0xff, 0xdf, 0xff, 0xbe, 0xf7, 0xff, 0xff,
    0x9a, 0xce, 0x88, 0x21, 0x06, 0x11, 0x68, 0x21, 0xe5, 0x10, 0xe9, 0x31, 0x39, 0xc6, 0xff, 0xff,
    0xbe, 0xf7, 0xdf, 0xff, 0xdf, 0xff, 0xdf, 0xff, 0xdf, 0xff, 0xdf, 0xff, 0xdf, 0xff, 0xdf, 0xff,
    0xbe, 0xf7, 0xff, 0xff, 0xbe, 0xf7, 0x0d, 0x5b, 0xe6, 0x10, 0x67, 0x21, 0x47, 0x19, 0x47, 0x19,
    0x47, 0x19, 0x47, 0x19, 0x47, 0x19, 0x47, 0x19, 0x47, 0x19, 0x47, 0x19, 0x47, 0x19, 0x47, 0x19,
    0x47, 0x19, 0x47, 0x19, 0x47, 0x19, 0x47, 0x19, 0x47, 0x19, 0x47, 0x19, 0x47, 0x19, 0x47, 0x19,
    0x47, 0x19, 0x47, 0x19, 0x47, 0x19, 0x47, 0x19, 0x47, 0x19, 0x47, 0x19, 0x47, 0x19, 0x47, 0x19,
    0x47, 0x19, 0x47, 0x19, 0x47, 0x19, 0x47, 0x19, 0x47, 0x19, 0x47, 0x19, 0x47, 0x19, 0x47, 0x19,
    0x47, 0x19, 0x47, 0x19, 0x47, 0x19, 0x47, 0x19, 0x47, 0x19, 0x47, 0x19, 0x47, 0x19, 0x47, 0x19,
    0x47, 0x19, 0x47, 0x19, 0x47, 0x19, 0x47, 0x19, 0x47, 0x19, 0x47, 0x19, 0x47, 0x19, 0x47, 0x19,
    0x47, 0x19, 0x47, 0x19, 0x47, 0x19, 0x47, 0x19, 0x47, 0x19, 0x47, 0x19, 0x47, 0x19, 0x47, 0x19,
    0x47, 0x19, 0x47, 0x19, 0x47, 0x19, 0x47, 0x19, 0x47, 0x19, 0x47, 0x19, 0x47, 0x19, 0x47, 0x19,
    0x47, 0x19, 0x47, 0x19, 0x47, 0x19, 0x47, 0x19, 0x47, 0x19, 0x47, 0x19, 0x47, 0x19, 0x47, 0x19,
    0x47, 0x19, 0x47, 0x19, 0x47, 0x19, 0x47, 0x19, 0x47, 0x19, 0x47, 0x19, 0x47, 0x19, 0x47, 0x19,
    0x47, 0x19, 0x47, 0x19, 0x47, 0x19, 0x47, 0x19, 0x47, 0x19, 0x47, 0x19, 0x47, 0x19, 0x47, 0x19,
    0x47, 0x19, 0x47, 0x19, 0x47, 0x19, 0x47, 0x19, 0x47, 0x19, 0x47, 0x19, 0x47, 0x19, 0x47, 0x19,
    0x47, 0x19, 0x47, 0x19, 0x47, 0x19, 0x47, 0x19, 0x47, 0x19, 0x47, 0x19, 0x47, 0x19, 0x47, 0x19,
    0x47, 0x19, 0x47, 0x19, 0x47, 0x19, 0x9a, 0xd6, 0xff, 0xff, 0xbe, 0xf7, 0xdf, 0xff, 0xdf, 0xff,
    0xdf, 0xff, 0xdf, 0xff, 0xdf, 0xff, 0xdf, 0xff, 0xdf, 0xff, 0xbe, 0xf7, 0xff, 0xff, 0x39, 0xc6,
    0x06, 0x11, 0x67, 0x21, 0x47, 0x19, 0x47, 0x19, 0x47, 0x19, 0x47, 0x19, 0x47, 0x19, 0x47, 0x19,
    0x47, 0x19, 0x47, 0x19, 0x47, 0x19, 0x47, 0x19, 0x47, 0x19, 0x47, 0x19, 0x47, 0x19, 0x47, 0x19,
    0x47, 0x19, 0x47, 0x19, 0x47, 0x19, 0x47, 0x19, 0x47, 0x19, 0x47, 0x21, 0x06, 0x11, 0x6b, 0x42,
    0xbe, 0xf7, 0xdf, 0xff, 0xbe, 0xf7, 0xdf, 0xff, 0xdf, 0xff, 0xdf, 0xff, 0xdf, 0xff, 0xdf, 0xff,
    0xdf, 0xff, 0xdf, 0xff, 0xdf, 0xff, 0xdf, 0xff, 0xbe, 0xf7, 0xdf, 0xff, 0x9e, 0xef, 0x2a, 0x3a,
    0x06, 0x11, 0x67, 0x21, 0x67, 0x21, 0xe5, 0x10, 0xd4, 0x94, 0xff, 0xff, 0xbe, 0xf7, 0xdf, 0xff,
    0xdf, 0xff, 0xdf, 0xff, 0xdf, 0xff, 0xdf, 0xff, 0xbe, 0xf7, 0xdf, 0xff, 0x7e, 0xef, 0x4e, 0x63,
    0x96, 0xad, 0xff, 0xff, 0xff, 0xff, 0xbe, 0xf7, 0xdf, 0xff, 0xdf, 0xff, 0xdf, 0xff, 0xdf, 0xff,
    0xdf, 0xff, 0xdf, 0xff, 0xdf, 0xff, 0xbe, 0xf7, 0xff, 0xff, 0x59, 0xc6, 0xe6, 0x10, 0x4b, 0x42,
    0xbe, 0xf7, 0xdf, 0xff, 0xbe, 0xf7, 0xdf, 0xff, 0xdf, 0xff, 0xdf, 0xff, 0xdf, 0xff, 0xdf, 0xff,
    0xbe, 0xf7, 0xff, 0xff, 0xb3, 0x94, 0xc5, 0x08, 0x67, 0x21, 0x67, 0x21, 0xe5, 0x10, 0xb3, 0x94,
    0xff, 0xff, 0xbe, 0xf7, 0xdf, 0xff, 0xdf, 0xff, 0xdf, 0xff, 0xdf, 0xff, 0xdf, 0xff, 0xdf, 0xff,
    0xdf, 0xff, 0xdf, 0xff, 0xdf, 0xff, 0xbe, 0xf7, 0xff, 0xff, 0xed, 0x52, 0xe6, 0x10, 0x67, 0x21,
    0x47, 0x19, 0x47, 0x19, 0x47, 0x19, 0x47, 0x19, 0x47, 0x19, 0x47, 0x19, 0x47, 0x19, 0x47, 0x19,
    0x47, 0x19, 0x47, 0x19, 0x47, 0x19, 0x47, 0x19, 0x47, 0x19, 0x47, 0x19, 0x47, 0x19, 0x47, 0x19,
    0x47, 0x19, 0x47, 0x19, 0x47, 0x21, 0xe6, 0x10, 0x8f, 0x6b, 0x9e, 0xf7, 0xff, 0xff, 0xbe, 0xf7,
    0xbe, 0xf7, 0xdf, 0xff, 0xdf, 0xff, 0xdf, 0xff, 0xdf, 0xff, 0xdf, 0xff, 0xdf, 0xff, 0xbe, 0xf7,
    0xff, 0xff, 0x7a, 0xce, 0xc9, 0x31, 0xc5, 0x08, 0x67, 0x21, 0x26, 0x19, 0x68, 0x21, 0x39, 0xc6,
    0xff, 0xff, 0xbe, 0xf7, 0xdf, 0xff, 0xdf, 0xff, 0xdf, 0xff, 0xdf, 0xff, 0xdf, 0xff, 0xdf, 0xff,
    0xdf, 0xff, 0xbe, 0xf7, 0xff, 0xff, 0x9e, 0xf7, 0x8c, 0x4a, 0xe6, 0x10, 0x67, 0x21, 0x47, 0x19,
    0x47, 0x19, 0x47, 0x19, 0x47, 0x19, 0x47, 0x19, 0x47, 0x19, 0x47, 0x19, 0x47, 0x19, 0x47, 0x19,
    0x47, 0x19, 0x47, 0x19, 0x47, 0x19, 0x47, 0x19, 0x47, 0x19, 0x47, 0x19, 0x47, 0x19, 0x47, 0x19,
    0x47, 0x19, 0x47, 0x19, 0x47, 0x19, 0x47, 0x19, 0x47, 0x19, 0x47, 0x19, 0x47, 0x19, 0x47, 0x19,
    0x47, 0x19, 0x47, 0x19, 0x47, 0x19, 0x47, 0x19, 0x47, 0x19, 0x47, 0x19, 0x47, 0x19, 0x47, 0x19,
    0x47, 0x19, 0x47, 0x19, 0x47, 0x19, 0x47, 0x19, 0x47, 0x19, 0x47, 0x19, 0x47, 0x19, 0x47, 0x19,
    0x47, 0x19, 0x47, 0x19, 0x47, 0x19, 0x47, 0x19, 0x47, 0x19, 0x47, 0x19, 0x47, 0x19, 0x47, 0x19,
    0x47, 0x19, 0x47, 0x19, 0x47, 0x19, 0x47, 0x19, 0x47, 0x19, 0x47, 0x19, 0x47, 0x19, 0x47, 0x19,
    0x47, 0x19, 0x47, 0x19, 0x47, 0x19, 0x47, 0x19, 0x47, 0x19, 0x47, 0x19, 0x47, 0x19, 0x47, 0x19,
    0x47, 0x19, 0x47, 0x19, 0x47, 0x19, 0x47, 0x19, 0x47, 0x19, 0x47, 0x19, 0x47, 0x19, 0x47, 0x19,
    0x47, 0x19, 0x47, 0x19, 0x47, 0x19, 0x47, 0x19, 0x47, 0x19, 0x47, 0x19, 0x47, 0x19, 0x47, 0x19,
    0x47, 0x19, 0x47, 0x19, 0x47, 0x19, 0x47, 0x19, 0x47, 0x19, 0x47, 0x19, 0x47, 0x19, 0x47, 0x19,
    0x47, 0x19, 0x47, 0x19, 0x47, 0x19, 0x47, 0x19, 0x47, 0x19, 0x47, 0x19, 0x47, 0x19, 0x47, 0x19,
    0x47, 0x19, 0x47, 0x19, 0x47, 0x19, 0x47, 0x19, 0x47, 0x19, 0x47, 0x19, 0x47, 0x19, 0x47, 0x19,
    0x47, 0x19, 0x47, 0x19, 0x26, 0x19, 0x39, 0xc6, 0xff, 0xff, 0xbe, 0xf7, 0xdf, 0xff, 0xdf, 0xff,
    0xdf, 0xff, 0xdf, 0xff, 0xdf, 0xff, 0xdf, 0xff, 0xdf, 0xff, 0xdf, 0xff, 0xbe, 0xf7, 0xff, 0xff,
    0x6f, 0x6b, 0xe5, 0x10, 0x67, 0x21, 0x47, 0x19, 0x47, 0x19, 0x47, 0x19, 0x47, 0x19, 0x47, 0x19,
    0x47, 0x19, 0x47, 0x19, 0x47, 0x19, 0x47, 0x19, 0x47, 0x19, 0x47, 0x19, 0x47, 0x19, 0x47, 0x19,
    0x47, 0x19, 0x47, 0x19, 0x47, 0x19, 0x47, 0x19, 0x47, 0x19, 0x47, 0x21, 0x06, 0x11, 0x2a, 0x3a,
    0x9e, 0xf7, 0xdf, 0xff, 0xbe, 0xf7, 0xdf, 0xff, 0xdf, 0xff, 0xdf, 0xff, 0xdf, 0xff, 0xdf, 0xff,
    0xdf, 0xff, 0xdf, 0xff, 0xdf, 0xff, 0xdf, 0xff, 0xdf, 0xff, 0xbe, 0xf7, 0xff, 0xff, 0xf8, 0xbd,
    0x06, 0x11, 0x47, 0x19, 0x67, 0x21, 0xe5, 0x10, 0xb3, 0x94, 0xff, 0xff, 0xbe, 0xf7, 0xdf, 0xff,
    0xdf, 0xff, 0xdf, 0xff, 0xdf, 0xff, 0xdf, 0xff, 0xdf, 0xff, 0xdf, 0xff, 0xbe, 0xf7, 0xdf, 0xff,
    0xff, 0xff, 0xbe, 0xf7, 0xbe, 0xf7, 0xdf, 0xff, 0xdf, 0xff, 0xdf, 0xff, 0xdf, 0xff, 0xdf, 0xff,
    0xdf, 0xff, 0xdf, 0xff, 0xdf, 0xff, 0xbe, 0xf7, 0xff, 0xff, 0xbb, 0xd6, 0x27, 0x19, 0xc9, 0x29,
    0x5d, 0xe7, 0xff, 0xff, 0xbe, 0xf7, 0xdf, 0xff, 0xdf, 0xff, 0xdf, 0xff, 0xdf, 0xff, 0xdf, 0xff,
    0xbe, 0xf7, 0xff, 0xff, 0xd7, 0xb5, 0x06, 0x11, 0x47, 0x21, 0x47, 0x19, 0x26, 0x19, 0x39, 0xc6,
    0xff, 0xff, 0xbe, 0xf7, 0xdf, 0xff, 0xdf, 0xff, 0xdf, 0xff, 0xdf, 0xff, 0xdf, 0xff, 0xdf, 0xff,
    0xdf, 0xff, 0xdf, 0xff, 0xbe, 0xf7, 0xdf, 0xff, 0x7e, 0xef, 0x2a, 0x3a, 0x06, 0x11, 0x47, 0x21,
    0x47, 0x19, 0x47, 0x19, 0x47, 0x19, 0x47, 0x19, 0x47, 0x19, 0x47, 0x19, 0x47, 0x19, 0x47, 0x19,
    0x47, 0x19, 0x47, 0x19, 0x47, 0x19, 0x47, 0x19, 0x47, 0x19, 0x47, 0x19, 0x47, 0x19, 0x47, 0x19,
    0x47, 0x19, 0x67, 0x21, 0xe6, 0x10, 0xb0, 0x6b, 0xff, 0xff, 0xdf, 0xff, 0xbe, 0xf7, 0xdf, 0xff,
    0xdf, 0xff, 0xdf, 0xff, 0xdf, 0xff, 0xdf, 0xff, 0xdf, 0xff, 0xdf, 0xff, 0xdf, 0xff, 0xdf, 0xff,
    0xbe, 0xf7, 0xff, 0xff, 0x1c, 0xe7, 0x6f, 0x63, 0x27, 0x19, 0x06, 0x11, 0x44, 0x00, 0x2e, 0x5b,
    0xff, 0xff, 0xbe, 0xf7, 0xdf, 0xff, 0xdf, 0xff, 0xdf, 0xff, 0xdf, 0xff, 0xdf, 0xff, 0xdf, 0xff,
    0xdf, 0xff, 0xdf, 0xff, 0xbe, 0xf7, 0xff, 0xff, 0xfc, 0xde, 0xa8, 0x29, 0x26, 0x19, 0x47, 0x19,
    0x47, 0x19, 0x47, 0x19, 0x47, 0x19, 0x47, 0x19, 0x47, 0x19, 0x47, 0x19, 0x47, 0x19, 0x47, 0x19,
    0x47, 0x19, 0x47, 0x19, 0x47, 0x19, 0x47, 0x19, 0x47, 0x19, 0x47, 0x19, 0x47, 0x19, 0x47, 0x19,
    0x47, 0x19, 0x47, 0x19, 0x47, 0x19, 0x47, 0x19, 0x47, 0x19, 0x47, 0x19, 0x47, 0x19, 0x47, 0x19,
    0x47, 0x19, 0x47, 0x19, 0x47, 0x19, 0x47, 0x19, 0x47, 0x19, 0x47, 0x19, 0x47, 0x19, 0x47, 0x19,
    0x47, 0x19, 0x47, 0x19, 0x47, 0x19, 0x47, 0x19, 0x47, 0x19, 0x47, 0x19, 0x47, 0x19, 0x47, 0x19,
    0x47, 0x19, 0x47, 0x19, 0x47, 0x19, 0x47, 0x19, 0x47, 0x19, 0x47, 0x19, 0x47, 0x19, 0x47, 0x19,
    0x47, 0x19, 0x47, 0x19, 0x47, 0x19, 0x47, 0x19, 0x47, 0x19, 0x47, 0x19, 0x47, 0x19, 0x47, 0x19,
    0x47, 0x19, 0x47, 0x19, 0x47, 0x19, 0x47, 0x19, 0x47, 0x19, 0x47, 0x19, 0x47, 0x19, 0x47, 0x19,
    0x47, 0x19, 0x47, 0x19, 0x47, 0x19, 0x47, 0x19, 0x47, 0x19, 0x47, 0x19, 0x47, 0x19, 0x47, 0x19,
    0x47, 0x19, 0x47, 0x19, 0x47, 0x19, 0x47, 0x19, 0x47, 0x19, 0x47, 0x19, 0x47, 0x19, 0x47, 0x19,
    0x47, 0x19, 0x47, 0x19, 0x47, 0x19, 0x47, 0x19, 0x47, 0x19, 0x47, 0x19, 0x47, 0x19, 0x47, 0x19,
    0x47, 0x19, 0x47, 0x19, 0x47, 0x19, 0x47, 0x19, 0x47, 0x19, 0x47, 0x19, 0x47, 0x19, 0x47, 0x19,
    0x47, 0x19, 0x47, 0x19, 0x47, 0x19, 0x47, 0x19, 0x47, 0x19, 0x47, 0x19, 0x47, 0x19, 0x47, 0x19,
    0x47, 0x19, 0x47, 0x21, 0xe6, 0x10, 0xb7, 0xb5, 0xff, 0xff, 0xbe, 0xf7, 0xdf, 0xff, 0xdf, 0xff,
    0xdf, 0xff, 0xdf, 0xff, 0xdf, 0xff, 0xdf, 0xff, 0xdf, 0xff, 0xdf, 0xff, 0xbe, 0xf7, 0xff, 0xff,
    0xdb, 0xde, 0x88, 0x21, 0x27, 0x19, 0x47, 0x19, 0x47, 0x19, 0x47, 0x19, 0x47, 0x19, 0x47, 0x19,
    0x47, 0x19, 0x47, 0x19, 0x47, 0x19, 0x47, 0x19, 0x47, 0x19, 0x47, 0x19, 0x47, 0x19, 0x47, 0x19,
    0x47, 0x19, 0x47, 0x19, 0x47, 0x19, 0x47, 0x19, 0x47, 0x19, 0x47, 0x21, 0x06, 0x19, 0x0a, 0x3a,
    0x7d, 0xef, 0xdf, 0xff, 0xbe, 0xf7, 0xdf, 0xff, 0xdf, 0xff, 0xdf, 0xff, 0xdf, 0xff, 0xdf, 0xff,
    0xdf, 0xff, 0xdf, 0xff, 0xdf, 0xff, 0xdf, 0xff, 0xdf, 0xff, 0xdf, 0xff, 0xbe, 0xf7, 0xff, 0xff,
    0xf1, 0x7b, 0xc5, 0x08, 0x68, 0x21, 0xc5, 0x08, 0x93, 0x8c, 0xff, 0xff, 0xbe, 0xf7, 0xdf, 0xff,
    0xdf, 0xff, 0xdf, 0xff, 0xdf, 0xff, 0xdf, 0xff, 0xdf, 0xff, 0xdf, 0xff, 0xdf, 0xff, 0xdf, 0xff,
    0xbe, 0xf7, 0xdf, 0xff, 0xdf, 0xff, 0xdf, 0xff, 0xdf, 0xff, 0xdf, 0xff, 0xdf, 0xff, 0xdf, 0xff,
    0xdf, 0xff, 0xdf, 0xff, 0xdf, 0xff, 0xbe, 0xf7, 0xff, 0xff, 0x1c, 0xdf, 0x88, 0x29, 0x47, 0x19,
    0xbb, 0xd6, 0xff, 0xff, 0xbe, 0xf7, 0xdf, 0xff, 0xdf, 0xff, 0xdf, 0xff, 0xdf, 0xff, 0xdf, 0xff,
    0xbe, 0xf7, 0xff, 0xff, 0xfc, 0xde, 0x88, 0x21, 0x47, 0x19, 0x06, 0x19, 0x2a, 0x3a, 0x9e, 0xf7,
    0xdf, 0xff, 0xbe, 0xf7, 0xdf, 0xff, 0xdf, 0xff, 0xdf, 0xff, 0xdf, 0xff, 0xdf, 0xff, 0xdf, 0xff,
    0xdf, 0xff, 0xdf, 0xff, 0xbe, 0xf7, 0xff, 0xff, 0xbb, 0xd6, 0x47, 0x21, 0x47, 0x19, 0x47, 0x19,
    0x47, 0x19, 0x47, 0x19, 0x47, 0x19, 0x47, 0x19, 0x47, 0x19, 0x47, 0x19, 0x47, 0x19, 0x47, 0x19,
    0x47, 0x19, 0x47, 0x19, 0x47, 0x19, 0x47, 0x19, 0x47, 0x19, 0x47, 0x19, 0x47, 0x19, 0x47, 0x19,
    0x47, 0x21, 0x06, 0x11, 0x4b, 0x42, 0x9e, 0xf7, 0xdf, 0xff, 0xbe, 0xf7, 0xdf, 0xff, 0xdf, 0xff,
    0xdf, 0xff, 0xdf, 0xff, 0xdf, 0xff, 0xdf, 0xff, 0xdf, 0xff, 0xdf, 0xff, 0xdf, 0xff, 0xdf, 0xff,
    0xdf, 0xff, 0xbe, 0xf7, 0xff, 0xff, 0xff, 0xff, 0x9a, 0xce, 0xd4, 0x94, 0x93, 0x8c, 0xbb, 0xd6,
    0xdf, 0xff, 0xbe, 0xf7, 0xdf, 0xff, 0xdf, 0xff, 0xdf, 0xff, 0xdf, 0xff, 0xdf, 0xff, 0xdf, 0xff,
    0xdf, 0xff, 0xdf, 0xff, 0xdf, 0xff, 0xbe, 0xf7, 0xff, 0xff, 0x56, 0xa5, 0xe6, 0x10, 0x47, 0x21,
    0x47, 0x19, 0x47, 0x19, 0x47, 0x19, 0x47, 0x19, 0x47, 0x19, 0x47, 0x19, 0x47, 0x19, 0x47, 0x19,
    0x47, 0x19, 0x47, 0x19, 0x47, 0x19, 0x47, 0x19, 0x47, 0x19, 0x47, 0x19, 0x47, 0x19, 0x47, 0x19,
    0x47, 0x19, 0x47, 0x19, 0x47, 0x19, 0x47, 0x19, 0x47, 0x19, 0x47, 0x19, 0x47, 0x19, 0x47, 0x19,
    0x47, 0x19, 0x47, 0x19, 0x47, 0x19, 0x47, 0x19, 0x47, 0x19, 0x47, 0x19, 0x47, 0x19, 0x47, 0x19,
    0x47, 0x19, 0x47, 0x19, 0x47, 0x19, 0x47, 0x19, 0x47, 0x19, 0x47, 0x19, 0x47, 0x19, 0x47, 0x19,
    0x47, 0x19, 0x47, 0x19, 0x47, 0x19, 0x47, 0x19, 0x47, 0x19, 0x47, 0x19, 0x47, 0x19, 0x47, 0x19,
    0x47, 0x19, 0x47, 0x19, 0x47, 0x19, 0x47, 0x19, 0x47, 0x19, 0x47, 0x19, 0x47, 0x19, 0x47, 0x19,
    0x47, 0x19, 0x47, 0x19, 0x47, 0x19, 0x47, 0x19, 0x47, 0x19, 0x47, 0x19, 0x47, 0x19, 0x47, 0x19,
    0x47, 0x19, 0x47, 0x19, 0x47, 0x19, 0x47, 0x19, 0x47, 0x19, 0x47, 0x19, 0x47, 0x19, 0x47, 0x19,
    0x47, 0x19, 0x47, 0x19, 0x47, 0x19, 0x47, 0x19, 0x47, 0x19, 0x47, 0x19, 0x47, 0x19, 0x47, 0x19,
    0x47, 0x19, 0x47, 0x19, 0x47, 0x19, 0x47, 0x19, 0x47, 0x19, 0x47, 0x19, 0x47, 0x19, 0x47, 0x19,
    0x47, 0x19, 0x47, 0x19, 0x47, 0x19, 0x47, 0x19, 0x47, 0x19, 0x47, 0x19, 0x47, 0x19, 0x47, 0x19,
    0x47, 0x19, 0x47, 0x19, 0x47, 0x19, 0x47, 0x19, 0x47, 0x19, 0x47, 0x19, 0x47, 0x19, 0x47, 0x19,
    0x47, 0x19, 0x47, 0x21, 0xe6, 0x10, 0x15, 0x9d, 0xff, 0xff, 0xbe, 0xf7, 0xdf, 0xff, 0xdf, 0xff,
    0xdf, 0xff, 0xdf, 0xff, 0xdf, 0xff, 0xdf, 0xff, 0xdf, 0xff, 0xdf, 0xff, 0xdf, 0xff, 0xbe, 0xf7,
    0xff, 0xff, 0xb3, 0x8c, 0xc5, 0x08, 0x67, 0x21, 0x47, 0x19, 0x47, 0x19, 0x47, 0x19, 0x47, 0x19,
    0x47, 0x19, 0x47, 0x19, 0x47, 0x19, 0x47, 0x19, 0x47, 0x19, 0x47, 0x19, 0x47, 0x19, 0x47, 0x19,
    0x47, 0x19, 0x47, 0x19, 0x47, 0x19, 0x47, 0x19, 0x47, 0x19, 0x47, 0x21, 0x26, 0x19, 0xe9, 0x31,
    0x5d, 0xef, 0xff, 0xff, 0xbe, 0xf7, 0xdf, 0xff, 0xdf, 0xff, 0xdf, 0xff, 0xdf, 0xff, 0xdf, 0xff,
    0xdf, 0xff, 0xdf, 0xff, 0xdf, 0xff, 0xdf, 0xff, 0xdf, 0xff, 0xdf, 0xff, 0xbe, 0xf7, 0xdf, 0xff,
    0x7e, 0xef, 0x2a, 0x3a, 0x26, 0x19, 0xe6, 0x10, 0x73, 0x8c, 0xff, 0xff, 0xbe, 0xf7, 0xdf, 0xff,
    0xdf, 0xff, 0xdf, 0xff, 0xdf, 0xff, 0xdf, 0xff, 0xdf, 0xff, 0xdf, 0xff, 0xdf, 0xff, 0xbf, 0xf7,
    0xdf, 0xff, 0xdf, 0xff, 0xdf, 0xff, 0xdf, 0xff, 0xdf, 0xff, 0xdf, 0xff, 0xdf, 0xff, 0xdf, 0xff,
    0xdf, 0xff, 0xdf, 0xff, 0xdf, 0xff, 0xbe, 0xf7, 0xff, 0xff, 0x5d, 0xe7, 0xe9, 0x31, 0xe5, 0x10,
    0xd8, 0xbd, 0xff, 0xff, 0xbe, 0xf7, 0xdf, 0xff, 0xdf, 0xff, 0xdf, 0xff, 0xdf, 0xff, 0xdf, 0xff,
    0xdf, 0xff, 0xdf, 0xff, 0xdf, 0xff, 0xac, 0x4a, 0x06, 0x19, 0xc5, 0x08, 0x93, 0x8c, 0xff, 0xff,
    0xbe, 0xf7, 0xdf, 0xff, 0xdf, 0xff, 0xdf, 0xff, 0xdf, 0xff, 0xdf, 0xff, 0xdf, 0xff, 0xdf, 0xff,
    0xdf, 0xff, 0xdf, 0xff, 0xbe, 0xf7, 0xff, 0xff, 0x76, 0xad, 0xe6, 0x10, 0x47, 0x21, 0x47, 0x19,
    0x47, 0x19, 0x47, 0x19, 0x47, 0x19, 0x47, 0x19, 0x47, 0x19, 0x47, 0x19, 0x47, 0x19, 0x47, 0x19,
    0x47, 0x19, 0x47, 0x19, 0x47, 0x19, 0x47, 0x19, 0x47, 0x19, 0x47, 0x19, 0x47, 0x19, 0x47, 0x19,
    0x67, 0x21, 0xc5, 0x08, 0x52, 0x84, 0xff, 0xff, 0x9e, 0xf7, 0xdf, 0xff, 0xdf, 0xff, 0xdf, 0xff,
    0xdf, 0xff, 0xdf, 0xff, 0xdf, 0xff, 0xdf, 0xff, 0xdf, 0xff, 0xdf, 0xff, 0xdf, 0xff, 0xdf, 0xff,
    0xdf, 0xff, 0xdf, 0xff, 0xbe, 0xf7, 0xbe, 0xf7, 0xff, 0xff, 0xff, 0xff, 0xff, 0xff, 0xff, 0xff,
    0xdf, 0xff, 0xdf, 0xff, 0xdf, 0xff, 0xdf, 0xff, 0xdf, 0xff, 0xdf, 0xff, 0xdf, 0xff, 0xdf, 0xff,
    0xdf, 0xff, 0xdf, 0xff, 0xdf, 0xff, 0xdf, 0xf7, 0xdf, 0xff, 0xbe, 0xf7, 0x6b, 0x42, 0x06, 0x11,
    0x47, 0x21, 0x47, 0x19, 0x47, 0x19, 0x47, 0x19, 0x47, 0x19, 0x47, 0x19, 0x47, 0x19, 0x47, 0x19,
    0x47, 0x19, 0x47, 0x19, 0x47, 0x19, 0x47, 0x19, 0x47, 0x19, 0x47, 0x19, 0x47, 0x19, 0x47, 0x19,
    0x47, 0x19, 0x47, 0x19, 0x47, 0x19, 0x47, 0x19, 0x47, 0x19, 0x47, 0x19, 0x47, 0x19, 0x47, 0x19,
    0x47, 0x19, 0x47, 0x19, 0x47, 0x19, 0x47, 0x19, 0x47, 0x19, 0x47, 0x19, 0x47, 0x19, 0x47, 0x19,
    0x47, 0x19, 0x47, 0x19, 0x47, 0x19, 0x47, 0x19, 0x47, 0x19, 0x47, 0x19, 0x47, 0x19, 0x47, 0x19,
    0x47, 0x19, 0x47, 0x19, 0x47, 0x19, 0x47, 0x19, 0x47, 0x19, 0x47, 0x19, 0x47, 0x19, 0x47, 0x19,
    0x47, 0x19, 0x47, 0x19, 0x47, 0x19, 0x47, 0x19, 0x47, 0x19, 0x47, 0x19, 0x47, 0x19, 0x47, 0x19,
    0x47, 0x19, 0x47, 0x19, 0x47, 0x19, 0x47, 0x19, 0x47, 0x19, 0x47, 0x19, 0x47, 0x19, 0x47, 0x19,
    0x47, 0x19, 0x47, 0x19, 0x47, 0x19, 0x47, 0x19, 0x47, 0x19, 0x47, 0x19, 0x47, 0x19, 0x47, 0x19,
    0x47, 0x19, 0x47, 0x19, 0x47, 0x19, 0x47, 0x19, 0x47, 0x19, 0x47, 0x19, 0x47, 0x19, 0x47, 0x19,
    0x47, 0x19, 0x47, 0x19, 0x47, 0x19, 0x47, 0x19, 0x47, 0x19, 0x47, 0x19, 0x47, 0x19, 0x47, 0x19,
    0x47, 0x19, 0x47, 0x19, 0x47, 0x19, 0x47, 0x19, 0x47, 0x19, 0x47, 0x19, 0x47, 0x19, 0x47, 0x19,
    0x47, 0x19, 0x47, 0x19, 0x47, 0x19, 0x47, 0x19, 0x47, 0x19, 0x47, 0x19, 0x47, 0x19, 0x47, 0x19,
    0x47, 0x19, 0x67, 0x21, 0xc5, 0x10, 0x93, 0x8c, 0xff, 0xff, 0xbe, 0xf7, 0xdf, 0xff, 0xdf, 0xff,
    0xdf, 0xff, 0xdf, 0xff, 0xdf, 0xff, 0xdf, 0xff, 0xdf, 0xff, 0xdf, 0xff, 0xdf, 0xff, 0xbe, 0xf7,
    0xdf, 0xff, 0x9e, 0xf7, 0x4b, 0x42, 0x06, 0x11, 0x47, 0x21, 0x47, 0x19, 0x47, 0x19, 0x47, 0x19,
    0x47, 0x19, 0x47, 0x19, 0x47, 0x19, 0x47, 0x19, 0x47, 0x19, 0x47, 0x19, 0x47, 0x19, 0x47, 0x19,
    0x47, 0x19, 0x47, 0x19, 0x47, 0x19, 0x47, 0x19, 0x47, 0x19, 0x47, 0x19, 0x26, 0x19, 0xa9, 0x29,
    0x3c, 0xe7, 0xff, 0xff, 0xbe, 0xf7, 0xdf, 0xff, 0xdf, 0xff, 0xdf, 0xff, 0xdf, 0xff, 0xdf, 0xff,
    0xdf, 0xff, 0xdf, 0xff, 0xdf, 0xff, 0xdf, 0xff, 0xdf, 0xff, 0xdf, 0xff, 0xdf, 0xff, 0xbe, 0xf7,
    0xff, 0xff, 0xd8, 0xbd, 0x26, 0x19, 0xc5, 0x10, 0x52, 0x84, 0xff, 0xff, 0xbe, 0xf7, 0xdf, 0xff,
    0xdf, 0xff, 0xdf, 0xff, 0xdf, 0xff, 0xdf, 0xff, 0xdf, 0xff, 0xdf, 0xff, 0xdf, 0xff, 0xdf, 0xff,
    0xdf, 0xff, 0xdf, 0xff, 0xdf, 0xff, 0xdf, 0xff, 0xdf, 0xff, 0xdf, 0xff, 0xdf, 0xff, 0xdf, 0xff,
    0xdf, 0xff, 0xdf, 0xff, 0xdf, 0xff, 0xbe, 0xf7, 0xdf, 0xff, 0x7d, 0xef, 0x2a, 0x3a, 0xa5, 0x08,
    0xd4, 0x94, 0xff, 0xff, 0xbe, 0xf7, 0xdf, 0xff, 0xdf, 0xff, 0xdf, 0xff, 0xdf, 0xff, 0xdf, 0xff,
    0xdf, 0xff, 0xbe, 0xf7, 0xff, 0xff, 0x35, 0xa5, 0x64, 0x00, 0x4a, 0x3a, 0x7d, 0xef, 0xdf, 0xff,
    0xbe, 0xf7, 0xdf, 0xff, 0xdf, 0xff, 0xdf, 0xff, 0xdf, 0xff, 0xdf, 0xff, 0xdf, 0xff, 0xdf, 0xff,
    0xdf, 0xff, 0xdf, 0xff, 0xbe, 0xf7, 0xff, 0xff, 0xd0, 0x73, 0xe5, 0x10, 0x67, 0x21, 0x47, 0x19,
    0x47, 0x19, 0x47, 0x19, 0x47, 0x19, 0x47, 0x19, 0x47, 0x19, 0x47, 0x19, 0x47, 0x19, 0x47, 0x19,
    0x47, 0x19, 0x47, 0x19, 0x47, 0x19, 0x47, 0x19, 0x47, 0x19, 0x47, 0x19, 0x47, 0x19, 0x47, 0x19,
    0x67, 0x21, 0x06, 0x11, 0xac, 0x4a, 0xdf, 0xff, 0xdf, 0xff, 0xdf, 0xff, 0xdf, 0xff, 0xdf, 0xff,
    0xdf, 0xff, 0xdf, 0xff, 0xdf, 0xff, 0xdf, 0xff, 0xdf, 0xff, 0xdf, 0xff, 0xdf, 0xff, 0xdf, 0xff,
    0xdf, 0xff, 0xdf, 0xff, 0xdf, 0xff, 0xdf, 0xff, 0xbe, 0xf7, 0xbe, 0xf7, 0xbe, 0xf7, 0xbe, 0xf7,
    0xdf, 0xff, 0xdf, 0xff, 0xdf, 0xff, 0xdf, 0xff, 0xdf, 0xff, 0xdf, 0xff, 0xdf, 0xff, 0xdf, 0xff,
    0xdf, 0xff, 0xdf, 0xff, 0xdf, 0xff, 0xdf, 0xff, 0xbe, 0xf7, 0xff, 0xff, 0x93, 0x8c, 0xc5, 0x08,
    0x67, 0x21, 0x47, 0x19, 0x47, 0x19, 0x47, 0x19, 0x47, 0x19, 0x47, 0x19, 0x47, 0x19, 0x47, 0x19,
    0x47, 0x19, 0x47, 0x19, 0x47, 0x19, 0x47, 0x19, 0x47, 0x19, 0x47, 0x19, 0x47, 0x19, 0x47, 0x19,
    0x47, 0x19, 0x47, 0x19, 0x47, 0x19, 0x47, 0x19, 0x47, 0x19, 0x47, 0x19, 0x47, 0x19, 0x47, 0x19,
    0x47, 0x19, 0x47, 0x19, 0x47, 0x19, 0x47, 0x19, 0x47, 0x19, 0x47, 0x19, 0x47, 0x19, 0x47, 0x19,
    0x47, 0x19, 0x47, 0x19, 0x47, 0x19, 0x47, 0x19, 0x47, 0x19, 0x47, 0x19, 0x47, 0x19, 0x47, 0x19,
    0x47, 0x19, 0x47, 0x19, 0x47, 0x19, 0x47, 0x19, 0x47, 0x19, 0x47, 0x19, 0x47, 0x19, 0x47, 0x19,
    0x47, 0x19, 0x47, 0x19, 0x47, 0x19, 0x47, 0x19, 0x47, 0x19, 0x47, 0x19, 0x47, 0x19, 0x47, 0x19,
    0x47, 0x19, 0x47, 0x19, 0x47, 0x19, 0x47, 0x19, 0x47, 0x19, 0x47, 0x19, 0x47, 0x19, 0x47, 0x19,
    0x47, 0x19, 0x47, 0x19, 0x47, 0x19, 0x47, 0x19, 0x47, 0x19, 0x47, 0x19, 0x47, 0x19, 0x47, 0x19,
    0x47, 0x19, 0x47, 0x19, 0x47, 0x19, 0x47, 0x19, 0x47, 0x19, 0x47, 0x19, 0x47, 0x19, 0x47, 0x19,
    0x47, 0x19, 0x47, 0x19, 0x47, 0x19, 0x47, 0x19, 0x47, 0x19, 0x47, 0x19, 0x47, 0x19, 0x47, 0x19,
    0x47, 0x19, 0x47, 0x19, 0x47, 0x19, 0x47, 0x19, 0x47, 0x19, 0x47, 0x19, 0x47, 0x19, 0x47, 0x19,
    0x47, 0x19, 0x47, 0x19, 0x47, 0x19, 0x47, 0x19, 0x47, 0x19, 0x47, 0x19, 0x47, 0x19, 0x47, 0x19,
    0x47, 0x19, 0x67, 0x21, 0xc5, 0x10, 0xf1, 0x7b, 0xff, 0xff, 0xbe, 0xf7, 0xdf, 0xff, 0xdf, 0xff,
    0xdf, 0xff, 0xdf, 0xff, 0xdf, 0xff, 0xdf, 0xff, 0xdf, 0xff, 0xdf, 0xff, 0xdf, 0xff, 0xdf, 0xff,
    0xbe, 0xf7, 0xff, 0xff, 0xd7, 0xb5, 0x06, 0x11, 0x47, 0x21, 0x47, 0x19, 0x47, 0x19, 0x47, 0x19,
    0x47, 0x19, 0x47, 0x19, 0x47, 0x19, 0x47, 0x19, 0x47, 0x19, 0x47, 0x19, 0x47, 0x19, 0x47, 0x19,
    0x47, 0x19, 0x47, 0x19, 0x47, 0x19, 0x47, 0x19, 0x47, 0x19, 0x47, 0x19, 0x27, 0x19, 0x88, 0x29,
    0xfc, 0xde, 0xff, 0xff, 0xbe, 0xf7, 0xdf, 0xff, 0xdf, 0xff, 0xdf, 0xff, 0xdf, 0xff, 0xdf, 0xff,
    0xdf, 0xff, 0xdf, 0xff, 0xdf, 0xff, 0xdf, 0xff, 0xdf, 0xff, 0xdf, 0xff, 0xdf, 0xff, 0xbf, 0xf7,
    0xbe, 0xf7, 0xff, 0xff, 0x6f, 0x6b, 0x64, 0x00, 0x52, 0x84, 0xff, 0xff, 0xbe, 0xf7, 0xdf, 0xff,
    0xdf, 0xff, 0xdf, 0xff, 0xdf, 0xff, 0xdf, 0xff, 0xdf, 0xff, 0xdf, 0xff, 0xdf, 0xff, 0xdf, 0xff,
    0xdf, 0xff, 0xdf, 0xff, 0xdf, 0xff, 0xdf, 0xff, 0xdf, 0xff, 0xdf, 0xff, 0xdf, 0xff, 0xdf, 0xff,
    0xdf, 0xff, 0xdf, 0xff, 0xdf, 0xff, 0xbe, 0xf7, 0xdf, 0xff, 0x9e, 0xf7, 0x6b, 0x42, 0xa5, 0x00,
    0xb0, 0x73, 0xff, 0xff, 0xbe, 0xf7, 0xdf, 0xff, 0xdf, 0xff, 0xdf, 0xff, 0xdf, 0xff, 0xdf, 0xff,
    0xdf, 0xff, 0xbe, 0xf7, 0xdf, 0xff, 0xbe, 0xf7, 0x15, 0x9d, 0xdb, 0xd6, 0xff, 0xff, 0xbe, 0xf7,
    0xdf, 0xff, 0xdf, 0xff, 0xdf, 0xff, 0xdf, 0xff, 0xdf, 0xff, 0xdf, 0xff, 0xdf, 0xff, 0xdf, 0xff,
    0xdf, 0xff, 0xbe, 0xf7, 0xdf, 0xff, 0xbe, 0xf7, 0x4b, 0x42, 0x06, 0x11, 0x47, 0x21, 0x47, 0x19,
    0x47, 0x19, 0x47, 0x19, 0x47, 0x19, 0x47, 0x19, 0x47, 0x19, 0x47, 0x19, 0x47, 0x19, 0x47, 0x19,
    0x47, 0x19, 0x47, 0x19, 0x47, 0x19, 0x47, 0x19, 0x47, 0x19, 0x47, 0x19, 0x47, 0x19, 0x47, 0x19,
    0x47, 0x19, 0x47, 0x21, 0xe6, 0x10, 0x35, 0xa5, 0xff, 0xff, 0xbe, 0xf7, 0xdf, 0xff, 0xdf, 0xff,
    0xdf, 0xff, 0xdf, 0xff, 0xdf, 0xff, 0xdf, 0xff, 0xdf, 0xff, 0xdf, 0xff, 0xdf, 0xff, 0xdf, 0xff,
    0xdf, 0xff, 0xdf, 0xff, 0xdf, 0xff, 0xdf, 0xff, 0xdf, 0xff, 0xdf, 0xff, 0xdf, 0xff, 0xdf, 0xff,
    0xdf, 0xff, 0xdf, 0xff, 0xdf, 0xff, 0xdf, 0xff, 0xdf, 0xff, 0xdf, 0xff, 0xdf, 0xff, 0xdf, 0xff,
    0xdf, 0xff, 0xdf, 0xff, 0xdf, 0xff, 0xdf, 0xff, 0xbe, 0xf7, 0xff, 0xff, 0x59, 0xc6, 0x27, 0x19,
    0x47, 0x19, 0x47, 0x19, 0x47, 0x19, 0x47, 0x19, 0x47, 0x19, 0x47, 0x19, 0x47, 0x19, 0x47, 0x19,
    0x47, 0x19, 0x47, 0x19, 0x47, 0x19, 0x47, 0x19, 0x47, 0x19, 0x47, 0x19, 0x47, 0x19, 0x47, 0x19,
    0x47, 0x19, 0x47, 0x19, 0x47, 0x19, 0x47, 0x19, 0x47, 0x19, 0x47, 0x19, 0x47, 0x19, 0x47, 0x19,
    0x47, 0x19, 0x47, 0x19, 0x47, 0x19, 0x47, 0x19, 0x47, 0x19, 0x47, 0x19, 0x47, 0x19, 0x47, 0x19,
    0x47, 0x19, 0x47, 0x19, 0x47, 0x19, 0x47, 0x19, 0x47, 0x19, 0x47, 0x19, 0x47, 0x19, 0x47, 0x19,
    0x47, 0x19, 0x47, 0x19, 0x47, 0x19, 0x47, 0x19, 0x47, 0x19, 0x47, 0x19, 0x47, 0x19, 0x47, 0x19,
    0x47, 0x19, 0x47, 0x19, 0x47, 0x19, 0x47, 0x19, 0x47, 0x19, 0x47, 0x19, 0x47, 0x19, 0x47, 0x19,
    0x47, 0x19, 0x47, 0x19, 0x47, 0x19, 0x47, 0x19, 0x47, 0x19, 0x47, 0x19, 0x47, 0x19, 0x47, 0x19,
    0x47, 0x19, 0x47, 0x19, 0x47, 0x19, 0x47, 0x19, 0x47, 0x19, 0x47, 0x19, 0x47, 0x19, 0x47, 0x19,
    0x47, 0x19, 0x47, 0x19, 0x47, 0x19, 0x47, 0x19, 0x47, 0x19, 0x47, 0x19, 0x47, 0x19, 0x47, 0x19,
    0x47, 0x19, 0x47, 0x19, 0x47, 0x19, 0x47, 0x19, 0x47, 0x19, 0x47, 0x19, 0x47, 0x19, 0x47, 0x19,
    0x47, 0x19, 0x47, 0x19, 0x47, 0x19, 0x47, 0x19, 0x47, 0x19, 0x47, 0x19, 0x47, 0x19, 0x47, 0x19,
    0x47, 0x19, 0x47, 0x19, 0x47, 0x19, 0x47, 0x19, 0x47, 0x19, 0x47, 0x19, 0x47, 0x19, 0x47, 0x19,
    0x47, 0x19, 0x67, 0x21, 0xe5, 0x10, 0x6f, 0x63, 0xff, 0xff, 0xbe, 0xf7, 0xdf, 0xff, 0xdf, 0xff,
    0xdf, 0xff, 0xdf, 0xff, 0xdf, 0xff, 0xdf, 0xff, 0xdf, 0xff, 0xdf, 0xff, 0xdf, 0xff, 0xdf, 0xff,
    0xdf, 0xff, 0xbe, 0xf7, 0xff, 0xff, 0x4e, 0x5b, 0xe6, 0x10, 0x67, 0x21, 0x47, 0x19, 0x47, 0x19,
    0x47, 0x19, 0x47, 0x19, 0x47, 0x19, 0x47, 0x19, 0x47, 0x19, 0x47, 0x19, 0x47, 0x19, 0x47, 0x19,
    0x47, 0x19, 0x47, 0x19, 0x47, 0x19, 0x47, 0x19, 0x47, 0x19, 0x47, 0x19, 0x27, 0x19, 0x68, 0x21,
    0xdb, 0xd6, 0xff, 0xff, 0xbe, 0xf7, 0xdf, 0xff, 0xdf, 0xff, 0xdf, 0xff, 0xdf, 0xff, 0xdf, 0xff,
    0xdf, 0xff, 0xdf, 0xff, 0xdf, 0xff, 0xdf, 0xff, 0xdf, 0xff, 0xdf, 0xff, 0xdf, 0xff, 0xdf, 0xff,
    0xbe, 0xf7, 0xff, 0xff, 0xba, 0xd6, 0xe5, 0x10, 0x11, 0x7c, 0xff, 0xff, 0xbe, 0xf7, 0xdf, 0xff,
    0xdf, 0xff, 0xdf, 0xff, 0xdf, 0xff, 0xdf, 0xff, 0xdf, 0xff, 0xdf, 0xff, 0xdf, 0xff, 0xdf, 0xff,
    0xdf, 0xff, 0xdf, 0xff, 0xdf, 0xff, 0xdf, 0xff, 0xdf, 0xff, 0xdf, 0xff, 0xdf, 0xff, 0xdf, 0xff,
    0xdf, 0xff, 0xdf, 0xff, 0xdf, 0xff, 0xbf, 0xf7, 0xdf, 0xff, 0xdf, 0xff, 0x8c, 0x4a, 0xc5, 0x08,
    0x8c, 0x4a, 0xbe, 0xf7, 0xdf, 0xff, 0xdf, 0xff, 0xdf, 0xff, 0xdf, 0xff, 0xdf, 0xff, 0xdf, 0xff,
    0xdf, 0xff, 0xdf, 0xff, 0xdf, 0xff, 0xdf, 0xff, 0xff, 0xff, 0xff, 0xff, 0xbe, 0xf7, 0xdf, 0xff,
    0xdf, 0xff, 0xdf, 0xff, 0xdf, 0xff, 0xdf, 0xff, 0xdf, 0xff, 0xdf, 0xff, 0xdf, 0xff, 0xdf, 0xff,
    0xdf, 0xff, 0xbe, 0xf7, 0xff, 0xff, 0x59, 0xc6, 0x27, 0x19, 0x47, 0x19, 0x47, 0x19, 0x47, 0x19,
    0x47, 0x19, 0x47, 0x19, 0x47, 0x19, 0x47, 0x19, 0x47, 0x19, 0x47, 0x19, 0x47, 0x19, 0x47, 0x19,
    0x47, 0x19, 0x47, 0x19, 0x47, 0x19, 0x47, 0x19, 0x47, 0x19, 0x47, 0x19, 0x47, 0x19, 0x47, 0x19,
    0x47, 0x19, 0x47, 0x21, 0x26, 0x19, 0xa8, 0x29, 0x1c, 0xdf, 0xff, 0xff, 0xbe, 0xf7, 0xdf, 0xff,
    0xdf, 0xff, 0xdf, 0xff, 0xdf, 0xff, 0xdf, 0xff, 0xdf, 0xff, 0xdf, 0xff, 0xdf, 0xff, 0xdf, 0xff,
    0xdf, 0xff, 0xdf, 0xff, 0xdf, 0xff, 0xdf, 0xff, 0xdf, 0xff, 0xdf, 0xff, 0xdf, 0xff, 0xdf, 0xff,
    0xdf, 0xff, 0xdf, 0xff, 0xdf, 0xff, 0xdf, 0xff, 0xdf, 0xff, 0xdf, 0xff, 0xdf, 0xff, 0xdf, 0xff,
    0xdf, 0xff, 0xdf, 0xff, 0xdf, 0xff, 0xdf, 0xff, 0xbe, 0xf7, 0xff, 0xff, 0x1c, 0xe7, 0xa8, 0x29,
    0x27, 0x19, 0x47, 0x19, 0x47, 0x19, 0x47, 0x19, 0x47, 0x19, 0x47, 0x19, 0x47, 0x19, 0x47, 0x19,
    0x47, 0x19, 0x47, 0x19, 0x47, 0x19, 0x47, 0x19, 0x47, 0x19, 0x47, 0x19, 0x47, 0x19, 0x47, 0x19,
    0x47, 0x19, 0x47, 0x19, 0x47, 0x19, 0x47, 0x19, 0x47, 0x19, 0x47, 0x19, 0x47, 0x19, 0x47, 0x19,
    0x47, 0x19, 0x47, 0x19, 0x47, 0x19, 0x47, 0x19, 0x47, 0x19, 0x47, 0x19, 0x47, 0x19, 0x47, 0x19,
    0x47, 0x19, 0x47, 0x19, 0x47, 0x19, 0x47, 0x19, 0x47, 0x19, 0x47, 0x19, 0x47, 0x19, 0x47, 0x19,
    0x47, 0x19, 0x47, 0x19, 0x47, 0x19, 0x47, 0x19, 0x47, 0x19, 0x47, 0x19, 0x47, 0x19, 0x47, 0x19,
    0x47, 0x19, 0x47, 0x19, 0x47, 0x19, 0x47, 0x19, 0x47, 0x19, 0x47, 0x19, 0x47, 0x19, 0x47, 0x19,
    0x47, 0x19, 0x47, 0x19, 0x47, 0x19, 0x47, 0x19, 0x47, 0x19, 0x47, 0x19, 0x47, 0x19, 0x47, 0x19,
    0x47, 0x19, 0x47, 0x19, 0x47, 0x19, 0x47, 0x19, 0x47, 0x19, 0x47, 0x19, 0x47, 0x19, 0x47, 0x19,
    0x47, 0x19, 0x47, 0x19, 0x47, 0x19, 0x47, 0x19, 0x47, 0x19, 0x47, 0x19, 0x47, 0x19, 0x47, 0x19,
    0x47, 0x19, 0x47, 0x19, 0x47, 0x19, 0x47, 0x19, 0x47, 0x19, 0x47, 0x19, 0x47, 0x19, 0x47, 0x19,
    0x47, 0x19, 0x47, 0x19, 0x47, 0x19, 0x47, 0x19, 0x47, 0x19, 0x47, 0x19, 0x47, 0x19, 0x47, 0x19,
    0x47, 0x19, 0x47, 0x19, 0x47, 0x19, 0x47, 0x19, 0x47, 0x19, 0x47, 0x19, 0x47, 0x19, 0x47, 0x19,
    0x47, 0x19, 0x47, 0x21, 0xe6, 0x10, 0xed, 0x52, 0xff, 0xff, 0xdf, 0xff, 0xbe, 0xf7, 0xdf, 0xff,
    0xdf, 0xff, 0xdf, 0xff, 0xdf, 0xff, 0xdf, 0xff, 0xdf, 0xff, 0xdf, 0xff, 0xdf, 0xff, 0xdf, 0xff,
    0xdf, 0xff, 0xbe, 0xf7, 0xff, 0xff, 0xbb, 0xd6, 0x47, 0x21, 0x27, 0x19, 0x47, 0x19, 0x47, 0x19,
    0x47, 0x19, 0x47, 0x19, 0x47, 0x19, 0x47, 0x19, 0x47, 0x19, 0x47, 0x19, 0x47, 0x19, 0x47, 0x19,
    0x47, 0x19, 0x47, 0x19, 0x47, 0x19, 0x47, 0x19, 0x47, 0x19, 0x47, 0x19, 0x47, 0x19, 0x47, 0x21,
    0x9a, 0xd6, 0xff, 0xff, 0xbe, 0xf7, 0xdf, 0xff, 0xdf, 0xff, 0xdf, 0xff, 0xdf, 0xff, 0xdf, 0xff,
    0xdf, 0xff, 0xdf, 0xff, 0xdf, 0xff, 0xdf, 0xff, 0xdf, 0xff, 0xdf, 0xff, 0xdf, 0xff, 0xdf, 0xff,
    0xbf, 0xf7, 0xbe, 0xf7, 0xff, 0xff, 0x4b, 0x42, 0x8f, 0x6b, 0xff, 0xff, 0xbe, 0xf7, 0xdf, 0xff,
    0xdf, 0xff, 0xdf, 0xff, 0xdf, 0xff, 0xdf, 0xff, 0xdf, 0xff, 0xdf, 0xff, 0xdf, 0xff, 0xdf, 0xff,
    0xdf, 0xff, 0xdf, 0xff, 0xdf, 0xff, 0xdf, 0xff, 0xdf, 0xff, 0xdf, 0xff, 0xdf, 0xff, 0xdf, 0xff,
    0xdf, 0xff, 0xdf, 0xff, 0xdf, 0xff, 0xdf, 0xff, 0xdf, 0xff, 0xff, 0xff, 0xac, 0x4a, 0xe6, 0x10,
    0x88, 0x29, 0xfb, 0xde, 0xff, 0xff, 0xbe, 0xf7, 0xdf, 0xff, 0xdf, 0xff, 0xdf, 0xff, 0xdf, 0xff,
    0xdf, 0xff, 0xdf, 0xff, 0xdf, 0xff, 0xdf, 0xff, 0xbe, 0xf7, 0xbe, 0xf7, 0xdf, 0xff, 0xdf, 0xff,
    0xdf, 0xff, 0xdf, 0xff, 0xdf, 0xff, 0xdf, 0xff, 0xdf, 0xff, 0xdf, 0xff, 0xdf, 0xff, 0xdf, 0xff,
    0xdf, 0xff, 0xbe, 0xf7, 0xff, 0xff, 0x32, 0x84, 0xc5, 0x10, 0x67, 0x21, 0x47, 0x19, 0x47, 0x19,
    0x47, 0x19, 0x47, 0x19, 0x47, 0x19, 0x47, 0x19, 0x47, 0x19, 0x47, 0x19, 0x47, 0x19, 0x47, 0x19,
    0x47, 0x19, 0x47, 0x19, 0x47, 0x19, 0x47, 0x19, 0x47, 0x19, 0x47, 0x19, 0x47, 0x19, 0x47, 0x19,
    0x47, 0x19, 0x47, 0x19, 0x67, 0x21, 0xe5, 0x10, 0x4f, 0x63, 0xff, 0xff, 0xbe, 0xf7, 0xdf, 0xff,
    0xdf, 0xff, 0xdf, 0xff, 0xdf, 0xff, 0xdf, 0xff, 0xdf, 0xff, 0xdf, 0xff, 0xdf, 0xff, 0xdf, 0xff,
    0xdf, 0xff, 0xdf, 0xff, 0xdf, 0xff, 0xdf, 0xff, 0xdf, 0xff, 0xdf, 0xff, 0xdf, 0xff, 0xdf, 0xff,
    0xdf, 0xff, 0xdf, 0xff, 0xdf, 0xff, 0xdf, 0xff, 0xdf, 0xff, 0xdf, 0xff, 0xdf, 0xff, 0xdf, 0xff,
    0xdf, 0xff, 0xdf, 0xff, 0xdf, 0xff, 0xdf, 0xff, 0xbe, 0xf7, 0xff, 0xff, 0x5d, 0xef, 0xe9, 0x31,
    0x26, 0x19, 0x47, 0x21, 0x47, 0x19, 0x47, 0x19, 0x47, 0x19, 0x47, 0x19, 0x47, 0x19, 0x47, 0x19,
    0x47, 0x19, 0x47, 0x19, 0x47, 0x19, 0x47, 0x19, 0x47, 0x19, 0x47, 0x19, 0x47, 0x19, 0x47, 0x19,
    0x47, 0x19, 0x47, 0x19, 0x47, 0x19, 0x47, 0x19, 0x47, 0x19, 0x47, 0x19, 0x47, 0x19, 0x47, 0x19,
    0x47, 0x19, 0x47, 0x19, 0x47, 0x19, 0x47, 0x19, 0x47, 0x19, 0x47, 0x19, 0x47, 0x19, 0x47, 0x19,
    0x47, 0x19, 0x47, 0x19, 0x47, 0x19, 0x47, 0x19, 0x47, 0x19, 0x47, 0x19, 0x47, 0x19, 0x47, 0x19,
    0x47, 0x19, 0x47, 0x19, 0x47, 0x19, 0x47, 0x19, 0x47, 0x19, 0x47, 0x19, 0x47, 0x19, 0x47, 0x19,
    0x47, 0x19, 0x47, 0x19, 0x47, 0x19, 0x47, 0x19, 0x47, 0x19, 0x47, 0x19, 0x47, 0x19, 0x47, 0x19,
    0x47, 0x19, 0x47, 0x19, 0x47, 0x19, 0x47, 0x19, 0x47, 0x19, 0x47, 0x19, 0x47, 0x19, 0x47, 0x19,
    0x47, 0x19, 0x47, 0x19, 0x47, 0x19, 0x47, 0x19, 0x47, 0x19, 0x47, 0x19, 0x47, 0x19, 0x47, 0x19,
    0x47, 0x19, 0x47, 0x19, 0x47, 0x19, 0x47, 0x19, 0x47, 0x19, 0x47, 0x19, 0x47, 0x19, 0x47, 0x19,
    0x47, 0x19, 0x47, 0x19, 0x47, 0x19, 0x47, 0x19, 0x47, 0x19, 0x47, 0x19, 0x47, 0x19, 0x47, 0x19,
    0x47, 0x19, 0x47, 0x19, 0x47, 0x19, 0x47, 0x19, 0x47, 0x19, 0x47, 0x19, 0x47, 0x19, 0x47, 0x19,
    0x47, 0x19, 0x47, 0x19, 0x47, 0x19, 0x47, 0x19, 0x47, 0x19, 0x47, 0x19, 0x47, 0x19, 0x47, 0x19,
    0x47, 0x19, 0x47, 0x21, 0x06, 0x11, 0x4b, 0x42, 0x9e, 0xf7, 0xdf, 0xff, 0xbe, 0xf7, 0xdf, 0xff,
    0xdf, 0xff, 0xdf, 0xff, 0xdf, 0xff, 0xdf, 0xff, 0xdf, 0xff, 0xdf, 0xff, 0xdf, 0xff, 0xdf, 0xff,
    0xdf, 0xff, 0xdf, 0xff, 0xbe, 0xf7, 0xff, 0xff, 0x32, 0x84, 0xc5, 0x08, 0x67, 0x21, 0x47, 0x19,
    0x47, 0x19, 0x47, 0x19, 0x47, 0x19, 0x47, 0x19, 0x47, 0x19, 0x47, 0x19, 0x47, 0x19, 0x47, 0x19,
    0x47, 0x19, 0x47, 0x19, 0x47, 0x19, 0x47, 0x19, 0x47, 0x19, 0x47, 0x19, 0x47, 0x19, 0x47, 0x19,
    0x7a, 0xce, 0xff, 0xff, 0xbe, 0xf7, 0xdf, 0xff, 0xdf, 0xff, 0xdf, 0xff, 0xdf, 0xff, 0xdf, 0xff,
    0xdf, 0xff, 0xdf, 0xff, 0xdf, 0xff, 0xdf, 0xff, 0xdf, 0xff, 0xdf, 0xff, 0xdf, 0xff, 0xbe, 0xf7,
    0xbe, 0xf7, 0xff, 0xff, 0xdf, 0xff, 0xe9, 0x31, 0x6f, 0x6b, 0xff, 0xff, 0xbe, 0xf7, 0xdf, 0xff,
    0xdf, 0xff, 0xdf, 0xff, 0xdf, 0xff, 0xdf, 0xff, 0xdf, 0xff, 0xdf, 0xff, 0xdf, 0xff, 0xdf, 0xff,
    0xdf, 0xff, 0xdf, 0xff, 0xdf, 0xff, 0xdf, 0xff, 0xdf, 0xff, 0xdf, 0xff, 0xdf, 0xff, 0xdf, 0xff,
    0xdf, 0xff, 0xdf, 0xff, 0xdf, 0xff, 0xdf, 0xff, 0xbe, 0xf7, 0xff, 0xff, 0xcd, 0x52, 0x06, 0x11,
    0x06, 0x11, 0x96, 0xad, 0xff, 0xff, 0xbe, 0xf7, 0xdf, 0xff, 0xdf, 0xff, 0xdf, 0xff, 0xdf, 0xff,
    0xdf, 0xff, 0xdf, 0xff, 0xdf, 0xff, 0xdf, 0xff, 0xdf, 0xff, 0xdf, 0xff, 0xdf, 0xff, 0xdf, 0xff,
    0xdf, 0xff, 0xdf, 0xff, 0xdf, 0xff, 0xdf, 0xff, 0xdf, 0xff, 0xdf, 0xff, 0xdf, 0xff, 0xdf, 0xff,
    0xbe, 0xf7, 0xdf, 0xff, 0x7e, 0xf7, 0x0a, 0x3a, 0x06, 0x11, 0x47, 0x21, 0x47, 0x19, 0x47, 0x19,
    0x47, 0x19, 0x47, 0x19, 0x47, 0x19, 0x47, 0x19, 0x47, 0x19, 0x47, 0x19, 0x47, 0x19, 0x47, 0x19,
    0x47, 0x19, 0x47, 0x19, 0x47, 0x19, 0x47, 0x19, 0x47, 0x19, 0x47, 0x19, 0x47, 0x19, 0x47, 0x19,
    0x47, 0x19, 0x47, 0x19, 0x47, 0x19, 0x47, 0x21, 0xe6, 0x10, 0x56, 0xa5, 0xff, 0xff, 0xbe, 0xf7,
    0xdf, 0xff, 0xdf, 0xff, 0xdf, 0xff, 0xdf, 0xff, 0xdf, 0xff, 0xdf, 0xff, 0xdf, 0xff, 0xdf, 0xff,
    0xdf, 0xff, 0xdf, 0xff, 0xdf, 0xff, 0xdf, 0xff, 0xdf, 0xff, 0xdf, 0xff, 0xdf, 0xff, 0xdf, 0xff,
    0xdf, 0xff, 0xdf, 0xff, 0xdf, 0xff, 0xdf, 0xff, 0xdf, 0xff, 0xdf, 0xff, 0xdf, 0xff, 0xdf, 0xff,
    0xdf, 0xff, 0xdf, 0xff, 0xdf, 0xff, 0xdf, 0xff, 0xbe, 0xf7, 0xff, 0xff, 0x3d, 0xe7, 0xc9, 0x31,
    0x26, 0x19, 0x47, 0x19, 0x47, 0x19, 0x47, 0x19, 0x47, 0x19, 0x47, 0x19, 0x47, 0x19, 0x47, 0x19,
    0x47, 0x19, 0x47, 0x19, 0x47, 0x19, 0x47, 0x19, 0x47, 0x19, 0x47, 0x19, 0x47, 0x19, 0x47, 0x19,
    0x47, 0x19, 0x47, 0x19, 0x47, 0x19, 0x47, 0x19, 0x47, 0x19, 0x47, 0x19, 0x47, 0x19, 0x47, 0x19,
    0x47, 0x19, 0x47, 0x19, 0x47, 0x19, 0x47, 0x19, 0x47, 0x19, 0x47, 0x19, 0x47, 0x19, 0x47, 0x19,
    0x47, 0x19, 0x47, 0x19, 0x47, 0x19, 0x47, 0x19, 0x47, 0x19, 0x47, 0x19, 0x47, 0x19, 0x47, 0x19,
    0x47, 0x19, 0x47, 0x19, 0x47, 0x19, 0x47, 0x19, 0x47, 0x19, 0x47, 0x19, 0x47, 0x19, 0x47, 0x19,
    0x47, 0x19, 0x47, 0x19, 0x47, 0x19, 0x47, 0x19, 0x47, 0x19, 0x47, 0x19, 0x47, 0x19, 0x47, 0x19,
    0x47, 0x19, 0x47, 0x19, 0x47, 0x19, 0x47, 0x19, 0x47, 0x19, 0x47, 0x19, 0x47, 0x19, 0x47, 0x19,
    0x47, 0x19, 0x47, 0x19, 0x47, 0x19, 0x47, 0x19, 0x47, 0x19, 0x47, 0x19, 0x47, 0x19, 0x47, 0x19,
    0x47, 0x19, 0x47, 0x19, 0x47, 0x19, 0x47, 0x19, 0x47, 0x19, 0x47, 0x19, 0x47, 0x19, 0x47, 0x19,
    0x47, 0x19, 0x47, 0x19, 0x47, 0x19, 0x47, 0x19, 0x47, 0x19, 0x47, 0x19, 0x47, 0x19, 0x47, 0x19,
    0x47, 0x19, 0x47, 0x19, 0x47, 0x19, 0x47, 0x19, 0x47, 0x19, 0x47, 0x19, 0x47, 0x19, 0x47, 0x19,
    0x47, 0x19, 0x47, 0x19, 0x47, 0x19, 0x47, 0x19, 0x47, 0x19, 0x47, 0x19, 0x47, 0x19, 0x47, 0x19,
    0x47, 0x19, 0x47, 0x19, 0x26, 0x19, 0xc9, 0x29, 0x3c, 0xe7, 0xff, 0xff, 0xbe, 0xf7, 0xdf, 0xff,
    0xdf, 0xff, 0xdf, 0xff, 0xdf, 0xff, 0xdf, 0xff, 0xdf, 0xff, 0xdf, 0xff, 0xdf, 0xff, 0xdf, 0xff,
    0xdf, 0xff, 0xdf, 0xff, 0xbe, 0xf7, 0xdf, 0xff, 0x7d, 0xef, 0x0a, 0x3a, 0x06, 0x11, 0x47, 0x21,
    0x47, 0x19, 0x47, 0x19, 0x47, 0x19, 0x47, 0x19, 0x47, 0x19, 0x47, 0x19, 0x47, 0x19, 0x47, 0x19,
    0x47, 0x19, 0x47, 0x19, 0x47, 0x19, 0x47, 0x19, 0x47, 0x19, 0x47, 0x19, 0x47, 0x19, 0x26, 0x19,
    0x39, 0xc6, 0xff, 0xff, 0xbe, 0xf7, 0xdf, 0xff, 0xdf, 0xff, 0xdf, 0xff, 0xdf, 0xff, 0xdf, 0xff,
    0xdf, 0xff, 0xdf, 0xff, 0xdf, 0xff, 0xdf, 0xff, 0xdf, 0xff, 0xbe, 0xf7, 0xbe, 0xf7, 0xff, 0xff,
    0xff, 0xff, 0x3d, 0xe7, 0x8f, 0x6b, 0xa5, 0x00, 0x8f, 0x6b, 0xff, 0xff, 0xbe, 0xf7, 0xdf, 0xff,
    0xdf, 0xff, 0xdf, 0xff, 0xdf, 0xff, 0xdf, 0xff, 0xdf, 0xff, 0xdf, 0xff, 0xdf, 0xff, 0xdf, 0xff,
    0xdf, 0xff, 0xdf, 0xff, 0xdf, 0xff, 0xdf, 0xff, 0xdf, 0xff, 0xdf, 0xff, 0xdf, 0xff, 0xdf, 0xff,
    0xdf, 0xff, 0xdf, 0xff, 0xdf, 0xff, 0xdf, 0xff, 0xbe, 0xf7, 0xff, 0xff, 0xed, 0x52, 0x06, 0x11,
    0xe6, 0x10, 0xb0, 0x6b, 0xff, 0xff, 0xbe, 0xf7, 0xdf, 0xff, 0xdf, 0xff, 0xdf, 0xff, 0xdf, 0xff,
    0xdf, 0xff, 0xdf, 0xff, 0xdf, 0xff, 0xdf, 0xff, 0xdf, 0xff, 0xdf, 0xff, 0xdf, 0xff, 0xdf, 0xff,
    0xdf, 0xff, 0xdf, 0xff, 0xdf, 0xff, 0xdf, 0xff, 0xdf, 0xff, 0xdf, 0xff, 0xdf, 0xff, 0xdf, 0xff,
    0xbe, 0xf7, 0xff, 0xff, 0x76, 0xad, 0xe6, 0x10, 0x47, 0x21, 0x47, 0x19, 0x47, 0x19, 0x47, 0x19,
    0x47, 0x19, 0x47, 0x19, 0x47, 0x19, 0x47, 0x19, 0x47, 0x19, 0x47, 0x19, 0x47, 0x19, 0x47, 0x19,
    0x47, 0x19, 0x47, 0x19, 0x47, 0x19, 0x47, 0x19, 0x47, 0x19, 0x47, 0x19, 0x47, 0x19, 0x47, 0x19,
    0x47, 0x19, 0x47, 0x19, 0x47, 0x19, 0x47, 0x19, 0x27, 0x19, 0xa8, 0x29, 0xfb, 0xde, 0xff, 0xff,
    0xbe, 0xf7, 0xdf, 0xff, 0xdf, 0xff, 0xdf, 0xff, 0xdf, 0xff, 0xdf, 0xff, 0xdf, 0xff, 0xdf, 0xff,
    0xdf, 0xff, 0xdf, 0xff, 0xdf, 0xff, 0xdf, 0xff, 0xdf, 0xff, 0xdf, 0xff, 0xdf, 0xff, 0xdf, 0xff,
    0xdf, 0xff, 0xdf, 0xff, 0xdf, 0xff, 0xdf, 0xff, 0xdf, 0xff, 0xdf, 0xff, 0xdf, 0xff, 0xdf, 0xff,
    0xdf, 0xff, 0xdf, 0xff, 0xdf, 0xff, 0xdf, 0xff, 0xbe, 0xf7, 0xff, 0xff, 0xdb, 0xde, 0x68, 0x21,
    0x27, 0x19, 0x47, 0x19, 0x47, 0x19, 0x47, 0x19, 0x47, 0x19, 0x47, 0x19, 0x47, 0x19, 0x47, 0x19,
    0x47, 0x19, 0x47, 0x19, 0x47, 0x19, 0x47, 0x19, 0x47, 0x19, 0x47, 0x19, 0x47, 0x19, 0x47, 0x19,
    0x47, 0x19, 0x47, 0x19, 0x47, 0x19, 0x47, 0x19, 0x47, 0x19, 0x47, 0x19, 0x47, 0x19, 0x47, 0x19,
    0x47, 0x19, 0x47, 0x19, 0x47, 0x19, 0x47, 0x19, 0x47, 0x19, 0x47, 0x19, 0x47, 0x19, 0x47, 0x19,
    0x47, 0x19, 0x47, 0x19, 0x47, 0x19, 0x47, 0x19, 0x47, 0x19, 0x47, 0x19, 0x47, 0x19, 0x47, 0x19,
    0x47, 0x19, 0x47, 0x19, 0x47, 0x19, 0x47, 0x19, 0x47, 0x19, 0x47, 0x19, 0x47, 0x19, 0x47, 0x19,
    0x47, 0x19, 0x47, 0x19, 0x47, 0x19, 0x47, 0x19, 0x47, 0x19, 0x47, 0x19, 0x47, 0x19, 0x47, 0x19,
    0x47, 0x19, 0x47, 0x19, 0x47, 0x19, 0x47, 0x19, 0x47, 0x19, 0x47, 0x19, 0x47, 0x19, 0x47, 0x19,
    0x47, 0x19, 0x47, 0x19, 0x47, 0x19, 0x47, 0x19, 0x47, 0x19, 0x47, 0x19, 0x47, 0x19, 0x47, 0x19,
    0x47, 0x19, 0x47, 0x19, 0x47, 0x19, 0x47, 0x19, 0x47, 0x19, 0x47, 0x19, 0x47, 0x19, 0x47, 0x19,
    0x47, 0x19, 0x47, 0x19, 0x47, 0x19, 0x47, 0x19, 0x47, 0x19, 0x47, 0x19, 0x47, 0x19, 0x47, 0x19,
    0x47, 0x19, 0x47, 0x19, 0x47, 0x19, 0x47, 0x19, 0x47, 0x19, 0x47, 0x19, 0x47, 0x19, 0x47, 0x19,
    0x47, 0x19, 0x47, 0x19, 0x47, 0x19, 0x47, 0x19, 0x47, 0x19, 0x47, 0x19, 0x47, 0x19, 0x47, 0x19,
    0x47, 0x19, 0x47, 0x19, 0x47, 0x19, 0x67, 0x21, 0xbb, 0xd6, 0xff, 0xff, 0xbe, 0xf7, 0xdf, 0xff,
    0xdf, 0xff, 0xdf, 0xff, 0xdf, 0xff, 0xdf, 0xff, 0xdf, 0xff, 0xdf, 0xff, 0xdf, 0xff, 0xdf, 0xff,
    0xdf, 0xff, 0xdf, 0xff, 0xdf, 0xff, 0xbe, 0xf7, 0xff, 0xff, 0x76, 0xad, 0xe6, 0x10, 0x47, 0x21,
    0x47, 0x19, 0x47, 0x19, 0x47, 0x19, 0x47, 0x19, 0x47, 0x19, 0x47, 0x19, 0x47, 0x19, 0x47, 0x19,
    0x47, 0x19, 0x47, 0x19, 0x47, 0x19, 0x47, 0x19, 0x47, 0x19, 0x47, 0x19, 0x47, 0x19, 0x06, 0x11,
    0x18, 0xbe, 0xff, 0xff, 0xbe, 0xf7, 0xdf, 0xff, 0xdf, 0xff, 0xdf, 0xff, 0xdf, 0xff, 0xdf, 0xff,
    0xdf, 0xff, 0xdf, 0xff, 0xbe, 0xf7, 0xbe, 0xf7, 0xdf, 0xff, 0xff, 0xff, 0xff, 0xff, 0xdb, 0xde,
    0x72, 0x8c, 0xc9, 0x31, 0x06, 0x11, 0xe6, 0x10, 0x4e, 0x63, 0xff, 0xff, 0xbe, 0xf7, 0xdf, 0xff,
    0xdf, 0xff, 0xdf, 0xff, 0xdf, 0xff, 0xdf, 0xff, 0xdf, 0xff, 0xdf, 0xff, 0xdf, 0xff, 0xdf, 0xff,
    0xdf, 0xff, 0xdf, 0xff, 0xdf, 0xff, 0xdf, 0xff, 0xdf, 0xff, 0xdf, 0xff, 0xdf, 0xff, 0xdf, 0xff,
    0xdf, 0xff, 0xdf, 0xff, 0xdf, 0xff, 0xdf, 0xff, 0xbe, 0xf7, 0xdf, 0xff, 0xac, 0x4a, 0x06, 0x11,
    0x27, 0x19, 0xc9, 0x31, 0x5d, 0xe7, 0xdf, 0xff, 0xbe, 0xf7, 0xdf, 0xff, 0xdf, 0xff, 0xdf, 0xff,
    0xdf, 0xff, 0xdf, 0xff, 0xdf, 0xff, 0xdf, 0xff, 0xdf, 0xff, 0xdf, 0xff, 0xdf, 0xff, 0xdf, 0xff,
    0xdf, 0xff, 0xdf, 0xff, 0xdf, 0xff, 0xdf, 0xff, 0xdf, 0xff, 0xdf, 0xff, 0xdf, 0xff, 0xdf, 0xff,
    0xdf, 0xff, 0xdf, 0xff, 0x8c, 0x4a, 0x06, 0x11, 0x47, 0x21, 0x47, 0x19, 0x47, 0x19, 0x47, 0x19,
    0x47, 0x19, 0x47, 0x19, 0x47, 0x19, 0x47, 0x19, 0x47, 0x19, 0x47, 0x19, 0x47, 0x19, 0x47, 0x19,
    0x47, 0x19, 0x47, 0x19, 0x47, 0x19, 0x47, 0x19, 0x47, 0x19, 0x47, 0x19, 0x47, 0x19, 0x47, 0x19,
    0x47, 0x19, 0x47, 0x19, 0x47, 0x19, 0x47, 0x19, 0x67, 0x21, 0xe6, 0x10, 0xcd, 0x52, 0xdf, 0xff,
    0xdf, 0xff, 0xbe, 0xf7, 0xdf, 0xff, 0xdf, 0xff, 0xdf, 0xff, 0xdf, 0xff, 0xdf, 0xff, 0xdf, 0xff,
    0xdf, 0xff, 0xdf, 0xff, 0xdf, 0xff, 0xdf, 0xff, 0xdf, 0xff, 0xdf, 0xff, 0xdf, 0xff, 0xdf, 0xff,
    0xdf, 0xff, 0xdf, 0xff, 0xdf, 0xff, 0xdf, 0xff, 0xdf, 0xff, 0xdf, 0xff, 0xdf, 0xff, 0xdf, 0xff,
    0xdf, 0xff, 0xdf, 0xff, 0xdf, 0xff, 0xdf, 0xff, 0xbe, 0xf7, 0xff, 0xff, 0x97, 0xad, 0xe6, 0x10,
    0x47, 0x21, 0x47, 0x19, 0x47, 0x19, 0x47, 0x19, 0x47, 0x19, 0x47, 0x19, 0x47, 0x19, 0x47, 0x19,
    0x47, 0x19, 0x47, 0x19, 0x47, 0x19, 0x47, 0x19, 0x47, 0x19, 0x47, 0x19, 0x47, 0x19, 0x47, 0x19,
    0x47, 0x19, 0x47, 0x19, 0x47, 0x19, 0x47, 0x19, 0x47, 0x19, 0x47, 0x19, 0x47, 0x19, 0x47, 0x19,
    0x47, 0x19, 0x47, 0x19, 0x47, 0x19, 0x47, 0x19, 0x47, 0x19, 0x47, 0x19, 0x47, 0x19, 0x47, 0x19,
    0x47, 0x19, 0x47, 0x19, 0x47, 0x19, 0x47, 0x19, 0x47, 0x19, 0x47, 0x19, 0x47, 0x19, 0x47, 0x19,
    0x47, 0x19, 0x47, 0x19, 0x47, 0x19, 0x47, 0x19, 0x47, 0x19, 0x47, 0x19, 0x47, 0x19, 0x47, 0x19,
    0x47, 0x19, 0x47, 0x19, 0x47, 0x19, 0x47, 0x19, 0x47, 0x19, 0x47, 0x19, 0x47, 0x19, 0x47, 0x19,
    0x47, 0x19, 0x47, 0x19, 0x47, 0x19, 0x47, 0x19, 0x47, 0x19, 0x47, 0x19, 0x47, 0x19, 0x47, 0x19,
    0x47, 0x19, 0x47, 0x19, 0x47, 0x19, 0x47, 0x19, 0x47, 0x19, 0x47, 0x19, 0x47, 0x19, 0x47, 0x19,
    0x47, 0x19, 0x47, 0x19, 0x47, 0x19, 0x47, 0x19, 0x47, 0x19, 0x47, 0x19, 0x47, 0x19, 0x47, 0x19,
    0x47, 0x19, 0x47, 0x19, 0x47, 0x19, 0x47, 0x19, 0x47, 0x19, 0x47, 0x19, 0x47, 0x19, 0x47, 0x19,
    0x47, 0x19, 0x47, 0x19, 0x47, 0x19, 0x47, 0x19, 0x47, 0x19, 0x47, 0x19, 0x47, 0x19, 0x47, 0x19,
    0x47, 0x19, 0x47, 0x19, 0x47, 0x19, 0x47, 0x19, 0x47, 0x19, 0x47, 0x19, 0x47, 0x19, 0x47, 0x19,
    0x47, 0x19, 0x47, 0x19, 0x47, 0x19, 0x06, 0x11, 0x18, 0xbe, 0xff, 0xff, 0xbe, 0xf7, 0xdf, 0xff,
    0xdf, 0xff, 0xdf, 0xff, 0xdf, 0xff, 0xdf, 0xff, 0xdf, 0xff, 0xdf, 0xff, 0xdf, 0xff, 0xdf, 0xff,
    0xdf, 0xff, 0xdf, 0xff, 0xdf, 0xff, 0xbe, 0xf7, 0xdf, 0xf7, 0xdf, 0xff, 0xcd, 0x52, 0xe6, 0x10,
    0x67, 0x21, 0x47, 0x19, 0x47, 0x19, 0x47, 0x19, 0x47, 0x19, 0x47, 0x19, 0x47, 0x19, 0x47, 0x19,
    0x47, 0x19, 0x47, 0x19, 0x47, 0x19, 0x47, 0x19, 0x47, 0x19, 0x47, 0x19, 0x47, 0x21, 0x06, 0x11,
    0xd7, 0xb5, 0xff, 0xff, 0xbe, 0xf7, 0xdf, 0xff, 0xdf, 0xff, 0xdf, 0xff, 0xdf, 0xff, 0xdf, 0xff,
    0xbe, 0xf7, 0xbe, 0xf7, 0xdf, 0xff, 0xff, 0xff, 0xdf, 0xff, 0x18, 0xc6, 0x6f, 0x6b, 0x88, 0x21,
    0xc5, 0x08, 0x26, 0x19, 0x67, 0x21, 0xe6, 0x10, 0x2e, 0x5b, 0xff, 0xff, 0xbe, 0xf7, 0xdf, 0xff,
    0xdf, 0xff, 0xdf, 0xff, 0xdf, 0xff, 0xdf, 0xff, 0xdf, 0xff, 0xdf, 0xff, 0xdf, 0xff, 0xdf, 0xff,
    0xdf, 0xff, 0xdf, 0xff, 0xdf, 0xff, 0xdf, 0xff, 0xdf, 0xff, 0xdf, 0xff, 0xdf, 0xff, 0xdf, 0xff,
    0xdf, 0xff, 0xbe, 0xf7, 0xbe, 0xf7, 0x9e, 0xf7, 0xff, 0xff, 0x5d, 0xe7, 0xa8, 0x29, 0x27, 0x19,
    0x67, 0x21, 0xe5, 0x10, 0xd4, 0x94, 0xff, 0xff, 0xbe, 0xf7, 0xdf, 0xff, 0xdf, 0xff, 0xdf, 0xff,
    0xdf, 0xff, 0xdf, 0xff, 0xdf, 0xff, 0xdf, 0xff, 0xdf, 0xff, 0xdf, 0xff, 0xdf, 0xff, 0xdf, 0xff,
    0xdf, 0xff, 0xdf, 0xff, 0xdf, 0xff, 0xdf, 0xff, 0xdf, 0xff, 0xdf, 0xff, 0xdf, 0xff, 0xbe, 0xf7,
    0xff, 0xff, 0x76, 0xad, 0xe6, 0x10, 0x47, 0x21, 0x47, 0x19, 0x47, 0x19, 0x47, 0x19, 0x47, 0x19,
    0x47, 0x19, 0x47, 0x19, 0x47, 0x19, 0x47, 0x19, 0x47, 0x19, 0x47, 0x19, 0x47, 0x19, 0x47, 0x19,
    0x47, 0x19, 0x47, 0x19, 0x47, 0x19, 0x47, 0x19, 0x47, 0x19, 0x47, 0x19, 0x47, 0x19, 0x47, 0x19,
    0x47, 0x19, 0x47, 0x19, 0x47, 0x19, 0x47, 0x19, 0x47, 0x19, 0x67, 0x21, 0xc5, 0x08, 0x32, 0x84,
    0xff, 0xff, 0xbe, 0xf7, 0xdf, 0xff, 0xdf, 0xff, 0xdf, 0xff, 0xdf, 0xff, 0xdf, 0xff, 0xdf, 0xff,
    0xdf, 0xff, 0xdf, 0xff, 0xdf, 0xff, 0xdf, 0xff, 0xdf, 0xff, 0xdf, 0xff, 0xdf, 0xff, 0xdf, 0xff,
    0xdf, 0xff, 0xdf, 0xff, 0xdf, 0xff, 0xdf, 0xff, 0xdf, 0xff, 0xdf, 0xff, 0xdf, 0xff, 0xdf, 0xff,
    0xdf, 0xff, 0xdf, 0xff, 0xdf, 0xff, 0xdf, 0xff, 0xbe, 0xf7, 0xff, 0xff, 0xaf, 0x6b, 0xe5, 0x10,
    0x67, 0x21, 0x47, 0x19, 0x47, 0x19, 0x47, 0x19, 0x47, 0x19, 0x47, 0x19, 0x47, 0x19, 0x47, 0x19,
    0x47, 0x19, 0x47, 0x19, 0x47, 0x19, 0x47, 0x19, 0x47, 0x19, 0x47, 0x19, 0x47, 0x19, 0x47, 0x19,
    0x47, 0x19, 0x47, 0x19, 0x47, 0x19, 0x47, 0x19, 0x47, 0x19, 0x47, 0x19, 0x47, 0x19, 0x47, 0x19,
    0x47, 0x19, 0x47, 0x19, 0x47, 0x19, 0x47, 0x19, 0x47, 0x19, 0x47, 0x19, 0x47, 0x19, 0x47, 0x19,
    0x47, 0x19, 0x47, 0x19, 0x47, 0x19, 0x47, 0x19, 0x47, 0x19, 0x47, 0x19, 0x47, 0x19, 0x47, 0x19,
    0x47, 0x19, 0x47, 0x19, 0x47, 0x19, 0x47, 0x19, 0x47, 0x19, 0x47, 0x19, 0x47, 0x19, 0x47, 0x19,
    0x47, 0x19, 0x47, 0x19, 0x47, 0x19, 0x47, 0x19, 0x47, 0x19, 0x47, 0x19, 0x47, 0x19, 0x47, 0x19,
    0x47, 0x19, 0x47, 0x19, 0x47, 0x19, 0x47, 0x19, 0x47, 0x19, 0x47, 0x19, 0x47, 0x19, 0x47, 0x19,
    0x47, 0x19, 0x47, 0x19, 0x47, 0x19, 0x47, 0x19, 0x47, 0x19, 0x47, 0x19, 0x47, 0x19, 0x47, 0x19,
    0x47, 0x19, 0x47, 0x19, 0x47, 0x19, 0x47, 0x19, 0x47, 0x19, 0x47, 0x19, 0x47, 0x19, 0x47, 0x19,
    0x47, 0x19, 0x47, 0x19, 0x47, 0x19, 0x47, 0x19, 0x47, 0x19, 0x47, 0x19, 0x47, 0x19, 0x47, 0x19,
    0x47, 0x19, 0x47, 0x19, 0x47, 0x19, 0x47, 0x19, 0x47, 0x19, 0x47, 0x19, 0x47, 0x19, 0x47, 0x19,
    0x47, 0x19, 0x47, 0x19, 0x47, 0x19, 0x47, 0x19, 0x47, 0x19, 0x47, 0x19, 0x47, 0x19, 0x47, 0x19,
    0x47, 0x19, 0x47, 0x19, 0x47, 0x21, 0xe6, 0x10, 0x35, 0xa5, 0xff, 0xff, 0xbe, 0xf7, 0xdf, 0xff,
    0xdf, 0xff, 0xdf, 0xff, 0xdf, 0xff, 0xdf, 0xff, 0xdf, 0xff, 0xdf, 0xff, 0xdf, 0xff, 0xdf, 0xff,
    0xdf, 0xff, 0xdf, 0xff, 0xdf, 0xff, 0xdf, 0xff, 0xbe, 0xf7, 0xff, 0xff, 0x59, 0xc6, 0x27, 0x19,
    0x47, 0x19, 0x47, 0x19, 0x47, 0x19, 0x47, 0x19, 0x47, 0x19, 0x47, 0x19, 0x47, 0x19, 0x47, 0x19,
    0x47, 0x19, 0x47, 0x19, 0x47, 0x19, 0x47, 0x19, 0x47, 0x19, 0x47, 0x19, 0x47, 0x21, 0xe6, 0x10,
    0x96, 0xad, 0xff, 0xff, 0xbe, 0xf7, 0xdf, 0xff, 0xdf, 0xff, 0xdf, 0xff, 0xbe, 0xf7, 0xbe, 0xf7,
    0xff, 0xff, 0xff, 0xff, 0x7d, 0xef, 0x56, 0xa5, 0xac, 0x4a, 0x06, 0x19, 0xe5, 0x10, 0x27, 0x19,
    0x67, 0x21, 0x47, 0x19, 0x67, 0x21, 0xe6, 0x10, 0xed, 0x52, 0xff, 0xff, 0xdf, 0xff, 0xdf, 0xff,
    0xdf, 0xff, 0xdf, 0xff, 0xdf, 0xff, 0xdf, 0xff, 0xdf, 0xff, 0xdf, 0xff, 0xdf, 0xff, 0xdf, 0xff,
    0xdf, 0xff, 0xdf, 0xff, 0xdf, 0xff, 0xdf, 0xff, 0xdf, 0xff, 0xdf, 0xff, 0xbf, 0xf7, 0xbe, 0xf7,
    0xbe, 0xf7, 0xdf, 0xff, 0xff, 0xff, 0xff, 0xff, 0x9e, 0xf7, 0xb0, 0x73, 0x06, 0x11, 0x47, 0x21,
    0x47, 0x21, 0x06, 0x19, 0xe9, 0x31, 0x5d, 0xe7, 0xdf, 0xff, 0xbe, 0xf7, 0xdf, 0xff, 0xdf, 0xff,
    0xdf, 0xff, 0xdf, 0xff, 0xdf, 0xff, 0xdf, 0xff, 0xdf, 0xff, 0xdf, 0xff, 0xdf, 0xff, 0xdf, 0xff,
    0xdf, 0xff, 0xdf, 0xff, 0xdf, 0xff, 0xdf, 0xff, 0xdf, 0xff, 0xdf, 0xff, 0xbe, 0xf7, 0xdf, 0xff,
    0x7d, 0xef, 0x0a, 0x32, 0x06, 0x11, 0x47, 0x21, 0x47, 0x19, 0x47, 0x19, 0x47, 0x19, 0x47, 0x19,
    0x47, 0x19, 0x47, 0x19, 0x47, 0x19, 0x47, 0x19, 0x47, 0x19, 0x47, 0x19, 0x47, 0x19, 0x47, 0x19,
    0x47, 0x19, 0x47, 0x19, 0x47, 0x19, 0x47, 0x19, 0x47, 0x19, 0x47, 0x19, 0x47, 0x19, 0x47, 0x19,
    0x47, 0x19, 0x47, 0x19, 0x47, 0x19, 0x47, 0x19, 0x47, 0x19, 0x47, 0x19, 0x47, 0x19, 0x06, 0x11,
    0x76, 0xad, 0xff, 0xff, 0xbe, 0xf7, 0xdf, 0xff, 0xdf, 0xff, 0xdf, 0xff, 0xdf, 0xff, 0xdf, 0xff,
    0xdf, 0xff, 0xdf, 0xff, 0xdf, 0xff, 0xdf, 0xff, 0xdf, 0xff, 0xdf, 0xff, 0xdf, 0xff, 0xdf, 0xff,
    0xdf, 0xff, 0xdf, 0xff, 0xdf, 0xff, 0xdf, 0xff, 0xdf, 0xff, 0xdf, 0xff, 0xdf, 0xff, 0xdf, 0xff,
    0xdf, 0xff, 0xdf, 0xff, 0xdf, 0xff, 0xbe, 0xf7, 0xff, 0xff, 0xfb, 0xde, 0x88, 0x21, 0x27, 0x19,
    0x47, 0x19, 0x47, 0x19, 0x47, 0x19, 0x47, 0x19, 0x47, 0x19, 0x47, 0x19, 0x47, 0x19, 0x47, 0x19,
    0x47, 0x19, 0x47, 0x19, 0x47, 0x19, 0x47, 0x19, 0x47, 0x19, 0x47, 0x19, 0x47, 0x19, 0x47, 0x19,
    0x47, 0x19, 0x47, 0x19, 0x47, 0x19, 0x47, 0x19, 0x47, 0x19, 0x47, 0x19, 0x47, 0x19, 0x47, 0x19,
    0x47, 0x19, 0x47, 0x19, 0x47, 0x19, 0x47, 0x19, 0x47, 0x19, 0x47, 0x19, 0x47, 0x19, 0x47, 0x19,
    0x47, 0x19, 0x47, 0x19, 0x47, 0x19, 0x47, 0x19, 0x47, 0x19, 0x47, 0x19, 0x47, 0x19, 0x47, 0x19,
    0x47, 0x19, 0x47, 0x19, 0x47, 0x19, 0x47, 0x19, 0x47, 0x19, 0x47, 0x19, 0x47, 0x19, 0x47, 0x19,
    0x47, 0x19, 0x47, 0x19, 0x47, 0x19, 0x47, 0x19, 0x47, 0x19, 0x47, 0x19, 0x47, 0x19, 0x47, 0x19,
    0x47, 0x19, 0x47, 0x19, 0x47, 0x19, 0x47, 0x19, 0x47, 0x19, 0x47, 0x19, 0x47, 0x19, 0x47, 0x19,
    0x47, 0x19, 0x47, 0x19, 0x47, 0x19, 0x47, 0x19, 0x47, 0x19, 0x47, 0x19, 0x47, 0x19, 0x47, 0x19,
    0x47, 0x19, 0x47, 0x19, 0x47, 0x19, 0x47, 0x19, 0x47, 0x19, 0x47, 0x19, 0x47, 0x19, 0x47, 0x19,
    0x47, 0x19, 0x47, 0x19, 0x47, 0x19, 0x47, 0x19, 0x47, 0x19, 0x47, 0x19, 0x47, 0x19, 0x47, 0x19,
    0x47, 0x19, 0x47, 0x19, 0x47, 0x19, 0x47, 0x19, 0x47, 0x19, 0x47, 0x19, 0x47, 0x19, 0x47, 0x19,
    0x47, 0x19, 0x47, 0x19, 0x47, 0x19, 0x47, 0x19, 0x47, 0x19, 0x47, 0x19, 0x47, 0x19, 0x47, 0x19,
    0x47, 0x19, 0x47, 0x19, 0x67, 0x21, 0xc5, 0x10, 0x32, 0x84, 0xff, 0xff, 0xbe, 0xf7, 0xdf, 0xff,
    0xdf, 0xff, 0xdf, 0xff, 0xdf, 0xff, 0xdf, 0xff, 0xdf, 0xff, 0xdf, 0xff, 0xdf, 0xff, 0xdf, 0xff,
    0xdf, 0xff, 0xdf, 0xff, 0xdf, 0xff, 0xdf, 0xff, 0xdf, 0xff, 0xbe, 0xf7, 0xff, 0xff, 0xd0, 0x73,
    0xe6, 0x10, 0x67, 0x21, 0x47, 0x19, 0x47, 0x19, 0x47, 0x19, 0x47, 0x19, 0x47, 0x19, 0x47, 0x19,
    0x47, 0x19, 0x47, 0x19, 0x47, 0x19, 0x47, 0x19, 0x47, 0x19, 0x47, 0x19, 0x67, 0x21, 0xe5, 0x10,
    0x35, 0xa5, 0xff, 0xff, 0xbe, 0xf7, 0xbf, 0xf7, 0xbe, 0xf7, 0xbe, 0xf7, 0xff, 0xff, 0xff, 0xff,
    0x1c, 0xdf, 0x93, 0x8c, 0x0a, 0x3a, 0xe6, 0x10, 0x06, 0x11, 0x47, 0x19, 0x67, 0x21, 0x47, 0x19,
    0x47, 0x19, 0x47, 0x19, 0x47, 0x21, 0xe6, 0x10, 0xcc, 0x52, 0xdf, 0xff, 0xdf, 0xff, 0xdf, 0xff,
    0xdf, 0xff, 0xdf, 0xff, 0xdf, 0xff, 0xdf, 0xff, 0xdf, 0xff, 0xdf, 0xff, 0xdf, 0xff, 0xdf, 0xff,
    0xdf, 0xff, 0xdf, 0xff, 0xdf, 0xff, 0xdf, 0xff, 0xbe, 0xf7, 0xbe, 0xf7, 0xdf, 0xff, 0xff, 0xff,
    0xff, 0xff, 0xdf, 0xff, 0xbb, 0xd6, 0xb4, 0x94, 0x2a, 0x3a, 0x06, 0x11, 0x47, 0x19, 0x47, 0x19,
    0x47, 0x19, 0x67, 0x21, 0xe5, 0x10, 0xb0, 0x6b, 0xff, 0xff, 0xbe, 0xf7, 0xbe, 0xf7, 0xdf, 0xff,
    0xdf, 0xff, 0xdf, 0xff, 0xdf, 0xff, 0xdf, 0xff, 0xdf, 0xff, 0xdf, 0xff, 0xdf, 0xff, 0xdf, 0xff,
    0xdf, 0xff, 0xdf, 0xff, 0xdf, 0xff, 0xdf, 0xff, 0xdf, 0xff, 0xbe, 0xf7, 0xbe, 0xf7, 0xff, 0xff,
    0xb0, 0x6b, 0xe5, 0x10, 0x67, 0x21, 0x47, 0x19, 0x47, 0x19, 0x47, 0x19, 0x47, 0x19, 0x47, 0x19,
    0x47, 0x19, 0x47, 0x19, 0x47, 0x19, 0x47, 0x19, 0x47, 0x19, 0x47, 0x19, 0x47, 0x19, 0x47, 0x19,
    0x47, 0x19, 0x47, 0x19, 0x47, 0x19, 0x47, 0x19, 0x47, 0x19, 0x47, 0x19, 0x47, 0x19, 0x47, 0x19,
    0x47, 0x19, 0x47, 0x19, 0x47, 0x19, 0x47, 0x19, 0x47, 0x19, 0x47, 0x19, 0x47, 0x21, 0x27, 0x19,
    0x67, 0x21, 0x7a, 0xce, 0xff, 0xff, 0xbe, 0xf7, 0xdf, 0xff, 0xdf, 0xff, 0xdf, 0xff, 0xdf, 0xff,
    0xdf, 0xff, 0xdf, 0xff, 0xdf, 0xff, 0xdf, 0xff, 0xdf, 0xff, 0xdf, 0xff, 0xdf, 0xff, 0xdf, 0xff,
    0xdf, 0xff, 0xdf, 0xff, 0xdf, 0xff, 0xdf, 0xff, 0xdf, 0xff, 0xdf, 0xff, 0xdf, 0xff, 0xdf, 0xff,
    0xdf, 0xff, 0xdf, 0xff, 0xbe, 0xf7, 0xbe, 0xf7, 0xff, 0xff, 0x8f, 0x6b, 0xe6, 0x10, 0x67, 0x21,
    0x47, 0x19, 0x47, 0x19, 0x47, 0x19, 0x47, 0x19, 0x47, 0x19, 0x47, 0x19, 0x47, 0x19, 0x47, 0x19,
    0x47, 0x19, 0x47, 0x19, 0x47, 0x19, 0x47, 0x19, 0x47, 0x19, 0x47, 0x19, 0x47, 0x19, 0x47, 0x19,
    0x47, 0x19, 0x47, 0x19, 0x47, 0x19, 0x47, 0x19, 0x47, 0x19, 0x47, 0x19, 0x47, 0x19, 0x47, 0x19,
    0x47, 0x19, 0x47, 0x19, 0x47, 0x19, 0x47, 0x19, 0x47, 0x19, 0x47, 0x19, 0x47, 0x19, 0x47, 0x19,
    0x47, 0x19, 0x47, 0x19, 0x47, 0x19, 0x47, 0x19, 0x47, 0x19, 0x47, 0x19, 0x47, 0x19, 0x47, 0x19,
    0x47, 0x19, 0x47, 0x19, 0x47, 0x19, 0x47, 0x19, 0x47, 0x19, 0x47, 0x19, 0x47, 0x19, 0x47, 0x19,
    0x47, 0x19, 0x47, 0x19, 0x47, 0x19, 0x47, 0x19, 0x47, 0x19, 0x47, 0x19, 0x47, 0x19, 0x47, 0x19,
    0x47, 0x19, 0x47, 0x19, 0x47, 0x19, 0x47, 0x19, 0x47, 0x19, 0x47, 0x19, 0x47, 0x19, 0x47, 0x19,
    0x47, 0x19, 0x47, 0x19, 0x47, 0x19, 0x47, 0x19, 0x47, 0x19, 0x47, 0x19, 0x47, 0x19, 0x47, 0x19,
    0x47, 0x19, 0x47, 0x19, 0x47, 0x19, 0x47, 0x19, 0x47, 0x19, 0x47, 0x19, 0x47, 0x19, 0x47, 0x19,
    0x47, 0x19, 0x47, 0x19, 0x47, 0x19, 0x47, 0x19, 0x47, 0x19, 0x47, 0x19, 0x47, 0x19, 0x47, 0x19,
    0x47, 0x19, 0x47, 0x19, 0x47, 0x19, 0x47, 0x19, 0x47, 0x19, 0x47, 0x19, 0x47, 0x19, 0x47, 0x19,
    0x47, 0x19, 0x47, 0x19, 0x47, 0x19, 0x47, 0x19, 0x47, 0x19, 0x47, 0x19, 0x47, 0x19, 0x47, 0x19,
    0x47, 0x19, 0x47, 0x19, 0x67, 0x21, 0xe6, 0x10, 0x4e, 0x63, 0xff, 0xff, 0xbe, 0xf7, 0xdf, 0xff,
    0xdf, 0xff, 0xdf, 0xff, 0xdf, 0xff, 0xdf, 0xff, 0xdf, 0xff, 0xdf, 0xff, 0xdf, 0xff, 0xdf, 0xff,
    0xdf, 0xff, 0xdf, 0xff, 0xbe, 0xf7, 0xbe, 0xf7, 0xbe, 0xf7, 0xff, 0xff, 0xff, 0xff, 0x55, 0xa5,
    0xe6, 0x10, 0x47, 0x21, 0x47, 0x19, 0x47, 0x19, 0x47, 0x19, 0x47, 0x19, 0x47, 0x19, 0x47, 0x19,
    0x47, 0x19, 0x47, 0x19, 0x47, 0x19, 0x47, 0x19, 0x47, 0x19, 0x47, 0x19, 0x67, 0x21, 0xe5, 0x10,
    0x14, 0x9d, 0xff, 0xff, 0x9e, 0xf7, 0xdf, 0xff, 0xff, 0xff, 0xff, 0xff, 0x7a, 0xce, 0xd0, 0x73,
    0xa8, 0x29, 0xc5, 0x08, 0x06, 0x11, 0x47, 0x21, 0x47, 0x21, 0x47, 0x19, 0x47, 0x19, 0x47, 0x19,
    0x47, 0x19, 0x47, 0x19, 0x47, 0x21, 0x06, 0x11, 0x8c, 0x4a, 0xdf, 0xff, 0xdf, 0xff, 0xdf, 0xf7,
    0xdf, 0xff, 0xdf, 0xff, 0xdf, 0xff, 0xdf, 0xff, 0xdf, 0xff, 0xdf, 0xff, 0xdf, 0xff, 0xdf, 0xff,
    0xdf, 0xff, 0xbe, 0xf7, 0xbe, 0xf7, 0xdf, 0xff, 0xff, 0xff, 0xff, 0xff, 0xdf, 0xff, 0x9a, 0xce,
    0xb3, 0x8c, 0xac, 0x4a, 0x67, 0x21, 0xe5, 0x10, 0x06, 0x11, 0x47, 0x21, 0x47, 0x19, 0x47, 0x19,
    0x47, 0x19, 0x47, 0x19, 0x47, 0x21, 0xe6, 0x10, 0xb3, 0x94, 0xff, 0xff, 0xbe, 0xf7, 0xbe, 0xf7,
    0xdf, 0xff, 0xdf, 0xff, 0xdf, 0xff, 0xdf, 0xff, 0xdf, 0xff, 0xdf, 0xff, 0xdf, 0xff, 0xdf, 0xff,
    0xdf, 0xff, 0xdf, 0xff, 0xdf, 0xff, 0xdf, 0xff, 0xbe, 0xf7, 0xbe, 0xf7, 0xff, 0xff, 0xd4, 0x94,
    0xe6, 0x10, 0x47, 0x21, 0x47, 0x19, 0x47, 0x19, 0x47, 0x19, 0x47, 0x19, 0x47, 0x19, 0x47, 0x19,
    0x47, 0x19, 0x47, 0x19, 0x47, 0x19, 0x47, 0x19, 0x47, 0x19, 0x47, 0x19, 0x47, 0x19, 0x47, 0x19,
    0x47, 0x19, 0x47, 0x19, 0x47, 0x19, 0x47, 0x19, 0x47, 0x19, 0x47, 0x19, 0x47, 0x19, 0x47, 0x19,
    0x47, 0x19, 0x47, 0x19, 0x47, 0x19, 0x47, 0x19, 0x47, 0x19, 0x47, 0x19, 0x47, 0x19, 0x67, 0x21,
    0x06, 0x19, 0xa9, 0x29, 0x9a, 0xd6, 0xff, 0xff, 0xbe, 0xf7, 0xdf, 0xff, 0xdf, 0xff, 0xdf, 0xff,
    0xdf, 0xff, 0xdf, 0xff, 0xdf, 0xff, 0xdf, 0xff, 0xdf, 0xff, 0xdf, 0xff, 0xdf, 0xff, 0xdf, 0xff,
    0xdf, 0xff, 0xdf, 0xff, 0xdf, 0xff, 0xdf, 0xff, 0xdf, 0xff, 0xdf, 0xff, 0xdf, 0xff, 0xdf, 0xff,
    0xdf, 0xff, 0xdf, 0xff, 0xbe, 0xf7, 0xff, 0xff, 0x35, 0xa5, 0xe6, 0x10, 0x47, 0x21, 0x47, 0x19,
    0x47, 0x19, 0x47, 0x19, 0x47, 0x19, 0x47, 0x19, 0x47, 0x19, 0x47, 0x19, 0x47, 0x19, 0x47, 0x19,
    0x47, 0x19, 0x47, 0x19, 0x47, 0x19, 0x47, 0x19, 0x47, 0x19, 0x47, 0x19, 0x47, 0x19, 0x47, 0x19,
    0x47, 0x19, 0x47, 0x19, 0x47, 0x19, 0x47, 0x19, 0x47, 0x19, 0x47, 0x19, 0x47, 0x19, 0x47, 0x19,
    0x47, 0x19, 0x47, 0x19, 0x47, 0x19, 0x47, 0x19, 0x47, 0x19, 0x47, 0x19, 0x47, 0x19, 0x47, 0x19,
    0x47, 0x19, 0x47, 0x19, 0x47, 0x19, 0x47, 0x19, 0x47, 0x19, 0x47, 0x19, 0x47, 0x19, 0x47, 0x19,
    0x47, 0x19, 0x47, 0x19, 0x47, 0x19, 0x47, 0x19, 0x47, 0x19, 0x47, 0x19, 0x47, 0x19, 0x47, 0x19,
    0x47, 0x19, 0x47, 0x19, 0x47, 0x19, 0x47, 0x19, 0x47, 0x19, 0x47, 0x19, 0x47, 0x19, 0x47, 0x19,
    0x47, 0x19, 0x47, 0x19, 0x47, 0x19, 0x47, 0x19, 0x47, 0x19, 0x47, 0x19, 0x47, 0x19, 0x47, 0x19,
    0x47, 0x19, 0x47, 0x19, 0x47, 0x19, 0x47, 0x19, 0x47, 0x19, 0x47, 0x19, 0x47, 0x19, 0x47, 0x19,
    0x47, 0x19, 0x47, 0x19, 0x47, 0x19, 0x47, 0x19, 0x47, 0x19, 0x47, 0x19, 0x47, 0x19, 0x47, 0x19,
    0x47, 0x19, 0x47, 0x19, 0x47, 0x19, 0x47, 0x19, 0x47, 0x19, 0x47, 0x19, 0x47, 0x19, 0x47, 0x19,
    0x47, 0x19, 0x47, 0x19, 0x47, 0x19, 0x47, 0x19, 0x47, 0x19, 0x47, 0x19, 0x47, 0x19, 0x47, 0x19,
    0x47, 0x19, 0x47, 0x19, 0x47, 0x19, 0x47, 0x19, 0x47, 0x19, 0x47, 0x19, 0x47, 0x19, 0x47, 0x19,
    0x47, 0x19, 0x47, 0x19, 0x47, 0x21, 0x06, 0x11, 0x6b, 0x42, 0xbe, 0xf7, 0xdf, 0xff, 0xbe, 0xf7,
    0xdf, 0xff, 0xdf, 0xff, 0xdf, 0xff, 0xdf, 0xff, 0xdf, 0xff, 0xdf, 0xff, 0xdf, 0xff, 0xdf, 0xff,
    0xbe, 0xf7, 0xbe, 0xf7, 0xdf, 0xff, 0xff, 0xff, 0xff, 0xff, 0xdb, 0xde, 0x73, 0x8c, 0xa9, 0x29,
    0x27, 0x19, 0x47, 0x19, 0x47, 0x19, 0x47, 0x19, 0x47, 0x19, 0x47, 0x19, 0x47, 0x19, 0x47, 0x19,
    0x47, 0x19, 0x47, 0x19, 0x47, 0x19, 0x47, 0x19, 0x47, 0x19, 0x47, 0x19, 0x67, 0x21, 0xc5, 0x08,
    0x72, 0x84, 0xff, 0xff, 0xff, 0xff, 0xbe, 0xf7, 0xd7, 0xb5, 0x0e, 0x5b, 0x47, 0x19, 0xe5, 0x10,
    0x27, 0x19, 0x67, 0x21, 0x47, 0x21, 0x47, 0x19, 0x47, 0x19, 0x47, 0x19, 0x47, 0x19, 0x47, 0x19,
    0x47, 0x19, 0x47, 0x19, 0x47, 0x21, 0x06, 0x11, 0x6b, 0x42, 0xbe, 0xf7, 0xdf, 0xff, 0xbe, 0xf7,
    0xdf, 0xff, 0xdf, 0xff, 0xdf, 0xff, 0xdf, 0xff, 0xdf, 0xff, 0xbe, 0xf7, 0xbe, 0xf7, 0xbe, 0xf7,
    0xdf, 0xff, 0xff, 0xff, 0xff, 0xff, 0xdf, 0xff, 0x9a, 0xce, 0x93, 0x8c, 0xac, 0x4a, 0x47, 0x19,
    0xc5, 0x08, 0xe6, 0x10, 0x47, 0x19, 0x67, 0x21, 0x47, 0x21, 0x47, 0x19, 0x47, 0x19, 0x47, 0x19,
    0x47, 0x19, 0x47, 0x19, 0x47, 0x19, 0x47, 0x19, 0xe6, 0x10, 0xd4, 0x94, 0xff, 0xff, 0xbe, 0xf7,
    0xbe, 0xf7, 0xdf, 0xff, 0xdf, 0xff, 0xdf, 0xff, 0xdf, 0xff, 0xdf, 0xff, 0xdf, 0xff, 0xdf, 0xff,
    0xdf, 0xff, 0xdf, 0xff, 0xdf, 0xff, 0xbe, 0xf7, 0xbe, 0xf7, 0xff, 0xff, 0x56, 0xa5, 0x26, 0x19,
    0x47, 0x19, 0x47, 0x19, 0x47, 0x19, 0x47, 0x19, 0x47, 0x19, 0x47, 0x19, 0x47, 0x19, 0x47, 0x19,
    0x47, 0x19, 0x47, 0x19, 0x47, 0x19, 0x47, 0x19, 0x47, 0x19, 0x47, 0x19, 0x47, 0x19, 0x47, 0x19,
    0x47, 0x19, 0x47, 0x19, 0x47, 0x19, 0x47, 0x19, 0x47, 0x19, 0x47, 0x19, 0x47, 0x19, 0x47, 0x19,
    0x47, 0x19, 0x47, 0x19, 0x47, 0x19, 0x47, 0x19, 0x47, 0x19, 0x47, 0x19, 0x47, 0x19, 0x47, 0x19,
    0x67, 0x21, 0x06, 0x11, 0xc9, 0x31, 0xba, 0xd6, 0xff, 0xff, 0xbe, 0xf7, 0xbe, 0xf7, 0xdf, 0xff,
    0xdf, 0xff, 0xdf, 0xff, 0xdf, 0xff, 0xdf, 0xff, 0xdf, 0xff, 0xdf, 0xff, 0xdf, 0xff, 0xdf, 0xff,
    0xdf, 0xff, 0xdf, 0xff, 0xdf, 0xff, 0xdf, 0xff, 0xdf, 0xff, 0xdf, 0xff, 0xdf, 0xff, 0xdf, 0xff,
    0xbe, 0xf7, 0xbe, 0xf7, 0xff, 0xff, 0x97, 0xad, 0x27, 0x19, 0x47, 0x19, 0x47, 0x19, 0x47, 0x19,
    0x47, 0x19, 0x47, 0x19, 0x47, 0x19, 0x47, 0x19, 0x47, 0x19, 0x47, 0x19, 0x47, 0x19, 0x47, 0x19,
    0x47, 0x19, 0x47, 0x19, 0x47, 0x19, 0x47, 0x19, 0x47, 0x19, 0x47, 0x19, 0x47, 0x19, 0x47, 0x19,
    0x47, 0x19, 0x47, 0x19, 0x47, 0x19, 0x47, 0x19, 0x47, 0x19, 0x47, 0x19, 0x47, 0x19, 0x47, 0x19,
    0x47, 0x19, 0x47, 0x19, 0x47, 0x19, 0x47, 0x19, 0x47, 0x19, 0x47, 0x19, 0x47, 0x19, 0x47, 0x19,
    0x47, 0x19, 0x47, 0x19, 0x47, 0x19, 0x47, 0x19, 0x47, 0x19, 0x47, 0x19, 0x47, 0x19, 0x47, 0x19,
    0x47, 0x19, 0x47, 0x19, 0x47, 0x19, 0x47, 0x19, 0x47, 0x19, 0x47, 0x19, 0x47, 0x19, 0x47, 0x19,
    0x47, 0x19, 0x47, 0x19, 0x47, 0x19, 0x47, 0x19, 0x47, 0x19, 0x47, 0x19, 0x47, 0x19, 0x47, 0x19,
    0x47, 0x19, 0x47, 0x19, 0x47, 0x19, 0x47, 0x19, 0x47, 0x19, 0x47, 0x19, 0x47, 0x19, 0x47, 0x19,
    0x47, 0x19, 0x47, 0x19, 0x47, 0x19, 0x47, 0x19, 0x47, 0x19, 0x47, 0x19, 0x47, 0x19, 0x47, 0x19,
    0x47, 0x19, 0x47, 0x19, 0x47, 0x19, 0x47, 0x19, 0x47, 0x19, 0x47, 0x19, 0x47, 0x19, 0x47, 0x19,
    0x47, 0x19, 0x47, 0x19, 0x47, 0x19, 0x47, 0x19, 0x47, 0x19, 0x47, 0x19, 0x47, 0x19, 0x47, 0x19,
    0x47, 0x19, 0x47, 0x19, 0x47, 0x19, 0x47, 0x19, 0x47, 0x19, 0x47, 0x19, 0x47, 0x19, 0x47, 0x19,
    0x47, 0x19, 0x47, 0x19, 0x47, 0x19, 0x47, 0x19, 0x47, 0x19, 0x47, 0x19, 0x47, 0x19, 0x47, 0x19,
    0x47, 0x19, 0x47, 0x19, 0x47, 0x19, 0x27, 0x19, 0x88, 0x21, 0xfb, 0xde, 0xff, 0xff, 0xbe, 0xf7,
    0xdf, 0xff, 0xdf, 0xff, 0xdf, 0xff, 0xdf, 0xff, 0xdf, 0xff, 0xbf, 0xf7, 0xbe, 0xf7, 0xbe, 0xf7,
    0xff, 0xff, 0xff, 0xff, 0x9e, 0xf7, 0xb7, 0xb5, 0x2e, 0x63, 0x68, 0x21, 0xc5, 0x10, 0x26, 0x19,
    0x47, 0x19, 0x47, 0x19, 0x47, 0x19, 0x47, 0x19, 0x47, 0x19, 0x47, 0x19, 0x47, 0x19, 0x47, 0x19,
    0x47, 0x19, 0x47, 0x19, 0x47, 0x19, 0x47, 0x19, 0x47, 0x19, 0x47, 0x19, 0x47, 0x21, 0x06, 0x11,
    0x4a, 0x3a, 0x18, 0xbe, 0xd4, 0x94, 0x6b, 0x42, 0x06, 0x11, 0xe6, 0x10, 0x47, 0x19, 0x67, 0x21,
    0x47, 0x19, 0x47, 0x19, 0x47, 0x19, 0x47, 0x19, 0x47, 0x19, 0x47, 0x19, 0x47, 0x19, 0x47, 0x19,
    0x47, 0x19, 0x47, 0x19, 0x47, 0x21, 0x06, 0x11, 0x4b, 0x42, 0xbe, 0xf7, 0xdf, 0xff, 0xbe, 0xf7,
    0xdf, 0xff, 0xdf, 0xff, 0xbe, 0xf7, 0xbe, 0xf7, 0xbe, 0xf7, 0xdf, 0xff, 0xff, 0xff, 0xff, 0xff,
    0xdf, 0xff, 0x7a, 0xce, 0x93, 0x8c, 0xac, 0x4a, 0x47, 0x19, 0xc5, 0x10, 0x06, 0x11, 0x47, 0x19,
    0x67, 0x21, 0x47, 0x21, 0x47, 0x19, 0x47, 0x19, 0x47, 0x19, 0x47, 0x19, 0x47, 0x19, 0x47, 0x19,
    0x47, 0x19, 0x47, 0x19, 0x47, 0x19, 0x47, 0x19, 0x47, 0x19, 0x06, 0x11, 0x72, 0x8c, 0xff, 0xff,
    0xff, 0xff, 0xbe, 0xf7, 0xbe, 0xf7, 0xdf, 0xff, 0xdf, 0xff, 0xdf, 0xff, 0xdf, 0xff, 0xdf, 0xff,
    0xdf, 0xff, 0xbe, 0xf7, 0xbe, 0xf7, 0xdf, 0xff, 0xff, 0xff, 0xf4, 0x9c, 0x06, 0x11, 0x27, 0x19,
    0x47, 0x21, 0x47, 0x19, 0x47, 0x19, 0x47, 0x19, 0x47, 0x19, 0x47, 0x19, 0x47, 0x19, 0x47, 0x19,
    0x47, 0x19, 0x47, 0x19, 0x47, 0x19, 0x47, 0x19, 0x47, 0x19, 0x47, 0x19, 0x47, 0x19, 0x47, 0x19,
    0x47, 0x19, 0x47, 0x19, 0x47, 0x19, 0x47, 0x19, 0x47, 0x19, 0x47, 0x19, 0x47, 0x19, 0x47, 0x19,
    0x47, 0x19, 0x47, 0x19, 0x47, 0x19, 0x47, 0x19, 0x47, 0x19, 0x47, 0x19, 0x47, 0x19, 0x47, 0x19,
    0x47, 0x19, 0x67, 0x21, 0x06, 0x11, 0xa8, 0x29, 0xd7, 0xb5, 0xff, 0xff, 0xff, 0xff, 0xbe, 0xf7,
    0xbe, 0xf7, 0xdf, 0xff, 0xdf, 0xff, 0xdf, 0xff, 0xdf, 0xff, 0xdf, 0xff, 0xdf, 0xff, 0xdf, 0xff,
    0xdf, 0xff, 0xdf, 0xff, 0xdf, 0xff, 0xdf, 0xff, 0xdf, 0xff, 0xdf, 0xff, 0xbe, 0xf7, 0xbe, 0xf7,
    0xff, 0xff, 0xff, 0xff, 0x15, 0x9d, 0x27, 0x19, 0x27, 0x19, 0x47, 0x21, 0x47, 0x19, 0x47, 0x19,
    0x47, 0x19, 0x47, 0x19, 0x47, 0x19, 0x47, 0x19, 0x47, 0x19, 0x47, 0x19, 0x47, 0x19, 0x47, 0x19,
    0x47, 0x19, 0x47, 0x19, 0x47, 0x19, 0x47, 0x19, 0x47, 0x19, 0x47, 0x19, 0x47, 0x19, 0x47, 0x19,
    0x47, 0x19, 0x47, 0x19, 0x47, 0x19, 0x47, 0x19, 0x47, 0x19, 0x47, 0x19, 0x47, 0x19, 0x47, 0x19,
    0x47, 0x19, 0x47, 0x19, 0x47, 0x19, 0x47, 0x19, 0x47, 0x19, 0x47, 0x19, 0x47, 0x19, 0x47, 0x19,
    0x47, 0x19, 0x47, 0x19, 0x47, 0x19, 0x47, 0x19, 0x47, 0x19, 0x47, 0x19, 0x47, 0x19, 0x47, 0x19,
    0x47, 0x19, 0x47, 0x19, 0x47, 0x19, 0x47, 0x19, 0x47, 0x19, 0x47, 0x19, 0x47, 0x19, 0x47, 0x19,
    0x47, 0x19, 0x47, 0x19, 0x47, 0x19, 0x47, 0x19, 0x47, 0x19, 0x47, 0x19, 0x47, 0x19, 0x47, 0x19,
    0x47, 0x19, 0x47, 0x19, 0x47, 0x19, 0x47, 0x19, 0x47, 0x19, 0x47, 0x19, 0x47, 0x19, 0x47, 0x19,
    0x47, 0x19, 0x47, 0x19, 0x47, 0x19, 0x47, 0x19, 0x47, 0x19, 0x47, 0x19, 0x47, 0x19, 0x47, 0x19,
    0x47, 0x19, 0x47, 0x19, 0x47, 0x19, 0x47, 0x19, 0x47, 0x19, 0x47, 0x19, 0x47, 0x19, 0x47, 0x19,
    0x47, 0x19, 0x47, 0x19, 0x47, 0x19, 0x47, 0x19, 0x47, 0x19, 0x47, 0x19, 0x47, 0x19, 0x47, 0x19,
    0x47, 0x19, 0x47, 0x19, 0x47, 0x19, 0x47, 0x19, 0x47, 0x19, 0x47, 0x19, 0x47, 0x19, 0x47, 0x19,
    0x47, 0x19, 0x47, 0x19, 0x47, 0x19, 0x47, 0x19, 0x47, 0x19, 0x47, 0x19, 0x47, 0x19, 0x47, 0x19,
    0x47, 0x19, 0x47, 0x19, 0x47, 0x19, 0x47, 0x21, 0x06, 0x11, 0xd7, 0xb5, 0xff, 0xff, 0xbe, 0xf7,
    0xdf, 0xff, 0xdf, 0xff, 0xdf, 0xff, 0xbe, 0xf7, 0xbe, 0xf7, 0xdf, 0xff, 0xff, 0xff, 0xff, 0xff,
    0xbb, 0xd6, 0x52, 0x84, 0x2a, 0x3a, 0xe6, 0x10, 0xe6, 0x10, 0x27, 0x19, 0x67, 0x21, 0x47, 0x19,
    0x47, 0x19, 0x47, 0x19, 0x47, 0x19, 0x47, 0x19, 0x47, 0x19, 0x47, 0x19, 0x47, 0x19, 0x47, 0x19,
    0x47, 0x19, 0x47, 0x19, 0x47, 0x19, 0x47, 0x19, 0x47, 0x19, 0x47, 0x19, 0x47, 0x19, 0x47, 0x19,
    0x26, 0x19, 0x06, 0x11, 0xe5, 0x10, 0x06, 0x11, 0x47, 0x19, 0x67, 0x21, 0x47, 0x19, 0x47, 0x19,
    0x47, 0x19, 0x47, 0x19, 0x47, 0x19, 0x47, 0x19, 0x47, 0x19, 0x47, 0x19, 0x47, 0x19, 0x47, 0x19,
    0x47, 0x19, 0x47, 0x19, 0x47, 0x21, 0x06, 0x11, 0x0a, 0x3a, 0x7d, 0xef, 0xdf, 0xff, 0xbe, 0xf7,
    0xbe, 0xf7, 0xbe, 0xf7, 0xdf, 0xff, 0xff, 0xff, 0xff, 0xff, 0xbe, 0xf7, 0x59, 0xce, 0x72, 0x84,
    0x8b, 0x4a, 0x47, 0x19, 0xc5, 0x08, 0xe6, 0x10, 0x47, 0x19, 0x67, 0x21, 0x47, 0x21, 0x47, 0x19,
    0x47, 0x19, 0x47, 0x19, 0x47, 0x19, 0x47, 0x19, 0x47, 0x19, 0x47, 0x19, 0x47, 0x19, 0x47, 0x19,
    0x47, 0x19, 0x47, 0x19, 0x47, 0x19, 0x47, 0x19, 0x47, 0x19, 0x47, 0x19, 0xe5, 0x10, 0x6f, 0x63,
    0x5d, 0xe7, 0xff, 0xff, 0xdf, 0xff, 0xbe, 0xf7, 0xbe, 0xf7, 0xbe, 0xf7, 0xbe, 0xf7, 0xbe, 0xf7,
    0xbe, 0xf7, 0xdf, 0xff, 0xff, 0xff, 0x7d, 0xef, 0xd0, 0x73, 0xe6, 0x10, 0x47, 0x19, 0x47, 0x21,
    0x47, 0x19, 0x47, 0x19, 0x47, 0x19, 0x47, 0x19, 0x47, 0x19, 0x47, 0x19, 0x47, 0x19, 0x47, 0x19,
    0x47, 0x19, 0x47, 0x19, 0x47, 0x19, 0x47, 0x19, 0x47, 0x19, 0x47, 0x19, 0x47, 0x19, 0x47, 0x19,
    0x47, 0x19, 0x47, 0x19, 0x47, 0x19, 0x47, 0x19, 0x47, 0x19, 0x47, 0x19, 0x47, 0x19, 0x47, 0x19,
    0x47, 0x19, 0x47, 0x19, 0x47, 0x19, 0x47, 0x19, 0x47, 0x19, 0x47, 0x19, 0x47, 0x19, 0x47, 0x19,
    0x47, 0x19, 0x47, 0x19, 0x47, 0x21, 0x26, 0x19, 0x26, 0x19, 0x11, 0x7c, 0x5d, 0xe7, 0xff, 0xff,
    0xff, 0xff, 0xbe, 0xf7, 0xbe, 0xf7, 0xbe, 0xf7, 0xbe, 0xf7, 0xbe, 0xf7, 0xbe, 0xf7, 0xbe, 0xf7,
    0xbe, 0xf7, 0xbe, 0xf7, 0xbe, 0xf7, 0xbe, 0xf7, 0xbe, 0xf7, 0xbe, 0xf7, 0xff, 0xff, 0xff, 0xff,
    0x1c, 0xdf, 0x8f, 0x6b, 0xe6, 0x10, 0x27, 0x19, 0x47, 0x21, 0x47, 0x19, 0x47, 0x19, 0x47, 0x19,
    0x47, 0x19, 0x47, 0x19, 0x47, 0x19, 0x47, 0x19, 0x47, 0x19, 0x47, 0x19, 0x47, 0x19, 0x47, 0x19,
    0x47, 0x19, 0x47, 0x19, 0x47, 0x19, 0x47, 0x19, 0x47, 0x19, 0x47, 0x19, 0x47, 0x19, 0x47, 0x19,
    0x47, 0x19, 0x47, 0x19, 0x47, 0x19, 0x47, 0x19, 0x47, 0x19, 0x47, 0x19, 0x47, 0x19, 0x47, 0x19,
    0x47, 0x19, 0x47, 0x19, 0x47, 0x19, 0x47, 0x19, 0x47, 0x19, 0x47, 0x19, 0x47, 0x19, 0x47, 0x19,
    0x47, 0x19, 0x47, 0x19, 0x47, 0x19, 0x47, 0x19, 0x47, 0x19, 0x47, 0x19, 0x47, 0x19, 0x47, 0x19,
    0x47, 0x19, 0x47, 0x19, 0x47, 0x19, 0x47, 0x19, 0x47, 0x19, 0x47, 0x19, 0x47, 0x19, 0x47, 0x19,
    0x47, 0x19, 0x47, 0x19, 0x47, 0x19, 0x47, 0x19, 0x47, 0x19, 0x47, 0x19, 0x47, 0x19, 0x47, 0x19,
    0x47, 0x19, 0x47, 0x19, 0x47, 0x19, 0x47, 0x19, 0x47, 0x19, 0x47, 0x19, 0x47, 0x19, 0x47, 0x19,
    0x47, 0x19, 0x47, 0x19, 0x47, 0x19, 0x47, 0x19, 0x47, 0x19, 0x47, 0x19, 0x47, 0x19, 0x47, 0x19,
    0x47, 0x19, 0x47, 0x19, 0x47, 0x19, 0x47, 0x19, 0x47, 0x19, 0x47, 0x19, 0x47, 0x19, 0x47, 0x19,
    0x47, 0x19, 0x47, 0x19, 0x47, 0x19, 0x47, 0x19, 0x47, 0x19, 0x47, 0x19, 0x47, 0x19, 0x47, 0x19,
    0x47, 0x19, 0x47, 0x19, 0x47, 0x19, 0x47, 0x19, 0x47, 0x19, 0x47, 0x19, 0x47, 0x19, 0x47, 0x19,
    0x47, 0x19, 0x47, 0x19, 0x47, 0x19, 0x47, 0x19, 0x47, 0x19, 0x47, 0x19, 0x47, 0x19, 0x47, 0x19,
    0x47, 0x19, 0x47, 0x19, 0x47, 0x19, 0x67, 0x21, 0xc5, 0x08, 0x31, 0x7c, 0xff, 0xff, 0xbe, 0xf7,
    0xdf, 0xff, 0xbe, 0xf7, 0xbe, 0xf7, 0xdf, 0xff, 0xff, 0xff, 0xdf, 0xff, 0xf8, 0xbd, 0x4e, 0x63,
    0x67, 0x21, 0xc5, 0x08, 0x06, 0x11, 0x47, 0x21, 0x67, 0x21, 0x47, 0x19, 0x47, 0x19, 0x47, 0x19,
    0x47, 0x19, 0x47, 0x19, 0x47, 0x19, 0x47, 0x19, 0x47, 0x19, 0x47, 0x19, 0x47, 0x19, 0x47, 0x19,
    0x47, 0x19, 0x47, 0x19, 0x47, 0x19, 0x47, 0x19, 0x47, 0x19, 0x47, 0x19, 0x47, 0x19, 0x47, 0x19,
    0x47, 0x19, 0x47, 0x19, 0x67, 0x21, 0x47, 0x21, 0x47, 0x19, 0x47, 0x19, 0x47, 0x19, 0x47, 0x19,
    0x47, 0x19, 0x47, 0x19, 0x47, 0x19, 0x47, 0x19, 0x47, 0x19, 0x47, 0x19, 0x47, 0x19, 0x47, 0x19,
    0x47, 0x19, 0x47, 0x19, 0x47, 0x19, 0x27, 0x19, 0x68, 0x21, 0xfc, 0xde, 0xff, 0xff, 0xff, 0xff,
    0xff, 0xff, 0xff, 0xff, 0x9e, 0xf7, 0x39, 0xc6, 0x32, 0x84, 0x6b, 0x42, 0x27, 0x19, 0xc5, 0x08,
    0x06, 0x11, 0x47, 0x19, 0x67, 0x21, 0x47, 0x21, 0x47, 0x19, 0x47, 0x19, 0x47, 0x19, 0x47, 0x19,
    0x47, 0x19, 0x47, 0x19, 0x47, 0x19, 0x47, 0x19, 0x47, 0x19, 0x47, 0x19, 0x47, 0x19, 0x47, 0x19,
    0x47, 0x19, 0x47, 0x19, 0x47, 0x19, 0x47, 0x19, 0x47, 0x19, 0x47, 0x19, 0x47, 0x21, 0xe5, 0x10,
    0xe9, 0x31, 0x76, 0xad, 0xbf, 0xf7, 0xff, 0xff, 0xff, 0xff, 0xff, 0xff, 0xff, 0xff, 0xff, 0xff,
    0xff, 0xff, 0xbe, 0xf7, 0x76, 0xad, 0x2a, 0x3a, 0xc5, 0x10, 0x47, 0x19, 0x47, 0x19, 0x47, 0x19,
    0x47, 0x19, 0x47, 0x19, 0x47, 0x19, 0x47, 0x19, 0x47, 0x19, 0x47, 0x19, 0x47, 0x19, 0x47, 0x19,
    0x47, 0x19, 0x47, 0x19, 0x47, 0x19, 0x47, 0x19, 0x47, 0x19, 0x47, 0x19, 0x47, 0x19, 0x47, 0x19,
    0x47, 0x19, 0x47, 0x19, 0x47, 0x19, 0x47, 0x19, 0x47, 0x19, 0x47, 0x19, 0x47, 0x19, 0x47, 0x19,
    0x47, 0x19, 0x47, 0x19, 0x47, 0x19, 0x47, 0x19, 0x47, 0x19, 0x47, 0x19, 0x47, 0x19, 0x47, 0x19,
    0x47, 0x19, 0x47, 0x19, 0x47, 0x19, 0x47, 0x21, 0x47, 0x19, 0xe5, 0x10, 0xe9, 0x31, 0xb3, 0x8c,
    0xfc, 0xde, 0xff, 0xff, 0xff, 0xff, 0xff, 0xff, 0xff, 0xff, 0xdf, 0xff, 0xdf, 0xff, 0xdf, 0xff,
    0xdf, 0xff, 0xdf, 0xff, 0xff, 0xff, 0xff, 0xff, 0xff, 0xff, 0xff, 0xff, 0xdb, 0xde, 0x52, 0x84,
    0xa8, 0x29, 0xe5, 0x10, 0x47, 0x21, 0x47, 0x19, 0x47, 0x19, 0x47, 0x19, 0x47, 0x19, 0x47, 0x19,
    0x47, 0x19, 0x47, 0x19, 0x47, 0x19, 0x47, 0x19, 0x47, 0x19, 0x47, 0x19, 0x47, 0x19, 0x47, 0x19,
    0x47, 0x19, 0x47, 0x19, 0x47, 0x19, 0x47, 0x19, 0x47, 0x19, 0x47, 0x19, 0x47, 0x19, 0x47, 0x19,
    0x47, 0x19, 0x47, 0x19, 0x47, 0x19, 0x47, 0x19, 0x47, 0x19, 0x47, 0x19, 0x47, 0x19, 0x47, 0x19,
    0x47, 0x19, 0x47, 0x19, 0x47, 0x19, 0x47, 0x19, 0x47, 0x19, 0x47, 0x19, 0x47, 0x19, 0x47, 0x19,
    0x47, 0x19, 0x47, 0x19, 0x47, 0x19, 0x47, 0x19, 0x47, 0x19, 0x47, 0x19, 0x47, 0x19, 0x47, 0x19,
    0x47, 0x19, 0x47, 0x19, 0x47, 0x19, 0x47, 0x19, 0x47, 0x19, 0x47, 0x19, 0x47, 0x19, 0x47, 0x19,
    0x47, 0x19, 0x47, 0x19, 0x47, 0x19, 0x47, 0x19, 0x47, 0x19, 0x47, 0x19, 0x47, 0x19, 0x47, 0x19,
    0x47, 0x19, 0x47, 0x19, 0x47, 0x19, 0x47, 0x19, 0x47, 0x19, 0x47, 0x19, 0x47, 0x19, 0x47, 0x19,
    0x47, 0x19, 0x47, 0x19, 0x47, 0x19, 0x47, 0x19, 0x47, 0x19, 0x47, 0x19, 0x47, 0x19, 0x47, 0x19,
    0x47, 0x19, 0x47, 0x19, 0x47, 0x19, 0x47, 0x19, 0x47, 0x19, 0x47, 0x19, 0x47, 0x19, 0x47, 0x19,
    0x47, 0x19, 0x47, 0x19, 0x47, 0x19, 0x47, 0x19, 0x47, 0x19, 0x47, 0x19, 0x47, 0x19, 0x47, 0x19,
    0x47, 0x19, 0x47, 0x19, 0x47, 0x19, 0x47, 0x19, 0x47, 0x19, 0x47, 0x19, 0x47, 0x19, 0x47, 0x19,
    0x47, 0x19, 0x47, 0x19, 0x47, 0x19, 0x47, 0x19, 0x47, 0x19, 0x47, 0x19, 0x47, 0x19, 0x47, 0x19,
    0x47, 0x19, 0x47, 0x19, 0x47, 0x19, 0x47, 0x21, 0x06, 0x11, 0x4b, 0x3a, 0xbe, 0xf7, 0xbf, 0xff,
    0xbe, 0xf7, 0xdf, 0xff, 0xff, 0xff, 0xbe, 0xf7, 0x96, 0xad, 0xcc, 0x52, 0x06, 0x11, 0xe6, 0x10,
    0x27, 0x19, 0x67, 0x21, 0x47, 0x21, 0x47, 0x19, 0x47, 0x19, 0x47, 0x19, 0x47, 0x19, 0x47, 0x19,
    0x47, 0x19, 0x47, 0x19, 0x47, 0x19, 0x47, 0x19, 0x47, 0x19, 0x47, 0x19, 0x47, 0x19, 0x47, 0x19,
    0x47, 0x19, 0x47, 0x19, 0x47, 0x19, 0x47, 0x19, 0x47, 0x19, 0x47, 0x19, 0x47, 0x19, 0x47, 0x19,
    0x47, 0x19, 0x47, 0x19, 0x47, 0x19, 0x47, 0x19, 0x47, 0x19, 0x47, 0x19, 0x47, 0x19, 0x47, 0x19,
    0x47, 0x19, 0x47, 0x19, 0x47, 0x19, 0x47, 0x19, 0x47, 0x19, 0x47, 0x19, 0x47, 0x19, 0x47, 0x19,
    0x47, 0x19, 0x47, 0x19, 0x47, 0x19, 0x47, 0x21, 0x06, 0x11, 0x52, 0x84, 0x5d, 0xef, 0xdb, 0xde,
    0xb7, 0xb5, 0xf0, 0x73, 0x2a, 0x3a, 0x26, 0x19, 0xc5, 0x08, 0x06, 0x11, 0x47, 0x19, 0x67, 0x21,
    0x47, 0x21, 0x47, 0x19, 0x47, 0x19, 0x47, 0x19, 0x47, 0x19, 0x47, 0x19, 0x47, 0x19, 0x47, 0x19,
    0x47, 0x19, 0x47, 0x19, 0x47, 0x19, 0x47, 0x19, 0x47, 0x19, 0x47, 0x19, 0x47, 0x19, 0x47, 0x19,
    0x47, 0x19, 0x47, 0x19, 0x47, 0x19, 0x47, 0x19, 0x47, 0x19, 0x47, 0x19, 0x47, 0x19, 0x67, 0x21,
    0x06, 0x19, 0xe6, 0x10, 0xac, 0x4a, 0x15, 0x9d, 0xbb, 0xd6, 0x3c, 0xe7, 0x3c, 0xe7, 0x9a, 0xce,
    0xf4, 0x94, 0x8c, 0x4a, 0xe6, 0x10, 0x06, 0x11, 0x67, 0x21, 0x47, 0x19, 0x47, 0x19, 0x47, 0x19,
    0x47, 0x19, 0x47, 0x19, 0x47, 0x19, 0x47, 0x19, 0x47, 0x19, 0x47, 0x19, 0x47, 0x19, 0x47, 0x19,
    0x47, 0x19, 0x47, 0x19, 0x47, 0x19, 0x47, 0x19, 0x47, 0x19, 0x47, 0x19, 0x47, 0x19, 0x47, 0x19,
    0x47, 0x19, 0x47, 0x19, 0x47, 0x19, 0x47, 0x19, 0x47, 0x19, 0x47, 0x19, 0x47, 0x19, 0x47, 0x19,
    0x47, 0x19, 0x47, 0x19, 0x47, 0x19, 0x47, 0x19, 0x47, 0x19, 0x47, 0x19, 0x47, 0x19, 0x47, 0x19,
    0x47, 0x19, 0x47, 0x19, 0x47, 0x19, 0x47, 0x19, 0x47, 0x19, 0x67, 0x21, 0x26, 0x19, 0xe5, 0x10,
    0x88, 0x29, 0x2e, 0x5b, 0xd4, 0x94, 0x39, 0xc6, 0x1c, 0xdf, 0x7d, 0xef, 0xbe, 0xf7, 0xdf, 0xff,
    0xbf, 0xf7, 0x9e, 0xf7, 0x3c, 0xe7, 0x59, 0xce, 0xf4, 0x9c, 0x0d, 0x5b, 0x88, 0x21, 0xe5, 0x10,
    0x27, 0x19, 0x67, 0x21, 0x47, 0x19, 0x47, 0x19, 0x47, 0x19, 0x47, 0x19, 0x47, 0x19, 0x47, 0x19,
    0x47, 0x19, 0x47, 0x19, 0x47, 0x19, 0x47, 0x19, 0x47, 0x19, 0x47, 0x19, 0x47, 0x19, 0x47, 0x19,
    0x47, 0x19, 0x47, 0x19, 0x47, 0x19, 0x47, 0x19, 0x47, 0x19, 0x47, 0x19, 0x47, 0x19, 0x47, 0x19,
    0x47, 0x19, 0x47, 0x19, 0x47, 0x19, 0x47, 0x19, 0x47, 0x19, 0x47, 0x19, 0x47, 0x19, 0x47, 0x19,
    0x47, 0x19, 0x47, 0x19, 0x47, 0x19, 0x47, 0x19, 0x47, 0x19, 0x47, 0x19, 0x47, 0x19, 0x47, 0x19,
    0x47, 0x19, 0x47, 0x19, 0x47, 0x19, 0x47, 0x19, 0x47, 0x19, 0x47, 0x19, 0x47, 0x19, 0x47, 0x19,
    0x47, 0x19, 0x47, 0x19, 0x47, 0x19, 0x47, 0x19, 0x47, 0x19, 0x47, 0x19, 0x47, 0x19, 0x47, 0x19,
    0x47, 0x19, 0x47, 0x19, 0x47, 0x19, 0x47, 0x19, 0x47, 0x19, 0x47, 0x19, 0x47, 0x19, 0x47, 0x19,
    0x47, 0x19, 0x47, 0x19, 0x47, 0x19, 0x47, 0x19, 0x47, 0x19, 0x47, 0x19, 0x47, 0x19, 0x47, 0x19,
    0x47, 0x19, 0x47, 0x19, 0x47, 0x19, 0x47, 0x19, 0x47, 0x19, 0x47, 0x19, 0x47, 0x19, 0x47, 0x19,
    0x47, 0x19, 0x47, 0x19, 0x47, 0x19, 0x47, 0x19, 0x47, 0x19, 0x47, 0x19, 0x47, 0x19, 0x47, 0x19,
    0x47, 0x19, 0x47, 0x19, 0x47, 0x19, 0x47, 0x19, 0x47, 0x19, 0x47, 0x19, 0x47, 0x19, 0x47, 0x19,
    0x47, 0x19, 0x47, 0x19, 0x47, 0x19, 0x47, 0x19, 0x47, 0x19, 0x47, 0x19, 0x47, 0x19, 0x47, 0x19,
    0x47, 0x19, 0x47, 0x19, 0x47, 0x19, 0x47, 0x19, 0x47, 0x19, 0x47, 0x19, 0x47, 0x19, 0x47, 0x19,
    0x47, 0x19, 0x47, 0x19, 0x47, 0x19, 0x47, 0x19, 0x47, 0x21, 0xe6, 0x10, 0x56, 0xa5, 0xff, 0xff,
    0xff, 0xff, 0xbe, 0xf7, 0x76, 0xad, 0x8b, 0x42, 0xe6, 0x10, 0xe6, 0x10, 0x47, 0x19, 0x67, 0x21,
    0x47, 0x19, 0x47, 0x19, 0x47, 0x19, 0x47, 0x19, 0x47, 0x19, 0x47, 0x19, 0x47, 0x19, 0x47, 0x19,
    0x47, 0x19, 0x47, 0x19, 0x47, 0x19, 0x47, 0x19, 0x47, 0x19, 0x47, 0x19, 0x47, 0x19, 0x47, 0x19,
    0x47, 0x19, 0x47, 0x19, 0x47, 0x19, 0x47, 0x19, 0x47, 0x19, 0x47, 0x19, 0x47, 0x19, 0x47, 0x19,
    0x47, 0x19, 0x47, 0x19, 0x47, 0x19, 0x47, 0x19, 0x47, 0x19, 0x47, 0x19, 0x47, 0x19, 0x47, 0x19,
    0x47, 0x19, 0x47, 0x19, 0x47, 0x19, 0x47, 0x19, 0x47, 0x19, 0x47, 0x19, 0x47, 0x19, 0x47, 0x19,
    0x47, 0x19, 0x47, 0x19, 0x47, 0x19, 0x47, 0x19, 0x47, 0x19, 0x27, 0x19, 0xc9, 0x29, 0x88, 0x21,
    0x06, 0x11, 0xc5, 0x10, 0x06, 0x11, 0x47, 0x19, 0x67, 0x21, 0x47, 0x21, 0x47, 0x19, 0x47, 0x19,
    0x47, 0x19, 0x47, 0x19, 0x47, 0x19, 0x47, 0x19, 0x47, 0x19, 0x47, 0x19, 0x47, 0x19, 0x47, 0x19,
    0x47, 0x19, 0x47, 0x19, 0x47, 0x19, 0x47, 0x19, 0x47, 0x19, 0x47, 0x19, 0x47, 0x19, 0x47, 0x19,
    0x47, 0x19, 0x47, 0x19, 0x47, 0x19, 0x47, 0x19, 0x47, 0x19, 0x47, 0x19, 0x47, 0x19, 0x47, 0x19,
    0x47, 0x21, 0x47, 0x21, 0x06, 0x11, 0xe6, 0x10, 0x47, 0x21, 0xc9, 0x29, 0xc9, 0x29, 0x47, 0x19,
    0xe5, 0x10, 0x06, 0x11, 0x47, 0x21, 0x47, 0x21, 0x47, 0x19, 0x47, 0x19, 0x47, 0x19, 0x47, 0x19,
    0x47, 0x19, 0x47, 0x19, 0x47, 0x19, 0x47, 0x19, 0x47, 0x19, 0x47, 0x19, 0x47, 0x19, 0x47, 0x19,
    0x47, 0x19, 0x47, 0x19, 0x47, 0x19, 0x47, 0x19, 0x47, 0x19, 0x47, 0x19, 0x47, 0x19, 0x47, 0x19,
    0x47, 0x19, 0x47, 0x19, 0x47, 0x19, 0x47, 0x19, 0x47, 0x19, 0x47, 0x19, 0x47, 0x19, 0x47, 0x19,
    0x47, 0x19, 0x47, 0x19, 0x47, 0x19, 0x47, 0x19, 0x47, 0x19, 0x47, 0x19, 0x47, 0x19, 0x47, 0x19,
    0x47, 0x19, 0x47, 0x19, 0x47, 0x19, 0x47, 0x19, 0x47, 0x19, 0x47, 0x19, 0x47, 0x21, 0x67, 0x21,
    0x27, 0x19, 0xe6, 0x10, 0xe5, 0x10, 0x26, 0x19, 0x88, 0x29, 0x0a, 0x3a, 0x6b, 0x42, 0x8c, 0x4a,
    0x8b, 0x4a, 0x2a, 0x3a, 0xa8, 0x29, 0x27, 0x19, 0xe5, 0x10, 0xe6, 0x10, 0x27, 0x19, 0x67, 0x21,
    0x47, 0x19, 0x47, 0x19, 0x47, 0x19, 0x47, 0x19, 0x47, 0x19, 0x47, 0x19, 0x47, 0x19, 0x47, 0x19,
    0x47, 0x19, 0x47, 0x19, 0x47, 0x19, 0x47, 0x19, 0x47, 0x19, 0x47, 0x19, 0x47, 0x19, 0x47, 0x19,
    0x47, 0x19, 0x47, 0x19, 0x47, 0x19, 0x47, 0x19, 0x47, 0x19, 0x47, 0x19, 0x47, 0x19, 0x47, 0x19,
    0x47, 0x19, 0x47, 0x19, 0x47, 0x19, 0x47, 0x19, 0x47, 0x19, 0x47, 0x19, 0x47, 0x19, 0x47, 0x19,
    0x47, 0x19, 0x47, 0x19, 0x47, 0x19, 0x47, 0x19, 0x47, 0x19, 0x47, 0x19, 0x47, 0x19, 0x47, 0x19,
    0x47, 0x19, 0x47, 0x19, 0x47, 0x19, 0x47, 0x19, 0x47, 0x19, 0x47, 0x19, 0x47, 0x19, 0x47, 0x19,
    0x47, 0x19, 0x47, 0x19, 0x47, 0x19, 0x47, 0x19, 0x47, 0x19, 0x47, 0x19, 0x47, 0x19, 0x47, 0x19,
    0x47, 0x19, 0x47, 0x19, 0x47, 0x19, 0x47, 0x19, 0x47, 0x19, 0x47, 0x19, 0x47, 0x19, 0x47, 0x19,
    0x47, 0x19, 0x47, 0x19, 0x47, 0x19, 0x47, 0x19, 0x47, 0x19, 0x47, 0x19, 0x47, 0x19, 0x47, 0x19,
    0x47, 0x19, 0x47, 0x19, 0x47, 0x19, 0x47, 0x19, 0x47, 0x19, 0x47, 0x19, 0x47, 0x19, 0x47, 0x19,
    0x47, 0x19, 0x47, 0x19, 0x47, 0x19, 0x47, 0x19, 0x47, 0x19, 0x47, 0x19, 0x47, 0x19, 0x47, 0x19,
    0x47, 0x19, 0x47, 0x19, 0x47, 0x19, 0x47, 0x19, 0x47, 0x19, 0x47, 0x19, 0x47, 0x19, 0x47, 0x19,
    0x47, 0x19, 0x47, 0x19, 0x47, 0x19, 0x47, 0x19, 0x47, 0x19, 0x47, 0x19, 0x47, 0x19, 0x47, 0x19,
    0x47, 0x19, 0x47, 0x19, 0x47, 0x19, 0x47, 0x19, 0x47, 0x19, 0x47, 0x19, 0x47, 0x19, 0x47, 0x19,
    0x47, 0x19, 0x47, 0x19, 0x47, 0x19, 0x47, 0x19, 0x47, 0x19, 0x27, 0x19, 0x88, 0x29, 0xb3, 0x94,
    0xd4, 0x94, 0x6b, 0x42, 0xe6, 0x10, 0x06, 0x11, 0x47, 0x21, 0x67, 0x21, 0x47, 0x19, 0x47, 0x19,
    0x47, 0x19, 0x47, 0x19, 0x47, 0x19, 0x47, 0x19, 0x47, 0x19, 0x47, 0x19, 0x47, 0x19, 0x47, 0x19,
    0x47, 0x19, 0x47, 0x19, 0x47, 0x19, 0x47, 0x19, 0x47, 0x19, 0x47, 0x19, 0x47, 0x19, 0x47, 0x19,
    0x47, 0x19, 0x47, 0x19, 0x47, 0x19, 0x47, 0x19, 0x47, 0x19, 0x47, 0x19, 0x47, 0x19, 0x47, 0x19,
    0x47, 0x19, 0x47, 0x19, 0x47, 0x19, 0x47, 0x19, 0x47, 0x19, 0x47, 0x19, 0x47, 0x19, 0x47, 0x19,
    0x47, 0x19, 0x47, 0x19, 0x47, 0x19, 0x47, 0x19, 0x47, 0x19, 0x47, 0x19, 0x47, 0x19, 0x47, 0x19,
    0x47, 0x19, 0x47, 0x19, 0x47, 0x19, 0x47, 0x19, 0x47, 0x19, 0x47, 0x19, 0x26, 0x19, 0x27, 0x19,
    0x47, 0x21, 0x67, 0x21, 0x47, 0x21, 0x47, 0x19, 0x47, 0x19, 0x47, 0x19, 0x47, 0x19, 0x47, 0x19,
    0x47, 0x19, 0x47, 0x19, 0x47, 0x19, 0x47, 0x19, 0x47, 0x19, 0x47, 0x19, 0x47, 0x19, 0x47, 0x19,
    0x47, 0x19, 0x47, 0x19, 0x47, 0x19, 0x47, 0x19, 0x47, 0x19, 0x47, 0x19, 0x47, 0x19, 0x47, 0x19,
    0x47, 0x19, 0x47, 0x19, 0x47, 0x19, 0x47, 0x19, 0x47, 0x19, 0x47, 0x19, 0x47, 0x19, 0x47, 0x19,
    0x47, 0x19, 0x47, 0x19, 0x47, 0x21, 0x67, 0x21, 0x47, 0x19, 0x26, 0x19, 0x26, 0x19, 0x47, 0x19,
    0x67, 0x21, 0x47, 0x21, 0x47, 0x19, 0x47, 0x19, 0x47, 0x19, 0x47, 0x19, 0x47, 0x19, 0x47, 0x19,
    0x47, 0x19, 0x47, 0x19, 0x47, 0x19, 0x47, 0x19, 0x47, 0x19, 0x47, 0x19, 0x47, 0x19, 0x47, 0x19,
    0x47, 0x19, 0x47, 0x19, 0x47, 0x19, 0x47, 0x19, 0x47, 0x19, 0x47, 0x19, 0x47, 0x19, 0x47, 0x19,
    0x47, 0x19, 0x47, 0x19, 0x47, 0x19, 0x47, 0x19, 0x47, 0x19, 0x47, 0x19, 0x47, 0x19, 0x47, 0x19,
    0x47, 0x19, 0x47, 0x19, 0x47, 0x19, 0x47, 0x19, 0x47, 0x19, 0x47, 0x19, 0x47, 0x19, 0x47, 0x19,
    0x47, 0x19, 0x47, 0x19, 0x47, 0x19, 0x47, 0x19, 0x47, 0x19, 0x47, 0x19, 0x47, 0x19, 0x47, 0x19,
    0x47, 0x19, 0x67, 0x21, 0x67, 0x21, 0x47, 0x19, 0x27, 0x19, 0x06, 0x11, 0x06, 0x11, 0xe6, 0x10,
    0x06, 0x11, 0x06, 0x11, 0x26, 0x19, 0x47, 0x19, 0x67, 0x21, 0x67, 0x21, 0x47, 0x19, 0x47, 0x19,
    0x47, 0x19, 0x47, 0x19, 0x47, 0x19, 0x47, 0x19, 0x47, 0x19, 0x47, 0x19, 0x47, 0x19, 0x47, 0x19,
    0x47, 0x19, 0x47, 0x19, 0x47, 0x19, 0x47, 0x19, 0x47, 0x19, 0x47, 0x19, 0x47, 0x19, 0x47, 0x19,
    0x47, 0x19, 0x47, 0x19, 0x47, 0x19, 0x47, 0x19, 0x47, 0x19, 0x47, 0x19, 0x47, 0x19, 0x47, 0x19,
    0x47, 0x19, 0x47, 0x19, 0x47, 0x19, 0x47, 0x19, 0x47, 0x19, 0x47, 0x19, 0x47, 0x19, 0x47, 0x19,
    0x47, 0x19, 0x47, 0x19, 0x47, 0x19, 0x47, 0x19, 0x47, 0x19, 0x47, 0x19, 0x47, 0x19, 0x47, 0x19,
    0x47, 0x19, 0x47, 0x19, 0x47, 0x19, 0x47, 0x19, 0x47, 0x19, 0x47, 0x19, 0x47, 0x19, 0x47, 0x19,
    0x47, 0x19, 0x47, 0x19, 0x47, 0x19, 0x47, 0x19, 0x47, 0x19, 0x47, 0x19, 0x47, 0x19, 0x47, 0x19,
    0x47, 0x19, 0x47, 0x19, 0x47, 0x19, 0x47, 0x19, 0x47, 0x19, 0x47, 0x19, 0x47, 0x19, 0x47, 0x19,
    0x47, 0x19, 0x47, 0x19, 0x47, 0x19, 0x47, 0x19, 0x47, 0x19, 0x47, 0x19, 0x47, 0x19, 0x47, 0x19,
    0x47, 0x19, 0x47, 0x19, 0x47, 0x19, 0x47, 0x19, 0x47, 0x19, 0x47, 0x19, 0x47, 0x19, 0x47, 0x19,
    0x47, 0x19, 0x47, 0x19, 0x47, 0x19, 0x47, 0x19, 0x47, 0x19, 0x47, 0x19, 0x47, 0x19, 0x47, 0x19,
    0x47, 0x19, 0x47, 0x19, 0x47, 0x19, 0x47, 0x19, 0x47, 0x19, 0x47, 0x19, 0x47, 0x19, 0x47, 0x19,
    0x47, 0x19, 0x47, 0x19, 0x47, 0x19, 0x47, 0x19, 0x47, 0x19, 0x47, 0x19, 0x47, 0x19, 0x47, 0x19,
    0x47, 0x19, 0x47, 0x19, 0x47, 0x19, 0x47, 0x19, 0x47, 0x19, 0x47, 0x19, 0x47, 0x19, 0x47, 0x19,
    0x47, 0x19, 0x47, 0x19, 0x47, 0x19, 0x47, 0x19, 0x47, 0x19, 0x47, 0x19, 0x27, 0x19, 0xe5, 0x10,
    0xe5, 0x10, 0x06, 0x11, 0x47, 0x21, 0x47, 0x21, 0x47, 0x19, 0x47, 0x19, 0x47, 0x19, 0x47, 0x19,
    0x47, 0x19, 0x47, 0x19, 0x47, 0x19, 0x47, 0x19, 0x47, 0x19, 0x47, 0x19, 0x47, 0x19, 0x47, 0x19,
    0x47, 0x19, 0x47, 0x19, 0x47, 0x19, 0x47, 0x19, 0x47, 0x19, 0x47, 0x19, 0x47, 0x19, 0x47, 0x19,
    0x47, 0x19, 0x47, 0x19, 0x47, 0x19, 0x47, 0x19, 0x47, 0x19, 0x47, 0x19, 0x47, 0x19, 0x47, 0x19,
    0x47, 0x19, 0x47, 0x19, 0x47, 0x19, 0x47, 0x19, 0x47, 0x19, 0x47, 0x19, 0x47, 0x19, 0x47, 0x19,
    0x47, 0x19, 0x47, 0x19, 0x47, 0x19, 0x47, 0x19, 0x47, 0x19, 0x47, 0x19, 0x47, 0x19, 0x47, 0x19,
    0x47, 0x19, 0x47, 0x19, 0x47, 0x19, 0x47, 0x19, 0x47, 0x19, 0x47, 0x19, 0x47, 0x19, 0x47, 0x19,
    0x47, 0x19, 0x47, 0x19, 0x47, 0x19, 0x47, 0x19, 0x47, 0x19, 0x47, 0x19, 0x47, 0x19, 0x47, 0x19,
    0x47, 0x19, 0x47, 0x19, 0x47, 0x19, 0x47, 0x19, 0x47, 0x19, 0x47, 0x19, 0x47, 0x19, 0x47, 0x19,
    0x47, 0x19, 0x47, 0x19, 0x47, 0x19, 0x47, 0x19, 0x47, 0x19, 0x47, 0x19, 0x47, 0x19, 0x47, 0x19,
    0x47, 0x19, 0x47, 0x19, 0x47, 0x19, 0x47, 0x19, 0x47, 0x19, 0x47, 0x19, 0x47, 0x19, 0x47, 0x19,
    0x47, 0x19, 0x47, 0x19, 0x47, 0x19, 0x47, 0x19, 0x47, 0x19, 0x47, 0x19, 0x47, 0x19, 0x47, 0x19,
    0x47, 0x19, 0x47, 0x19, 0x47, 0x19, 0x47, 0x19, 0x47, 0x19, 0x47, 0x19, 0x47, 0x19, 0x47, 0x19,
    0x47, 0x19, 0x47, 0x19, 0x47, 0x19, 0x47, 0x19, 0x47, 0x19, 0x47, 0x19, 0x47, 0x19, 0x47, 0x19,
    0x47, 0x19, 0x47, 0x19, 0x47, 0x19, 0x47, 0x19, 0x47, 0x19, 0x47, 0x19, 0x47, 0x19, 0x47, 0x19,
    0x47, 0x19, 0x47, 0x19, 0x47, 0x19, 0x47, 0x19, 0x47, 0x19, 0x47, 0x19, 0x47, 0x19, 0x47, 0x19,
    0x47, 0x19, 0x47, 0x19, 0x47, 0x19, 0x47, 0x19, 0x47, 0x19, 0x47, 0x19, 0x47, 0x19, 0x47, 0x19,
    0x47, 0x19, 0x47, 0x19, 0x47, 0x19, 0x47, 0x19, 0x47, 0x19, 0x47, 0x19, 0x47, 0x19, 0x47, 0x19,
    0x47, 0x19, 0x47, 0x19, 0x47, 0x19, 0x47, 0x19, 0x47, 0x19, 0x47, 0x21, 0x47, 0x21, 0x47, 0x21,
    0x47, 0x21, 0x47, 0x21, 0x47, 0x19, 0x47, 0x19, 0x47, 0x19, 0x47, 0x19, 0x47, 0x19, 0x47, 0x19,
    0x47, 0x19, 0x47, 0x19, 0x47, 0x19, 0x47, 0x19, 0x47, 0x19, 0x47, 0x19, 0x47, 0x19, 0x47, 0x19,
    0x47, 0x19, 0x47, 0x19, 0x47, 0x19, 0x47, 0x19, 0x47, 0x19, 0x47, 0x19, 0x47, 0x19, 0x47, 0x19,
    0x47, 0x19, 0x47, 0x19, 0x47, 0x19, 0x47, 0x19, 0x47, 0x19, 0x47, 0x19, 0x47, 0x19, 0x47, 0x19,
    0x47, 0x19, 0x47, 0x19, 0x47, 0x19, 0x47, 0x19, 0x47, 0x19, 0x47, 0x19, 0x47, 0x19, 0x47, 0x19,
    0x47, 0x19, 0x47, 0x19, 0x47, 0x19, 0x47, 0x19, 0x47, 0x19, 0x47, 0x19, 0x47, 0x19, 0x47, 0x19,
    0x47, 0x19, 0x47, 0x19, 0x47, 0x19, 0x47, 0x19, 0x47, 0x19, 0x47, 0x19, 0x47, 0x19, 0x47, 0x19,
    0x47, 0x19, 0x47, 0x19, 0x47, 0x19, 0x47, 0x19, 0x47, 0x19, 0x47, 0x19, 0x47, 0x19, 0x47, 0x19,
    0x47, 0x19, 0x47, 0x19, 0x47, 0x19, 0x47, 0x19, 0x47, 0x19, 0x47, 0x19, 0x47, 0x19, 0x47, 0x19,
    0x47, 0x19, 0x47, 0x19, 0x47, 0x19, 0x47, 0x19, 0x47, 0x19, 0x47, 0x19, 0x47, 0x19, 0x47, 0x19,
    0x47, 0x19, 0x47, 0x19, 0x47, 0x19, 0x47, 0x19, 0x47, 0x19, 0x47, 0x19, 0x47, 0x19, 0x47, 0x19,
    0x47, 0x19, 0x47, 0x19, 0x47, 0x19, 0x47, 0x19, 0x47, 0x19, 0x47, 0x19, 0x47, 0x19, 0x47, 0x19,
    0x47, 0x19, 0x47, 0x19, 0x47, 0x19, 0x47, 0x19, 0x47, 0x19, 0x47, 0x19, 0x47, 0x19, 0x47, 0x19,
    0x47, 0x19, 0x47, 0x19, 0x47, 0x19, 0x47, 0x19, 0x47, 0x19, 0x47, 0x19, 0x47, 0x19, 0x47, 0x19,
    0x47, 0x19, 0x47, 0x19, 0x47, 0x19, 0x47, 0x19, 0x47, 0x19, 0x47, 0x19, 0x47, 0x19, 0x47, 0x19,
    0x47, 0x19, 0x47, 0x19, 0x47, 0x19, 0x47, 0x19, 0x47, 0x19, 0x47, 0x19, 0x47, 0x19, 0x67, 0x21,
    0x67, 0x21, 0x47, 0x21, 0x47, 0x19, 0x47, 0x19, 0x47, 0x19, 0x47, 0x19, 0x47, 0x19, 0x47, 0x19,
    0x47, 0x19, 0x47, 0x19, 0x47, 0x19, 0x47, 0x19, 0x47, 0x19, 0x47, 0x19, 0x47, 0x19, 0x47, 0x19,
    0x47, 0x19, 0x47, 0x19, 0x47, 0x19, 0x47, 0x19, 0x47, 0x19, 0x47, 0x19, 0x47, 0x19, 0x47, 0x19,
    0x47, 0x19, 0x47, 0x19, 0x47, 0x19, 0x47, 0x19, 0x47, 0x19, 0x47, 0x19, 0x47, 0x19, 0x47, 0x19,
    0x47, 0x19, 0x47, 0x19, 0x47, 0x19, 0x47, 0x19, 0x47, 0x19, 0x47, 0x19, 0x47, 0x19, 0x47, 0x19,
    0x47, 0x19, 0x47, 0x19, 0x47, 0x19, 0x47, 0x19, 0x47, 0x19, 0x47, 0x19, 0x47, 0x19, 0x47, 0x19,
    0x47, 0x19, 0x47, 0x19, 0x47, 0x19, 0x47, 0x19, 0x47, 0x19, 0x47, 0x19, 0x47, 0x19, 0x47, 0x19,
    0x47, 0x19, 0x47, 0x19, 0x47, 0x19, 0x47, 0x19, 0x47, 0x19, 0x47, 0x19, 0x47, 0x19, 0x47, 0x19,
    0x47, 0x19, 0x47, 0x19, 0x47, 0x19, 0x47, 0x19, 0x47, 0x19, 0x47, 0x19, 0x47, 0x19, 0x47, 0x19,
    0x47, 0x19, 0x47, 0x19, 0x47, 0x19, 0x47, 0x19, 0x47, 0x19, 0x47, 0x19, 0x47, 0x19, 0x47, 0x19,
    0x47, 0x19, 0x47, 0x19, 0x47, 0x19, 0x47, 0x19, 0x47, 0x19, 0x47, 0x19, 0x47, 0x19, 0x47, 0x19,
    0x47, 0x19, 0x47, 0x19, 0x47, 0x19, 0x47, 0x19, 0x47, 0x19, 0x47, 0x19, 0x47, 0x19, 0x47, 0x19,
    0x47, 0x19, 0x47, 0x19, 0x47, 0x19, 0x47, 0x19, 0x47, 0x19, 0x47, 0x19, 0x47, 0x19, 0x47, 0x19,
    0x47, 0x19, 0x47, 0x19, 0x47, 0x19, 0x47, 0x19, 0x47, 0x19, 0x47, 0x19, 0x47, 0x19, 0x47, 0x19,
    0x47, 0x19, 0x47, 0x19, 0x47, 0x19, 0x47, 0x19, 0x47, 0x19, 0x47, 0x19, 0x47, 0x19, 0x47, 0x19,
    0x47, 0x19, 0x47, 0x19, 0x47, 0x19, 0x47, 0x19, 0x47, 0x19, 0x47, 0x19, 0x47, 0x19, 0x47, 0x19,
    0x47, 0x19, 0x47, 0x19, 0x47, 0x19, 0x47, 0x19, 0x47, 0x19, 0x47, 0x19, 0x47, 0x19, 0x47, 0x19,
    0x47, 0x19, 0x47, 0x19, 0x47, 0x19, 0x47, 0x19, 0x47, 0x19, 0x47, 0x19, 0x47, 0x19, 0x47, 0x19,
    0x47, 0x19, 0x47, 0x19, 0x47, 0x19, 0x47, 0x19, 0x47, 0x19, 0x47, 0x19, 0x47, 0x19, 0x47, 0x19,
    0x47, 0x19, 0x47, 0x19, 0x47, 0x19, 0x47, 0x19, 0x47, 0x19, 0x47, 0x19, 0x47, 0x19, 0x47, 0x19,
    0x47, 0x19, 0x47, 0x19, 0x47, 0x19, 0x47, 0x19, 0x47, 0x19, 0x47, 0x19, 0x47, 0x19, 0x47, 0x19,
    0x47, 0x19, 0x47, 0x19, 0x47, 0x19, 0x47, 0x19, 0x47, 0x19, 0x47, 0x19, 0x47, 0x19, 0x47, 0x19,
    0x47, 0x19, 0x47, 0x19, 0x47, 0x19, 0x47, 0x19, 0x47, 0x19, 0x47, 0x19, 0x47, 0x19, 0x47, 0x19,
    0x47, 0x19, 0x47, 0x19, 0x47, 0x19, 0x47, 0x19, 0x47, 0x19, 0x47, 0x19, 0x47, 0x19, 0x47, 0x19,
    0x47, 0x19, 0x47, 0x19, 0x47, 0x19, 0x47, 0x19, 0x47, 0x19, 0x47, 0x19, 0x47, 0x19, 0x47, 0x19,
    0x47, 0x19, 0x47, 0x19, 0x47, 0x19, 0x47, 0x19, 0x47, 0x19, 0x47, 0x19, 0x47, 0x19, 0x47, 0x19,
    0x47, 0x19, 0x47, 0x19, 0x47, 0x19, 0x47, 0x19, 0x47, 0x19, 0x47, 0x19, 0x47, 0x19, 0x47, 0x19,
    0x47, 0x19, 0x47, 0x19, 0x47, 0x19, 0x47, 0x19, 0x47, 0x19, 0x47, 0x19, 0x47, 0x19, 0x47, 0x19,
    0x47, 0x19, 0x47, 0x19, 0x47, 0x19, 0x47, 0x19, 0x47, 0x19, 0x47, 0x19, 0x47, 0x19, 0x47, 0x19,
    0x47, 0x19, 0x47, 0x19, 0x47, 0x19, 0x47, 0x19, 0x47, 0x19, 0x47, 0x19, 0x47, 0x19, 0x47, 0x19,
    0x47, 0x19, 0x47, 0x19, 0x47, 0x19, 0x47, 0x19, 0x47, 0x19, 0x47, 0x19, 0x47, 0x19, 0x47, 0x19,
    0x47, 0x19, 0x47, 0x19, 0x47, 0x19, 0x47, 0x19, 0x47, 0x19, 0x47, 0x19, 0x47, 0x19, 0x47, 0x19,
    0x47, 0x19, 0x47, 0x19, 0x47, 0x19, 0x47, 0x19, 0x47, 0x19, 0x47, 0x19, 0x47, 0x19, 0x47, 0x19,
    0x47, 0x19, 0x47, 0x19, 0x47, 0x19, 0x47, 0x19, 0x47, 0x19, 0x47, 0x19, 0x47, 0x19, 0x47, 0x19,
    0x47, 0x19, 0x47, 0x19, 0x47, 0x19, 0x47, 0x19, 0x47, 0x19, 0x47, 0x19, 0x47, 0x19, 0x47, 0x19,
    0x47, 0x19, 0x47, 0x19, 0x47, 0x19, 0x47, 0x19, 0x47, 0x19, 0x47, 0x19, 0x47, 0x19, 0x47, 0x19,
    0x47, 0x19, 0x47, 0x19, 0x47, 0x19, 0x47, 0x19, 0x47, 0x19, 0x47, 0x19, 0x47, 0x19, 0x47, 0x19,
    0x47, 0x19, 0x47, 0x19, 0x47, 0x19, 0x47, 0x19, 0x47, 0x19, 0x47, 0x19, 0x47, 0x19, 0x47, 0x19,
    0x47, 0x19, 0x47, 0x19, 0x47, 0x19, 0x47, 0x19, 0x47, 0x19, 0x47, 0x19, 0x47, 0x19, 0x47, 0x19,
    0x47, 0x19, 0x47, 0x19, 0x47, 0x19, 0x47, 0x19, 0x47, 0x19, 0x47, 0x19, 0x47, 0x19, 0x47, 0x19,
    0x47, 0x19, 0x47, 0x19, 0x47, 0x19, 0x47, 0x19, 0x47, 0x19, 0x47, 0x19, 0x47, 0x19, 0x47, 0x19,
    0x47, 0x19, 0x47, 0x19, 0x47, 0x19, 0x47, 0x19, 0x47, 0x19, 0x47, 0x19, 0x47, 0x19, 0x47, 0x19,
    0x47, 0x19, 0x47, 0x19, 0x47, 0x19, 0x47, 0x19, 0x47, 0x19, 0x47, 0x19, 0x47, 0x19, 0x47, 0x19,
    0x47, 0x19, 0x47, 0x19, 0x47, 0x19, 0x47, 0x19, 0x47, 0x19, 0x47, 0x19, 0x47, 0x19, 0x47, 0x19,
    0x47, 0x19, 0x47, 0x19, 0x47, 0x19, 0x47, 0x19, 0x47, 0x19, 0x47, 0x19, 0x47, 0x19, 0x47, 0x19,
    0x47, 0x19, 0x47, 0x19, 0x47, 0x19, 0x47, 0x19, 0x47, 0x19, 0x47, 0x19, 0x47, 0x19, 0x47, 0x19,
    0x47, 0x19, 0x47, 0x19, 0x47, 0x19, 0x47, 0x19, 0x47, 0x19, 0x47, 0x19, 0x47, 0x19, 0x47, 0x19,
    0x47, 0x19, 0x47, 0x19, 0x47, 0x19, 0x47, 0x19, 0x47, 0x19, 0x47, 0x19, 0x47, 0x19, 0x47, 0x19,
    0x47, 0x19, 0x47, 0x19, 0x47, 0x19, 0x47, 0x19, 0x47, 0x19, 0x47, 0x19, 0x47, 0x19, 0x47, 0x19,
    0x47, 0x19, 0x47, 0x19, 0x47, 0x19, 0x47, 0x19, 0x47, 0x19, 0x47, 0x19, 0x47, 0x19, 0x47, 0x19,
    0x47, 0x19, 0x47, 0x19, 0x47, 0x19, 0x47, 0x19, 0x47, 0x19, 0x47, 0x19, 0x47, 0x19, 0x47, 0x19,
    0x47, 0x19, 0x47, 0x19, 0x47, 0x19, 0x47, 0x19, 0x47, 0x19, 0x47, 0x19, 0x47, 0x19, 0x47, 0x19,
    0x47, 0x19, 0x47, 0x19, 0x47, 0x19, 0x47, 0x19, 0x47, 0x19, 0x47, 0x19, 0x47, 0x19, 0x47, 0x19,
    0x47, 0x19, 0x47, 0x19, 0x47, 0x19, 0x47, 0x19, 0x47, 0x19, 0x47, 0x19, 0x47, 0x19, 0x47, 0x19,
    0x47, 0x19, 0x47, 0x19, 0x47, 0x19, 0x47, 0x19, 0x47, 0x19, 0x47, 0x19, 0x47, 0x19, 0x47, 0x19,
    0x47, 0x19, 0x47, 0x19, 0x47, 0x19, 0x47, 0x19, 0x47, 0x19, 0x47, 0x19, 0x47, 0x19, 0x47, 0x19,
    0x47, 0x19, 0x47, 0x19, 0x47, 0x19, 0x47, 0x19, 0x47, 0x19, 0x47, 0x19, 0x47, 0x19, 0x47, 0x19,
    0x47, 0x19, 0x47, 0x19, 0x47, 0x19, 0x47, 0x19, 0x47, 0x19, 0x47, 0x19, 0x47, 0x19, 0x47, 0x19,
    0x47, 0x19, 0x47, 0x19, 0x47, 0x19, 0x47, 0x19, 0x47, 0x19, 0x47, 0x19, 0x47, 0x19, 0x47, 0x19,
    0x47, 0x19, 0x47, 0x19, 0x47, 0x19, 0x47, 0x19, 0x47, 0x19, 0x47, 0x19, 0x47, 0x19, 0x47, 0x19,
    0x47, 0x19, 0x47, 0x19, 0x47, 0x19, 0x47, 0x19, 0x47, 0x19, 0x47, 0x19, 0x47, 0x19, 0x47, 0x19,
    0x47, 0x19, 0x47, 0x19, 0x47, 0x19, 0x47, 0x19, 0x47, 0x19, 0x47, 0x19, 0x47, 0x19, 0x47, 0x19,
    0x47, 0x19, 0x47, 0x19, 0x47, 0x19, 0x47, 0x19, 0x47, 0x19, 0x47, 0x19, 0x47, 0x19, 0x47, 0x19,
    0x47, 0x19, 0x47, 0x19, 0x47, 0x19, 0x47, 0x19, 0x47, 0x19, 0x47, 0x19, 0x47, 0x19, 0x47, 0x19,
    0x47, 0x19, 0x47, 0x19, 0x47, 0x19, 0x47, 0x19, 0x47, 0x19, 0x47, 0x19, 0x47, 0x19, 0x47, 0x19,
    0x47, 0x19, 0x47, 0x19, 0x47, 0x19, 0x47, 0x19, 0x47, 0x19, 0x47, 0x19, 0x47, 0x19, 0x47, 0x19,
    0x47, 0x19, 0x47, 0x19, 0x47, 0x19, 0x47, 0x19, 0x47, 0x19, 0x47, 0x19, 0x47, 0x19, 0x47, 0x19,
    0x47, 0x19, 0x47, 0x19, 0x47, 0x19, 0x47, 0x19, 0x47, 0x19, 0x47, 0x19, 0x47, 0x19, 0x47, 0x19,
    0x47, 0x19, 0x47, 0x19, 0x47, 0x19, 0x47, 0x19, 0x47, 0x19, 0x47, 0x19, 0x47, 0x19, 0x47, 0x19,
    0x47, 0x19, 0x47, 0x19, 0x47, 0x19, 0x47, 0x19, 0x47, 0x19, 0x47, 0x19, 0x47, 0x19, 0x47, 0x19,
    0x47, 0x19, 0x47, 0x19, 0x47, 0x19, 0x47, 0x19, 0x47, 0x19, 0x47, 0x19, 0x47, 0x19, 0x47, 0x19,
    0x47, 0x19, 0x47, 0x19, 0x47, 0x19, 0x47, 0x19, 0x47, 0x19, 0x47, 0x19, 0x47, 0x19, 0x47, 0x19,
    0x47, 0x19, 0x47, 0x19, 0x47, 0x19, 0x47, 0x19, 0x47, 0x19, 0x47, 0x19, 0x47, 0x19, 0x47, 0x19,
    0x47, 0x19, 0x47, 0x19, 0x47, 0x19, 0x47, 0x19, 0x47, 0x19, 0x47, 0x19, 0x47, 0x19, 0x47, 0x19,
    0x47, 0x19, 0x47, 0x19, 0x47, 0x19, 0x47, 0x19, 0x47, 0x19, 0x47, 0x19, 0x47, 0x19, 0x47, 0x19,
    0x47, 0x19, 0x47, 0x19, 0x47, 0x19, 0x47, 0x19, 0x47, 0x19, 0x47, 0x19, 0x47, 0x19, 0x47, 0x19,
    0x47, 0x19, 0x47, 0x19, 0x47, 0x19, 0x47, 0x19, 0x47, 0x19, 0x47, 0x19, 0x47, 0x19, 0x47, 0x19,
    0x47, 0x19, 0x47, 0x19, 0x47, 0x19, 0x47, 0x19, 0x47, 0x19, 0x47, 0x19, 0x47, 0x19, 0x47, 0x19,
    0x47, 0x19, 0x47, 0x19, 0x47, 0x19, 0x47, 0x19, 0x47, 0x19, 0x47, 0x19, 0x47, 0x19, 0x47, 0x19,
    0x47, 0x19, 0x47, 0x19, 0x47, 0x19, 0x47, 0x19, 0x47, 0x19, 0x47, 0x19, 0x47, 0x19, 0x47, 0x19,
    0x47, 0x19, 0x47, 0x19, 0x47, 0x19, 0x47, 0x19, 0x47, 0x19, 0x47, 0x19, 0x47, 0x19, 0x47, 0x19,
    0x47, 0x19, 0x47, 0x19, 0x47, 0x19, 0x47, 0x19, 0x47, 0x19, 0x47, 0x19, 0x47, 0x19, 0x47, 0x19,
    0x47, 0x19, 0x47, 0x19, 0x47, 0x19, 0x47, 0x19, 0x47, 0x19, 0x47, 0x19, 0x47, 0x19, 0x47, 0x19,
    0x47, 0x19, 0x47, 0x19, 0x47, 0x19, 0x47, 0x19, 0x47, 0x19, 0x47, 0x19, 0x47, 0x19, 0x47, 0x19,
    0x47, 0x19, 0x47, 0x19, 0x47, 0x19, 0x47, 0x19, 0x47, 0x19, 0x47, 0x19, 0x47, 0x19, 0x47, 0x19,
    0x47, 0x19, 0x47, 0x19, 0x47, 0x19, 0x47, 0x19, 0x47, 0x19, 0x47, 0x19, 0x47, 0x19, 0x47, 0x19,
    0x47, 0x19, 0x47, 0x19, 0x47, 0x19, 0x47, 0x19, 0x47, 0x19, 0x47, 0x19, 0x47, 0x19, 0x47, 0x19,
    0x47, 0x19, 0x47, 0x19, 0x47, 0x19, 0x47, 0x19, 0x47, 0x19, 0x47, 0x19, 0x47, 0x19, 0x47, 0x19,
    0x47, 0x19, 0x47, 0x19, 0x47, 0x19, 0x47, 0x19, 0x47, 0x19, 0x47, 0x19, 0x47, 0x19, 0x47, 0x19,
    0x47, 0x19, 0x47, 0x19, 0x47, 0x19, 0x47, 0x19, 0x47, 0x19, 0x47, 0x19, 0x47, 0x19, 0x47, 0x19,
    0x47, 0x19, 0x47, 0x19, 0x47, 0x19, 0x47, 0x19, 0x47, 0x19, 0x47, 0x19, 0x47, 0x19, 0x47, 0x19,
    0x47, 0x19, 0x47, 0x19, 0x47, 0x19, 0x47, 0x19, 0x47, 0x19, 0x47, 0x19, 0x47, 0x19, 0x47, 0x19,
    0x47, 0x19, 0x47, 0x19, 0x47, 0x19, 0x47, 0x19, 0x47, 0x19, 0x47, 0x19, 0x47, 0x19, 0x47, 0x19,
    0x47, 0x19, 0x47, 0x19, 0x47, 0x19, 0x47, 0x19, 0x47, 0x19, 0x47, 0x19, 0x47, 0x19, 0x47, 0x19,
    0x47, 0x19, 0x47, 0x19, 0x47, 0x19, 0x47, 0x19, 0x47, 0x19, 0x47, 0x19, 0x47, 0x19, 0x47, 0x19,
    0x47, 0x19, 0x47, 0x19, 0x47, 0x19, 0x47, 0x19, 0x47, 0x19, 0x47, 0x19, 0x47, 0x19, 0x47, 0x19,
    0x47, 0x19, 0x47, 0x19, 0x47, 0x19, 0x47, 0x19, 0x47, 0x19, 0x47, 0x19, 0x47, 0x19, 0x47, 0x19,
    0x47, 0x19, 0x47, 0x19, 0x47, 0x19, 0x47, 0x19, 0x47, 0x19, 0x47, 0x19, 0x47, 0x19, 0x47, 0x19,
    0x47, 0x19, 0x47, 0x19, 0x47, 0x19, 0x47, 0x19, 0x47, 0x19, 0x47, 0x19, 0x47, 0x19, 0x47, 0x19,
    0x47, 0x19, 0x47, 0x19, 0x47, 0x19, 0x47, 0x19, 0x47, 0x19, 0x47, 0x19, 0x47, 0x19, 0x47, 0x19,
    0x47, 0x19, 0x47, 0x19, 0x47, 0x19, 0x47, 0x19, 0x47, 0x19, 0x47, 0x19, 0x47, 0x19, 0x47, 0x19,
    0x47, 0x19, 0x47, 0x19, 0x47, 0x19, 0x47, 0x19, 0x47, 0x19, 0x47, 0x19, 0x47, 0x19, 0x47, 0x19,
    0x47, 0x19, 0x47, 0x19, 0x47, 0x19, 0x47, 0x19, 0x47, 0x19, 0x47, 0x19, 0x47, 0x19, 0x47, 0x19,
    0x47, 0x19, 0x47, 0x19, 0x47, 0x19, 0x47, 0x19, 0x47, 0x19, 0x47, 0x19, 0x47, 0x19, 0x47, 0x19,
    0x47, 0x19, 0x47, 0x19, 0x47, 0x19, 0x47, 0x19, 0x47, 0x19, 0x47, 0x19, 0x47, 0x19, 0x47, 0x19,
    0x47, 0x19, 0x47, 0x19, 0x47, 0x19, 0x47, 0x19, 0x47, 0x19, 0x47, 0x19, 0x47, 0x19, 0x47, 0x19,
    0x47, 0x19, 0x47, 0x19, 0x47, 0x19, 0x47, 0x19, 0x47, 0x19, 0x47, 0x19, 0x47, 0x19, 0x47, 0x19,
    0x47, 0x19, 0x47, 0x19, 0x47, 0x19, 0x47, 0x19, 0x47, 0x19, 0x47, 0x19, 0x47, 0x19, 0x47, 0x19,
    0x47, 0x19, 0x47, 0x19, 0x47, 0x19, 0x47, 0x19, 0x47, 0x19, 0x47, 0x19, 0x47, 0x19, 0x47, 0x19,
    0x47, 0x19, 0x47, 0x19, 0x47, 0x19, 0x47, 0x19, 0x47, 0x19, 0x47, 0x19, 0x47, 0x19, 0x47, 0x19,
    0x47, 0x19, 0x47, 0x19, 0x47, 0x19, 0x47, 0x19, 0x47, 0x19, 0x47, 0x19, 0x47, 0x19, 0x47, 0x19,
    0x47, 0x19, 0x47, 0x19, 0x47, 0x19, 0x47, 0x19, 0x47, 0x19, 0x47, 0x19, 0x47, 0x19, 0x47, 0x19,
    0x47, 0x19, 0x47, 0x19, 0x47, 0x19, 0x47, 0x19, 0x47, 0x19, 0x47, 0x19, 0x47, 0x19, 0x47, 0x19,
    0x47, 0x19, 0x47, 0x19, 0x47, 0x19, 0x47, 0x19, 0x47, 0x19, 0x47, 0x19, 0x47, 0x19, 0x47, 0x19,
    0x47, 0x19, 0x47, 0x19, 0x47, 0x19, 0x47, 0x19, 0x47, 0x19, 0x47, 0x19, 0x47, 0x19, 0x47, 0x19,
    0x47, 0x19, 0x47, 0x19, 0x47, 0x19, 0x47, 0x19, 0x47, 0x19, 0x47, 0x19, 0x47, 0x19, 0x47, 0x19,
    0x47, 0x19, 0x47, 0x19, 0x47, 0x19, 0x47, 0x19, 0x47, 0x19, 0x47, 0x19, 0x47, 0x19, 0x47, 0x19,
    0x47, 0x19, 0x47, 0x19, 0x47, 0x19, 0x47, 0x19, 0x47, 0x19, 0x47, 0x19, 0x47, 0x19, 0x47, 0x19,
    0x47, 0x19, 0x47, 0x19, 0x47, 0x19, 0x47, 0x19, 0x47, 0x19, 0x47, 0x19, 0x47, 0x19, 0x47, 0x19,
    0x47, 0x19, 0x47, 0x19, 0x47, 0x19, 0x47, 0x19, 0x47, 0x19, 0x47, 0x19, 0x47, 0x19, 0x47, 0x19,
    0x47, 0x19, 0x47, 0x19, 0x47, 0x19, 0x47, 0x19, 0x47, 0x19, 0x47, 0x19, 0x47, 0x19, 0x47, 0x19,
    0x47, 0x19, 0x47, 0x19, 0x47, 0x19, 0x47, 0x19, 0x47, 0x19, 0x47, 0x19, 0x47, 0x19, 0x47, 0x19,
    0x47, 0x19, 0x47, 0x19, 0x47, 0x19, 0x47, 0x19, 0x47, 0x19, 0x47, 0x19, 0x47, 0x19, 0x47, 0x19,
    0x47, 0x19, 0x47, 0x19, 0x47, 0x19, 0x47, 0x19, 0x47, 0x19, 0x47, 0x19, 0x47, 0x19, 0x47, 0x19,
    0x47, 0x19, 0x47, 0x19, 0x47, 0x19, 0x47, 0x19, 0x47, 0x19, 0x47, 0x19, 0x47, 0x19, 0x47, 0x19,
    0x47, 0x19, 0x47, 0x19, 0x47, 0x19, 0x47, 0x19, 0x47, 0x19, 0x47, 0x19, 0x47, 0x19, 0x47, 0x19,
    0x47, 0x19, 0x47, 0x19, 0x47, 0x19, 0x47, 0x19, 0x47, 0x19, 0x47, 0x19, 0x47, 0x19, 0x47, 0x19,
    0x47, 0x19, 0x47, 0x19, 0x47, 0x19, 0x47, 0x19, 0x47, 0x19, 0x47, 0x19, 0x47, 0x19, 0x47, 0x19,
    0x47, 0x19, 0x47, 0x19, 0x47, 0x19, 0x47, 0x19, 0x47, 0x19, 0x47, 0x19, 0x47, 0x19, 0x47, 0x19,
    0x47, 0x19, 0x47, 0x19, 0x47, 0x19, 0x47, 0x19, 0x47, 0x19, 0x47, 0x19, 0x47, 0x19, 0x47, 0x19,
    0x47, 0x19, 0x47, 0x19, 0x47, 0x19, 0x47, 0x19, 0x47, 0x19, 0x47, 0x19, 0x47, 0x19, 0x47, 0x19,
    0x47, 0x19, 0x47, 0x19, 0x47, 0x19, 0x47, 0x19, 0x47, 0x19, 0x47, 0x19, 0x47, 0x19, 0x47, 0x19,
    0x47, 0x19, 0x47, 0x19, 0x47, 0x19, 0x47, 0x19, 0x47, 0x19, 0x47, 0x19, 0x47, 0x19, 0x47, 0x19,
    0x47, 0x19, 0x47, 0x19, 0x47, 0x19, 0x47, 0x19, 0x47, 0x19, 0x47, 0x19, 0x47, 0x19, 0x47, 0x19,
    0x47, 0x19, 0x47, 0x19, 0x47, 0x19, 0x47, 0x19, 0x47, 0x19, 0x47, 0x19, 0x47, 0x19, 0x47, 0x19,
    0x47, 0x19, 0x47, 0x19, 0x47, 0x19, 0x47, 0x19, 0x47, 0x19, 0x47, 0x19, 0x47, 0x19, 0x47, 0x19,
    0x47, 0x19, 0x47, 0x19, 0x47, 0x19, 0x47, 0x19, 0x47, 0x19, 0x47, 0x19, 0x47, 0x19, 0x47, 0x19,
    0x47, 0x19, 0x47, 0x19, 0x47, 0x19, 0x47, 0x19, 0x47, 0x19, 0x47, 0x19, 0x47, 0x19, 0x47, 0x19,
    0x47, 0x19, 0x47, 0x19, 0x47, 0x19, 0x47, 0x19, 0x47, 0x19, 0x47, 0x19, 0x47, 0x19, 0x47, 0x19,
    0x47, 0x19, 0x47, 0x19, 0x47, 0x19, 0x47, 0x19, 0x47, 0x19, 0x47, 0x19, 0x47, 0x19, 0x47, 0x19,
    0x47, 0x19, 0x47, 0x19, 0x47, 0x19, 0x47, 0x19, 0x47, 0x19, 0x47, 0x19, 0x47, 0x19, 0x47, 0x19,
    0x47, 0x19, 0x47, 0x19, 0x47, 0x19, 0x47, 0x19, 0x47, 0x19, 0x47, 0x19, 0x47, 0x19, 0x47, 0x19,
    0x47, 0x19, 0x47, 0x19, 0x47, 0x19, 0x47, 0x19, 0x47, 0x19, 0x47, 0x19, 0x47, 0x19, 0x47, 0x19,
    0x47, 0x19, 0x47, 0x19, 0x47, 0x19, 0x47, 0x19, 0x47, 0x19, 0x47, 0x19, 0x47, 0x19, 0x47, 0x19,
    0x47, 0x19, 0x47, 0x19, 0x47, 0x19, 0x47, 0x19, 0x47, 0x19, 0x47, 0x19, 0x47, 0x19, 0x47, 0x19,
    0x47, 0x19, 0x47, 0x19, 0x47, 0x19, 0x47, 0x19, 0x47, 0x19, 0x47, 0x19, 0x47, 0x19, 0x47, 0x19,
    0x47, 0x19, 0x47, 0x19, 0x47, 0x19, 0x47, 0x19, 0x47, 0x19, 0x47, 0x19, 0x47, 0x19, 0x47, 0x19,
    0x47, 0x19, 0x47, 0x19, 0x47, 0x19, 0x47, 0x19, 0x47, 0x19, 0x47, 0x19, 0x47, 0x19, 0x47, 0x19,
    0x47, 0x19, 0x47, 0x19, 0x47, 0x19, 0x47, 0x19, 0x47, 0x19, 0x47, 0x19, 0x47, 0x19, 0x47, 0x19,
    0x47, 0x19, 0x47, 0x19, 0x47, 0x19, 0x47, 0x19, 0x47, 0x19, 0x47, 0x19, 0x47, 0x19, 0x47, 0x19,
    0x47, 0x19, 0x47, 0x19, 0x47, 0x19, 0x47, 0x19, 0x47, 0x19, 0x47, 0x19, 0x47, 0x19, 0x47, 0x19,
    0x47, 0x19, 0x47, 0x19, 0x47, 0x19, 0x47, 0x19, 0x47, 0x19, 0x47, 0x19, 0x47, 0x19, 0x47, 0x19,
    0x47, 0x19, 0x47, 0x19, 0x47, 0x19, 0x47, 0x19, 0x47, 0x19, 0x47, 0x19, 0x47, 0x19, 0x47, 0x19,
    0x47, 0x19, 0x47, 0x19, 0x47, 0x19, 0x47, 0x19, 0x47, 0x19, 0x47, 0x19, 0x47, 0x19, 0x47, 0x19,
    0x47, 0x19, 0x47, 0x19, 0x47, 0x19, 0x47, 0x19, 0x47, 0x19, 0x47, 0x19, 0x47, 0x19, 0x47, 0x19,
    0x47, 0x19, 0x47, 0x19, 0x47, 0x19, 0x47, 0x19, 0x47, 0x19, 0x47, 0x19, 0x47, 0x19, 0x47, 0x19,
    0x47, 0x19, 0x47, 0x19, 0x47, 0x19, 0x47, 0x19, 0x47, 0x19, 0x47, 0x19, 0x47, 0x19, 0x47, 0x19,
    0x47, 0x19, 0x47, 0x19, 0x47, 0x19, 0x47, 0x19, 0x47, 0x19, 0x47, 0x19, 0x47, 0x19, 0x47, 0x19,
    0x47, 0x19, 0x47, 0x19, 0x47, 0x19, 0x47, 0x19, 0x47, 0x19, 0x47, 0x19, 0x47, 0x19, 0x47, 0x19,
    0x47, 0x19, 0x47, 0x19, 0x47, 0x19, 0x47, 0x19, 0x47, 0x19, 0x47, 0x19, 0x47, 0x19, 0x47, 0x19,
    0x47, 0x19, 0x47, 0x19, 0x47, 0x19, 0x47, 0x19, 0x47, 0x19, 0x47, 0x19, 0x47, 0x19, 0x47, 0x19,
    0x47, 0x19, 0x47, 0x19, 0x47, 0x19, 0x47, 0x19, 0x47, 0x19, 0x47, 0x19, 0x47, 0x19, 0x47, 0x19,
    0x47, 0x19, 0x47, 0x19, 0x47, 0x19, 0x47, 0x19, 0x47, 0x19, 0x47, 0x19, 0x47, 0x19, 0x47, 0x19,
    0x47, 0x19, 0x47, 0x19, 0x47, 0x19, 0x47, 0x19, 0x47, 0x19, 0x47, 0x19, 0x47, 0x19, 0x47, 0x19,
    0x47, 0x19, 0x47, 0x19, 0x47, 0x19, 0x47, 0x19, 0x47, 0x19, 0x47, 0x19, 0x47, 0x19, 0x47, 0x19,
    0x47, 0x19, 0x47, 0x19, 0x47, 0x19, 0x47, 0x19, 0x47, 0x19, 0x47, 0x19, 0x47, 0x19, 0x47, 0x19,
    0x47, 0x19, 0x47, 0x19, 0x47, 0x19, 0x47, 0x19, 0x47, 0x19, 0x47, 0x19, 0x47, 0x19, 0x47, 0x19,
    0x47, 0x19, 0x47, 0x19, 0x47, 0x19, 0x47, 0x19, 0x47, 0x19, 0x47, 0x19, 0x47, 0x19, 0x47, 0x19,
    0x47, 0x19, 0x47, 0x19, 0x47, 0x19, 0x47, 0x19, 0x47, 0x19, 0x47, 0x19, 0x47, 0x19, 0x47, 0x19,
    0x47, 0x19, 0x47, 0x19, 0x47, 0x19, 0x47, 0x19, 0x47, 0x19, 0x47, 0x19, 0x47, 0x19, 0x47, 0x19,
    0x47, 0x19, 0x47, 0x19, 0x47, 0x19, 0x47, 0x19, 0x47, 0x19, 0x47, 0x19, 0x47, 0x19, 0x47, 0x19,
    0x47, 0x19, 0x47, 0x19, 0x47, 0x19, 0x47, 0x19, 0x47, 0x19, 0x47, 0x19, 0x47, 0x19, 0x47, 0x19,
    0x47, 0x19, 0x47, 0x19, 0x47, 0x19, 0x47, 0x19, 0x47, 0x19, 0x47, 0x19, 0x47, 0x19, 0x47, 0x19,
    0x47, 0x19, 0x47, 0x19, 0x47, 0x19, 0x47, 0x19, 0x47, 0x19, 0x47, 0x19, 0x47, 0x19, 0x47, 0x19,
    0x47, 0x19, 0x47, 0x19, 0x47, 0x19, 0x47, 0x19, 0x47, 0x19, 0x47, 0x19, 0x47, 0x19, 0x47, 0x19,
    0x47, 0x19, 0x47, 0x19, 0x47, 0x19, 0x47, 0x19, 0x47, 0x19, 0x47, 0x19, 0x47, 0x19, 0x47, 0x19,
    0x47, 0x19, 0x47, 0x19, 0x47, 0x19, 0x47, 0x19, 0x47, 0x19, 0x47, 0x19, 0x47, 0x19, 0x47, 0x19,
    0x47, 0x19, 0x47, 0x19, 0x47, 0x19, 0x47, 0x19, 0x47, 0x19, 0x47, 0x19, 0x47, 0x19, 0x47, 0x19,
    0x47, 0x19, 0x47, 0x19, 0x47, 0x19, 0x47, 0x19, 0x47, 0x19, 0x47, 0x19, 0x47, 0x19, 0x47, 0x19,
    0x47, 0x19, 0x47, 0x19, 0x47, 0x19, 0x47, 0x19, 0x47, 0x19, 0x47, 0x19, 0x47, 0x19, 0x47, 0x19,
    0x47, 0x19, 0x47, 0x19, 0x47, 0x19, 0x47, 0x19, 0x47, 0x19, 0x47, 0x19, 0x47, 0x19, 0x47, 0x19,
    0x47, 0x19, 0x47, 0x19, 0x47, 0x19, 0x47, 0x19, 0x47, 0x19, 0x47, 0x19, 0x47, 0x19, 0x47, 0x19,
    0x47, 0x19, 0x47, 0x19, 0x47, 0x19, 0x47, 0x19, 0x47, 0x19, 0x47, 0x19, 0x47, 0x19, 0x47, 0x19,
    0x47, 0x19, 0x47, 0x19, 0x47, 0x19, 0x47, 0x19, 0x47, 0x19, 0x47, 0x19, 0x47, 0x19, 0x47, 0x19,
    0x47, 0x19, 0x47, 0x19, 0x47, 0x19, 0x47, 0x19, 0x47, 0x19, 0x47, 0x19, 0x47, 0x19, 0x47, 0x19,
    0x47, 0x19, 0x47, 0x19, 0x47, 0x19, 0x47, 0x19, 0x47, 0x19, 0x47, 0x19, 0x47, 0x19, 0x47, 0x19,
    0x47, 0x19, 0x47, 0x19, 0x47, 0x19, 0x47, 0x19, 0x47, 0x19, 0x47, 0x19, 0x47, 0x19, 0x47, 0x19,
    0x47, 0x19, 0x47, 0x19, 0x47, 0x19, 0x47, 0x19, 0x47, 0x19, 0x47, 0x19, 0x47, 0x19, 0x47, 0x19,
    0x47, 0x19, 0x47, 0x19, 0x47, 0x19, 0x47, 0x19, 0x47, 0x19, 0x47, 0x19, 0x47, 0x19, 0x47, 0x19,
    0x47, 0x19, 0x47, 0x19, 0x47, 0x19, 0x47, 0x19, 0x47, 0x19, 0x47, 0x19, 0x47, 0x19, 0x47, 0x19,
    0x47, 0x19, 0x47, 0x19, 0x47, 0x19, 0x47, 0x19, 0x47, 0x19, 0x47, 0x19, 0x47, 0x19, 0x47, 0x19,
    0x47, 0x19, 0x47, 0x19, 0x47, 0x19, 0x47, 0x19, 0x47, 0x19, 0x47, 0x19, 0x47, 0x19, 0x47, 0x19,
    0x47, 0x19, 0x47, 0x19, 0x47, 0x19, 0x47, 0x19, 0x47, 0x19, 0x47, 0x19, 0x47, 0x19, 0x47, 0x19,
    0x47, 0x19, 0x47, 0x19, 0x47, 0x19, 0x47, 0x19, 0x47, 0x19, 0x47, 0x19, 0x47, 0x19, 0x47, 0x19,
    0x47, 0x19, 0x47, 0x19, 0x47, 0x19, 0x47, 0x19, 0x47, 0x19, 0x47, 0x19, 0x47, 0x19, 0x47, 0x19,
    0x47, 0x19, 0x47, 0x19, 0x47, 0x19, 0x47, 0x19, 0x47, 0x19, 0x47, 0x19, 0x47, 0x19, 0x47, 0x19,
    0x47, 0x19, 0x47, 0x19, 0x47, 0x19, 0x47, 0x19, 0x47, 0x19, 0x47, 0x19, 0x47, 0x19, 0x47, 0x19,
    0x47, 0x19, 0x47, 0x19, 0x47, 0x19, 0x47, 0x19, 0x47, 0x19, 0x47, 0x19, 0x47, 0x19, 0x47, 0x19,
    0x47, 0x19, 0x47, 0x19, 0x47, 0x19, 0x47, 0x19, 0x47, 0x19, 0x47, 0x19, 0x47, 0x19, 0x47, 0x19,
    0x47, 0x19, 0x47, 0x19, 0x47, 0x19, 0x47, 0x19, 0x47, 0x19, 0x47, 0x19, 0x47, 0x19, 0x47, 0x19,
    0x47, 0x19, 0x47, 0x19, 0x47, 0x19, 0x47, 0x19, 0x47, 0x19, 0x47, 0x19, 0x47, 0x19, 0x47, 0x19,
    0x47, 0x19, 0x47, 0x19, 0x47, 0x19, 0x47, 0x19, 0x47, 0x19, 0x47, 0x19, 0x47, 0x19, 0x47, 0x19,
    0x47, 0x19, 0x47, 0x19, 0x47, 0x19, 0x47, 0x19, 0x47, 0x19, 0x47, 0x19, 0x47, 0x19, 0x47, 0x19,
    0x47, 0x19, 0x47, 0x19, 0x47, 0x19, 0x47, 0x19, 0x47, 0x19, 0x47, 0x19, 0x47, 0x19, 0x47, 0x19,
    0x47, 0x19, 0x47, 0x19, 0x47, 0x19, 0x47, 0x19, 0x47, 0x19, 0x47, 0x19, 0x47, 0x19, 0x47, 0x19,
    0x47, 0x19, 0x47, 0x19, 0x47, 0x19, 0x47, 0x19, 0x47, 0x19, 0x47, 0x19, 0x47, 0x19, 0x47, 0x19,
    0x47, 0x19, 0x47, 0x19, 0x47, 0x19, 0x47, 0x19, 0x47, 0x19, 0x47, 0x19, 0x47, 0x19, 0x47, 0x19,
    0x47, 0x19, 0x47, 0x19, 0x47, 0x19, 0x47, 0x19, 0x47, 0x19, 0x47, 0x19, 0x47, 0x19, 0x47, 0x19,
    0x47, 0x19, 0x47, 0x19, 0x47, 0x19, 0x47, 0x19, 0x47, 0x19, 0x47, 0x19, 0x47, 0x19, 0x47, 0x19,
    0x47, 0x19, 0x47, 0x19, 0x47, 0x19, 0x47, 0x19, 0x47, 0x19, 0x47, 0x19, 0x47, 0x19, 0x47, 0x19,
    0x47, 0x19, 0x47, 0x19, 0x47, 0x19, 0x47, 0x19, 0x47, 0x19, 0x47, 0x19, 0x47, 0x19, 0x47, 0x19,
    0x47, 0x19, 0x47, 0x19, 0x47, 0x19, 0x47, 0x19, 0x47, 0x19, 0x47, 0x19, 0x47, 0x19, 0x47, 0x19,
    0x47, 0x19, 0x47, 0x19, 0x47, 0x19, 0x47, 0x19, 0x47, 0x19, 0x47, 0x19, 0x47, 0x19, 0x47, 0x19,
    0x47, 0x19, 0x47, 0x19, 0x47, 0x19, 0x47, 0x19, 0x47, 0x19, 0x47, 0x19, 0x47, 0x19, 0x47, 0x19,
    0x47, 0x19, 0x47, 0x19, 0x47, 0x19, 0x47, 0x19, 0x47, 0x19, 0x47, 0x19, 0x47, 0x19, 0x47, 0x19,
    0x47, 0x19, 0x47, 0x19, 0x47, 0x19, 0x47, 0x19, 0x47, 0x19, 0x47, 0x21, 0x27, 0x19, 0x27, 0x19,
    0x47, 0x19, 0x47, 0x19, 0x47, 0x19, 0x47, 0x19, 0x47, 0x19, 0x47, 0x19, 0x47, 0x19, 0x47, 0x19,
    0x47, 0x19, 0x47, 0x19, 0x47, 0x19, 0x47, 0x19, 0x47, 0x19, 0x47, 0x19, 0x47, 0x19, 0x47, 0x19,
    0x47, 0x19, 0x47, 0x19, 0x47, 0x19, 0x47, 0x19, 0x47, 0x19, 0x47, 0x19, 0x47, 0x19, 0x47, 0x19,
    0x47, 0x19, 0x47, 0x19, 0x47, 0x19, 0x47, 0x19, 0x47, 0x19, 0x47, 0x19, 0x47, 0x19, 0x47, 0x19,
    0x47, 0x19, 0x47, 0x19, 0x47, 0x19, 0x47, 0x19, 0x47, 0x19, 0x47, 0x19, 0x47, 0x19, 0x47, 0x19,
    0x47, 0x19, 0x47, 0x19, 0x47, 0x19, 0x47, 0x19, 0x47, 0x19, 0x47, 0x19, 0x47, 0x19, 0x47, 0x19,
    0x47, 0x19, 0x47, 0x19, 0x47, 0x19, 0x47, 0x19, 0x47, 0x19, 0x47, 0x19, 0x47, 0x19, 0x47, 0x19,
    0x47, 0x19, 0x47, 0x19, 0x47, 0x19, 0x47, 0x19, 0x47, 0x19, 0x47, 0x19, 0x47, 0x19, 0x47, 0x19,
    0x27, 0x19, 0x47, 0x19, 0x47, 0x19, 0x47, 0x19, 0x47, 0x19, 0x47, 0x19, 0x47, 0x19, 0x47, 0x19,
    0x47, 0x19, 0x47, 0x19, 0x47, 0x19, 0x47, 0x19, 0x47, 0x19, 0x47, 0x19, 0x47, 0x19, 0x47, 0x19,
    0x47, 0x19, 0x47, 0x19, 0x47, 0x19, 0x47, 0x19, 0x47, 0x19, 0x47, 0x19, 0x47, 0x19, 0x47, 0x19,
    0x47, 0x19, 0x47, 0x19, 0x47, 0x19, 0x47, 0x19, 0x47, 0x19, 0x47, 0x19, 0x47, 0x19, 0x47, 0x19,
    0x47, 0x19, 0x47, 0x19, 0x47, 0x19, 0x47, 0x19, 0x47, 0x19, 0x47, 0x19, 0x47, 0x19, 0x47, 0x19,
    0x47, 0x19, 0x47, 0x19, 0x47, 0x19, 0x47, 0x19, 0x47, 0x19, 0x47, 0x19, 0x47, 0x19, 0x47, 0x19,
    0x47, 0x19, 0x47, 0x19, 0x47, 0x19, 0x47, 0x19, 0x47, 0x19, 0x47, 0x19, 0x47, 0x19, 0x47, 0x19,
    0x47, 0x19, 0x47, 0x19, 0x47, 0x19, 0x47, 0x19, 0x47, 0x19, 0x47, 0x19, 0x47, 0x19, 0x47, 0x19,
    0x47, 0x19, 0x47, 0x19, 0x47, 0x19, 0x47, 0x19, 0x47, 0x19, 0x47, 0x19, 0x47, 0x19, 0x47, 0x19,
    0x47, 0x19, 0x47, 0x19, 0x47, 0x19, 0x47, 0x19, 0x47, 0x19, 0x47, 0x19, 0x47, 0x19, 0x47, 0x19,
    0x47, 0x19, 0x47, 0x19, 0x47, 0x19, 0x47, 0x19, 0x47, 0x19, 0x47, 0x19, 0x47, 0x19, 0x47, 0x19,
    0x47, 0x19, 0x47, 0x19, 0x47, 0x19, 0x47, 0x19, 0x47, 0x19, 0x47, 0x19, 0x47, 0x19, 0x47, 0x19,
    0x47, 0x19, 0x47, 0x19, 0x47, 0x19, 0x47, 0x19, 0x47, 0x19, 0x47, 0x19, 0x47, 0x19, 0x47, 0x19,
    0x47, 0x19, 0x47, 0x19, 0x47, 0x19, 0x47, 0x19, 0x47, 0x19, 0x47, 0x19, 0x47, 0x19, 0x47, 0x19,
    0x47, 0x19, 0x47, 0x19, 0x47, 0x19, 0x47, 0x19, 0x47, 0x19, 0x47, 0x19, 0x47, 0x19, 0x47, 0x19,
    0x47, 0x19, 0x47, 0x19, 0x47, 0x19, 0x47, 0x19, 0x47, 0x19, 0x47, 0x19, 0x47, 0x19, 0x47, 0x19,
    0x47, 0x19, 0x47, 0x19, 0x47, 0x19, 0x47, 0x19, 0x47, 0x19, 0x47, 0x19, 0x47, 0x19, 0x47, 0x19,
    0x47, 0x19, 0x47, 0x19, 0x47, 0x19, 0x47, 0x19, 0x47, 0x19, 0x47, 0x19, 0x47, 0x19, 0x47, 0x19,
    0x47, 0x19, 0x47, 0x19, 0x47, 0x19, 0x47, 0x19, 0x47, 0x19, 0x47, 0x19, 0x47, 0x19, 0x47, 0x19,
    0x47, 0x19, 0x47, 0x19, 0x47, 0x19, 0x47, 0x19, 0x47, 0x19, 0x47, 0x19, 0x47, 0x19, 0x47, 0x19,
    0x47, 0x19, 0x47, 0x19, 0x47, 0x19, 0x47, 0x19, 0x47, 0x19, 0x47, 0x19, 0x47, 0x19, 0x47, 0x19,
    0x47, 0x19, 0x47, 0x19, 0x47, 0x19, 0x47, 0x19, 0x47, 0x19, 0x47, 0x19, 0x47, 0x19, 0x47, 0x19,
    0x47, 0x19, 0x47, 0x19, 0x47, 0x19, 0x47, 0x19, 0x47, 0x19, 0x47, 0x19, 0x47, 0x19, 0x47, 0x19,
    0x47, 0x19, 0x47, 0x19, 0x47, 0x19, 0x47, 0x19, 0x47, 0x19, 0x47, 0x19, 0x47, 0x19, 0x47, 0x19,
    0x47, 0x19, 0x47, 0x19, 0x47, 0x19, 0x47, 0x19, 0x47, 0x19, 0x47, 0x19, 0x47, 0x19, 0x47, 0x19,
    0x47, 0x19, 0x47, 0x19, 0x47, 0x19, 0x47, 0x19, 0x47, 0x19, 0x47, 0x19, 0x47, 0x19, 0x47, 0x19,
    0x47, 0x19, 0x47, 0x19, 0x47, 0x19, 0x47, 0x19, 0x47, 0x21, 0x06, 0x11, 0x67, 0x21, 0x68, 0x21,
    0x47, 0x19, 0x47, 0x19, 0x47, 0x19, 0x47, 0x19, 0x47, 0x19, 0x47, 0x19, 0x47, 0x19, 0x47, 0x19,
    0x47, 0x19, 0x47, 0x19, 0x47, 0x19, 0x47, 0x19, 0x47, 0x19, 0x47, 0x19, 0x47, 0x19, 0x47, 0x19,
    0x47, 0x19, 0x47, 0x19, 0x47, 0x19, 0x47, 0x19, 0x47, 0x19, 0x47, 0x19, 0x47, 0x19, 0x47, 0x19,
    0x47, 0x19, 0x47, 0x19, 0x47, 0x19, 0x47, 0x19, 0x47, 0x19, 0x47, 0x19, 0x47, 0x19, 0x47, 0x19,
    0x47, 0x19, 0x47, 0x19, 0x47, 0x19, 0x47, 0x19, 0x47, 0x19, 0x47, 0x19, 0x47, 0x19, 0x47, 0x19,
    0x47, 0x19, 0x47, 0x19, 0x47, 0x19, 0x47, 0x19, 0x47, 0x19, 0x47, 0x19, 0x47, 0x19, 0x47, 0x19,
    0x47, 0x19, 0x47, 0x19, 0x47, 0x19, 0x47, 0x19, 0x47, 0x19, 0x47, 0x19, 0x47, 0x19, 0x47, 0x19,
    0x47, 0x19, 0x47, 0x19, 0x47, 0x19, 0x47, 0x19, 0x47, 0x19, 0x47, 0x19, 0x47, 0x19, 0x47, 0x19,
    0x68, 0x21, 0x26, 0x19, 0x26, 0x19, 0x47, 0x21, 0x47, 0x19, 0x47, 0x19, 0x47, 0x19, 0x47, 0x19,
    0x47, 0x19, 0x47, 0x19, 0x47, 0x19, 0x47, 0x19, 0x47, 0x19, 0x47, 0x19, 0x47, 0x19, 0x47, 0x19,
    0x47, 0x19, 0x47, 0x19, 0x47, 0x19, 0x47, 0x19, 0x47, 0x19, 0x47, 0x19, 0x47, 0x19, 0x47, 0x19,
    0x47, 0x19, 0x47, 0x19, 0x47, 0x19, 0x47, 0x19, 0x47, 0x19, 0x47, 0x19, 0x47, 0x19, 0x47, 0x19,
    0x47, 0x19, 0x47, 0x19, 0x47, 0x19, 0x47, 0x19, 0x47, 0x19, 0x47, 0x19, 0x47, 0x19, 0x47, 0x19,
    0x47, 0x19, 0x47, 0x19, 0x47, 0x19, 0x47, 0x19, 0x47, 0x19, 0x47, 0x19, 0x47, 0x19, 0x47, 0x19,
    0x47, 0x19, 0x47, 0x19, 0x47, 0x19, 0x47, 0x19, 0x47, 0x19, 0x47, 0x19, 0x47, 0x19, 0x47, 0x19,
    0x47, 0x19, 0x47, 0x19, 0x47, 0x19, 0x47, 0x19, 0x47, 0x19, 0x47, 0x19, 0x47, 0x19, 0x47, 0x19,
    0x47, 0x19, 0x47, 0x19, 0x47, 0x19, 0x47, 0x19, 0x47, 0x19, 0x47, 0x19, 0x47, 0x19, 0x47, 0x19,
    0x47, 0x19, 0x47, 0x19, 0x47, 0x19, 0x47, 0x19, 0x47, 0x19, 0x47, 0x19, 0x47, 0x19, 0x47, 0x19,
    0x47, 0x19, 0x47, 0x19, 0x47, 0x19, 0x47, 0x19, 0x47, 0x19, 0x47, 0x19, 0x47, 0x19, 0x47, 0x19,
    0x47, 0x19, 0x47, 0x19, 0x47, 0x19, 0x47, 0x19, 0x47, 0x19, 0x47, 0x19, 0x47, 0x19, 0x47, 0x19,
    0x47, 0x19, 0x47, 0x19, 0x47, 0x19, 0x47, 0x19, 0x47, 0x19, 0x47, 0x19, 0x47, 0x19, 0x47, 0x19,
    0x47, 0x19, 0x47, 0x19, 0x47, 0x19, 0x47, 0x19, 0x47, 0x19, 0x47, 0x19, 0x47, 0x19, 0x47, 0x19,
    0x47, 0x19, 0x47, 0x19, 0x47, 0x19, 0x47, 0x19, 0x47, 0x19, 0x47, 0x19, 0x47, 0x19, 0x47, 0x19,
    0x47, 0x19, 0x47, 0x19, 0x47, 0x19, 0x47, 0x19, 0x47, 0x19, 0x47, 0x19, 0x47, 0x19, 0x47, 0x19,
    0x47, 0x19, 0x47, 0x19, 0x47, 0x19, 0x47, 0x19, 0x47, 0x19, 0x47, 0x19, 0x47, 0x19, 0x47, 0x19,
    0x47, 0x19, 0x47, 0x19, 0x47, 0x19, 0x47, 0x19, 0x47, 0x19, 0x47, 0x19, 0x47, 0x19, 0x47, 0x19,
    0x47, 0x19, 0x47, 0x19, 0x47, 0x19, 0x47, 0x19, 0x47, 0x19, 0x47, 0x19, 0x47, 0x19, 0x47, 0x19,
    0x47, 0x19, 0x47, 0x19, 0x47, 0x19, 0x47, 0x19, 0x47, 0x19, 0x47, 0x19, 0x47, 0x19, 0x47, 0x19,
    0x47, 0x19, 0x47, 0x19, 0x47, 0x19, 0x47, 0x19, 0x47, 0x19, 0x47, 0x19, 0x47, 0x19, 0x47, 0x19,
    0x47, 0x19, 0x47, 0x19, 0x47, 0x19, 0x47, 0x19, 0x47, 0x19, 0x47, 0x19, 0x47, 0x19, 0x47, 0x19,
    0x47, 0x19, 0x47, 0x19, 0x47, 0x19, 0x47, 0x19, 0x47, 0x19, 0x47, 0x19, 0x47, 0x19, 0x47, 0x19,
    0x47, 0x19, 0x47, 0x19, 0x47, 0x19, 0x47, 0x19, 0x47, 0x19, 0x47, 0x19, 0x47, 0x19, 0x47, 0x19,
    0x47, 0x19, 0x47, 0x19, 0x47, 0x19, 0x47, 0x19, 0x47, 0x19, 0x47, 0x19, 0x47, 0x19, 0x47, 0x19,
    0x47, 0x19, 0x47, 0x19, 0x47, 0x19, 0x47, 0x19, 0x47, 0x19, 0x47, 0x19, 0x47, 0x19, 0x47, 0x19,
    0x47, 0x19, 0x47, 0x19, 0x47, 0x19, 0x67, 0x21, 0xe6, 0x10, 0x4b, 0x42, 0xbb, 0xd6, 0x8c, 0x4a,
    0x06, 0x11, 0x47, 0x21, 0x47, 0x19, 0x47, 0x19, 0x47, 0x19, 0x47, 0x19, 0x47, 0x19, 0x47, 0x19,
    0x47, 0x19, 0x47, 0x19, 0x47, 0x19, 0x47, 0x19, 0x47, 0x19, 0x47, 0x19, 0x47, 0x19, 0x47, 0x19,
    0x47, 0x19, 0x47, 0x19, 0x47, 0x19, 0x47, 0x19, 0x47, 0x19, 0x47, 0x19, 0x47, 0x21, 0x67, 0x21,
    0x67, 0x21, 0x47, 0x21, 0x47, 0x19, 0x47, 0x19, 0x27, 0x19, 0x27, 0x19, 0x26, 0x19, 0x26, 0x19,
    0x26, 0x19, 0x27, 0x19, 0x27, 0x19, 0x47, 0x19, 0x47, 0x19, 0x47, 0x21, 0x67, 0x21, 0x67, 0x21,
    0x47, 0x21, 0x47, 0x19, 0x47, 0x19, 0x47, 0x19, 0x47, 0x19, 0x47, 0x19, 0x47, 0x19, 0x47, 0x19,
    0x47, 0x19, 0x47, 0x19, 0x47, 0x19, 0x47, 0x19, 0x47, 0x19, 0x47, 0x19, 0x47, 0x19, 0x47, 0x19,
    0x47, 0x19, 0x47, 0x19, 0x47, 0x19, 0x47, 0x19, 0x47, 0x19, 0x47, 0x19, 0x47, 0x21, 0xe5, 0x10,
    0xb0, 0x73, 0xf8, 0xbd, 0x47, 0x19, 0x26, 0x19, 0x47, 0x21, 0x47, 0x19, 0x47, 0x19, 0x47, 0x19,
    0x47, 0x19, 0x47, 0x19, 0x47, 0x19, 0x47, 0x19, 0x47, 0x19, 0x47, 0x19, 0x47, 0x19, 0x47, 0x19,
    0x47, 0x19, 0x47, 0x19, 0x47, 0x19, 0x47, 0x19, 0x47, 0x19, 0x47, 0x19, 0x47, 0x19, 0x47, 0x19,
    0x47, 0x19, 0x47, 0x19, 0x47, 0x19, 0x47, 0x19, 0x47, 0x19, 0x47, 0x19, 0x47, 0x19, 0x47, 0x19,
    0x47, 0x19, 0x47, 0x19, 0x47, 0x19, 0x47, 0x19, 0x47, 0x19, 0x47, 0x19, 0x47, 0x19, 0x47, 0x19,
    0x47, 0x19, 0x47, 0x19, 0x47, 0x19, 0x47, 0x19, 0x47, 0x19, 0x47, 0x19, 0x47, 0x19, 0x47, 0x19,
    0x47, 0x19, 0x47, 0x19, 0x47, 0x19, 0x47, 0x19, 0x47, 0x19, 0x47, 0x19, 0x47, 0x19, 0x47, 0x19,
    0x47, 0x19, 0x47, 0x19, 0x47, 0x19, 0x47, 0x19, 0x47, 0x19, 0x47, 0x19, 0x47, 0x19, 0x47, 0x19,
    0x47, 0x19, 0x47, 0x19, 0x47, 0x19, 0x47, 0x19, 0x47, 0x19, 0x47, 0x19, 0x47, 0x19, 0x47, 0x19,
    0x47, 0x19, 0x47, 0x19, 0x47, 0x19, 0x47, 0x19, 0x47, 0x19, 0x47, 0x19, 0x47, 0x19, 0x47, 0x19,
    0x47, 0x19, 0x47, 0x19, 0x47, 0x19, 0x47, 0x19, 0x47, 0x19, 0x47, 0x19, 0x47, 0x19, 0x47, 0x19,
    0x47, 0x19, 0x47, 0x19, 0x47, 0x19, 0x47, 0x19, 0x47, 0x19, 0x47, 0x19, 0x47, 0x19, 0x47, 0x19,
    0x47, 0x19, 0x47, 0x19, 0x47, 0x19, 0x47, 0x19, 0x47, 0x19, 0x47, 0x19, 0x47, 0x19, 0x47, 0x19,
    0x47, 0x19, 0x47, 0x19, 0x47, 0x19, 0x47, 0x19, 0x47, 0x19, 0x47, 0x19, 0x47, 0x19, 0x47, 0x19,
    0x47, 0x19, 0x47, 0x19, 0x47, 0x19, 0x47, 0x19, 0x47, 0x19, 0x47, 0x19, 0x47, 0x19, 0x47, 0x19,
    0x47, 0x19, 0x47, 0x19, 0x47, 0x19, 0x47, 0x19, 0x47, 0x19, 0x47, 0x19, 0x47, 0x19, 0x47, 0x19,
    0x47, 0x19, 0x47, 0x19, 0x47, 0x19, 0x47, 0x19, 0x47, 0x19, 0x47, 0x19, 0x47, 0x19, 0x47, 0x19,
    0x47, 0x19, 0x47, 0x19, 0x47, 0x19, 0x47, 0x19, 0x47, 0x19, 0x47, 0x19, 0x47, 0x19, 0x47, 0x19,
    0x47, 0x19, 0x47, 0x19, 0x47, 0x19, 0x47, 0x19, 0x47, 0x19, 0x47, 0x19, 0x47, 0x19, 0x47, 0x19,
    0x47, 0x19, 0x47, 0x19, 0x47, 0x19, 0x47, 0x19, 0x47, 0x19, 0x47, 0x19, 0x47, 0x19, 0x47, 0x19,
    0x47, 0x19, 0x47, 0x19, 0x47, 0x19, 0x47, 0x19, 0x47, 0x19, 0x47, 0x19, 0x47, 0x19, 0x47, 0x19,
    0x47, 0x19, 0x47, 0x19, 0x47, 0x19, 0x47, 0x19, 0x47, 0x19, 0x47, 0x19, 0x47, 0x19, 0x47, 0x19,
    0x47, 0x19, 0x47, 0x19, 0x47, 0x19, 0x47, 0x19, 0x47, 0x19, 0x47, 0x19, 0x47, 0x19, 0x47, 0x19,
    0x47, 0x19, 0x47, 0x19, 0x47, 0x19, 0x47, 0x19, 0x47, 0x19, 0x47, 0x19, 0x47, 0x19, 0x47, 0x19,
    0x47, 0x19, 0x47, 0x19, 0x47, 0x19, 0x47, 0x19, 0x47, 0x19, 0x47, 0x19, 0x47, 0x19, 0x47, 0x19,
    0x47, 0x19, 0x47, 0x19, 0x47, 0x19, 0x47, 0x19, 0x47, 0x19, 0x47, 0x19, 0x47, 0x19, 0x47, 0x19,
    0x47, 0x19, 0x47, 0x19, 0x47, 0x21, 0x06, 0x11, 0x0a, 0x3a, 0x59, 0xc6, 0xdb, 0xde, 0xc9, 0x31,
    0x26, 0x19, 0x47, 0x19, 0x47, 0x19, 0x47, 0x19, 0x47, 0x19, 0x47, 0x19, 0x47, 0x19, 0x47, 0x19,
    0x47, 0x19, 0x47, 0x19, 0x47, 0x19, 0x47, 0x19, 0x47, 0x19, 0x47, 0x19, 0x47, 0x19, 0x47, 0x19,
    0x47, 0x19, 0x47, 0x19, 0x47, 0x21, 0x67, 0x21, 0x47, 0x21, 0x47, 0x19, 0x06, 0x11, 0xe6, 0x10,
    0xc5, 0x08, 0xe6, 0x10, 0x06, 0x11, 0x27, 0x19, 0x88, 0x21, 0xa8, 0x29, 0xa8, 0x29, 0xc9, 0x29,
    0xc9, 0x29, 0xa8, 0x29, 0x88, 0x21, 0x47, 0x19, 0x26, 0x19, 0xe6, 0x10, 0xc5, 0x08, 0xe5, 0x10,
    0x06, 0x11, 0x27, 0x19, 0x47, 0x19, 0x67, 0x21, 0x47, 0x21, 0x47, 0x19, 0x47, 0x19, 0x47, 0x19,
    0x47, 0x19, 0x47, 0x19, 0x47, 0x19, 0x47, 0x19, 0x47, 0x19, 0x47, 0x19, 0x47, 0x19, 0x47, 0x19,
    0x47, 0x19, 0x47, 0x19, 0x47, 0x19, 0x47, 0x19, 0x47, 0x19, 0x47, 0x19, 0x67, 0x21, 0xe6, 0x10,
    0xed, 0x52, 0x5d, 0xe7, 0x56, 0xa5, 0x47, 0x19, 0x47, 0x19, 0x47, 0x19, 0x47, 0x19, 0x47, 0x19,
    0x47, 0x19, 0x47, 0x19, 0x47, 0x19, 0x47, 0x19, 0x47, 0x19, 0x47, 0x19, 0x47, 0x19, 0x47, 0x19,
    0x47, 0x19, 0x47, 0x19, 0x47, 0x19, 0x47, 0x19, 0x47, 0x19, 0x47, 0x19, 0x47, 0x19, 0x47, 0x19,
    0x47, 0x19, 0x47, 0x19, 0x47, 0x19, 0x47, 0x19, 0x47, 0x19, 0x47, 0x19, 0x47, 0x19, 0x47, 0x19,
    0x47, 0x19, 0x47, 0x19, 0x47, 0x19, 0x47, 0x19, 0x47, 0x19, 0x47, 0x19, 0x47, 0x19, 0x47, 0x19,
    0x47, 0x19, 0x47, 0x19, 0x47, 0x19, 0x47, 0x19, 0x47, 0x19, 0x47, 0x19, 0x47, 0x19, 0x47, 0x19,
    0x47, 0x19, 0x47, 0x19, 0x47, 0x19, 0x47, 0x19, 0x47, 0x19, 0x47, 0x19, 0x47, 0x19, 0x47, 0x19,
    0x47, 0x19, 0x47, 0x19, 0x47, 0x19, 0x47, 0x19, 0x47, 0x19, 0x47, 0x19, 0x47, 0x19, 0x47, 0x19,
    0x47, 0x19, 0x47, 0x19, 0x47, 0x19, 0x47, 0x19, 0x47, 0x19, 0x47, 0x19, 0x47, 0x19, 0x47, 0x19,
    0x47, 0x19, 0x47, 0x19, 0x47, 0x19, 0x47, 0x19, 0x47, 0x19, 0x47, 0x19, 0x47, 0x19, 0x47, 0x19,
    0x47, 0x19, 0x47, 0x19, 0x47, 0x19, 0x47, 0x19, 0x47, 0x19, 0x47, 0x19, 0x47, 0x19, 0x47, 0x19,
    0x47, 0x19, 0x47, 0x19, 0x47, 0x19, 0x47, 0x19, 0x47, 0x19, 0x47, 0x19, 0x47, 0x19, 0x47, 0x19,
    0x47, 0x19, 0x47, 0x19, 0x47, 0x19, 0x47, 0x19, 0x47, 0x19, 0x47, 0x19, 0x47, 0x19, 0x47, 0x19,
    0x47, 0x19, 0x47, 0x19, 0x47, 0x19, 0x47, 0x19, 0x47, 0x19, 0x47, 0x19, 0x47, 0x19, 0x47, 0x19,
    0x47, 0x19, 0x47, 0x19, 0x47, 0x19, 0x47, 0x19, 0x47, 0x19, 0x47, 0x19, 0x47, 0x19, 0x47, 0x19,
    0x47, 0x19, 0x47, 0x19, 0x47, 0x19, 0x47, 0x19, 0x47, 0x19, 0x47, 0x19, 0x47, 0x19, 0x47, 0x19,
    0x47, 0x19, 0x47, 0x19, 0x47, 0x19, 0x47, 0x19, 0x47, 0x19, 0x47, 0x19, 0x47, 0x19, 0x47, 0x19,
    0x47, 0x19, 0x47, 0x19, 0x47, 0x19, 0x47, 0x19, 0x47, 0x19, 0x47, 0x19, 0x47, 0x19, 0x47, 0x19,
    0x47, 0x19, 0x47, 0x19, 0x47, 0x19, 0x47, 0x19, 0x47, 0x19, 0x47, 0x19, 0x47, 0x19, 0x47, 0x19,
    0x47, 0x19, 0x47, 0x19, 0x47, 0x19, 0x47, 0x19, 0x47, 0x19, 0x47, 0x19, 0x47, 0x19, 0x47, 0x19,
    0x47, 0x19, 0x47, 0x19, 0x47, 0x19, 0x47, 0x19, 0x47, 0x19, 0x47, 0x19, 0x47, 0x19, 0x47, 0x19,
    0x47, 0x19, 0x47, 0x19, 0x47, 0x19, 0x47, 0x19, 0x47, 0x19, 0x47, 0x19, 0x47, 0x19, 0x47, 0x19,
    0x47, 0x19, 0x47, 0x19, 0x47, 0x19, 0x47, 0x19, 0x47, 0x19, 0x47, 0x19, 0x47, 0x19, 0x47, 0x19,
    0x47, 0x19, 0x47, 0x19, 0x47, 0x19, 0x47, 0x19, 0x47, 0x19, 0x47, 0x19, 0x47, 0x19, 0x47, 0x19,
    0x47, 0x19, 0x47, 0x19, 0x47, 0x19, 0x47, 0x19, 0x47, 0x19, 0x47, 0x19, 0x47, 0x19, 0x47, 0x19,
    0x47, 0x19, 0x47, 0x19, 0x47, 0x19, 0x47, 0x19, 0x47, 0x19, 0x47, 0x19, 0x47, 0x19, 0x47, 0x19,
    0x47, 0x19, 0x47, 0x19, 0x27, 0x19, 0x68, 0x21, 0xd8, 0xb5, 0xd0, 0x73, 0xf4, 0x9c, 0x47, 0x19,
    0x47, 0x19, 0x47, 0x19, 0x47, 0x19, 0x47, 0x19, 0x47, 0x19, 0x47, 0x19, 0x47, 0x19, 0x47, 0x19,
    0x47, 0x19, 0x47, 0x19, 0x47, 0x19, 0x47, 0x19, 0x47, 0x19, 0x47, 0x19, 0x47, 0x19, 0x47, 0x21,
    0x67, 0x21, 0x47, 0x19, 0x06, 0x11, 0xe5, 0x10, 0xe6, 0x10, 0x47, 0x21, 0x0a, 0x3a, 0x2e, 0x5b,
    0x52, 0x84, 0x35, 0xa5, 0xd8, 0xbd, 0x5a, 0xce, 0xfb, 0xde, 0x1c, 0xe7, 0x3d, 0xe7, 0x5d, 0xef,
    0x3d, 0xe7, 0x1c, 0xe7, 0xfc, 0xde, 0x9a, 0xce, 0x18, 0xbe, 0x56, 0xa5, 0x93, 0x8c, 0x8f, 0x6b,
    0x6b, 0x42, 0x88, 0x21, 0x06, 0x11, 0xc5, 0x08, 0x06, 0x11, 0x47, 0x19, 0x67, 0x21, 0x47, 0x21,
    0x47, 0x19, 0x47, 0x19, 0x47, 0x19, 0x47, 0x19, 0x47, 0x19, 0x47, 0x19, 0x47, 0x19, 0x47, 0x19,
    0x47, 0x19, 0x47, 0x19, 0x47, 0x19, 0x47, 0x19, 0x47, 0x19, 0x47, 0x19, 0x47, 0x19, 0x06, 0x11,
    0x2a, 0x3a, 0x15, 0x9d, 0x73, 0x8c, 0x15, 0x9d, 0xe5, 0x08, 0x47, 0x21, 0x47, 0x19, 0x47, 0x19,
    0x47, 0x19, 0x47, 0x19, 0x47, 0x19, 0x47, 0x19, 0x47, 0x19, 0x47, 0x19, 0x47, 0x19, 0x47, 0x19,
    0x47, 0x19, 0x47, 0x19, 0x47, 0x19, 0x47, 0x19, 0x47, 0x19, 0x47, 0x19, 0x47, 0x19, 0x47, 0x19,
    0x47, 0x19, 0x47, 0x19, 0x47, 0x19, 0x47, 0x19, 0x47, 0x19, 0x47, 0x19, 0x47, 0x19, 0x47, 0x19,
    0x47, 0x19, 0x47, 0x19, 0x47, 0x19, 0x47, 0x19, 0x47, 0x19, 0x47, 0x19, 0x47, 0x19, 0x47, 0x19,
    0x47, 0x19, 0x47, 0x19, 0x47, 0x19, 0x47, 0x19, 0x47, 0x19, 0x47, 0x19, 0x47, 0x19, 0x47, 0x19,
    0x47, 0x19, 0x47, 0x19, 0x47, 0x19, 0x47, 0x19, 0x47, 0x19, 0x47, 0x19, 0x47, 0x19, 0x47, 0x19,
    0x47, 0x19, 0x47, 0x19, 0x47, 0x19, 0x47, 0x19, 0x47, 0x19, 0x47, 0x19, 0x47, 0x19, 0x47, 0x19,
    0x47, 0x19, 0x47, 0x19, 0x47, 0x19, 0x47, 0x19, 0x47, 0x19, 0x47, 0x19, 0x47, 0x19, 0x47, 0x19,
    0x47, 0x19, 0x47, 0x19, 0x47, 0x19, 0x47, 0x19, 0x47, 0x19, 0x47, 0x19, 0x47, 0x19, 0x47, 0x19,
    0x47, 0x19, 0x47, 0x19, 0x47, 0x19, 0x47, 0x19, 0x47, 0x19, 0x47, 0x19, 0x47, 0x19, 0x47, 0x19,
    0x47, 0x19, 0x47, 0x19, 0x47, 0x19, 0x47, 0x19, 0x47, 0x19, 0x47, 0x19, 0x47, 0x19, 0x47, 0x19,
    0x47, 0x19, 0x47, 0x19, 0x47, 0x19, 0x47, 0x19, 0x47, 0x19, 0x47, 0x19, 0x47, 0x19, 0x47, 0x19,
    0x47, 0x19, 0x47, 0x19, 0x47, 0x19, 0x47, 0x19, 0x47, 0x19, 0x47, 0x19, 0x47, 0x19, 0x47, 0x19,
    0x47, 0x19, 0x47, 0x19, 0x47, 0x19, 0x47, 0x19, 0x47, 0x19, 0x47, 0x19, 0x47, 0x19, 0x47, 0x19,
    0x47, 0x19, 0x47, 0x19, 0x47, 0x19, 0x47, 0x19, 0x47, 0x19, 0x47, 0x19, 0x47, 0x19, 0x47, 0x19,
    0x47, 0x19, 0x47, 0x19, 0x47, 0x19, 0x47, 0x19, 0x47, 0x19, 0x47, 0x19, 0x47, 0x19, 0x47, 0x19,
    0x47, 0x19, 0x47, 0x19, 0x47, 0x19, 0x47, 0x19, 0x47, 0x19, 0x47, 0x19, 0x47, 0x19, 0x47, 0x19,
    0x47, 0x19, 0x47, 0x19, 0x47, 0x19, 0x47, 0x19, 0x47, 0x19, 0x47, 0x19, 0x47, 0x19, 0x47, 0x19,
    0x47, 0x19, 0x47, 0x19, 0x47, 0x19, 0x47, 0x19, 0x47, 0x19, 0x47, 0x19, 0x47, 0x19, 0x47, 0x19,
    0x47, 0x19, 0x47, 0x19, 0x47, 0x19, 0x47, 0x19, 0x47, 0x19, 0x47, 0x19, 0x47, 0x19, 0x47, 0x19,
    0x47, 0x19, 0x47, 0x19, 0x47, 0x19, 0x47, 0x19, 0x47, 0x19, 0x47, 0x19, 0x47, 0x19, 0x47, 0x19,
    0x47, 0x19, 0x47, 0x19, 0x47, 0x19, 0x47, 0x19, 0x47, 0x19, 0x47, 0x19, 0x47, 0x19, 0x47, 0x19,
    0x47, 0x19, 0x47, 0x19, 0x47, 0x19, 0x47, 0x19, 0x47, 0x19, 0x47, 0x19, 0x47, 0x19, 0x47, 0x19,
    0x47, 0x19, 0x47, 0x19, 0x47, 0x19, 0x47, 0x19, 0x47, 0x19, 0x47, 0x19, 0x47, 0x19, 0x47, 0x19,
    0x47, 0x19, 0x47, 0x19, 0x47, 0x19, 0x47, 0x19, 0x47, 0x19, 0x47, 0x19, 0x47, 0x19, 0x47, 0x19,
    0x47, 0x19, 0x67, 0x21, 0xc5, 0x10, 0x35, 0xa5, 0xd0, 0x73, 0x4b, 0x42, 0xf4, 0x9c, 0xe5, 0x10,
    0x67, 0x21, 0x47, 0x19, 0x47, 0x19, 0x47, 0x19, 0x47, 0x19, 0x47, 0x19, 0x47, 0x19, 0x47, 0x19,
    0x47, 0x19, 0x47, 0x19, 0x47, 0x19, 0x47, 0x19, 0x47, 0x19, 0x47, 0x21, 0x47, 0x21, 0x26, 0x19,
    0xc5, 0x10, 0x26, 0x19, 0x0a, 0x3a, 0xb0, 0x6b, 0x56, 0xa5, 0xbb, 0xd6, 0x9e, 0xf7, 0xff, 0xff,
    0xff, 0xff, 0xff, 0xff, 0xff, 0xff, 0xff, 0xff, 0xff, 0xff, 0xff, 0xff, 0xff, 0xff, 0xff, 0xff,
    0xff, 0xff, 0xff, 0xff, 0xff, 0xff, 0xff, 0xff, 0xff, 0xff, 0xff, 0xff, 0xff, 0xff, 0xff, 0xff,
    0xbe, 0xf7, 0xfc, 0xde, 0xb7, 0xb5, 0x32, 0x7c, 0x6b, 0x42, 0x47, 0x19, 0xc5, 0x10, 0x06, 0x11,
    0x47, 0x19, 0x67, 0x21, 0x47, 0x19, 0x47, 0x19, 0x47, 0x19, 0x47, 0x19, 0x47, 0x19, 0x47, 0x19,
    0x47, 0x19, 0x47, 0x19, 0x47, 0x19, 0x47, 0x19, 0x47, 0x19, 0x47, 0x19, 0x47, 0x19, 0x47, 0x19,
    0x67, 0x21, 0x97, 0xad, 0x88, 0x21, 0x56, 0xa5, 0xb0, 0x6b, 0xc5, 0x08, 0x67, 0x21, 0x47, 0x19,
    0x47, 0x19, 0x47, 0x19, 0x47, 0x19, 0x47, 0x19, 0x47, 0x19, 0x47, 0x19, 0x47, 0x19, 0x47, 0x19,
    0x47, 0x19, 0x47, 0x19, 0x47, 0x19, 0x47, 0x19, 0x47, 0x19, 0x47, 0x19, 0x47, 0x19, 0x47, 0x19,
    0x47, 0x19, 0x47, 0x19, 0x47, 0x19, 0x47, 0x19, 0x47, 0x19, 0x47, 0x19, 0x47, 0x19, 0x47, 0x19,
    0x47, 0x19, 0x47, 0x19, 0x47, 0x19, 0x47, 0x19, 0x47, 0x19, 0x47, 0x19, 0x47, 0x19, 0x47, 0x19,
    0x47, 0x19, 0x47, 0x19, 0x47, 0x19, 0x47, 0x19, 0x47, 0x19, 0x47, 0x19, 0x47, 0x19, 0x47, 0x19,
    0x47, 0x19, 0x47, 0x19, 0x47, 0x19, 0x47, 0x19, 0x47, 0x19, 0x47, 0x19, 0x47, 0x19, 0x47, 0x19,
    0x47, 0x19, 0x47, 0x19, 0x47, 0x19, 0x47, 0x19, 0x47, 0x19, 0x47, 0x19, 0x47, 0x19, 0x47, 0x19,
    0x47, 0x19, 0x47, 0x19, 0x47, 0x19, 0x47, 0x19, 0x47, 0x19, 0x47, 0x19, 0x47, 0x19, 0x47, 0x19,
    0x47, 0x19, 0x47, 0x19, 0x47, 0x19, 0x47, 0x19, 0x47, 0x19, 0x47, 0x19, 0x47, 0x19, 0x47, 0x19,
    0x47, 0x19, 0x47, 0x19, 0x47, 0x19, 0x47, 0x19, 0x47, 0x19, 0x47, 0x19, 0x47, 0x19, 0x47, 0x19,
    0x47, 0x19, 0x47, 0x19, 0x47, 0x19, 0x47, 0x19, 0x47, 0x19, 0x47, 0x19, 0x47, 0x19, 0x47, 0x19,
    0x47, 0x19, 0x47, 0x19, 0x47, 0x19, 0x47, 0x19, 0x47, 0x19, 0x47, 0x19, 0x47, 0x19, 0x47, 0x19,
    0x47, 0x19, 0x47, 0x19, 0x47, 0x19, 0x47, 0x19, 0x47, 0x19, 0x47, 0x19, 0x47, 0x19, 0x47, 0x19,
    0x47, 0x19, 0x47, 0x19, 0x47, 0x19, 0x47, 0x19, 0x47, 0x19, 0x47, 0x19, 0x47, 0x19, 0x47, 0x19,
    0x47, 0x19, 0x47, 0x19, 0x47, 0x19, 0x47, 0x19, 0x47, 0x19, 0x47, 0x19, 0x47, 0x19, 0x47, 0x19,
    0x47, 0x19, 0x47, 0x19, 0x47, 0x19, 0x47, 0x19, 0x47, 0x19, 0x47, 0x19, 0x47, 0x19, 0x47, 0x19,
    0x47, 0x19, 0x47, 0x19, 0x47, 0x19, 0x47, 0x19, 0x47, 0x19, 0x47, 0x19, 0x47, 0x19, 0x47, 0x19,
    0x47, 0x19, 0x47, 0x19, 0x47, 0x19, 0x47, 0x19, 0x47, 0x19, 0x47, 0x19, 0x47, 0x19, 0x47, 0x19,
    0x47, 0x19, 0x47, 0x19, 0x47, 0x19, 0x47, 0x19, 0x47, 0x19, 0x47, 0x19, 0x47, 0x19, 0x47, 0x19,
    0x47, 0x19, 0x47, 0x19, 0x47, 0x19, 0x47, 0x19, 0x47, 0x19, 0x47, 0x19, 0x47, 0x19, 0x47, 0x19,
    0x47, 0x19, 0x47, 0x19, 0x47, 0x19, 0x47, 0x19, 0x47, 0x19, 0x47, 0x19, 0x47, 0x19, 0x47, 0x19,
    0x47, 0x19, 0x47, 0x19, 0x47, 0x19, 0x47, 0x19, 0x47, 0x19, 0x47, 0x19, 0x47, 0x19, 0x47, 0x19,
    0x47, 0x19, 0x47, 0x19, 0x47, 0x19, 0x47, 0x19, 0x47, 0x19, 0x47, 0x19, 0x47, 0x19, 0x47, 0x19,
    0x47, 0x19, 0x47, 0x19, 0x47, 0x19, 0x47, 0x19, 0x47, 0x19, 0x47, 0x19, 0x47, 0x19, 0x47, 0x19,
    0x47, 0x19, 0x47, 0x19, 0x47, 0x19, 0x47, 0x19, 0x47, 0x19, 0x47, 0x19, 0x47, 0x19, 0x47, 0x19,
    0x67, 0x21, 0xe5, 0x08, 0x2e, 0x63, 0xb7, 0xb5, 0x64, 0x00, 0xb0, 0x73, 0x73, 0x8c, 0xc5, 0x08,
    0x67, 0x21, 0x47, 0x19, 0x47, 0x19, 0x47, 0x19, 0x47, 0x19, 0x47, 0x19, 0x47, 0x19, 0x47, 0x19,
    0x47, 0x19, 0x47, 0x19, 0x47, 0x19, 0x67, 0x21, 0x47, 0x19, 0xe6, 0x10, 0xe6, 0x10, 0xe9, 0x31,
    0xf1, 0x7b, 0x18, 0xbe, 0x7e, 0xef, 0xff, 0xff, 0xff, 0xff, 0xff, 0xff, 0xff, 0xff, 0xdf, 0xff,
    0xdf, 0xff, 0xdf, 0xff, 0xdf, 0xff, 0xdf, 0xff, 0xdf, 0xff, 0xdf, 0xff, 0xdf, 0xff, 0xdf, 0xff,
    0xdf, 0xff, 0xdf, 0xff, 0xdf, 0xff, 0xdf, 0xff, 0xdf, 0xff, 0xdf, 0xff, 0xdf, 0xff, 0xdf, 0xff,
    0xff, 0xff, 0xff, 0xff, 0xff, 0xff, 0xff, 0xff, 0xbe, 0xf7, 0x9a, 0xce, 0x93, 0x8c, 0x6b, 0x42,
    0x26, 0x19, 0xe6, 0x10, 0x27, 0x19, 0x67, 0x21, 0x47, 0x19, 0x47, 0x19, 0x47, 0x19, 0x47, 0x19,
    0x47, 0x19, 0x47, 0x19, 0x47, 0x19, 0x47, 0x19, 0x47, 0x19, 0x47, 0x19, 0x47, 0x19, 0x47, 0x19,
    0x06, 0x11, 0x35, 0xa5, 0x4a, 0x3a, 0x68, 0x21, 0x39, 0xc6, 0xe9, 0x31, 0x06, 0x19, 0x47, 0x21,
    0x47, 0x19, 0x47, 0x19, 0x47, 0x19, 0x47, 0x19, 0x47, 0x19, 0x47, 0x19, 0x47, 0x19, 0x47, 0x19,
    0x47, 0x19, 0x47, 0x19, 0x47, 0x19, 0x47, 0x19, 0x47, 0x19, 0x47, 0x19, 0x47, 0x19, 0x47, 0x19,
    0x47, 0x19, 0x47, 0x19, 0x47, 0x19, 0x47, 0x19, 0x47, 0x19, 0x47, 0x19, 0x47, 0x19, 0x47, 0x19,
    0x47, 0x19, 0x47, 0x19, 0x47, 0x19, 0x47, 0x19, 0x47, 0x19, 0x47, 0x19, 0x47, 0x19, 0x47, 0x19,
    0x47, 0x19, 0x47, 0x19, 0x47, 0x19, 0x47, 0x19, 0x47, 0x19, 0x47, 0x19, 0x47, 0x19, 0x47, 0x19,
    0x47, 0x19, 0x47, 0x19, 0x47, 0x19, 0x47, 0x19, 0x47, 0x19, 0x47, 0x19, 0x47, 0x19, 0x47, 0x19,
    0x47, 0x19, 0x47, 0x19, 0x47, 0x19, 0x47, 0x19, 0x47, 0x19, 0x47, 0x19, 0x47, 0x19, 0x47, 0x19,
    0x47, 0x19, 0x47, 0x19, 0x47, 0x19, 0x47, 0x19, 0x47, 0x19, 0x47, 0x19, 0x47, 0x19, 0x47, 0x19,
    0x47, 0x19, 0x47, 0x19, 0x47, 0x19, 0x47, 0x19, 0x47, 0x19, 0x47, 0x19, 0x47, 0x19, 0x47, 0x19,
    0x47, 0x19, 0x47, 0x19, 0x47, 0x19, 0x47, 0x19, 0x47, 0x19, 0x47, 0x19, 0x47, 0x19, 0x47, 0x19,
    0x47, 0x19, 0x47, 0x19, 0x47, 0x19, 0x47, 0x19, 0x47, 0x19, 0x47, 0x19, 0x47, 0x19, 0x47, 0x19,
    0x47, 0x19, 0x47, 0x19, 0x47, 0x19, 0x47, 0x19, 0x47, 0x19, 0x47, 0x19, 0x47, 0x19, 0x47, 0x19,
    0x47, 0x19, 0x47, 0x19, 0x47, 0x19, 0x47, 0x19, 0x47, 0x19, 0x47, 0x19, 0x47, 0x19, 0x47, 0x19,
    0x47, 0x19, 0x47, 0x19, 0x47, 0x19, 0x47, 0x19, 0x47, 0x19, 0x47, 0x19, 0x47, 0x19, 0x47, 0x19,
    0x47, 0x19, 0x47, 0x19, 0x47, 0x19, 0x47, 0x19, 0x47, 0x19, 0x47, 0x19, 0x47, 0x19, 0x47, 0x19,
    0x47, 0x19, 0x47, 0x19, 0x47, 0x19, 0x47, 0x19, 0x47, 0x19, 0x47, 0x19, 0x47, 0x19, 0x47, 0x19,
    0x47, 0x19, 0x47, 0x19, 0x47, 0x19, 0x47, 0x19, 0x47, 0x19, 0x47, 0x19, 0x47, 0x19, 0x47, 0x19,
    0x47, 0x19, 0x47, 0x19, 0x47, 0x19, 0x47, 0x19, 0x47, 0x19, 0x47, 0x19, 0x47, 0x19, 0x47, 0x19,
    0x47, 0x19, 0x47, 0x19, 0x47, 0x19, 0x47, 0x19, 0x47, 0x19, 0x47, 0x19, 0x47, 0x19, 0x47, 0x19,
    0x47, 0x19, 0x47, 0x19, 0x47, 0x19, 0x47, 0x19, 0x47, 0x19, 0x47, 0x19, 0x47, 0x19, 0x47, 0x19,
    0x47, 0x19, 0x47, 0x19, 0x47, 0x19, 0x47, 0x19, 0x47, 0x19, 0x47, 0x19, 0x47, 0x19, 0x47, 0x19,
    0x47, 0x19, 0x47, 0x19, 0x47, 0x19, 0x47, 0x19, 0x47, 0x19, 0x47, 0x19, 0x47, 0x19, 0x47, 0x19,
    0x47, 0x19, 0x47, 0x19, 0x47, 0x19, 0x47, 0x19, 0x47, 0x19, 0x47, 0x19, 0x47, 0x19, 0x47, 0x19,
    0x47, 0x19, 0x47, 0x19, 0x47, 0x19, 0x47, 0x19, 0x47, 0x19, 0x47, 0x19, 0x47, 0x19, 0x47, 0x19,
    0x47, 0x19, 0x47, 0x19, 0x47, 0x19, 0x47, 0x19, 0x47, 0x19, 0x47, 0x19, 0x47, 0x19, 0x47, 0x19,
    0x27, 0x19, 0x67, 0x21, 0xf8, 0xbd, 0x4b, 0x42, 0x84, 0x00, 0x52, 0x84, 0xf1, 0x7b, 0xc5, 0x08,
    0x67, 0x21, 0x47, 0x19, 0x47, 0x19, 0x47, 0x19, 0x47, 0x19, 0x47, 0x19, 0x47, 0x19, 0x47, 0x19,
    0x47, 0x19, 0x67, 0x21, 0x47, 0x19, 0xe6, 0x10, 0x26, 0x19, 0xcd, 0x52, 0x76, 0xad, 0x5d, 0xef,
    0xff, 0xff, 0xff, 0xff, 0xff, 0xff, 0xdf, 0xff, 0xdf, 0xff, 0xdf, 0xff, 0xdf, 0xff, 0xdf, 0xff,
    0xdf, 0xff, 0xdf, 0xff, 0xdf, 0xff, 0xdf, 0xff, 0xdf, 0xff, 0xdf, 0xff, 0xdf, 0xff, 0xdf, 0xff,
    0xdf, 0xff, 0xdf, 0xff, 0xdf, 0xff, 0xdf, 0xff, 0xdf, 0xff, 0xdf, 0xff, 0xdf, 0xff, 0xdf, 0xff,
    0xdf, 0xff, 0xdf, 0xff, 0xdf, 0xff, 0xdf, 0xff, 0xff, 0xff, 0xff, 0xff, 0xff, 0xff, 0xbe, 0xf7,
    0x19, 0xc6, 0x8f, 0x6b, 0x68, 0x21, 0xe5, 0x10, 0x27, 0x19, 0x67, 0x21, 0x47, 0x19, 0x47, 0x19,
    0x47, 0x19, 0x47, 0x19, 0x47, 0x19, 0x47, 0x19, 0x47, 0x19, 0x47, 0x19, 0x47, 0x19, 0x47, 0x21,
    0xe6, 0x10, 0xd4, 0x94, 0x0d, 0x5b, 0x64, 0x00, 0xd0, 0x73, 0x35, 0xa5, 0xc5, 0x08, 0x67, 0x21,
    0x47, 0x19, 0x47, 0x19, 0x47, 0x19, 0x47, 0x19, 0x47, 0x19, 0x47, 0x19, 0x47, 0x19, 0x47, 0x19,
    0x47, 0x19, 0x47, 0x19, 0x47, 0x19, 0x47, 0x19, 0x47, 0x19, 0x47, 0x19, 0x47, 0x19, 0x47, 0x19,
    0x47, 0x19, 0x47, 0x19, 0x47, 0x19, 0x47, 0x19, 0x47, 0x19, 0x47, 0x19, 0x47, 0x19, 0x47, 0x19,
    0x47, 0x19, 0x47, 0x19, 0x47, 0x19, 0x47, 0x19, 0x47, 0x19, 0x47, 0x19, 0x47, 0x19, 0x47, 0x19,
    0x47, 0x19, 0x47, 0x19, 0x47, 0x19, 0x47, 0x19, 0x47, 0x19, 0x47, 0x19, 0x47, 0x19, 0x47, 0x19,
    0x47, 0x19, 0x47, 0x19, 0x47, 0x19, 0x47, 0x19, 0x47, 0x19, 0x47, 0x19, 0x47, 0x19, 0x47, 0x19,
    0x47, 0x19, 0x47, 0x19, 0x47, 0x19, 0x47, 0x19, 0x47, 0x19, 0x47, 0x19, 0x47, 0x19, 0x47, 0x19,
    0x47, 0x19, 0x47, 0x19, 0x47, 0x19, 0x47, 0x19, 0x47, 0x19, 0x47, 0x19, 0x47, 0x19, 0x47, 0x19,
    0x47, 0x19, 0x47, 0x19, 0x47, 0x19, 0x47, 0x19, 0x47, 0x19, 0x47, 0x19, 0x47, 0x19, 0x47, 0x19,
    0x47, 0x19, 0x47, 0x19, 0x47, 0x19, 0x47, 0x19, 0x47, 0x19, 0x47, 0x19, 0x47, 0x19, 0x47, 0x19,
    0x47, 0x19, 0x47, 0x19, 0x47, 0x19, 0x47, 0x19, 0x47, 0x19, 0x47, 0x19, 0x47, 0x19, 0x47, 0x19,
    0x47, 0x19, 0x47, 0x19, 0x47, 0x19, 0x47, 0x19, 0x47, 0x19, 0x47, 0x19, 0x47, 0x19, 0x47, 0x19,
    0x47, 0x19, 0x47, 0x19, 0x47, 0x19, 0x47, 0x19, 0x47, 0x19, 0x47, 0x19, 0x47, 0x19, 0x47, 0x19,
    0x47, 0x19, 0x47, 0x19, 0x47, 0x19, 0x47, 0x19, 0x47, 0x19, 0x47, 0x19, 0x47, 0x19, 0x47, 0x19,
    0x47, 0x19, 0x47, 0x19, 0x47, 0x19, 0x47, 0x19, 0x47, 0x19, 0x47, 0x19, 0x47, 0x19, 0x47, 0x19,
    0x47, 0x19, 0x47, 0x19, 0x47, 0x19, 0x47, 0x19, 0x47, 0x19, 0x47, 0x19, 0x47, 0x19, 0x47, 0x19,
    0x47, 0x19, 0x47, 0x19, 0x47, 0x19, 0x47, 0x19, 0x47, 0x19, 0x47, 0x19, 0x47, 0x19, 0x47, 0x19,
    0x47, 0x19, 0x47, 0x19, 0x47, 0x19, 0x47, 0x19, 0x47, 0x19, 0x47, 0x19, 0x47, 0x19, 0x47, 0x19,
    0x47, 0x19, 0x47, 0x19, 0x47, 0x19, 0x47, 0x19, 0x47, 0x19, 0x47, 0x19, 0x47, 0x19, 0x47, 0x19,
    0x47, 0x19, 0x47, 0x19, 0x47, 0x19, 0x47, 0x19, 0x47, 0x19, 0x47, 0x19, 0x47, 0x19, 0x47, 0x19,
    0x47, 0x19, 0x47, 0x19, 0x47, 0x19, 0x47, 0x19, 0x47, 0x19, 0x47, 0x19, 0x47, 0x19, 0x47, 0x19,
    0x47, 0x19, 0x47, 0x19, 0x47, 0x19, 0x47, 0x19, 0x47, 0x19, 0x47, 0x19, 0x47, 0x19, 0x47, 0x19,
    0x47, 0x19, 0x47, 0x19, 0x47, 0x19, 0x47, 0x19, 0x47, 0x19, 0x47, 0x19, 0x47, 0x19, 0x47, 0x19,
    0x47, 0x19, 0x47, 0x19, 0x47, 0x19, 0x47, 0x19, 0x47, 0x19, 0x47, 0x19, 0x47, 0x19, 0x47, 0x19,
    0x47, 0x19, 0x47, 0x19, 0x47, 0x19, 0x47, 0x19, 0x47, 0x19, 0x47, 0x19, 0x47, 0x19, 0x67, 0x21,
    0xc5, 0x08, 0x11, 0x7c, 0xb3, 0x94, 0xc5, 0x08, 0xe6, 0x10, 0x93, 0x8c, 0xd0, 0x73, 0xc5, 0x08,
    0x67, 0x21, 0x47, 0x19, 0x47, 0x19, 0x47, 0x19, 0x47, 0x19, 0x47, 0x19, 0x47, 0x19, 0x47, 0x21,
    0x47, 0x21, 0xe5, 0x10, 0x47, 0x19, 0x4e, 0x63, 0x19, 0xc6, 0xff, 0xff, 0xff, 0xff, 0xff, 0xff,
    0xdf, 0xff, 0xdf, 0xff, 0xdf, 0xff, 0xdf, 0xff, 0xdf, 0xff, 0xdf, 0xff, 0xdf, 0xff, 0xdf, 0xff,
    0xdf, 0xff, 0xdf, 0xff, 0xdf, 0xff, 0xdf, 0xff, 0xdf, 0xff, 0xdf, 0xff, 0xdf, 0xff, 0xdf, 0xff,
    0xdf, 0xff, 0xdf, 0xff, 0xdf, 0xff, 0xdf, 0xff, 0xdf, 0xff, 0xdf, 0xff, 0xdf, 0xff, 0xdf, 0xff,
    0xdf, 0xff, 0xdf, 0xff, 0xdf, 0xff, 0xdf, 0xff, 0xdf, 0xff, 0xdf, 0xff, 0xdf, 0xff, 0xff, 0xff,
    0xff, 0xff, 0xff, 0xff, 0xdb, 0xd6, 0xf1, 0x7b, 0x88, 0x21, 0xe5, 0x10, 0x47, 0x19, 0x67, 0x21,
    0x47, 0x19, 0x47, 0x19, 0x47, 0x19, 0x47, 0x19, 0x47, 0x19, 0x47, 0x19, 0x47, 0x19, 0x47, 0x21,
    0xc5, 0x08, 0xb4, 0x94, 0x2e, 0x63, 0xe6, 0x10, 0x26, 0x19, 0xb7, 0xb5, 0xac, 0x4a, 0xe6, 0x10,
    0x47, 0x21, 0x47, 0x19, 0x47, 0x19, 0x47, 0x19, 0x47, 0x19, 0x47, 0x19, 0x47, 0x19, 0x47, 0x19,
    0x47, 0x19, 0x47, 0x19, 0x47, 0x19, 0x47, 0x19, 0x47, 0x19, 0x47, 0x19, 0x47, 0x19, 0x47, 0x19,
    0x47, 0x19, 0x47, 0x19, 0x47, 0x19, 0x47, 0x19, 0x47, 0x19, 0x47, 0x19, 0x47, 0x19, 0x47, 0x19,
    0x47, 0x19, 0x47, 0x19, 0x47, 0x19, 0x47, 0x19, 0x47, 0x19, 0x47, 0x19, 0x47, 0x19, 0x47, 0x19,
    0x47, 0x19, 0x47, 0x19, 0x47, 0x19, 0x47, 0x19, 0x47, 0x19, 0x47, 0x19, 0x47, 0x19, 0x47, 0x19,
    0x47, 0x19, 0x47, 0x19, 0x47, 0x19, 0x47, 0x19, 0x47, 0x19, 0x47, 0x19, 0x47, 0x19, 0x47, 0x19,
    0x47, 0x19, 0x47, 0x19, 0x47, 0x19, 0x47, 0x19, 0x47, 0x19, 0x47, 0x19, 0x47, 0x19, 0x47, 0x19,
    0x47, 0x19, 0x47, 0x19, 0x47, 0x19, 0x47, 0x19, 0x47, 0x19, 0x47, 0x19, 0x47, 0x19, 0x47, 0x19,
    0x47, 0x19, 0x47, 0x19, 0x47, 0x19, 0x47, 0x19, 0x47, 0x19, 0x47, 0x19, 0x47, 0x19, 0x47, 0x19,
    0x47, 0x19, 0x47, 0x19, 0x47, 0x19, 0x47, 0x19, 0x47, 0x19, 0x47, 0x19, 0x47, 0x19, 0x47, 0x19,
    0x47, 0x19, 0x47, 0x19, 0x47, 0x19, 0x47, 0x19, 0x47, 0x19, 0x47, 0x19, 0x47, 0x19, 0x47, 0x19,
    0x47, 0x19, 0x47, 0x19, 0x47, 0x19, 0x47, 0x19, 0x47, 0x19, 0x47, 0x19, 0x47, 0x19, 0x47, 0x19,
    0x47, 0x19, 0x47, 0x19, 0x47, 0x19, 0x47, 0x19, 0x47, 0x19, 0x47, 0x19, 0x47, 0x19, 0x47, 0x19,
    0x47, 0x19, 0x47, 0x19, 0x47, 0x19, 0x47, 0x19, 0x47, 0x19, 0x47, 0x19, 0x47, 0x19, 0x47, 0x19,
    0x47, 0x19, 0x47, 0x19, 0x47, 0x19, 0x47, 0x19, 0x47, 0x19, 0x47, 0x19, 0x47, 0x19, 0x47, 0x19,
    0x47, 0x19, 0x47, 0x19, 0x47, 0x19, 0x47, 0x19, 0x47, 0x19, 0x47, 0x19, 0x47, 0x19, 0x47, 0x19,
    0x47, 0x19, 0x47, 0x19, 0x47, 0x19, 0x47, 0x19, 0x47, 0x19, 0x47, 0x19, 0x47, 0x19, 0x47, 0x19,
    0x47, 0x19, 0x47, 0x19, 0x47, 0x19, 0x47, 0x19, 0x47, 0x19, 0x47, 0x19, 0x47, 0x19, 0x47, 0x19,
    0x47, 0x19, 0x47, 0x19, 0x47, 0x19, 0x47, 0x19, 0x47, 0x19, 0x47, 0x19, 0x47, 0x19, 0x47, 0x19,
    0x47, 0x19, 0x47, 0x19, 0x47, 0x19, 0x47, 0x19, 0x47, 0x19, 0x47, 0x19, 0x47, 0x19, 0x47, 0x19,
    0x47, 0x19, 0x47, 0x19, 0x47, 0x19, 0x47, 0x19, 0x47, 0x19, 0x47, 0x19, 0x47, 0x19, 0x47, 0x19,
    0x47, 0x19, 0x47, 0x19, 0x47, 0x19, 0x47, 0x19, 0x47, 0x19, 0x47, 0x19, 0x47, 0x19, 0x47, 0x19,
    0x47, 0x19, 0x47, 0x19, 0x47, 0x19, 0x47, 0x19, 0x47, 0x19, 0x47, 0x19, 0x47, 0x19, 0x47, 0x19,
    0x47, 0x19, 0x47, 0x19, 0x47, 0x19, 0x47, 0x19, 0x47, 0x19, 0x47, 0x19, 0x47, 0x19, 0x47, 0x19,
    0x47, 0x19, 0x47, 0x19, 0x47, 0x19, 0x47, 0x19, 0x47, 0x19, 0x47, 0x19, 0x47, 0x19, 0x27, 0x19,
    0x88, 0x21, 0xf8, 0xbd, 0xe9, 0x31, 0x27, 0x19, 0xc5, 0x08, 0x93, 0x8c, 0xb0, 0x6b, 0xc5, 0x08,
    0x67, 0x21, 0x47, 0x19, 0x47, 0x19, 0x47, 0x19, 0x47, 0x19, 0x47, 0x19, 0x67, 0x21, 0x06, 0x11,
    0xe6, 0x10, 0x4e, 0x63, 0xb7, 0xb5, 0xbe, 0xf7, 0xff, 0xff, 0xdf, 0xff, 0xdf, 0xff, 0xdf, 0xff,
    0xdf, 0xff, 0xdf, 0xff, 0xdf, 0xff, 0xdf, 0xff, 0xdf, 0xff, 0xdf, 0xff, 0xdf, 0xff, 0xdf, 0xff,
    0xdf, 0xff, 0xdf, 0xff, 0xdf, 0xff, 0xdf, 0xff, 0xdf, 0xff, 0xdf, 0xff, 0xdf, 0xff, 0xdf, 0xff,
    0xdf, 0xff, 0xdf, 0xff, 0xdf, 0xff, 0xdf, 0xff, 0xdf, 0xff, 0xdf, 0xff, 0xdf, 0xff, 0xdf, 0xff,
    0xdf, 0xff, 0xdf, 0xff, 0xdf, 0xff, 0xdf, 0xff, 0xdf, 0xff, 0xdf, 0xff, 0xdf, 0xff, 0xdf, 0xff,
    0xdf, 0xff, 0xdf, 0xff, 0xff, 0xff, 0xff, 0xff, 0xdb, 0xd6, 0xb0, 0x6b, 0x27, 0x19, 0xe6, 0x10,
    0x67, 0x21, 0x47, 0x19, 0x47, 0x19, 0x47, 0x19, 0x47, 0x19, 0x47, 0x19, 0x47, 0x19, 0x47, 0x21,
    0xc5, 0x08, 0x93, 0x8c, 0x4e, 0x63, 0xe6, 0x10, 0xe6, 0x10, 0x2e, 0x5b, 0x56, 0xa5, 0xe6, 0x10,
    0x47, 0x21, 0x47, 0x19, 0x47, 0x19, 0x47, 0x19, 0x47, 0x19, 0x47, 0x19, 0x47, 0x19, 0x47, 0x19,
    0x47, 0x19, 0x47, 0x19, 0x47, 0x19, 0x47, 0x19, 0x47, 0x19, 0x47, 0x19, 0x47, 0x19, 0x47, 0x19,
    0x47, 0x19, 0x47, 0x19, 0x47, 0x19, 0x47, 0x19, 0x47, 0x19, 0x47, 0x19, 0x47, 0x19, 0x47, 0x19,
    0x47, 0x19, 0x47, 0x19, 0x47, 0x19, 0x47, 0x19, 0x47, 0x19, 0x47, 0x19, 0x47, 0x19, 0x47, 0x19,
    0x47, 0x19, 0x47, 0x19, 0x47, 0x19, 0x47, 0x19, 0x47, 0x19, 0x47, 0x19, 0x47, 0x19, 0x47, 0x19,
    0x47, 0x19, 0x47, 0x19, 0x47, 0x19, 0x47, 0x19, 0x47, 0x19, 0x47, 0x19, 0x47, 0x19, 0x47, 0x19,
    0x47, 0x19, 0x47, 0x19, 0x47, 0x19, 0x47, 0x19, 0x47, 0x19, 0x47, 0x19, 0x47, 0x19, 0x47, 0x19,
    0x47, 0x19, 0x47, 0x19, 0x47, 0x19, 0x47, 0x19, 0x47, 0x19, 0x47, 0x19, 0x47, 0x19, 0x47, 0x19,
    0x47, 0x19, 0x47, 0x19, 0x47, 0x19, 0x47, 0x19, 0x47, 0x19, 0x47, 0x19, 0x47, 0x19, 0x47, 0x19,
    0x47, 0x19, 0x47, 0x19, 0x47, 0x19, 0x47, 0x19, 0x47, 0x19, 0x47, 0x19, 0x47, 0x19, 0x47, 0x19,
    0x47, 0x19, 0x47, 0x19, 0x47, 0x19, 0x47, 0x19, 0x47, 0x19, 0x47, 0x19, 0x47, 0x19, 0x47, 0x19,
    0x47, 0x19, 0x47, 0x19, 0x47, 0x19, 0x47, 0x19, 0x47, 0x19, 0x47, 0x19, 0x47, 0x19, 0x47, 0x19,
    0x47, 0x19, 0x47, 0x19, 0x47, 0x19, 0x47, 0x19, 0x47, 0x19, 0x47, 0x19, 0x47, 0x19, 0x47, 0x19,
    0x47, 0x19, 0x47, 0x19, 0x47, 0x19, 0x47, 0x19, 0x47, 0x19, 0x47, 0x19, 0x47, 0x19, 0x47, 0x19,
    0x47, 0x19, 0x47, 0x19, 0x47, 0x19, 0x47, 0x19, 0x47, 0x19, 0x47, 0x19, 0x47, 0x19, 0x47, 0x19,
    0x47, 0x19, 0x47, 0x19, 0x47, 0x19, 0x47, 0x19, 0x47, 0x19, 0x47, 0x19, 0x47, 0x19, 0x47, 0x19,
    0x47, 0x19, 0x47, 0x19, 0x47, 0x19, 0x47, 0x19, 0x47, 0x19, 0x47, 0x19, 0x47, 0x19, 0x47, 0x19,
    0x47, 0x19, 0x47, 0x19, 0x47, 0x19, 0x47, 0x19, 0x47, 0x19, 0x47, 0x19, 0x47, 0x19, 0x47, 0x19,
    0x47, 0x19, 0x47, 0x19, 0x47, 0x19, 0x47, 0x19, 0x47, 0x19, 0x47, 0x19, 0x47, 0x19, 0x47, 0x19,
    0x47, 0x19, 0x47, 0x19, 0x47, 0x19, 0x47, 0x19, 0x47, 0x19, 0x47, 0x19, 0x47, 0x19, 0x47, 0x19,
    0x47, 0x19, 0x47, 0x19, 0x47, 0x19, 0x47, 0x19, 0x47, 0x19, 0x47, 0x19, 0x47, 0x19, 0x47, 0x19,
    0x47, 0x19, 0x47, 0x19, 0x47, 0x19, 0x47, 0x19, 0x47, 0x19, 0x47, 0x19, 0x47, 0x19, 0x47, 0x19,
    0x47, 0x19, 0x47, 0x19, 0x47, 0x19, 0x47, 0x19, 0x47, 0x19, 0x47, 0x19, 0x47, 0x19, 0x47, 0x19,
    0x47, 0x19, 0x47, 0x19, 0x47, 0x19, 0x47, 0x19, 0x47, 0x19, 0x47, 0x19, 0x47, 0x19, 0x47, 0x19,
    0x47, 0x19, 0x47, 0x19, 0x47, 0x19, 0x47, 0x19, 0x47, 0x19, 0x47, 0x19, 0x67, 0x21, 0xc5, 0x08,
    0xd0, 0x73, 0xb3, 0x94, 0xc5, 0x08, 0x68, 0x21, 0xc5, 0x08, 0x93, 0x8c, 0xd0, 0x73, 0xc5, 0x08,
    0x67, 0x21, 0x47, 0x19, 0x47, 0x19, 0x47, 0x19, 0x47, 0x21, 0x47, 0x19, 0xc5, 0x08, 0x2a, 0x3a,
    0x76, 0xad, 0x96, 0xad, 0x0a, 0x3a, 0x11, 0x7c, 0xff, 0xff, 0xdf, 0xff, 0xdf, 0xff, 0xdf, 0xff,
    0xdf, 0xff, 0xdf, 0xff, 0xdf, 0xff, 0xdf, 0xff, 0xdf, 0xff, 0xdf, 0xff, 0xdf, 0xff, 0xdf, 0xff,
    0xdf, 0xff, 0xdf, 0xff, 0xdf, 0xff, 0xdf, 0xff, 0xdf, 0xff, 0xdf, 0xff, 0xdf, 0xff, 0xdf, 0xff,
    0xdf, 0xff, 0xdf, 0xff, 0xdf, 0xff, 0xdf, 0xff, 0xdf, 0xff, 0xdf, 0xff, 0xdf, 0xff, 0xdf, 0xff,
    0xdf, 0xff, 0xdf, 0xff, 0xdf, 0xff, 0xdf, 0xff, 0xdf, 0xff, 0xdf, 0xff, 0xdf, 0xff, 0xdf, 0xff,
    0xdf, 0xff, 0xdf, 0xff, 0xdf, 0xff, 0xdf, 0xff, 0xff, 0xff, 0xff, 0xff, 0x59, 0xc6, 0xac, 0x4a,
    0xe6, 0x10, 0x27, 0x19, 0x67, 0x21, 0x47, 0x19, 0x47, 0x19, 0x47, 0x19, 0x47, 0x19, 0x47, 0x21,
    0xc5, 0x08, 0xb3, 0x8c, 0x4e, 0x63, 0xe5, 0x10, 0x67, 0x21, 0x06, 0x19, 0x97, 0xad, 0x6b, 0x42,
    0x06, 0x11, 0x47, 0x19, 0x47, 0x19, 0x47, 0x19, 0x47, 0x19, 0x47, 0x19, 0x47, 0x19, 0x47, 0x19,
    0x47, 0x19, 0x47, 0x19, 0x47, 0x19, 0x47, 0x19, 0x47, 0x19, 0x47, 0x19, 0x47, 0x19, 0x47, 0x19,
    0x47, 0x19, 0x47, 0x19, 0x47, 0x19, 0x47, 0x19, 0x47, 0x19, 0x47, 0x19, 0x47, 0x19, 0x47, 0x19,
    0x47, 0x19, 0x47, 0x19, 0x47, 0x19, 0x47, 0x19, 0x47, 0x19, 0x47, 0x19, 0x47, 0x19, 0x47, 0x19,
    0x47, 0x19, 0x47, 0x19, 0x47, 0x19, 0x47, 0x19, 0x47, 0x19, 0x47, 0x19, 0x47, 0x19, 0x47, 0x19,
    0x47, 0x19, 0x47, 0x19, 0x47, 0x19, 0x47, 0x19, 0x47, 0x19, 0x47, 0x19, 0x47, 0x19, 0x47, 0x19,
    0x47, 0x19, 0x47, 0x19, 0x47, 0x19, 0x47, 0x19, 0x47, 0x19, 0x47, 0x19, 0x47, 0x19, 0x47, 0x19,
    0x47, 0x19, 0x47, 0x19, 0x47, 0x19, 0x47, 0x19, 0x47, 0x19, 0x47, 0x19, 0x47, 0x19, 0x47, 0x19,
    0x47, 0x19, 0x47, 0x19, 0x47, 0x19, 0x47, 0x19, 0x47, 0x19, 0x47, 0x19, 0x47, 0x19, 0x47, 0x19,
    0x47, 0x19, 0x47, 0x19, 0x47, 0x19, 0x47, 0x19, 0x47, 0x19, 0x47, 0x19, 0x47, 0x19, 0x47, 0x19,
    0x47, 0x19, 0x47, 0x19, 0x47, 0x19, 0x47, 0x19, 0x47, 0x19, 0x47, 0x19, 0x47, 0x19, 0x47, 0x19,
    0x47, 0x19, 0x47, 0x19, 0x47, 0x19, 0x47, 0x19, 0x47, 0x19, 0x47, 0x19, 0x47, 0x19, 0x47, 0x19,
    0x47, 0x19, 0x47, 0x19, 0x47, 0x19, 0x47, 0x19, 0x47, 0x19, 0x47, 0x19, 0x47, 0x19, 0x47, 0x19,
    0x47, 0x19, 0x47, 0x19, 0x47, 0x19, 0x47, 0x19, 0x47, 0x19, 0x47, 0x19, 0x47, 0x19, 0x47, 0x19,
    0x47, 0x19, 0x47, 0x19, 0x47, 0x19, 0x47, 0x19, 0x47, 0x19, 0x47, 0x19, 0x47, 0x19, 0x47, 0x19,
    0x47, 0x19, 0x47, 0x19, 0x47, 0x19, 0x47, 0x19, 0x47, 0x19, 0x47, 0x19, 0x47, 0x19, 0x47, 0x19,
    0x47, 0x19, 0x47, 0x19, 0x47, 0x19, 0x47, 0x19, 0x47, 0x19, 0x47, 0x19, 0x47, 0x19, 0x47, 0x19,
    0x47, 0x19, 0x47, 0x19, 0x47, 0x19, 0x47, 0x19, 0x47, 0x19, 0x47, 0x19, 0x47, 0x19, 0x47, 0x19,
    0x47, 0x19, 0x47, 0x19, 0x47, 0x19, 0x47, 0x19, 0x47, 0x19, 0x47, 0x19, 0x47, 0x19, 0x47, 0x19,
    0x47, 0x19, 0x47, 0x19, 0x47, 0x19, 0x47, 0x19, 0x47, 0x19, 0x47, 0x19, 0x47, 0x19, 0x47, 0x19,
    0x47, 0x19, 0x47, 0x19, 0x47, 0x19, 0x47, 0x19, 0x47, 0x19, 0x47, 0x19, 0x47, 0x19, 0x47, 0x19,
    0x47, 0x19, 0x47, 0x19, 0x47, 0x19, 0x47, 0x19, 0x47, 0x19, 0x47, 0x19, 0x47, 0x19, 0x47, 0x19,
    0x47, 0x19, 0x47, 0x19, 0x47, 0x19, 0x47, 0x19, 0x47, 0x19, 0x47, 0x19, 0x47, 0x19, 0x47, 0x19,
    0x47, 0x19, 0x47, 0x19, 0x47, 0x19, 0x47, 0x19, 0x47, 0x19, 0x47, 0x19, 0x47, 0x19, 0x47, 0x19,
    0x47, 0x19, 0x47, 0x19, 0x47, 0x19, 0x47, 0x19, 0x47, 0x19, 0x47, 0x19, 0x47, 0x19, 0x26, 0x19,
    0x97, 0xad, 0x6b, 0x42, 0x06, 0x11, 0x67, 0x21, 0xc5, 0x08, 0x52, 0x84, 0xf1, 0x73, 0xc5, 0x08,
    0x67, 0x21, 0x47, 0x19, 0x47, 0x19, 0x67, 0x21, 0x06, 0x11, 0x06, 0x11, 0x11, 0x7c, 0x18, 0xc6,
    0x4e, 0x63, 0xe6, 0x10, 0xe6, 0x10, 0x47, 0x21, 0x9a, 0xce, 0xff, 0xff, 0xdf, 0xff, 0xdf, 0xff,
    0xdf, 0xff, 0xdf, 0xff, 0xdf, 0xff, 0xdf, 0xff, 0xdf, 0xff, 0xdf, 0xff, 0xdf, 0xff, 0xdf, 0xff,
    0xdf, 0xff, 0xdf, 0xff, 0xdf, 0xff, 0xdf, 0xff, 0xdf, 0xff, 0xdf, 0xff, 0xdf, 0xff, 0xdf, 0xff,
    0xdf, 0xff, 0xdf, 0xff, 0xdf, 0xff, 0xdf, 0xff, 0xdf, 0xff, 0xdf, 0xff, 0xdf, 0xff, 0xdf, 0xff,
    0xdf, 0xff, 0xdf, 0xff, 0xdf, 0xff, 0xdf, 0xff, 0xdf, 0xff, 0xdf, 0xff, 0xdf, 0xff, 0xdf, 0xff,
    0xdf, 0xff, 0xdf, 0xff, 0xdf, 0xff, 0xdf, 0xff, 0xdf, 0xff, 0xdf, 0xff, 0xff, 0xff, 0xff, 0xff,
    0xb4, 0x94, 0x67, 0x21, 0x06, 0x11, 0x67, 0x21, 0x47, 0x19, 0x47, 0x19, 0x47, 0x19, 0x47, 0x21,
    0xe5, 0x10, 0xd4, 0x94, 0x0d, 0x5b, 0xe5, 0x10, 0x68, 0x21, 0xc5, 0x08, 0xd0, 0x73, 0xd4, 0x94,
    0xc5, 0x08, 0x67, 0x21, 0x47, 0x19, 0x47, 0x19, 0x47, 0x19, 0x47, 0x19, 0x47, 0x19, 0x47, 0x19,
    0x47, 0x19, 0x47, 0x19, 0x47, 0x19, 0x47, 0x19, 0x47, 0x19, 0x47, 0x19, 0x47, 0x19, 0x47, 0x19,
    0x47, 0x19, 0x47, 0x19, 0x47, 0x19, 0x47, 0x19, 0x47, 0x19, 0x47, 0x19, 0x47, 0x19, 0x47, 0x19,
    0x47, 0x19, 0x47, 0x19, 0x47, 0x19, 0x47, 0x19, 0x47, 0x19, 0x47, 0x19, 0x47, 0x19, 0x47, 0x19,
    0x47, 0x19, 0x47, 0x19, 0x47, 0x19, 0x47, 0x19, 0x47, 0x19, 0x47, 0x19, 0x47, 0x19, 0x47, 0x19,
    0x47, 0x19, 0x47, 0x19, 0x47, 0x19, 0x47, 0x19, 0x47, 0x19, 0x47, 0x19, 0x47, 0x19, 0x47, 0x19,
    0x47, 0x19, 0x47, 0x19, 0x47, 0x19, 0x47, 0x19, 0x47, 0x19, 0x47, 0x19, 0x47, 0x19, 0x47, 0x19,
    0x47, 0x19, 0x47, 0x19, 0x47, 0x19, 0x47, 0x19, 0x47, 0x19, 0x47, 0x19, 0x47, 0x19, 0x47, 0x19,
    0x47, 0x19, 0x47, 0x19, 0x47, 0x19, 0x47, 0x19, 0x47, 0x19, 0x47, 0x19, 0x47, 0x19, 0x47, 0x19,
    0x47, 0x19, 0x47, 0x19, 0x47, 0x19, 0x47, 0x19, 0x47, 0x19, 0x47, 0x19, 0x47, 0x19, 0x47, 0x19,
    0x47, 0x19, 0x47, 0x19, 0x47, 0x19, 0x47, 0x19, 0x47, 0x19, 0x47, 0x19, 0x47, 0x19, 0x47, 0x19,
    0x47, 0x19, 0x47, 0x19, 0x47, 0x19, 0x47, 0x19, 0x47, 0x19, 0x47, 0x19, 0x47, 0x19, 0x47, 0x19,
    0x47, 0x19, 0x47, 0x19, 0x47, 0x19, 0x47, 0x19, 0x47, 0x19, 0x47, 0x19, 0x47, 0x19, 0x47, 0x19,
    0x47, 0x19, 0x47, 0x19, 0x47, 0x19, 0x47, 0x19, 0x47, 0x19, 0x47, 0x19, 0x47, 0x19, 0x47, 0x19,
    0x47, 0x19, 0x47, 0x19, 0x47, 0x19, 0x47, 0x19, 0x47, 0x19, 0x47, 0x19, 0x47, 0x19, 0x47, 0x19,
    0x47, 0x19, 0x47, 0x19, 0x47, 0x19, 0x47, 0x19, 0x47, 0x19, 0x47, 0x19, 0x47, 0x19, 0x47, 0x19,
    0x47, 0x19, 0x47, 0x19, 0x47, 0x19, 0x47, 0x19, 0x47, 0x19, 0x47, 0x19, 0x47, 0x19, 0x47, 0x19,
    0x47, 0x19, 0x47, 0x19, 0x47, 0x19, 0x47, 0x19, 0x47, 0x19, 0x47, 0x19, 0x47, 0x19, 0x47, 0x19,
    0x47, 0x19, 0x47, 0x19, 0x47, 0x19, 0x47, 0x19, 0x47, 0x19, 0x47, 0x19, 0x47, 0x19, 0x47, 0x19,
    0x47, 0x19, 0x47, 0x19, 0x47, 0x19, 0x47, 0x19, 0x47, 0x19, 0x47, 0x19, 0x47, 0x19, 0x47, 0x19,
    0x47, 0x19, 0x47, 0x19, 0x47, 0x19, 0x47, 0x19, 0x47, 0x19, 0x47, 0x19, 0x47, 0x19, 0x47, 0x19,
    0x47, 0x19, 0x47, 0x19, 0x47, 0x19, 0x47, 0x19, 0x47, 0x19, 0x47, 0x19, 0x47, 0x19, 0x47, 0x19,
    0x47, 0x19, 0x47, 0x19, 0x47, 0x19, 0x47, 0x19, 0x47, 0x19, 0x47, 0x19, 0x47, 0x19, 0x47, 0x19,
    0x47, 0x19, 0x47, 0x19, 0x47, 0x19, 0x47, 0x19, 0x47, 0x19, 0x47, 0x19, 0x47, 0x19, 0x47, 0x19,
    0x47, 0x19, 0x47, 0x19, 0x47, 0x19, 0x47, 0x19, 0x47, 0x19, 0x47, 0x21, 0xe6, 0x10, 0xac, 0x4a,
    0x76, 0xad, 0x06, 0x11, 0x47, 0x21, 0x67, 0x21, 0xc5, 0x08, 0xb0, 0x6b, 0x72, 0x8c, 0xc5, 0x08,
    0x67, 0x21, 0x47, 0x19, 0x67, 0x21, 0xe5, 0x10, 0xc9, 0x29, 0xb7, 0xb5, 0x15, 0x9d, 0x88, 0x21,
    0xc5, 0x08, 0x47, 0x21, 0x67, 0x21, 0xe6, 0x10, 0x8b, 0x4a, 0xbe, 0xf7, 0xff, 0xff, 0xdf, 0xff,
    0xdf, 0xff, 0xdf, 0xff, 0xdf, 0xff, 0xdf, 0xff, 0xdf, 0xff, 0xdf, 0xff, 0xdf, 0xff, 0xdf, 0xff,
    0xdf, 0xff, 0xdf, 0xff, 0xdf, 0xff, 0xdf, 0xff, 0xdf, 0xff, 0xdf, 0xff, 0xdf, 0xff, 0xdf, 0xff,
    0xdf, 0xff, 0xdf, 0xff, 0xdf, 0xff, 0xdf, 0xff, 0xdf, 0xff, 0xdf, 0xff, 0xdf, 0xff, 0xdf, 0xff,
    0xdf, 0xff, 0xdf, 0xff, 0xdf, 0xff, 0xdf, 0xff, 0xdf, 0xff, 0xdf, 0xff, 0xdf, 0xff, 0xdf, 0xff,
    0xdf, 0xff, 0xdf, 0xff, 0xdf, 0xff, 0xdf, 0xff, 0xdf, 0xff, 0xdf, 0xff, 0xdf, 0xff, 0xff, 0xff,
    0xff, 0xff, 0x7a, 0xce, 0x6b, 0x42, 0xe5, 0x10, 0x47, 0x21, 0x47, 0x19, 0x47, 0x19, 0x47, 0x19,
    0x06, 0x11, 0x15, 0x9d, 0x8c, 0x4a, 0xe6, 0x10, 0x67, 0x21, 0x27, 0x19, 0xa9, 0x29, 0xb7, 0xb5,
    0x88, 0x29, 0x27, 0x19, 0x47, 0x19, 0x47, 0x19, 0x47, 0x19, 0x47, 0x19, 0x47, 0x19, 0x47, 0x19,
    0x47, 0x19, 0x47, 0x19, 0x47, 0x19, 0x47, 0x19, 0x47, 0x19, 0x47, 0x19, 0x47, 0x19, 0x47, 0x19,
    0x47, 0x19, 0x47, 0x19, 0x47, 0x19, 0x47, 0x19, 0x47, 0x19, 0x47, 0x19, 0x47, 0x19, 0x47, 0x19,
    0x47, 0x19, 0x47, 0x19, 0x47, 0x19, 0x47, 0x19, 0x47, 0x19, 0x47, 0x19, 0x47, 0x19, 0x47, 0x19,
    0x47, 0x19, 0x47, 0x19, 0x47, 0x19, 0x47, 0x19, 0x47, 0x19, 0x47, 0x19, 0x47, 0x19, 0x47, 0x19,
    0x47, 0x19, 0x47, 0x19, 0x47, 0x19, 0x47, 0x19, 0x47, 0x19, 0x47, 0x19, 0x47, 0x19, 0x47, 0x19,
    0x47, 0x19, 0x47, 0x19, 0x47, 0x19, 0x47, 0x19, 0x47, 0x19, 0x47, 0x19, 0x47, 0x19, 0x47, 0x19,
    0x47, 0x19, 0x47, 0x19, 0x47, 0x19, 0x47, 0x19, 0x47, 0x19, 0x47, 0x19, 0x47, 0x19, 0x47, 0x19,
    0x47, 0x19, 0x47, 0x19, 0x47, 0x19, 0x47, 0x19, 0x47, 0x19, 0x47, 0x19, 0x47, 0x19, 0x47, 0x19,
    0x47, 0x19, 0x47, 0x19, 0x47, 0x19, 0x47, 0x19, 0x47, 0x19, 0x47, 0x19, 0x47, 0x19, 0x47, 0x19,
    0x47, 0x19, 0x47, 0x19, 0x47, 0x19, 0x47, 0x19, 0x47, 0x19, 0x47, 0x19, 0x47, 0x19, 0x47, 0x19,
    0x47, 0x19, 0x47, 0x19, 0x47, 0x19, 0x47, 0x19, 0x47, 0x19, 0x47, 0x19, 0x47, 0x19, 0x47, 0x19,
    0x47, 0x19, 0x47, 0x19, 0x47, 0x19, 0x47, 0x19, 0x47, 0x19, 0x47, 0x19, 0x47, 0x19, 0x47, 0x19,
    0x47, 0x19, 0x47, 0x19, 0x47, 0x19, 0x47, 0x19, 0x47, 0x19, 0x47, 0x19, 0x47, 0x19, 0x47, 0x19,
    0x47, 0x19, 0x47, 0x19, 0x47, 0x19, 0x47, 0x19, 0x47, 0x19, 0x47, 0x19, 0x47, 0x19, 0x47, 0x19,
    0x47, 0x19, 0x47, 0x19, 0x47, 0x19, 0x47, 0x19, 0x47, 0x19, 0x47, 0x19, 0x47, 0x19, 0x47, 0x19,
    0x47, 0x19, 0x47, 0x19, 0x47, 0x19, 0x47, 0x19, 0x47, 0x19, 0x47, 0x19, 0x47, 0x19, 0x47, 0x19,
    0x47, 0x19, 0x47, 0x19, 0x47, 0x19, 0x47, 0x19, 0x47, 0x19, 0x47, 0x19, 0x47, 0x19, 0x47, 0x19,
    0x47, 0x19, 0x47, 0x19, 0x47, 0x19, 0x47, 0x19, 0x47, 0x19, 0x47, 0x19, 0x47, 0x19, 0x47, 0x19,
    0x47, 0x19, 0x47, 0x19, 0x47, 0x19, 0x47, 0x19, 0x47, 0x19, 0x47, 0x19, 0x47, 0x19, 0x47, 0x19,
    0x47, 0x19, 0x47, 0x19, 0x47, 0x19, 0x47, 0x19, 0x47, 0x19, 0x47, 0x19, 0x47, 0x19, 0x47, 0x19,
    0x47, 0x19, 0x47, 0x19, 0x47, 0x19, 0x47, 0x19, 0x47, 0x19, 0x47, 0x19, 0x47, 0x19, 0x47, 0x19,
    0x47, 0x19, 0x47, 0x19, 0x47, 0x19, 0x47, 0x19, 0x47, 0x19, 0x47, 0x19, 0x47, 0x19, 0x47, 0x19,
    0x47, 0x19, 0x47, 0x19, 0x47, 0x19, 0x47, 0x19, 0x47, 0x19, 0x47, 0x19, 0x47, 0x19, 0x47, 0x19,
    0x47, 0x19, 0x47, 0x19, 0x47, 0x19, 0x47, 0x19, 0x47, 0x19, 0x67, 0x21, 0xc5, 0x08, 0x93, 0x8c,
    0xd0, 0x73, 0xc5, 0x08, 0x67, 0x21, 0x47, 0x21, 0xe6, 0x10, 0xed, 0x52, 0xf4, 0x9c, 0xe6, 0x10,
    0x67, 0x21, 0x67, 0x21, 0xc5, 0x08, 0xcd, 0x52, 0x39, 0xc6, 0x8f, 0x6b, 0xc5, 0x08, 0x27, 0x19,
    0x67, 0x21, 0x47, 0x19, 0x47, 0x19, 0x67, 0x21, 0xe6, 0x10, 0xb0, 0x6b, 0xff, 0xff, 0xdf, 0xff,
    0xdf, 0xff, 0xdf, 0xff, 0xdf, 0xff, 0xdf, 0xff, 0xdf, 0xff, 0xdf, 0xff, 0xdf, 0xff, 0xdf, 0xff,
    0xdf, 0xff, 0xdf, 0xff, 0xdf, 0xff, 0xdf, 0xff, 0xdf, 0xff, 0xdf, 0xff, 0xdf, 0xff, 0xdf, 0xff,
    0xdf, 0xff, 0xdf, 0xff, 0xdf, 0xff, 0xdf, 0xff, 0xdf, 0xff, 0xdf, 0xff, 0xdf, 0xff, 0xdf, 0xff,
    0xdf, 0xff, 0xdf, 0xff, 0xdf, 0xff, 0xdf, 0xff, 0xdf, 0xff, 0xdf, 0xff, 0xdf, 0xff, 0xdf, 0xff,
    0xdf, 0xff, 0xdf, 0xff, 0xdf, 0xff, 0xdf, 0xff, 0xdf, 0xff, 0xdf, 0xff, 0xdf, 0xff, 0xdf, 0xff,
    0xdf, 0xff, 0xff, 0xff, 0x9e, 0xf7, 0xaf, 0x6b, 0xe5, 0x10, 0x47, 0x19, 0x47, 0x21, 0x47, 0x19,
    0x47, 0x21, 0x96, 0xad, 0xe9, 0x31, 0x06, 0x19, 0x47, 0x19, 0x47, 0x21, 0xc5, 0x10, 0xf4, 0x9c,
    0x4e, 0x63, 0xe5, 0x08, 0x67, 0x21, 0x47, 0x19, 0x47, 0x19, 0x47, 0x19, 0x47, 0x19, 0x47, 0x19,
    0x47, 0x19, 0x47, 0x19, 0x47, 0x19, 0x47, 0x19, 0x47, 0x19, 0x47, 0x19, 0x47, 0x19, 0x47, 0x19,
    0x47, 0x19, 0x47, 0x19, 0x47, 0x19, 0x47, 0x19, 0x47, 0x19, 0x47, 0x19, 0x47, 0x19, 0x47, 0x19,
    0x47, 0x19, 0x47, 0x19, 0x47, 0x19, 0x47, 0x19, 0x47, 0x19, 0x47, 0x19, 0x47, 0x19, 0x47, 0x19,
    0x47, 0x19, 0x47, 0x19, 0x47, 0x19, 0x47, 0x19, 0x47, 0x19, 0x47, 0x19, 0x47, 0x19, 0x47, 0x19,
    0x47, 0x19, 0x47, 0x19, 0x47, 0x19, 0x47, 0x19, 0x47, 0x19, 0x47, 0x19, 0x47, 0x19, 0x47, 0x19,
    0x47, 0x19, 0x47, 0x19, 0x47, 0x19, 0x47, 0x19, 0x47, 0x19, 0x47, 0x19, 0x47, 0x19, 0x47, 0x19,
    0x47, 0x19, 0x47, 0x19, 0x47, 0x19, 0x47, 0x19, 0x47, 0x19, 0x47, 0x19, 0x47, 0x19, 0x47, 0x19,
    0x47, 0x19, 0x47, 0x19, 0x47, 0x19, 0x47, 0x19, 0x47, 0x19, 0x47, 0x19, 0x47, 0x19, 0x47, 0x19,
    0x47, 0x19, 0x47, 0x19, 0x47, 0x19, 0x47, 0x19, 0x47, 0x19, 0x47, 0x19, 0x47, 0x19, 0x47, 0x19,
    0x47, 0x19, 0x47, 0x19, 0x47, 0x19, 0x47, 0x19, 0x47, 0x19, 0x47, 0x19, 0x47, 0x19, 0x47, 0x19,
    0x47, 0x19, 0x47, 0x19, 0x47, 0x19, 0x47, 0x19, 0x47, 0x19, 0x47, 0x19, 0x47, 0x19, 0x47, 0x19,
    0x47, 0x19, 0x47, 0x19, 0x47, 0x19, 0x47, 0x19, 0x47, 0x19, 0x47, 0x19, 0x47, 0x19, 0x47, 0x19,
    0x47, 0x19, 0x47, 0x19, 0x47, 0x19, 0x47, 0x19, 0x47, 0x19, 0x47, 0x19, 0x47, 0x19, 0x47, 0x19,
    0x47, 0x19, 0x47, 0x19, 0x47, 0x19, 0x47, 0x19, 0x47, 0x19, 0x47, 0x19, 0x47, 0x19, 0x47, 0x19,
    0x47, 0x19, 0x47, 0x19, 0x47, 0x19, 0x47, 0x19, 0x47, 0x19, 0x47, 0x19, 0x47, 0x19, 0x47, 0x19,
    0x47, 0x19, 0x47, 0x19, 0x47, 0x19, 0x47, 0x19, 0x47, 0x19, 0x47, 0x19, 0x47, 0x19, 0x47, 0x19,
    0x47, 0x19, 0x47, 0x19, 0x47, 0x19, 0x47, 0x19, 0x47, 0x19, 0x47, 0x19, 0x47, 0x19, 0x47, 0x19,
    0x47, 0x19, 0x47, 0x19, 0x47, 0x19, 0x47, 0x19, 0x47, 0x19, 0x47, 0x19, 0x47, 0x19, 0x47, 0x19,
    0x47, 0x19, 0x47, 0x19, 0x47, 0x19, 0x47, 0x19, 0x47, 0x19, 0x47, 0x19, 0x47, 0x19, 0x47, 0x19,
    0x47, 0x19, 0x47, 0x19, 0x47, 0x19, 0x47, 0x19, 0x47, 0x19, 0x47, 0x19, 0x47, 0x19, 0x47, 0x19,
    0x47, 0x19, 0x47, 0x19, 0x47, 0x19, 0x47, 0x19, 0x47, 0x19, 0x47, 0x19, 0x47, 0x19, 0x47, 0x19,
    0x47, 0x19, 0x47, 0x19, 0x47, 0x19, 0x47, 0x19, 0x47, 0x19, 0x47, 0x19, 0x47, 0x19, 0x47, 0x19,
    0x47, 0x19, 0x47, 0x19, 0x47, 0x19, 0x47, 0x19, 0x47, 0x19, 0x47, 0x19, 0x47, 0x19, 0x47, 0x19,
    0x47, 0x19, 0x47, 0x19, 0x47, 0x19, 0x47, 0x19, 0x47, 0x19, 0x47, 0x19, 0x27, 0x19, 0x96, 0xad,
    0x2a, 0x3a, 0x06, 0x11, 0x47, 0x19, 0x47, 0x19, 0x06, 0x19, 0xe9, 0x31, 0x97, 0xad, 0x67, 0x21,
    0x47, 0x19, 0xc5, 0x08, 0xd0, 0x73, 0x39, 0xc6, 0x2a, 0x3a, 0xc5, 0x08, 0x67, 0x21, 0x47, 0x19,
    0x47, 0x19, 0x47, 0x19, 0x47, 0x19, 0x47, 0x19, 0x67, 0x21, 0xe6, 0x10, 0x11, 0x7c, 0xff, 0xff,
    0xff, 0xff, 0xdf, 0xff, 0xdf, 0xff, 0xdf, 0xff, 0xdf, 0xff, 0xdf, 0xff, 0xdf, 0xff, 0xdf, 0xff,
    0xdf, 0xff, 0xdf, 0xff, 0xdf, 0xff, 0xdf, 0xff, 0xdf, 0xff, 0xdf, 0xff, 0xdf, 0xff, 0xdf, 0xff,
    0xdf, 0xff, 0xdf, 0xff, 0xdf, 0xff, 0xdf, 0xff, 0xdf, 0xff, 0xdf, 0xff, 0xdf, 0xff, 0xdf, 0xff,
    0xdf, 0xff, 0xdf, 0xff, 0xdf, 0xff, 0xdf, 0xff, 0xdf, 0xff, 0xdf, 0xff, 0xdf, 0xff, 0xdf, 0xff,
    0xdf, 0xff, 0xdf, 0xff, 0xdf, 0xff, 0xdf, 0xff, 0xdf, 0xff, 0xdf, 0xff, 0xdf, 0xff, 0xdf, 0xff,
    0xdf, 0xff, 0xdf, 0xff, 0xff, 0xff, 0xff, 0xff, 0xb3, 0x8c, 0x06, 0x11, 0x47, 0x19, 0x26, 0x19,
    0x2a, 0x3a, 0x97, 0xad, 0x47, 0x19, 0x47, 0x19, 0x47, 0x19, 0x47, 0x21, 0xe5, 0x10, 0x6f, 0x63,
    0xf4, 0x94, 0xc5, 0x08, 0x47, 0x21, 0x47, 0x19, 0x47, 0x19, 0x47, 0x19, 0x47, 0x19, 0x47, 0x19,
    0x47, 0x19, 0x47, 0x19, 0x47, 0x19, 0x47, 0x19, 0x47, 0x19, 0x47, 0x19, 0x47, 0x19, 0x47, 0x19,
    0x47, 0x19, 0x47, 0x19, 0x47, 0x19, 0x47, 0x19, 0x47, 0x19, 0x47, 0x19, 0x47, 0x19, 0x47, 0x19,
    0x47, 0x19, 0x47, 0x19, 0x47, 0x19, 0x47, 0x19, 0x47, 0x19, 0x47, 0x19, 0x47, 0x19, 0x47, 0x19,
    0x47, 0x19, 0x47, 0x19, 0x47, 0x19, 0x47, 0x19, 0x47, 0x19, 0x47, 0x19, 0x47, 0x19, 0x47, 0x19,
    0x47, 0x19, 0x47, 0x19, 0x47, 0x19, 0x47, 0x19, 0x47, 0x19, 0x47, 0x19, 0x47, 0x19, 0x47, 0x19,
    0x47, 0x19, 0x47, 0x19, 0x47, 0x19, 0x47, 0x19, 0x47, 0x19, 0x47, 0x19, 0x47, 0x19, 0x47, 0x19,
    0x47, 0x19, 0x47, 0x19, 0x47, 0x19, 0x47, 0x19, 0x47, 0x19, 0x47, 0x19, 0x47, 0x19, 0x47, 0x19,
    0x47, 0x19, 0x47, 0x19, 0x47, 0x19, 0x47, 0x19, 0x47, 0x19, 0x47, 0x19, 0x47, 0x19, 0x47, 0x19,
    0x47, 0x19, 0x47, 0x19, 0x47, 0x19, 0x47, 0x19, 0x47, 0x19, 0x47, 0x19, 0x47, 0x19, 0x47, 0x19,
    0x47, 0x19, 0x47, 0x19, 0x47, 0x19, 0x47, 0x19, 0x47, 0x19, 0x47, 0x19, 0x47, 0x19, 0x47, 0x19,
    0x47, 0x19, 0x47, 0x19, 0x47, 0x19, 0x47, 0x19, 0x47, 0x19, 0x47, 0x19, 0x47, 0x19, 0x47, 0x19,
    0x47, 0x19, 0x47, 0x19, 0x47, 0x19, 0x47, 0x19, 0x47, 0x19, 0x47, 0x19, 0x47, 0x19, 0x47, 0x19,
    0x47, 0x19, 0x47, 0x19, 0x47, 0x19, 0x47, 0x19, 0x47, 0x19, 0x47, 0x19, 0x47, 0x19, 0x47, 0x19,
    0x47, 0x19, 0x47, 0x19, 0x47, 0x19, 0x47, 0x19, 0x47, 0x19, 0x47, 0x19, 0x47, 0x19, 0x47, 0x19,
    0x47, 0x19, 0x47, 0x19, 0x47, 0x19, 0x47, 0x19, 0x47, 0x19, 0x47, 0x19, 0x47, 0x19, 0x47, 0x19,
    0x47, 0x19, 0x47, 0x19, 0x47, 0x19, 0x47, 0x19, 0x47, 0x19, 0x47, 0x19, 0x47, 0x19, 0x47, 0x19,
    0x47, 0x19, 0x47, 0x19, 0x47, 0x19, 0x47, 0x19, 0x47, 0x19, 0x47, 0x19, 0x47, 0x19, 0x47, 0x19,
    0x47, 0x19, 0x47, 0x19, 0x47, 0x19, 0x47, 0x19, 0x47, 0x19, 0x47, 0x19, 0x47, 0x19, 0x47, 0x19,
    0x47, 0x19, 0x47, 0x19, 0x47, 0x19, 0x47, 0x19, 0x47, 0x19, 0x47, 0x19, 0x47, 0x19, 0x47, 0x19,
    0x47, 0x19, 0x47, 0x19, 0x47, 0x19, 0x47, 0x19, 0x47, 0x19, 0x47, 0x19, 0x47, 0x19, 0x47, 0x19,
    0x47, 0x19, 0x47, 0x19, 0x47, 0x19, 0x47, 0x19, 0x47, 0x19, 0x47, 0x19, 0x47, 0x19, 0x47, 0x19,
    0x47, 0x19, 0x47, 0x19, 0x47, 0x19, 0x47, 0x19, 0x47, 0x19, 0x47, 0x19, 0x47, 0x19, 0x47, 0x19,
    0x47, 0x19, 0x47, 0x19, 0x47, 0x19, 0x47, 0x19, 0x47, 0x19, 0x47, 0x19, 0x47, 0x19, 0x47, 0x19,
    0x47, 0x19, 0x47, 0x19, 0x47, 0x19, 0x47, 0x19, 0x47, 0x21, 0x06, 0x11, 0x4b, 0x42, 0x76, 0xad,
    0x26, 0x19, 0x47, 0x19, 0x47, 0x19, 0x47, 0x19, 0x47, 0x19, 0x06, 0x11, 0x76, 0xad, 0x8c, 0x4a,
    0x64, 0x00, 0x73, 0x8c, 0xb7, 0xb5, 0x67, 0x21, 0xe6, 0x10, 0x67, 0x21, 0x47, 0x19, 0x47, 0x19,
    0x47, 0x19, 0x47, 0x19, 0x47, 0x19, 0x47, 0x19, 0x47, 0x19, 0x47, 0x21, 0xe6, 0x10, 0x4e, 0x63,
    0x3c, 0xe7, 0xff, 0xff, 0xdf, 0xff, 0xdf, 0xff, 0xdf, 0xff, 0xdf, 0xff, 0xdf, 0xff, 0xdf, 0xff,
    0xdf, 0xff, 0xdf, 0xff, 0xdf, 0xff, 0xdf, 0xff, 0xdf, 0xff, 0xdf, 0xff, 0xdf, 0xff, 0xdf, 0xff,
    0xdf, 0xff, 0xdf, 0xff, 0xdf, 0xff, 0xdf, 0xff, 0xdf, 0xff, 0xdf, 0xff, 0xdf, 0xff, 0xdf, 0xff,
    0xff, 0xff, 0xff, 0xff, 0xdf, 0xff, 0xdf, 0xff, 0xdf, 0xff, 0xdf, 0xff, 0xdf, 0xff, 0xdf, 0xff,
    0xdf, 0xff, 0xdf, 0xff, 0xdf, 0xff, 0xdf, 0xff, 0xdf, 0xff, 0xdf, 0xff, 0xdf, 0xff, 0xdf, 0xff,
    0xdf, 0xff, 0xdf, 0xff, 0xdf, 0xff, 0xdf, 0xff, 0xff, 0xff, 0x56, 0xa5, 0x47, 0x21, 0x84, 0x00,
    0xb0, 0x6b, 0xb3, 0x94, 0xc5, 0x08, 0x67, 0x21, 0x47, 0x19, 0x47, 0x19, 0x26, 0x19, 0xe9, 0x31,
    0x96, 0xad, 0x47, 0x21, 0x27, 0x19, 0x47, 0x19, 0x47, 0x19, 0x47, 0x19, 0x47, 0x19, 0x47, 0x19,
    0x47, 0x19, 0x47, 0x19, 0x47, 0x19, 0x47, 0x19, 0x47, 0x19, 0x47, 0x19, 0x47, 0x19, 0x47, 0x19,
    0x47, 0x19, 0x47, 0x19, 0x47, 0x19, 0x47, 0x19, 0x47, 0x19, 0x47, 0x19, 0x47, 0x19, 0x47, 0x19,
    0x47, 0x19, 0x47, 0x19, 0x47, 0x19, 0x47, 0x19, 0x47, 0x19, 0x47, 0x19, 0x47, 0x19, 0x47, 0x19,
    0x47, 0x19, 0x47, 0x19, 0x47, 0x19, 0x47, 0x19, 0x47, 0x19, 0x47, 0x19, 0x47, 0x19, 0x47, 0x19,
    0x47, 0x19, 0x47, 0x19, 0x47, 0x19, 0x47, 0x19, 0x47, 0x19, 0x47, 0x19, 0x47, 0x19, 0x47, 0x19,
    0x47, 0x19, 0x47, 0x19, 0x47, 0x19, 0x47, 0x19, 0x47, 0x19, 0x47, 0x19, 0x47, 0x19, 0x47, 0x19,
    0x47, 0x19, 0x47, 0x19, 0x47, 0x19, 0x47, 0x19, 0x47, 0x19, 0x47, 0x19, 0x47, 0x19, 0x47, 0x19,
    0x47, 0x19, 0x47, 0x19, 0x47, 0x19, 0x47, 0x19, 0x47, 0x19, 0x47, 0x19, 0x47, 0x19, 0x47, 0x19,
    0x47, 0x19, 0x47, 0x19, 0x47, 0x19, 0x47, 0x19, 0x47, 0x19, 0x47, 0x19, 0x47, 0x19, 0x47, 0x19,
    0x47, 0x19, 0x47, 0x19, 0x47, 0x19, 0x47, 0x19, 0x47, 0x19, 0x47, 0x19, 0x47, 0x19, 0x47, 0x19,
    0x47, 0x19, 0x47, 0x19, 0x47, 0x19, 0x47, 0x19, 0x47, 0x19, 0x47, 0x19, 0x47, 0x19, 0x47, 0x19,
    0x47, 0x19, 0x47, 0x19, 0x47, 0x19, 0x47, 0x19, 0x47, 0x19, 0x47, 0x19, 0x47, 0x19, 0x47, 0x19,
    0x47, 0x19, 0x47, 0x19, 0x47, 0x19, 0x47, 0x19, 0x47, 0x19, 0x47, 0x19, 0x47, 0x19, 0x47, 0x19,
    0x47, 0x19, 0x47, 0x19, 0x47, 0x19, 0x47, 0x19, 0x47, 0x19, 0x47, 0x19, 0x47, 0x19, 0x47, 0x19,
    0x47, 0x19, 0x47, 0x19, 0x47, 0x19, 0x47, 0x19, 0x47, 0x19, 0x47, 0x19, 0x47, 0x19, 0x47, 0x19,
    0x47, 0x19, 0x47, 0x19, 0x47, 0x19, 0x47, 0x19, 0x47, 0x19, 0x47, 0x19, 0x47, 0x19, 0x47, 0x19,
    0x47, 0x19, 0x47, 0x19, 0x47, 0x19, 0x47, 0x19, 0x47, 0x19, 0x47, 0x19, 0x47, 0x19, 0x47, 0x19,
    0x47, 0x19, 0x47, 0x19, 0x47, 0x19, 0x47, 0x19, 0x47, 0x19, 0x47, 0x19, 0x47, 0x19, 0x47, 0x19,
    0x47, 0x19, 0x47, 0x19, 0x47, 0x19, 0x47, 0x19, 0x47, 0x19, 0x47, 0x19, 0x47, 0x19, 0x47, 0x19,
    0x47, 0x19, 0x47, 0x19, 0x47, 0x19, 0x47, 0x19, 0x47, 0x19, 0x47, 0x19, 0x47, 0x19, 0x47, 0x19,
    0x47, 0x19, 0x47, 0x19, 0x47, 0x19, 0x47, 0x19, 0x47, 0x19, 0x47, 0x19, 0x47, 0x19, 0x47, 0x19,
    0x47, 0x19, 0x47, 0x19, 0x47, 0x19, 0x47, 0x19, 0x47, 0x19, 0x47, 0x19, 0x47, 0x19, 0x47, 0x19,
    0x47, 0x19, 0x47, 0x19, 0x47, 0x19, 0x47, 0x19, 0x47, 0x19, 0x47, 0x19, 0x47, 0x19, 0x47, 0x19,
    0x47, 0x19, 0x47, 0x19, 0x47, 0x19, 0x47, 0x19, 0x67, 0x21, 0xc5, 0x08, 0xb0, 0x6b, 0x93, 0x8c,
    0xc5, 0x08, 0x67, 0x21, 0x47, 0x19, 0x47, 0x19, 0x67, 0x21, 0xc5, 0x10, 0xb0, 0x6b, 0xd4, 0x94,
    0x52, 0x84, 0x76, 0xad, 0x06, 0x11, 0x26, 0x19, 0x67, 0x21, 0x47, 0x19, 0x47, 0x19, 0x47, 0x19,
    0x47, 0x19, 0x47, 0x19, 0x47, 0x19, 0x47, 0x19, 0x47, 0x19, 0x47, 0x19, 0x67, 0x21, 0xe6, 0x10,
    0xc9, 0x31, 0x35, 0xa5, 0xdf, 0xff, 0xff, 0xff, 0xff, 0xff, 0xdf, 0xff, 0xdf, 0xff, 0xdf, 0xff,
    0xdf, 0xff, 0xdf, 0xff, 0xdf, 0xff, 0xdf, 0xff, 0xdf, 0xff, 0xdf, 0xff, 0xdf, 0xff, 0xdf, 0xff,
    0xdf, 0xff, 0xdf, 0xff, 0xdf, 0xff, 0xdf, 0xff, 0xff, 0xff, 0xff, 0xff, 0xff, 0xff, 0xff, 0xff,
    0x5d, 0xef, 0x5d, 0xef, 0xff, 0xff, 0xff, 0xff, 0xff, 0xff, 0xdf, 0xff, 0xdf, 0xff, 0xdf, 0xff,
    0xdf, 0xff, 0xdf, 0xff, 0xdf, 0xff, 0xdf, 0xff, 0xdf, 0xff, 0xdf, 0xff, 0xdf, 0xff, 0xdf, 0xff,
    0xdf, 0xff, 0xdf, 0xff, 0xdf, 0xff, 0xdf, 0xff, 0xdf, 0xff, 0xff, 0xff, 0x18, 0xbe, 0x8b, 0x42,
    0x96, 0xad, 0xac, 0x4a, 0xe6, 0x10, 0x47, 0x21, 0x47, 0x19, 0x47, 0x19, 0x47, 0x19, 0x06, 0x11,
    0x76, 0xa5, 0x6b, 0x42, 0x06, 0x11, 0x47, 0x21, 0x47, 0x19, 0x47, 0x19, 0x47, 0x19, 0x47, 0x19,
    0x47, 0x19, 0x47, 0x19, 0x47, 0x19, 0x47, 0x19, 0x47, 0x19, 0x47, 0x19, 0x47, 0x19, 0x47, 0x19,
    0x47, 0x19, 0x47, 0x19, 0x47, 0x19, 0x47, 0x19, 0x47, 0x19, 0x47, 0x19, 0x47, 0x19, 0x47, 0x19,
    0x47, 0x19, 0x47, 0x19, 0x47, 0x19, 0x47, 0x19, 0x47, 0x19, 0x47, 0x19, 0x47, 0x19, 0x47, 0x19,
    0x47, 0x19, 0x47, 0x19, 0x47, 0x19, 0x47, 0x19, 0x47, 0x19, 0x47, 0x19, 0x47, 0x19, 0x47, 0x19,
    0x47, 0x19, 0x47, 0x19, 0x47, 0x19, 0x47, 0x19, 0x47, 0x19, 0x47, 0x19, 0x47, 0x19, 0x47, 0x19,
    0x47, 0x19, 0x47, 0x19, 0x47, 0x19, 0x47, 0x19, 0x47, 0x19, 0x47, 0x19, 0x47, 0x19, 0x47, 0x19,
    0x47, 0x19, 0x47, 0x19, 0x47, 0x19, 0x47, 0x19, 0x47, 0x19, 0x47, 0x19, 0x47, 0x19, 0x47, 0x19,
    0x47, 0x19, 0x47, 0x19, 0x47, 0x19, 0x47, 0x19, 0x47, 0x19, 0x47, 0x19, 0x47, 0x19, 0x47, 0x19,
    0x47, 0x19, 0x47, 0x19, 0x47, 0x19, 0x47, 0x19, 0x47, 0x19, 0x47, 0x19, 0x47, 0x19, 0x47, 0x19,
    0x47, 0x19, 0x47, 0x19, 0x47, 0x19, 0x47, 0x19, 0x47, 0x19, 0x47, 0x19, 0x47, 0x19, 0x47, 0x19,
    0x47, 0x19, 0x47, 0x19, 0x47, 0x19, 0x47, 0x19, 0x47, 0x19, 0x47, 0x19, 0x47, 0x19, 0x47, 0x19,
    0x47, 0x19, 0x47, 0x19, 0x47, 0x19, 0x47, 0x19, 0x47, 0x19, 0x47, 0x19, 0x47, 0x19, 0x47, 0x19,
    0x47, 0x19, 0x47, 0x19, 0x47, 0x19, 0x47, 0x19, 0x47, 0x19, 0x47, 0x19, 0x47, 0x19, 0x47, 0x19,
    0x47, 0x19, 0x47, 0x19, 0x47, 0x19, 0x47, 0x19, 0x47, 0x19, 0x47, 0x19, 0x47, 0x19, 0x47, 0x19,
    0x47, 0x19, 0x47, 0x19, 0x47, 0x19, 0x47, 0x19, 0x47, 0x19, 0x47, 0x19, 0x47, 0x19, 0x47, 0x19,
    0x47, 0x19, 0x47, 0x19, 0x47, 0x19, 0x47, 0x19, 0x47, 0x19, 0x47, 0x19, 0x47, 0x19, 0x47, 0x19,
    0x47, 0x19, 0x47, 0x19, 0x47, 0x19, 0x47, 0x19, 0x47, 0x19, 0x47, 0x19, 0x47, 0x19, 0x47, 0x19,
    0x47, 0x19, 0x47, 0x19, 0x47, 0x19, 0x47, 0x19, 0x47, 0x19, 0x47, 0x19, 0x47, 0x19, 0x47, 0x19,
    0x47, 0x19, 0x47, 0x19, 0x47, 0x19, 0x47, 0x19, 0x47, 0x19, 0x47, 0x19, 0x47, 0x19, 0x47, 0x19,
    0x47, 0x19, 0x47, 0x19, 0x47, 0x19, 0x47, 0x19, 0x47, 0x19, 0x47, 0x19, 0x47, 0x19, 0x47, 0x19,
    0x47, 0x19, 0x47, 0x19, 0x47, 0x19, 0x47, 0x19, 0x47, 0x19, 0x47, 0x19, 0x47, 0x19, 0x47, 0x19,
    0x47, 0x19, 0x47, 0x19, 0x47, 0x19, 0x47, 0x19, 0x47, 0x19, 0x47, 0x19, 0x47, 0x19, 0x47, 0x19,
    0x47, 0x19, 0x47, 0x19, 0x47, 0x19, 0x47, 0x19, 0x47, 0x19, 0x47, 0x19, 0x47, 0x19, 0x47, 0x19,
    0x47, 0x19, 0x47, 0x19, 0x47, 0x19, 0x47, 0x19, 0x67, 0x21, 0xc5, 0x08, 0xb4, 0x94, 0x6f, 0x63,
    0xc5, 0x08, 0x67, 0x21, 0x47, 0x19, 0x47, 0x19, 0x47, 0x19, 0x47, 0x19, 0x06, 0x11, 0xdb, 0xd6,
    0x76, 0xad, 0xe6, 0x10, 0x27, 0x19, 0x47, 0x21, 0x47, 0x19, 0x47, 0x19, 0x47, 0x19, 0x47, 0x19,
    0x47, 0x19, 0x47, 0x19, 0x47, 0x19, 0x47, 0x19, 0x47, 0x19, 0x47, 0x19, 0x47, 0x19, 0x67, 0x21,
    0x26, 0x19, 0xe6, 0x10, 0x8c, 0x4a, 0xb7, 0xb5, 0xbe, 0xf7, 0xff, 0xff, 0xff, 0xff, 0xdf, 0xff,
    0xdf, 0xff, 0xdf, 0xff, 0xdf, 0xff, 0xdf, 0xff, 0xdf, 0xff, 0xdf, 0xff, 0xdf, 0xff, 0xdf, 0xff,
    0xff, 0xff, 0xff, 0xff, 0xff, 0xff, 0xff, 0xff, 0x9e, 0xf7, 0x39, 0xc6, 0x52, 0x84, 0xac, 0x4a,
    0xe9, 0x31, 0xc9, 0x31, 0xcc, 0x52, 0x35, 0xa5, 0x7d, 0xef, 0xff, 0xff, 0xff, 0xff, 0xdf, 0xff,
    0xdf, 0xff, 0xdf, 0xff, 0xdf, 0xff, 0xdf, 0xff, 0xdf, 0xff, 0xdf, 0xff, 0xdf, 0xff, 0xdf, 0xff,
    0xdf, 0xff, 0xdf, 0xff, 0xdf, 0xff, 0xdf, 0xff, 0xdf, 0xff, 0xdf, 0xff, 0xff, 0xff, 0xff, 0xff,
    0x35, 0xa5, 0xc5, 0x08, 0x67, 0x21, 0x47, 0x19, 0x47, 0x19, 0x47, 0x19, 0x67, 0x21, 0xc5, 0x08,
    0x93, 0x8c, 0xaf, 0x6b, 0xc5, 0x08, 0x67, 0x21, 0x47, 0x19, 0x47, 0x19, 0x47, 0x19, 0x47, 0x19,
    0x47, 0x19, 0x47, 0x19, 0x47, 0x19, 0x47, 0x19, 0x47, 0x19, 0x47, 0x19, 0x47, 0x19, 0x47, 0x19,
    0x47, 0x19, 0x47, 0x19, 0x47, 0x19, 0x47, 0x19, 0x47, 0x19, 0x47, 0x19, 0x47, 0x19, 0x47, 0x19,
    0x47, 0x19, 0x47, 0x19, 0x47, 0x19, 0x47, 0x19, 0x47, 0x19, 0x47, 0x19, 0x47, 0x19, 0x47, 0x19,
    0x47, 0x19, 0x47, 0x19, 0x47, 0x19, 0x47, 0x19, 0x47, 0x19, 0x47, 0x19, 0x47, 0x19, 0x47, 0x19,
    0x47, 0x19, 0x47, 0x19, 0x47, 0x19, 0x47, 0x19, 0x47, 0x19, 0x47, 0x19, 0x47, 0x19, 0x47, 0x19,
    0x47, 0x19, 0x47, 0x19, 0x47, 0x19, 0x47, 0x19, 0x47, 0x19, 0x47, 0x19, 0x47, 0x19, 0x47, 0x19,
    0x47, 0x19, 0x47, 0x19, 0x47, 0x19, 0x47, 0x19, 0x47, 0x19, 0x47, 0x19, 0x47, 0x19, 0x47, 0x19,
    0x47, 0x19, 0x47, 0x19, 0x47, 0x19, 0x47, 0x19, 0x47, 0x19, 0x47, 0x19, 0x47, 0x19, 0x47, 0x19,
    0x47, 0x19, 0x47, 0x19, 0x47, 0x19, 0x47, 0x19, 0x47, 0x19, 0x47, 0x19, 0x47, 0x19, 0x47, 0x19,
    0x47, 0x19, 0x47, 0x19, 0x47, 0x19, 0x47, 0x19, 0x47, 0x19, 0x47, 0x19, 0x47, 0x19, 0x47, 0x19,
    0x47, 0x19, 0x47, 0x19, 0x47, 0x19, 0x47, 0x19, 0x47, 0x19, 0x47, 0x19, 0x47, 0x19, 0x47, 0x19,
    0x47, 0x19, 0x47, 0x19, 0x47, 0x19, 0x47, 0x19, 0x47, 0x19, 0x47, 0x19, 0x47, 0x19, 0x47, 0x19,
    0x47, 0x19, 0x47, 0x19, 0x47, 0x19, 0x47, 0x19, 0x47, 0x19, 0x47, 0x19, 0x47, 0x19, 0x47, 0x19,
    0x47, 0x19, 0x47, 0x19, 0x47, 0x19, 0x47, 0x19, 0x47, 0x19, 0x47, 0x19, 0x47, 0x19, 0x47, 0x19,
    0x47, 0x19, 0x47, 0x19, 0x47, 0x19, 0x47, 0x19, 0x47, 0x19, 0x47, 0x19, 0x47, 0x19, 0x47, 0x19,
    0x47, 0x19, 0x47, 0x19, 0x47, 0x19, 0x47, 0x19, 0x47, 0x19, 0x47, 0x19, 0x47, 0x19, 0x47, 0x19,
    0x47, 0x19, 0x47, 0x19, 0x47, 0x19, 0x47, 0x19, 0x47, 0x19, 0x47, 0x19, 0x47, 0x19, 0x47, 0x19,
    0x47, 0x19, 0x47, 0x19, 0x47, 0x19, 0x47, 0x19, 0x47, 0x19, 0x47, 0x19, 0x47, 0x19, 0x47, 0x19,
    0x47, 0x19, 0x47, 0x19, 0x47, 0x19, 0x47, 0x19, 0x47, 0x19, 0x47, 0x19, 0x47, 0x19, 0x47, 0x19,
    0x47, 0x19, 0x47, 0x19, 0x47, 0x19, 0x47, 0x19, 0x47, 0x19, 0x47, 0x19, 0x47, 0x19, 0x47, 0x19,
    0x47, 0x19, 0x47, 0x19, 0x47, 0x19, 0x47, 0x19, 0x47, 0x19, 0x47, 0x19, 0x47, 0x19, 0x47, 0x19,
    0x47, 0x19, 0x47, 0x19, 0x47, 0x19, 0x47, 0x19, 0x47, 0x19, 0x47, 0x19, 0x47, 0x19, 0x47, 0x19,
    0x47, 0x19, 0x47, 0x19, 0x47, 0x19, 0x47, 0x19, 0x47, 0x19, 0x47, 0x19, 0x47, 0x19, 0x47, 0x19,
    0x47, 0x19, 0x47, 0x19, 0x47, 0x19, 0x47, 0x19, 0x47, 0x19, 0x06, 0x19, 0x56, 0xa5, 0x6b, 0x42,
    0x06, 0x11, 0x47, 0x21, 0x47, 0x19, 0x47, 0x19, 0x67, 0x21, 0xc5, 0x08, 0x52, 0x84, 0x35, 0xa5,
    0xe6, 0x10, 0x27, 0x19, 0x47, 0x21, 0x47, 0x19, 0x47, 0x19, 0x47, 0x19, 0x47, 0x19, 0x47, 0x19,
    0x47, 0x19, 0x47, 0x19, 0x47, 0x19, 0x47, 0x19, 0x47, 0x19, 0x47, 0x19, 0x47, 0x19, 0x47, 0x19,
    0x47, 0x21, 0x47, 0x21, 0x06, 0x11, 0x06, 0x11, 0x6b, 0x42, 0xd4, 0x94, 0xdb, 0xde, 0xff, 0xff,
    0xff, 0xff, 0xff, 0xff, 0xff, 0xff, 0xff, 0xff, 0xff, 0xff, 0xff, 0xff, 0xff, 0xff, 0xff, 0xff,
    0xbe, 0xf7, 0xdb, 0xde, 0xb7, 0xb5, 0xf1, 0x73, 0x2a, 0x3a, 0x26, 0x19, 0xc5, 0x08, 0x06, 0x11,
    0x26, 0x19, 0x26, 0x19, 0xe6, 0x10, 0xe6, 0x10, 0x0a, 0x3a, 0xf4, 0x94, 0x3d, 0xe7, 0xff, 0xff,
    0xff, 0xff, 0xff, 0xff, 0xff, 0xff, 0xff, 0xff, 0xdf, 0xff, 0xdf, 0xff, 0xdf, 0xff, 0xdf, 0xff,
    0xdf, 0xff, 0xdf, 0xff, 0xdf, 0xff, 0xdf, 0xff, 0xdf, 0xff, 0xdf, 0xff, 0xdf, 0xff, 0xff, 0xff,
    0x1c, 0xe7, 0x6b, 0x42, 0xe6, 0x10, 0x67, 0x21, 0x47, 0x19, 0x47, 0x19, 0x67, 0x21, 0xc5, 0x08,
    0x8f, 0x6b, 0x93, 0x8c, 0xc5, 0x08, 0x67, 0x21, 0x47, 0x19, 0x47, 0x19, 0x47, 0x19, 0x47, 0x19,
    0x47, 0x19, 0x47, 0x19, 0x47, 0x19, 0x47, 0x19, 0x47, 0x19, 0x47, 0x19, 0x47, 0x19, 0x47, 0x19,
    0x47, 0x19, 0x47, 0x19, 0x47, 0x19, 0x47, 0x19, 0x47, 0x19, 0x47, 0x19, 0x47, 0x19, 0x47, 0x19,
    0x47, 0x19, 0x47, 0x19, 0x47, 0x19, 0x47, 0x19, 0x47, 0x19, 0x47, 0x19, 0x47, 0x19, 0x47, 0x19,
    0x47, 0x19, 0x47, 0x19, 0x47, 0x19, 0x47, 0x19, 0x47, 0x19, 0x47, 0x19, 0x47, 0x19, 0x47, 0x19,
    0x47, 0x19, 0x47, 0x19, 0x47, 0x19, 0x47, 0x19, 0x47, 0x19, 0x47, 0x19, 0x47, 0x19, 0x47, 0x19,
    0x47, 0x19, 0x47, 0x19, 0x47, 0x19, 0x47, 0x19, 0x47, 0x19, 0x47, 0x19, 0x47, 0x19, 0x47, 0x19,
    0x47, 0x19, 0x47, 0x19, 0x47, 0x19, 0x47, 0x19, 0x47, 0x19, 0x47, 0x19, 0x47, 0x19, 0x47, 0x19,
    0x47, 0x19, 0x47, 0x19, 0x47, 0x19, 0x47, 0x19, 0x47, 0x19, 0x47, 0x19, 0x47, 0x19, 0x47, 0x19,
    0x47, 0x19, 0x47, 0x19, 0x47, 0x19, 0x47, 0x19, 0x47, 0x19, 0x47, 0x19, 0x47, 0x19, 0x47, 0x19,
    0x47, 0x19, 0x47, 0x19, 0x47, 0x19, 0x47, 0x19, 0x47, 0x19, 0x47, 0x19, 0x47, 0x19, 0x47, 0x19,
    0x47, 0x19, 0x47, 0x19, 0x47, 0x19, 0x47, 0x19, 0x47, 0x19, 0x47, 0x19, 0x47, 0x19, 0x47, 0x19,
    0x47, 0x19, 0x47, 0x19, 0x47, 0x19, 0x47, 0x19, 0x47, 0x19, 0x47, 0x19, 0x47, 0x19, 0x47, 0x19,
    0x47, 0x19, 0x47, 0x19, 0x47, 0x19, 0x47, 0x19, 0x47, 0x19, 0x47, 0x19, 0x47, 0x19, 0x47, 0x19,
    0x47, 0x19, 0x47, 0x19, 0x47, 0x19, 0x47, 0x19, 0x47, 0x19, 0x47, 0x19, 0x47, 0x19, 0x47, 0x19,
    0x47, 0x19, 0x47, 0x19, 0x47, 0x19, 0x47, 0x19, 0x47, 0x19, 0x47, 0x19, 0x47, 0x19, 0x47, 0x19,
    0x47, 0x19, 0x47, 0x19, 0x47, 0x19, 0x47, 0x19, 0x47, 0x19, 0x47, 0x19, 0x47, 0x19, 0x47, 0x19,
    0x47, 0x19, 0x47, 0x19, 0x47, 0x19, 0x47, 0x19, 0x47, 0x19, 0x47, 0x19, 0x47, 0x19, 0x47, 0x19,
    0x47, 0x19, 0x47, 0x19, 0x47, 0x19, 0x47, 0x19, 0x47, 0x19, 0x47, 0x19, 0x47, 0x19, 0x47, 0x19,
    0x47, 0x19, 0x47, 0x19, 0x47, 0x19, 0x47, 0x19, 0x47, 0x19, 0x47, 0x19, 0x47, 0x19, 0x47, 0x19,
    0x47, 0x19, 0x47, 0x19, 0x47, 0x19, 0x47, 0x19, 0x47, 0x19, 0x47, 0x19, 0x47, 0x19, 0x47, 0x19,
    0x47, 0x19, 0x47, 0x19, 0x47, 0x19, 0x47, 0x19, 0x47, 0x19, 0x47, 0x19, 0x47, 0x19, 0x47, 0x19,
    0x47, 0x19, 0x47, 0x19, 0x47, 0x19, 0x47, 0x19, 0x47, 0x19, 0x47, 0x19, 0x47, 0x19, 0x47, 0x19,
    0x47, 0x19, 0x47, 0x19, 0x47, 0x19, 0x47, 0x19, 0x47, 0x19, 0x47, 0x19, 0x47, 0x19, 0x47, 0x19,
    0x47, 0x19, 0x47, 0x19, 0x47, 0x19, 0x47, 0x19, 0x27, 0x19, 0x88, 0x21, 0x76, 0xad, 0xa8, 0x29,
    0x27, 0x19, 0x47, 0x19, 0x47, 0x19, 0x67, 0x21, 0xc5, 0x08, 0x8f, 0x6b, 0xd8, 0xbd, 0x27, 0x19,
    0x27, 0x19, 0x47, 0x21, 0x47, 0x19, 0x47, 0x19, 0x47, 0x19, 0x47, 0x19, 0x47, 0x19, 0x47, 0x19,
    0x47, 0x19, 0x47, 0x19, 0x47, 0x19, 0x47, 0x19, 0x47, 0x19, 0x47, 0x19, 0x47, 0x19, 0x47, 0x19,
    0x47, 0x19, 0x47, 0x19, 0x47, 0x21, 0x47, 0x21, 0x06, 0x11, 0xe6, 0x10, 0x68, 0x21, 0xcc, 0x4a,
    0x31, 0x7c, 0x56, 0xa5, 0x18, 0xbe, 0x39, 0xc6, 0x18, 0xbe, 0x76, 0xad, 0x93, 0x8c, 0x6f, 0x63,
    0x6b, 0x42, 0x88, 0x21, 0xe6, 0x10, 0xc5, 0x10, 0x06, 0x11, 0x47, 0x19, 0x67, 0x21, 0x47, 0x21,
    0x47, 0x19, 0x47, 0x19, 0x47, 0x21, 0x67, 0x21, 0x06, 0x11, 0xe5, 0x10, 0xc9, 0x31, 0x8f, 0x6b,
    0xf4, 0x9c, 0x18, 0xbe, 0xfb, 0xde, 0x9e, 0xf7, 0xff, 0xff, 0xff, 0xff, 0xff, 0xff, 0xff, 0xff,
    0xff, 0xff, 0xff, 0xff, 0xff, 0xff, 0xff, 0xff, 0xdf, 0xff, 0xdf, 0xff, 0xdf, 0xff, 0xbe, 0xf7,
    0xff, 0xff, 0x1c, 0xdf, 0xe9, 0x31, 0x06, 0x11, 0x67, 0x21, 0x47, 0x19, 0x47, 0x21, 0xe6, 0x10,
    0xcc, 0x4a, 0x35, 0xa5, 0xe6, 0x10, 0x47, 0x19, 0x47, 0x19, 0x47, 0x19, 0x47, 0x19, 0x47, 0x19,
    0x47, 0x19, 0x47, 0x19, 0x47, 0x19, 0x47, 0x19, 0x47, 0x19, 0x47, 0x19, 0x47, 0x19, 0x47, 0x19,
    0x47, 0x19, 0x47, 0x19, 0x47, 0x19, 0x47, 0x19, 0x47, 0x19, 0x47, 0x19, 0x47, 0x19, 0x47, 0x19,
    0x47, 0x19, 0x47, 0x19, 0x47, 0x19, 0x47, 0x19, 0x47, 0x19, 0x47, 0x19, 0x47, 0x19, 0x47, 0x19,
    0x47, 0x19, 0x47, 0x19, 0x47, 0x19, 0x47, 0x19, 0x47, 0x19, 0x47, 0x19, 0x47, 0x19, 0x47, 0x19,
    0x47, 0x19, 0x47, 0x19, 0x47, 0x19, 0x47, 0x19, 0x47, 0x19, 0x47, 0x19, 0x47, 0x19, 0x47, 0x19,
    0x47, 0x19, 0x47, 0x19, 0x47, 0x19, 0x47, 0x19, 0x47, 0x19, 0x47, 0x19, 0x47, 0x19, 0x47, 0x19,
    0x47, 0x19, 0x47, 0x19, 0x47, 0x19, 0x47, 0x19, 0x47, 0x19, 0x47, 0x19, 0x47, 0x19, 0x47, 0x19,
    0x47, 0x19, 0x47, 0x19, 0x47, 0x19, 0x47, 0x19, 0x47, 0x19, 0x47, 0x19, 0x47, 0x19, 0x47, 0x19,
    0x47, 0x19, 0x47, 0x19, 0x47, 0x19, 0x47, 0x19, 0x47, 0x19, 0x47, 0x19, 0x47, 0x19, 0x47, 0x19,
    0x47, 0x19, 0x47, 0x19, 0x47, 0x19, 0x47, 0x19, 0x47, 0x19, 0x47, 0x19, 0x47, 0x19, 0x47, 0x19,
    0x47, 0x19, 0x47, 0x19, 0x47, 0x19, 0x47, 0x19, 0x47, 0x19, 0x47, 0x19, 0x47, 0x19, 0x47, 0x19,
    0x47, 0x19, 0x47, 0x19, 0x47, 0x19, 0x47, 0x19, 0x47, 0x19, 0x47, 0x19, 0x47, 0x19, 0x47, 0x19,
    0x47, 0x19, 0x47, 0x19, 0x47, 0x19, 0x47, 0x19, 0x47, 0x19, 0x47, 0x19, 0x47, 0x19, 0x47, 0x19,
    0x47, 0x19, 0x47, 0x19, 0x47, 0x19, 0x47, 0x19, 0x47, 0x19, 0x47, 0x19, 0x47, 0x19, 0x47, 0x19,
    0x47, 0x19, 0x47, 0x19, 0x47, 0x19, 0x47, 0x19, 0x47, 0x19, 0x47, 0x19, 0x47, 0x19, 0x47, 0x19,
    0x47, 0x19, 0x47, 0x19, 0x47, 0x19, 0x47, 0x19, 0x47, 0x19, 0x47, 0x19, 0x47, 0x19, 0x47, 0x19,
    0x47, 0x19, 0x47, 0x19, 0x47, 0x19, 0x47, 0x19, 0x47, 0x19, 0x47, 0x19, 0x47, 0x19, 0x47, 0x19,
    0x47, 0x19, 0x47, 0x19, 0x47, 0x19, 0x47, 0x19, 0x47, 0x19, 0x47, 0x19, 0x47, 0x19, 0x47, 0x19,
    0x47, 0x19, 0x47, 0x19, 0x47, 0x19, 0x47, 0x19, 0x47, 0x19, 0x47, 0x19, 0x47, 0x19, 0x47, 0x19,
    0x47, 0x19, 0x47, 0x19, 0x47, 0x19, 0x47, 0x19, 0x47, 0x19, 0x47, 0x19, 0x47, 0x19, 0x47, 0x19,
    0x47, 0x19, 0x47, 0x19, 0x47, 0x19, 0x47, 0x19, 0x47, 0x19, 0x47, 0x19, 0x47, 0x19, 0x47, 0x19,
    0x47, 0x19, 0x47, 0x19, 0x47, 0x19, 0x47, 0x19, 0x47, 0x19, 0x47, 0x19, 0x47, 0x19, 0x47, 0x19,
    0x47, 0x19, 0x47, 0x19, 0x47, 0x19, 0x47, 0x19, 0x47, 0x19, 0x47, 0x19, 0x47, 0x19, 0x47, 0x19,
    0x47, 0x19, 0x47, 0x19, 0x47, 0x19, 0x47, 0x21, 0x06, 0x11, 0x0a, 0x3a, 0x76, 0xad, 0x47, 0x19,
    0x47, 0x19, 0x47, 0x19, 0x67, 0x21, 0xe6, 0x10, 0x8c, 0x4a, 0x39, 0xc6, 0xa8, 0x29, 0x06, 0x19,
    0x47, 0x21, 0x47, 0x19, 0x47, 0x19, 0x47, 0x19, 0x47, 0x19, 0x47, 0x19, 0x47, 0x19, 0x47, 0x19,
    0x47, 0x19, 0x47, 0x19, 0x47, 0x19, 0x47, 0x19, 0x47, 0x19, 0x47, 0x19, 0x47, 0x19, 0x47, 0x19,
    0x47, 0x19, 0x47, 0x19, 0x47, 0x19, 0x47, 0x19, 0x47, 0x21, 0x67, 0x21, 0x27, 0x19, 0xe6, 0x10,
    0xc5, 0x08, 0xe6, 0x10, 0x06, 0x11, 0x26, 0x19, 0x06, 0x19, 0xe6, 0x10, 0xc5, 0x10, 0xe6, 0x10,
    0x06, 0x11, 0x27, 0x19, 0x47, 0x21, 0x67, 0x21, 0x47, 0x21, 0x47, 0x19, 0x47, 0x19, 0x47, 0x19,
    0x47, 0x19, 0x47, 0x19, 0x47, 0x19, 0x47, 0x19, 0x47, 0x21, 0x67, 0x21, 0x26, 0x19, 0xe5, 0x10,
    0xe5, 0x10, 0x06, 0x19, 0x88, 0x21, 0x2a, 0x3a, 0x0d, 0x5b, 0xd0, 0x73, 0x93, 0x8c, 0x76, 0xad,
    0x39, 0xc6, 0xfb, 0xde, 0x7d, 0xef, 0xdf, 0xff, 0xff, 0xff, 0xff, 0xff, 0xff, 0xff, 0xff, 0xff,
    0xff, 0xff, 0xff, 0xff, 0x59, 0xc6, 0x47, 0x19, 0x47, 0x19, 0x47, 0x19, 0x47, 0x19, 0x06, 0x19,
    0x0a, 0x3a, 0x76, 0xad, 0x47, 0x19, 0x47, 0x19, 0x47, 0x19, 0x47, 0x19, 0x47, 0x19, 0x47, 0x19,
    0x47, 0x19, 0x47, 0x19, 0x47, 0x19, 0x47, 0x19, 0x47, 0x19, 0x47, 0x19, 0x47, 0x19, 0x47, 0x19,
    0x47, 0x19, 0x47, 0x19, 0x47, 0x19, 0x47, 0x19, 0x47, 0x19, 0x47, 0x19, 0x47, 0x19, 0x47, 0x19,
    0x47, 0x19, 0x47, 0x19, 0x47, 0x19, 0x47, 0x19, 0x47, 0x19, 0x47, 0x19, 0x47, 0x19, 0x47, 0x19,
    0x47, 0x19, 0x47, 0x19, 0x47, 0x19, 0x47, 0x19, 0x47, 0x19, 0x47, 0x19, 0x47, 0x19, 0x47, 0x19,
    0x47, 0x19, 0x47, 0x19, 0x47, 0x19, 0x47, 0x19, 0x47, 0x19, 0x47, 0x19, 0x47, 0x19, 0x47, 0x19,
    0x47, 0x19, 0x47, 0x19, 0x47, 0x19, 0x47, 0x19, 0x47, 0x19, 0x47, 0x19, 0x47, 0x19, 0x47, 0x19,
    0x47, 0x19, 0x47, 0x19, 0x47, 0x19, 0x47, 0x19, 0x47, 0x19, 0x47, 0x19, 0x47, 0x19, 0x47, 0x19,
    0x47, 0x19, 0x47, 0x19, 0x47, 0x19, 0x47, 0x19, 0x47, 0x19, 0x47, 0x19, 0x47, 0x19, 0x47, 0x19,
    0x47, 0x19, 0x47, 0x19, 0x47, 0x19, 0x47, 0x19, 0x47, 0x19, 0x47, 0x19, 0x47, 0x19, 0x47, 0x19,
    0x47, 0x19, 0x47, 0x19, 0x47, 0x19, 0x47, 0x19, 0x47, 0x19, 0x47, 0x19, 0x47, 0x19, 0x47, 0x19,
    0x47, 0x19, 0x47, 0x19, 0x47, 0x19, 0x47, 0x19, 0x47, 0x19, 0x47, 0x19, 0x47, 0x19, 0x47, 0x19,
    0x47, 0x19, 0x47, 0x19, 0x47, 0x19, 0x47, 0x19, 0x47, 0x19, 0x47, 0x19, 0x47, 0x19, 0x47, 0x19,
    0x47, 0x19, 0x47, 0x19, 0x47, 0x19, 0x47, 0x19, 0x47, 0x19, 0x47, 0x19, 0x47, 0x19, 0x47, 0x19,
    0x47, 0x19, 0x47, 0x19, 0x47, 0x19, 0x47, 0x19, 0x47, 0x19, 0x47, 0x19, 0x47, 0x19, 0x47, 0x19,
    0x47, 0x19, 0x47, 0x19, 0x47, 0x19, 0x47, 0x19, 0x47, 0x19, 0x47, 0x19, 0x47, 0x19, 0x47, 0x19,
    0x47, 0x19, 0x47, 0x19, 0x47, 0x19, 0x47, 0x19, 0x47, 0x19, 0x47, 0x19, 0x47, 0x19, 0x47, 0x19,
    0x47, 0x19, 0x47, 0x19, 0x47, 0x19, 0x47, 0x19, 0x47, 0x19, 0x47, 0x19, 0x47, 0x19, 0x47, 0x19,
    0x47, 0x19, 0x47, 0x19, 0x47, 0x19, 0x47, 0x19, 0x47, 0x19, 0x47, 0x19, 0x47, 0x19, 0x47, 0x19,
    0x47, 0x19, 0x47, 0x19, 0x47, 0x19, 0x47, 0x19, 0x47, 0x19, 0x47, 0x19, 0x47, 0x19, 0x47, 0x19,
    0x47, 0x19, 0x47, 0x19, 0x47, 0x19, 0x47, 0x19, 0x47, 0x19, 0x47, 0x19, 0x47, 0x19, 0x47, 0x19,
    0x47, 0x19, 0x47, 0x19, 0x47, 0x19, 0x47, 0x19, 0x47, 0x19, 0x47, 0x19, 0x47, 0x19, 0x47, 0x19,
    0x47, 0x19, 0x47, 0x19, 0x47, 0x19, 0x47, 0x19, 0x47, 0x19, 0x47, 0x19, 0x47, 0x19, 0x47, 0x19,
    0x47, 0x19, 0x47, 0x19, 0x47, 0x19, 0x47, 0x19, 0x47, 0x19, 0x47, 0x19, 0x47, 0x19, 0x47, 0x19,
    0x47, 0x19, 0x47, 0x19, 0x47, 0x19, 0x47, 0x21, 0xe6, 0x10, 0x8b, 0x42, 0x35, 0xa5, 0x06, 0x11,
    0x47, 0x19, 0x47, 0x19, 0x27, 0x19, 0x88, 0x21, 0x39, 0xc6, 0x8b, 0x4a, 0xe6, 0x10, 0x67, 0x21,
    0x47, 0x19, 0x47, 0x19, 0x47, 0x19, 0x47, 0x19, 0x47, 0x19, 0x47, 0x19, 0x47, 0x19, 0x47, 0x19,
    0x47, 0x19, 0x47, 0x19, 0x47, 0x19, 0x47, 0x21, 0x47, 0x21, 0x47, 0x19, 0x47, 0x19, 0x47, 0x19,
    0x47, 0x19, 0x47, 0x19, 0x47, 0x19, 0x47, 0x19, 0x47, 0x19, 0x47, 0x19, 0x47, 0x19, 0x47, 0x21,
    0x67, 0x21, 0x47, 0x21, 0x47, 0x19, 0x47, 0x19, 0x47, 0x19, 0x47, 0x21, 0x67, 0x21, 0x67, 0x21,
    0x47, 0x21, 0x47, 0x19, 0x47, 0x19, 0x47, 0x19, 0x47, 0x19, 0x47, 0x19, 0x47, 0x19, 0x47, 0x19,
    0x47, 0x19, 0x47, 0x19, 0x47, 0x19, 0x47, 0x19, 0x47, 0x19, 0x47, 0x19, 0x47, 0x19, 0x67, 0x21,
    0x67, 0x21, 0x47, 0x21, 0x47, 0x19, 0x26, 0x19, 0xe6, 0x10, 0xe6, 0x10, 0xc5, 0x10, 0xe6, 0x10,
    0x26, 0x19, 0x68, 0x21, 0xe9, 0x31, 0x8b, 0x42, 0x4e, 0x63, 0xf1, 0x7b, 0xd4, 0x94, 0xb7, 0xb5,
    0xf8, 0xbd, 0x0d, 0x5b, 0x7a, 0xce, 0x76, 0xad, 0xc5, 0x08, 0x47, 0x21, 0x47, 0x19, 0x27, 0x19,
    0xa8, 0x29, 0x56, 0xa5, 0x88, 0x21, 0x27, 0x19, 0x47, 0x19, 0x47, 0x19, 0x47, 0x19, 0x47, 0x19,
    0x47, 0x19, 0x47, 0x19, 0x47, 0x19, 0x47, 0x19, 0x47, 0x19, 0x47, 0x19, 0x47, 0x19, 0x47, 0x19,
    0x47, 0x19, 0x47, 0x19, 0x47, 0x19, 0x47, 0x19, 0x47, 0x19, 0x47, 0x19, 0x47, 0x19, 0x47, 0x19,
    0x47, 0x19, 0x47, 0x19, 0x47, 0x19, 0x47, 0x19, 0x47, 0x19, 0x47, 0x19, 0x47, 0x19, 0x47, 0x19,
    0x47, 0x19, 0x47, 0x19, 0x47, 0x19, 0x47, 0x19, 0x47, 0x19, 0x47, 0x19, 0x47, 0x19, 0x47, 0x19,
    0x47, 0x19, 0x47, 0x19, 0x47, 0x19, 0x47, 0x19, 0x47, 0x19, 0x47, 0x19, 0x47, 0x19, 0x47, 0x19,
    0x47, 0x19, 0x47, 0x19, 0x47, 0x19, 0x47, 0x19, 0x47, 0x19, 0x47, 0x19, 0x47, 0x19, 0x47, 0x19,
    0x47, 0x19, 0x47, 0x19, 0x47, 0x19, 0x47, 0x19, 0x47, 0x19, 0x47, 0x19, 0x47, 0x19, 0x47, 0x19,
    0x47, 0x19, 0x47, 0x19, 0x47, 0x19, 0x47, 0x19, 0x47, 0x19, 0x47, 0x19, 0x47, 0x19, 0x47, 0x19,
    0x47, 0x19, 0x47, 0x19, 0x47, 0x19, 0x47, 0x19, 0x47, 0x19, 0x47, 0x19, 0x47, 0x19, 0x47, 0x19,
    0x47, 0x19, 0x47, 0x19, 0x47, 0x19, 0x47, 0x19, 0x47, 0x19, 0x47, 0x19, 0x47, 0x19, 0x47, 0x19,
    0x47, 0x19, 0x47, 0x19, 0x47, 0x19, 0x47, 0x19, 0x47, 0x19, 0x47, 0x19, 0x47, 0x19, 0x47, 0x19,
    0x47, 0x19, 0x47, 0x19, 0x47, 0x19, 0x47, 0x19, 0x47, 0x19, 0x47, 0x19, 0x47, 0x19, 0x47, 0x19,
    0x47, 0x19, 0x47, 0x19, 0x47, 0x19, 0x47, 0x19, 0x47, 0x19, 0x47, 0x19, 0x47, 0x19, 0x47, 0x19,
    0x47, 0x19, 0x47, 0x19, 0x47, 0x19, 0x47, 0x19, 0x47, 0x19, 0x47, 0x19, 0x47, 0x19, 0x47, 0x19,
    0x47, 0x19, 0x47, 0x19, 0x47, 0x19, 0x47, 0x19, 0x47, 0x19, 0x47, 0x19, 0x47, 0x19, 0x47, 0x19,
    0x47, 0x19, 0x47, 0x19, 0x47, 0x19, 0x47, 0x19, 0x47, 0x19, 0x47, 0x19, 0x47, 0x19, 0x47, 0x19,
    0x47, 0x19, 0x47, 0x19, 0x47, 0x19, 0x47, 0x19, 0x47, 0x19, 0x47, 0x19, 0x47, 0x19, 0x47, 0x19,
    0x47, 0x19, 0x47, 0x19, 0x47, 0x19, 0x47, 0x19, 0x47, 0x19, 0x47, 0x19, 0x47, 0x19, 0x47, 0x19,
    0x47, 0x19, 0x47, 0x19, 0x47, 0x19, 0x47, 0x19, 0x47, 0x19, 0x47, 0x19, 0x47, 0x19, 0x47, 0x19,
    0x47, 0x19, 0x47, 0x19, 0x47, 0x19, 0x47, 0x19, 0x47, 0x19, 0x47, 0x19, 0x47, 0x19, 0x47, 0x19,
    0x47, 0x19, 0x47, 0x19, 0x47, 0x19, 0x47, 0x19, 0x47, 0x19, 0x47, 0x19, 0x47, 0x19, 0x47, 0x19,
    0x47, 0x19, 0x47, 0x19, 0x47, 0x19, 0x47, 0x19, 0x47, 0x19, 0x47, 0x19, 0x47, 0x19, 0x47, 0x19,
    0x47, 0x19, 0x47, 0x19, 0x47, 0x19, 0x47, 0x19, 0x47, 0x19, 0x47, 0x19, 0x47, 0x19, 0x47, 0x19,
    0x47, 0x19, 0x47, 0x19, 0x47, 0x19, 0x47, 0x21, 0xe6, 0x10, 0xed, 0x52, 0xf4, 0x9c, 0xe6, 0x10,
    0x47, 0x21, 0x67, 0x21, 0xc5, 0x08, 0x55, 0xa5, 0xf1, 0x7b, 0xc5, 0x08, 0x67, 0x21, 0x47, 0x19,
    0x47, 0x19, 0x47, 0x19, 0x47, 0x19, 0x47, 0x19, 0x47, 0x19, 0x47, 0x19, 0x47, 0x19, 0x67, 0x21,
    0x47, 0x21, 0x47, 0x19, 0x26, 0x19, 0x06, 0x11, 0x06, 0x19, 0x27, 0x19, 0x47, 0x19, 0x67, 0x21,
    0x47, 0x21, 0x47, 0x19, 0x47, 0x19, 0x47, 0x19, 0x47, 0x19, 0x47, 0x19, 0x47, 0x19, 0x47, 0x19,
    0x47, 0x19, 0x47, 0x19, 0x47, 0x19, 0x47, 0x19, 0x47, 0x19, 0x47, 0x19, 0x47, 0x19, 0x47, 0x19,
    0x47, 0x19, 0x47, 0x19, 0x47, 0x19, 0x47, 0x19, 0x47, 0x19, 0x47, 0x19, 0x47, 0x19, 0x47, 0x19,
    0x47, 0x19, 0x47, 0x19, 0x47, 0x19, 0x47, 0x19, 0x47, 0x19, 0x47, 0x19, 0x67, 0x21, 0x67, 0x21,
    0x47, 0x19, 0x26, 0x19, 0x06, 0x19, 0x26, 0x19, 0x47, 0x19, 0x67, 0x21, 0x68, 0x21, 0x67, 0x21,
    0x47, 0x19, 0x27, 0x19, 0x26, 0x19, 0x06, 0x11, 0xe6, 0x10, 0xc5, 0x08, 0xe5, 0x10, 0x06, 0x11,
    0x06, 0x19, 0xc5, 0x08, 0x0a, 0x3a, 0xbe, 0xf7, 0x8f, 0x6b, 0xc5, 0x08, 0x67, 0x21, 0x27, 0x19,
    0x67, 0x21, 0x76, 0xad, 0xc9, 0x31, 0x26, 0x19, 0x47, 0x19, 0x47, 0x19, 0x47, 0x19, 0x47, 0x19,
    0x47, 0x19, 0x47, 0x19, 0x47, 0x19, 0x47, 0x19, 0x47, 0x19, 0x47, 0x19, 0x47, 0x19, 0x47, 0x19,
    0x47, 0x19, 0x47, 0x19, 0x47, 0x19, 0x47, 0x19, 0x47, 0x19, 0x47, 0x19, 0x47, 0x19, 0x47, 0x19,
    0x47, 0x19, 0x47, 0x19, 0x47, 0x19, 0x47, 0x19, 0x47, 0x19, 0x47, 0x19, 0x47, 0x19, 0x47, 0x19,
    0x47, 0x19, 0x47, 0x19, 0x47, 0x19, 0x47, 0x19, 0x47, 0x19, 0x47, 0x19, 0x47, 0x19, 0x47, 0x19,
    0x47, 0x19, 0x47, 0x19, 0x47, 0x19, 0x47, 0x19, 0x47, 0x19, 0x47, 0x19, 0x47, 0x19, 0x47, 0x19,
    0x47, 0x19, 0x47, 0x19, 0x47, 0x19, 0x47, 0x19, 0x47, 0x19, 0x47, 0x19, 0x47, 0x19, 0x47, 0x19,
    0x47, 0x19, 0x47, 0x19, 0x47, 0x19, 0x47, 0x19, 0x47, 0x19, 0x47, 0x19, 0x47, 0x19, 0x47, 0x19,
    0x47, 0x19, 0x47, 0x19, 0x47, 0x19, 0x47, 0x19, 0x47, 0x19, 0x47, 0x19, 0x47, 0x19, 0x47, 0x19,
    0x47, 0x19, 0x47, 0x19, 0x47, 0x19, 0x47, 0x19, 0x47, 0x19, 0x47, 0x19, 0x47, 0x19, 0x47, 0x19,
    0x47, 0x19, 0x47, 0x19, 0x47, 0x19, 0x47, 0x19, 0x47, 0x19, 0x47, 0x19, 0x47, 0x19, 0x47, 0x19,
    0x47, 0x19, 0x47, 0x19, 0x47, 0x19, 0x47, 0x19, 0x47, 0x19, 0x47, 0x19, 0x47, 0x19, 0x47, 0x19,
    0x47, 0x19, 0x47, 0x19, 0x47, 0x19, 0x47, 0x19, 0x47, 0x19, 0x47, 0x19, 0x47, 0x19, 0x47, 0x19,
    0x47, 0x19, 0x47, 0x19, 0x47, 0x19, 0x47, 0x19, 0x47, 0x19, 0x47, 0x19, 0x47, 0x19, 0x47, 0x19,
    0x47, 0x19, 0x47, 0x19, 0x47, 0x19, 0x47, 0x19, 0x47, 0x19, 0x47, 0x19, 0x47, 0x19, 0x47, 0x19,
    0x47, 0x19, 0x47, 0x19, 0x47, 0x19, 0x47, 0x19, 0x47, 0x19, 0x47, 0x19, 0x47, 0x19, 0x47, 0x19,
    0x47, 0x19, 0x47, 0x19, 0x47, 0x19, 0x47, 0x19, 0x47, 0x19, 0x47, 0x19, 0x47, 0x19, 0x47, 0x19,
    0x47, 0x19, 0x47, 0x19, 0x47, 0x19, 0x47, 0x19, 0x47, 0x19, 0x47, 0x19, 0x47, 0x19, 0x47, 0x19,
    0x47, 0x19, 0x47, 0x19, 0x47, 0x19, 0x47, 0x19, 0x47, 0x19, 0x47, 0x19, 0x47, 0x19, 0x47, 0x19,
    0x47, 0x19, 0x47, 0x19, 0x47, 0x19, 0x47, 0x19, 0x47, 0x19, 0x47, 0x19, 0x47, 0x19, 0x47, 0x19,
    0x47, 0x19, 0x47, 0x19, 0x47, 0x19, 0x47, 0x19, 0x47, 0x19, 0x47, 0x19, 0x47, 0x19, 0x47, 0x19,
    0x47, 0x19, 0x47, 0x19, 0x47, 0x19, 0x47, 0x19, 0x47, 0x19, 0x47, 0x19, 0x47, 0x19, 0x47, 0x19,
    0x47, 0x19, 0x47, 0x19, 0x47, 0x19, 0x47, 0x19, 0x47, 0x19, 0x47, 0x19, 0x47, 0x19, 0x47, 0x19,
    0x47, 0x19, 0x47, 0x19, 0x47, 0x19, 0x47, 0x19, 0x47, 0x19, 0x47, 0x19, 0x47, 0x19, 0x47, 0x19,
    0x47, 0x19, 0x47, 0x19, 0x47, 0x19, 0x47, 0x21, 0xe6, 0x10, 0x2e, 0x5b, 0x15, 0x9d, 0xe5, 0x10,
    0x68, 0x21, 0xc5, 0x08, 0x8f, 0x6b, 0x76, 0xad, 0xe6, 0x10, 0x47, 0x21, 0x47, 0x19, 0x47, 0x19,
    0x47, 0x19, 0x47, 0x19, 0x47, 0x19, 0x47, 0x19, 0x47, 0x19, 0x67, 0x21, 0x26, 0x19, 0xe5, 0x10,
    0xe6, 0x10, 0x67, 0x21, 0xe9, 0x31, 0x0a, 0x3a, 0x0a, 0x32, 0xa8, 0x29, 0x26, 0x19, 0xe5, 0x10,
    0x06, 0x11, 0x47, 0x19, 0x47, 0x21, 0x47, 0x19, 0x47, 0x19, 0x47, 0x19, 0x47, 0x19, 0x47, 0x19,
    0x47, 0x19, 0x47, 0x19, 0x47, 0x19, 0x47, 0x19, 0x47, 0x19, 0x47, 0x19, 0x47, 0x19, 0x47, 0x19,
    0x47, 0x19, 0x47, 0x19, 0x47, 0x19, 0x47, 0x19, 0x47, 0x19, 0x47, 0x19, 0x47, 0x19, 0x47, 0x19,
    0x47, 0x19, 0x47, 0x19, 0x47, 0x19, 0x47, 0x19, 0x67, 0x21, 0x27, 0x19, 0xe6, 0x10, 0xe6, 0x10,
    0x47, 0x19, 0xc9, 0x29, 0x0a, 0x3a, 0x0a, 0x3a, 0xa9, 0x29, 0x27, 0x19, 0xe6, 0x10, 0xe6, 0x10,
    0x47, 0x19, 0x67, 0x21, 0x47, 0x21, 0x47, 0x21, 0x67, 0x21, 0x67, 0x21, 0x67, 0x21, 0x47, 0x19,
    0x47, 0x19, 0x68, 0x21, 0xc5, 0x08, 0xf0, 0x73, 0x7e, 0xef, 0xc9, 0x29, 0x26, 0x19, 0x47, 0x19,
    0x47, 0x19, 0x76, 0xad, 0x0a, 0x32, 0x06, 0x19, 0x47, 0x19, 0x47, 0x19, 0x47, 0x19, 0x47, 0x19,
    0x47, 0x19, 0x47, 0x19, 0x47, 0x19, 0x47, 0x19, 0x47, 0x19, 0x47, 0x19, 0x47, 0x19, 0x47, 0x19,
    0x47, 0x19, 0x47, 0x19, 0x47, 0x19, 0x47, 0x19, 0x47, 0x19, 0x47, 0x19, 0x47, 0x19, 0x47, 0x19,
    0x47, 0x19, 0x47, 0x19, 0x47, 0x19, 0x47, 0x19, 0x47, 0x19, 0x47, 0x19, 0x47, 0x19, 0x47, 0x19,
    0x47, 0x19, 0x47, 0x19, 0x47, 0x19, 0x47, 0x19, 0x47, 0x19, 0x47, 0x19, 0x47, 0x19, 0x47, 0x19,
    0x47, 0x19, 0x47, 0x19, 0x47, 0x19, 0x47, 0x19, 0x47, 0x19, 0x47, 0x19, 0x47, 0x19, 0x47, 0x19,
    0x47, 0x19, 0x47, 0x19, 0x47, 0x19, 0x47, 0x19, 0x47, 0x19, 0x47, 0x19, 0x47, 0x19, 0x47, 0x19,
    0x47, 0x19, 0x47, 0x19, 0x47, 0x19, 0x47, 0x19, 0x47, 0x19, 0x47, 0x19, 0x47, 0x19, 0x47, 0x19,
    0x47, 0x19, 0x47, 0x19, 0x47, 0x19, 0x47, 0x19, 0x47, 0x19, 0x47, 0x19, 0x47, 0x19, 0x47, 0x19,
    0x47, 0x19, 0x47, 0x19, 0x47, 0x19, 0x47, 0x19, 0x47, 0x19, 0x47, 0x19, 0x47, 0x19, 0x47, 0x19,
    0x47, 0x19, 0x47, 0x19, 0x47, 0x19, 0x47, 0x19, 0x47, 0x19, 0x47, 0x19, 0x47, 0x19, 0x47, 0x19,
    0x47, 0x19, 0x47, 0x19, 0x47, 0x19, 0x47, 0x19, 0x47, 0x19, 0x47, 0x19, 0x47, 0x19, 0x47, 0x19,
    0x47, 0x19, 0x47, 0x19, 0x47, 0x19, 0x47, 0x19, 0x47, 0x19, 0x47, 0x19, 0x47, 0x19, 0x47, 0x19,
    0x47, 0x19, 0x47, 0x19, 0x47, 0x19, 0x47, 0x19, 0x47, 0x19, 0x47, 0x19, 0x47, 0x19, 0x47, 0x19,
    0x47, 0x19, 0x47, 0x19, 0x47, 0x19, 0x47, 0x19, 0x47, 0x19, 0x47, 0x19, 0x47, 0x19, 0x47, 0x19,
    0x47, 0x19, 0x47, 0x19, 0x47, 0x19, 0x47, 0x19, 0x47, 0x19, 0x47, 0x19, 0x47, 0x19, 0x47, 0x19,
    0x47, 0x19, 0x47, 0x19, 0x47, 0x19, 0x47, 0x19, 0x47, 0x19, 0x47, 0x19, 0x47, 0x19, 0x47, 0x19,
    0x47, 0x19, 0x47, 0x19, 0x47, 0x19, 0x47, 0x19, 0x47, 0x19, 0x47, 0x19, 0x47, 0x19, 0x47, 0x19,
    0x47, 0x19, 0x47, 0x19, 0x47, 0x19, 0x47, 0x19, 0x47, 0x19, 0x47, 0x19, 0x47, 0x19, 0x47, 0x19,
    0x47, 0x19, 0x47, 0x19, 0x47, 0x19, 0x47, 0x19, 0x47, 0x19, 0x47, 0x19, 0x47, 0x19, 0x47, 0x19,
    0x47, 0x19, 0x47, 0x19, 0x47, 0x19, 0x47, 0x19, 0x47, 0x19, 0x47, 0x19, 0x47, 0x19, 0x47, 0x19,
    0x47, 0x19, 0x47, 0x19, 0x47, 0x19, 0x47, 0x19, 0x47, 0x19, 0x47, 0x19, 0x47, 0x19, 0x47, 0x19,
    0x47, 0x19, 0x47, 0x19, 0x47, 0x19, 0x47, 0x19, 0x47, 0x19, 0x47, 0x19, 0x47, 0x19, 0x47, 0x19,
    0x47, 0x19, 0x47, 0x19, 0x47, 0x19, 0x47, 0x19, 0x47, 0x19, 0x47, 0x19, 0x47, 0x19, 0x47, 0x19,
    0x47, 0x19, 0x47, 0x19, 0x47, 0x19, 0x47, 0x21, 0xe5, 0x10, 0x2e, 0x5b, 0x15, 0x9d, 0xe6, 0x10,
    0x27, 0x19, 0xa8, 0x29, 0x18, 0xc6, 0xe9, 0x31, 0x06, 0x11, 0x47, 0x21, 0x47, 0x19, 0x47, 0x19,
    0x47, 0x19, 0x47, 0x19, 0x47, 0x19, 0x67, 0x21, 0x27, 0x19, 0xe5, 0x10, 0xa9, 0x29, 0xb0, 0x6b,
    0x76, 0xad, 0xbb, 0xd6, 0x5d, 0xef, 0x7e, 0xef, 0x7d, 0xef, 0x1c, 0xe7, 0x19, 0xc6, 0x93, 0x8c,
    0x8c, 0x4a, 0x06, 0x11, 0x06, 0x11, 0x47, 0x21, 0x47, 0x19, 0x47, 0x19, 0x47, 0x19, 0x47, 0x19,
    0x47, 0x19, 0x47, 0x19, 0x47, 0x19, 0x47, 0x19, 0x47, 0x19, 0x47, 0x19, 0x47, 0x19, 0x47, 0x19,
    0x47, 0x19, 0x47, 0x19, 0x47, 0x19, 0x47, 0x19, 0x47, 0x19, 0x47, 0x19, 0x47, 0x19, 0x47, 0x19,
    0x47, 0x19, 0x47, 0x19, 0x47, 0x21, 0x47, 0x19, 0xe6, 0x10, 0x67, 0x21, 0x2e, 0x5b, 0x15, 0x9d,
    0x7a, 0xce, 0x3d, 0xe7, 0x7e, 0xef, 0x7e, 0xef, 0x3d, 0xe7, 0x7a, 0xce, 0xf4, 0x9c, 0x0e, 0x5b,
    0x47, 0x19, 0xe6, 0x10, 0x47, 0x19, 0x47, 0x19, 0x47, 0x19, 0x47, 0x19, 0x47, 0x19, 0x47, 0x19,
    0x47, 0x19, 0x47, 0x19, 0x47, 0x21, 0xe6, 0x10, 0x39, 0xc6, 0xb7, 0xb5, 0xe5, 0x10, 0x47, 0x19,
    0x47, 0x19, 0x76, 0xad, 0x0a, 0x32, 0x06, 0x19, 0x47, 0x19, 0x47, 0x19, 0x47, 0x19, 0x47, 0x19,
    0x47, 0x19, 0x47, 0x19, 0x47, 0x19, 0x47, 0x19, 0x47, 0x19, 0x47, 0x19, 0x47, 0x19, 0x47, 0x19,
    0x47, 0x19, 0x47, 0x19, 0x47, 0x19, 0x47, 0x19, 0x47, 0x19, 0x47, 0x19, 0x47, 0x19, 0x47, 0x19,
    0x47, 0x19, 0x47, 0x19, 0x47, 0x19, 0x47, 0x19, 0x47, 0x19, 0x47, 0x19, 0x47, 0x19, 0x47, 0x19,
    0x47, 0x19, 0x47, 0x19, 0x47, 0x19, 0x47, 0x19, 0x47, 0x19, 0x47, 0x19, 0x47, 0x19, 0x47, 0x19,
    0x47, 0x19, 0x47, 0x19, 0x47, 0x19, 0x47, 0x19, 0x47, 0x19, 0x47, 0x19, 0x47, 0x19, 0x47, 0x19,
    0x47, 0x19, 0x47, 0x19, 0x47, 0x19, 0x47, 0x19, 0x47, 0x19, 0x47, 0x19, 0x47, 0x19, 0x47, 0x19,
    0x47, 0x19, 0x47, 0x19, 0x47, 0x19, 0x47, 0x19, 0x47, 0x19, 0x47, 0x19, 0x47, 0x19, 0x47, 0x19,
    0x47, 0x19, 0x47, 0x19, 0x47, 0x19, 0x47, 0x19, 0x47, 0x19, 0x47, 0x19, 0x47, 0x19, 0x47, 0x19,
    0x47, 0x19, 0x47, 0x19, 0x47, 0x19, 0x47, 0x19, 0x47, 0x19, 0x47, 0x19, 0x47, 0x19, 0x47, 0x19,
    0x47, 0x19, 0x47, 0x19, 0x47, 0x19, 0x47, 0x19, 0x47, 0x19, 0x47, 0x19, 0x47, 0x19, 0x47, 0x19,
    0x47, 0x19, 0x47, 0x19, 0x47, 0x19, 0x47, 0x19, 0x47, 0x19, 0x47, 0x19, 0x47, 0x19, 0x47, 0x19,
    0x47, 0x19, 0x47, 0x19, 0x47, 0x19, 0x47, 0x19, 0x47, 0x19, 0x47, 0x19, 0x47, 0x19, 0x47, 0x19,
    0x47, 0x19, 0x47, 0x19, 0x47, 0x19, 0x47, 0x19, 0x47, 0x19, 0x47, 0x19, 0x47, 0x19, 0x47, 0x19,
    0x47, 0x19, 0x47, 0x19, 0x47, 0x19, 0x47, 0x19, 0x47, 0x19, 0x47, 0x19, 0x47, 0x19, 0x47, 0x19,
    0x47, 0x19, 0x47, 0x19, 0x47, 0x19, 0x47, 0x19, 0x47, 0x19, 0x47, 0x19, 0x47, 0x19, 0x47, 0x19,
    0x47, 0x19, 0x47, 0x19, 0x47, 0x19, 0x47, 0x19, 0x47, 0x19, 0x47, 0x19, 0x47, 0x19, 0x47, 0x19,
    0x47, 0x19, 0x47, 0x19, 0x47, 0x19, 0x47, 0x19, 0x47, 0x19, 0x47, 0x19, 0x47, 0x19, 0x47, 0x19,
    0x47, 0x19, 0x47, 0x19, 0x47, 0x19, 0x47, 0x19, 0x47, 0x19, 0x47, 0x19, 0x47, 0x19, 0x47, 0x19,
    0x47, 0x19, 0x47, 0x19, 0x47, 0x19, 0x47, 0x19, 0x47, 0x19, 0x47, 0x19, 0x47, 0x19, 0x47, 0x19,
    0x47, 0x19, 0x47, 0x19, 0x47, 0x19, 0x47, 0x19, 0x47, 0x19, 0x47, 0x19, 0x47, 0x19, 0x47, 0x19,
    0x47, 0x19, 0x47, 0x19, 0x47, 0x19, 0x47, 0x19, 0x47, 0x19, 0x47, 0x19, 0x47, 0x19, 0x47, 0x19,
    0x47, 0x19, 0x47, 0x19, 0x47, 0x19, 0x47, 0x19, 0x47, 0x19, 0x47, 0x19, 0x47, 0x19, 0x47, 0x19,
    0x47, 0x19, 0x47, 0x19, 0x47, 0x19, 0x47, 0x19, 0x47, 0x19, 0x47, 0x19, 0x47, 0x19, 0x47, 0x19,
    0x47, 0x19, 0x47, 0x19, 0x47, 0x19, 0x47, 0x21, 0xe6, 0x10, 0xed, 0x52, 0xf4, 0x9c, 0x06, 0x11,
    0xc5, 0x08, 0xd4, 0x94, 0x11, 0x7c, 0xc5, 0x08, 0x67, 0x21, 0x47, 0x19, 0x47, 0x19, 0x47, 0x19,
    0x47, 0x19, 0x47, 0x19, 0x67, 0x21, 0x06, 0x11, 0x67, 0x21, 0x52, 0x84, 0x1c, 0xe7, 0xff, 0xff,
    0xff, 0xff, 0xff, 0xff, 0xff, 0xff, 0xff, 0xff, 0xff, 0xff, 0xff, 0xff, 0xff, 0xff, 0xff, 0xff,
    0xdf, 0xff, 0xd8, 0xb5, 0xac, 0x4a, 0xe6, 0x10, 0x47, 0x19, 0x47, 0x21, 0x47, 0x19, 0x47, 0x19,
    0x47, 0x19, 0x47, 0x19, 0x47, 0x19, 0x47, 0x19, 0x47, 0x19, 0x47, 0x19, 0x47, 0x19, 0x47, 0x19,
    0x47, 0x19, 0x47, 0x19, 0x47, 0x19, 0x47, 0x19, 0x47, 0x19, 0x47, 0x19, 0x47, 0x19, 0x47, 0x19,
    0x47, 0x19, 0x67, 0x21, 0x06, 0x19, 0x26, 0x19, 0x8f, 0x6b, 0xba, 0xd6, 0xff, 0xff, 0xff, 0xff,
    0xff, 0xff, 0xff, 0xff, 0xff, 0xff, 0xff, 0xff, 0xff, 0xff, 0xff, 0xff, 0xff, 0xff, 0xff, 0xff,
    0x9a, 0xce, 0x6f, 0x63, 0x06, 0x11, 0x26, 0x19, 0x47, 0x21, 0x47, 0x19, 0x47, 0x19, 0x47, 0x19,
    0x47, 0x19, 0x47, 0x19, 0x47, 0x21, 0x06, 0x11, 0x2a, 0x3a, 0xbe, 0xf7, 0x2e, 0x5b, 0xe5, 0x10,
    0x68, 0x21, 0x76, 0xad, 0xe9, 0x31, 0x26, 0x19, 0x47, 0x19, 0x47, 0x19, 0x47, 0x19, 0x47, 0x19,
    0x47, 0x19, 0x47, 0x19, 0x47, 0x19, 0x47, 0x19, 0x47, 0x19, 0x47, 0x19, 0x47, 0x19, 0x47, 0x19,
    0x47, 0x19, 0x47, 0x19, 0x47, 0x19, 0x47, 0x19, 0x47, 0x19, 0x47, 0x19, 0x47, 0x19, 0x47, 0x19,
    0x47, 0x19, 0x47, 0x19, 0x47, 0x19, 0x47, 0x19, 0x47, 0x19, 0x47, 0x19, 0x47, 0x19, 0x47, 0x19,
    0x47, 0x19, 0x47, 0x19, 0x47, 0x19, 0x47, 0x19, 0x47, 0x19, 0x47, 0x19, 0x47, 0x19, 0x47, 0x19,
    0x47, 0x19, 0x47, 0x19, 0x47, 0x19, 0x47, 0x19, 0x47, 0x19, 0x47, 0x19, 0x47, 0x19, 0x47, 0x19,
    0x47, 0x19, 0x47, 0x19, 0x47, 0x19, 0x47, 0x19, 0x47, 0x19, 0x47, 0x19, 0x47, 0x19, 0x47, 0x19,
    0x47, 0x19, 0x47, 0x19, 0x47, 0x19, 0x47, 0x19, 0x47, 0x19, 0x47, 0x19, 0x47, 0x19, 0x47, 0x19,
    0x47, 0x19, 0x47, 0x19, 0x47, 0x19, 0x47, 0x19, 0x47, 0x19, 0x47, 0x19, 0x47, 0x19, 0x47, 0x19,
    0x47, 0x19, 0x47, 0x19, 0x47, 0x19, 0x47, 0x19, 0x47, 0x19, 0x47, 0x19, 0x47, 0x19, 0x47, 0x19,
    0x47, 0x19, 0x47, 0x19, 0x47, 0x19, 0x47, 0x19, 0x47, 0x19, 0x47, 0x19, 0x47, 0x19, 0x47, 0x19,
    0x47, 0x19, 0x47, 0x19, 0x47, 0x19, 0x47, 0x19, 0x47, 0x19, 0x47, 0x19, 0x47, 0x19, 0x47, 0x19,
    0x47, 0x19, 0x47, 0x19, 0x47, 0x19, 0x47, 0x19, 0x47, 0x19, 0x47, 0x19, 0x47, 0x19, 0x47, 0x19,
    0x47, 0x19, 0x47, 0x19, 0x47, 0x19, 0x47, 0x19, 0x47, 0x19, 0x47, 0x19, 0x47, 0x19, 0x47, 0x19,
    0x47, 0x19, 0x47, 0x19, 0x47, 0x19, 0x47, 0x19, 0x47, 0x19, 0x47, 0x19, 0x47, 0x19, 0x47, 0x19,
    0x47, 0x19, 0x47, 0x19, 0x47, 0x19, 0x47, 0x19, 0x47, 0x19, 0x47, 0x19, 0x47, 0x19, 0x47, 0x19,
    0x47, 0x19, 0x47, 0x19, 0x47, 0x19, 0x47, 0x19, 0x47, 0x19, 0x47, 0x19, 0x47, 0x19, 0x47, 0x19,
    0x47, 0x19, 0x47, 0x19, 0x47, 0x19, 0x47, 0x19, 0x47, 0x19, 0x47, 0x19, 0x47, 0x19, 0x47, 0x19,
    0x47, 0x19, 0x47, 0x19, 0x47, 0x19, 0x47, 0x19, 0x47, 0x19, 0x47, 0x19, 0x47, 0x19, 0x47, 0x19,
    0x47, 0x19, 0x47, 0x19, 0x47, 0x19, 0x47, 0x19, 0x47, 0x19, 0x47, 0x19, 0x47, 0x19, 0x47, 0x19,
    0x47, 0x19, 0x47, 0x19, 0x47, 0x19, 0x47, 0x19, 0x47, 0x19, 0x47, 0x19, 0x47, 0x19, 0x47, 0x19,
    0x47, 0x19, 0x47, 0x19, 0x47, 0x19, 0x47, 0x19, 0x47, 0x19, 0x47, 0x19, 0x47, 0x19, 0x47, 0x19,
    0x47, 0x19, 0x47, 0x19, 0x47, 0x19, 0x47, 0x19, 0x47, 0x19, 0x47, 0x19, 0x47, 0x19, 0x47, 0x19,
    0x47, 0x19, 0x47, 0x19, 0x47, 0x19, 0x47, 0x19, 0x47, 0x19, 0x47, 0x19, 0x47, 0x19, 0x47, 0x19,
    0x47, 0x19, 0x47, 0x19, 0x47, 0x19, 0x47, 0x21, 0x06, 0x11, 0x8b, 0x42, 0x55, 0xa5, 0xc5, 0x08,
    0x6b, 0x42, 0xd8, 0xb5, 0x27, 0x19, 0x47, 0x19, 0x47, 0x19, 0x47, 0x19, 0x47, 0x19, 0x47, 0x19,
    0x47, 0x19, 0x47, 0x21, 0xe6, 0x10, 0x8c, 0x4a, 0xba, 0xd6, 0xff, 0xff, 0xff, 0xff, 0xdf, 0xff,
    0xdf, 0xff, 0xdf, 0xff, 0xdf, 0xf7, 0xbe, 0xf7, 0xbe, 0xf7, 0xbe, 0xf7, 0xbe, 0xf7, 0xbe, 0xf7,
    0xff, 0xff, 0xff, 0xff, 0xdf, 0xff, 0xb4, 0x94, 0x27, 0x19, 0x27, 0x19, 0x47, 0x21, 0x47, 0x19,
    0x47, 0x19, 0x47, 0x19, 0x47, 0x19, 0x47, 0x19, 0x47, 0x19, 0x47, 0x19, 0x47, 0x19, 0x47, 0x19,
    0x47, 0x19, 0x47, 0x19, 0x47, 0x19, 0x47, 0x19, 0x47, 0x19, 0x47, 0x19, 0x47, 0x19, 0x47, 0x19,
    0x67, 0x21, 0x06, 0x11, 0xe9, 0x31, 0xf8, 0xbd, 0xff, 0xff, 0xff, 0xff, 0xdf, 0xff, 0xbe, 0xf7,
    0xbe, 0xf7, 0xbe, 0xf7, 0xbe, 0xf7, 0xbe, 0xf7, 0xdf, 0xff, 0xdf, 0xff, 0xdf, 0xff, 0xdf, 0xff,
    0xff, 0xff, 0xff, 0xff, 0x96, 0xad, 0x88, 0x29, 0x06, 0x11, 0x47, 0x21, 0x47, 0x19, 0x47, 0x19,
    0x47, 0x19, 0x47, 0x19, 0x47, 0x19, 0x67, 0x21, 0xc5, 0x08, 0xf4, 0x94, 0xdb, 0xd6, 0x06, 0x11,
    0x88, 0x29, 0x76, 0xad, 0x88, 0x29, 0x27, 0x19, 0x47, 0x19, 0x47, 0x19, 0x47, 0x19, 0x47, 0x19,
    0x47, 0x19, 0x47, 0x19, 0x47, 0x19, 0x47, 0x19, 0x47, 0x19, 0x47, 0x19, 0x47, 0x19, 0x47, 0x19,
    0x47, 0x19, 0x47, 0x19, 0x47, 0x19, 0x47, 0x19, 0x47, 0x19, 0x47, 0x19, 0x47, 0x19, 0x47, 0x19,
    0x47, 0x19, 0x47, 0x19, 0x47, 0x19, 0x47, 0x19, 0x47, 0x19, 0x47, 0x19, 0x47, 0x19, 0x47, 0x19,
    0x47, 0x19, 0x47, 0x19, 0x47, 0x19, 0x47, 0x19, 0x47, 0x19, 0x47, 0x19, 0x47, 0x19, 0x47, 0x19,
    0x47, 0x19, 0x47, 0x19, 0x47, 0x19, 0x47, 0x19, 0x47, 0x19, 0x47, 0x19, 0x47, 0x19, 0x47, 0x19,
    0x47, 0x19, 0x47, 0x19, 0x47, 0x19, 0x47, 0x19, 0x47, 0x19, 0x47, 0x19, 0x47, 0x19, 0x47, 0x19,
    0x47, 0x19, 0x47, 0x19, 0x47, 0x19, 0x47, 0x19, 0x47, 0x19, 0x47, 0x19, 0x47, 0x19, 0x47, 0x19,
    0x47, 0x19, 0x47, 0x19, 0x47, 0x19, 0x47, 0x19, 0x47, 0x19, 0x47, 0x19, 0x47, 0x19, 0x47, 0x19,
    0x47, 0x19, 0x47, 0x19, 0x47, 0x19, 0x47, 0x19, 0x47, 0x19, 0x47, 0x19, 0x47, 0x19, 0x47, 0x19,
    0x47, 0x19, 0x47, 0x19, 0x47, 0x19, 0x47, 0x19, 0x47, 0x19, 0x47, 0x19, 0x47, 0x19, 0x47, 0x19,
    0x47, 0x19, 0x47, 0x19, 0x47, 0x19, 0x47, 0x19, 0x47, 0x19, 0x47, 0x19, 0x47, 0x19, 0x47, 0x19,
    0x47, 0x19, 0x47, 0x19, 0x47, 0x19, 0x47, 0x19, 0x47, 0x19, 0x47, 0x19, 0x47, 0x19, 0x47, 0x19,
    0x47, 0x19, 0x47, 0x19, 0x47, 0x19, 0x47, 0x19, 0x47, 0x19, 0x47, 0x19, 0x47, 0x19, 0x47, 0x19,
    0x47, 0x19, 0x47, 0x19, 0x47, 0x19, 0x47, 0x19, 0x47, 0x19, 0x47, 0x19, 0x47, 0x19, 0x47, 0x19,
    0x47, 0x19, 0x47, 0x19, 0x47, 0x19, 0x47, 0x19, 0x47, 0x19, 0x47, 0x19, 0x47, 0x19, 0x47, 0x19,
    0x47, 0x19, 0x47, 0x19, 0x47, 0x19, 0x47, 0x19, 0x47, 0x19, 0x47, 0x19, 0x47, 0x19, 0x47, 0x19,
    0x47, 0x19, 0x47, 0x19, 0x47, 0x19, 0x47, 0x19, 0x47, 0x19, 0x47, 0x19, 0x47, 0x19, 0x47, 0x19,
    0x47, 0x19, 0x47, 0x19, 0x47, 0x19, 0x47, 0x19, 0x47, 0x19, 0x47, 0x19, 0x47, 0x19, 0x47, 0x19,
    0x47, 0x19, 0x47, 0x19, 0x47, 0x19, 0x47, 0x19, 0x47, 0x19, 0x47, 0x19, 0x47, 0x19, 0x47, 0x19,
    0x47, 0x19, 0x47, 0x19, 0x47, 0x19, 0x47, 0x19, 0x47, 0x19, 0x47, 0x19, 0x47, 0x19, 0x47, 0x19,
    0x47, 0x19, 0x47, 0x19, 0x47, 0x19, 0x47, 0x19, 0x47, 0x19, 0x47, 0x19, 0x47, 0x19, 0x47, 0x19,
    0x47, 0x19, 0x47, 0x19, 0x47, 0x19, 0x47, 0x19, 0x47, 0x19, 0x47, 0x19, 0x47, 0x19, 0x47, 0x19,
    0x47, 0x19, 0x47, 0x19, 0x47, 0x19, 0x47, 0x19, 0x47, 0x19, 0x47, 0x19, 0x47, 0x19, 0x47, 0x19,
    0x47, 0x19, 0x47, 0x19, 0x47, 0x19, 0x47, 0x21, 0x26, 0x11, 0xe9, 0x31, 0x76, 0xad, 0xc5, 0x10,
    0x55, 0xa5, 0x6f, 0x63, 0xc5, 0x08, 0x67, 0x21, 0x47, 0x19, 0x47, 0x19, 0x47, 0x19, 0x47, 0x19,
    0x67, 0x21, 0xe6, 0x10, 0x2e, 0x5b, 0x9e, 0xf7, 0xff, 0xff, 0xdf, 0xff, 0xdf, 0xff, 0xdf, 0xff,
    0xdf, 0xff, 0xdf, 0xff, 0xff, 0xff, 0xff, 0xff, 0xff, 0xff, 0xff, 0xff, 0xff, 0xff, 0xff, 0xff,
    0xdf, 0xff, 0xbe, 0xf7, 0xdf, 0xff, 0xff, 0xff, 0xb7, 0xb5, 0x47, 0x21, 0x27, 0x19, 0x47, 0x19,
    0x47, 0x19, 0x47, 0x19, 0x47, 0x19, 0x47, 0x19, 0x47, 0x19, 0x47, 0x19, 0x47, 0x19, 0x47, 0x19,
    0x47, 0x19, 0x47, 0x19, 0x47, 0x19, 0x47, 0x19, 0x47, 0x19, 0x47, 0x19, 0x47, 0x19, 0x67, 0x21,
    0x06, 0x11, 0x2a, 0x3a, 0xfc, 0xde, 0xff, 0xff, 0xdf, 0xff, 0xbe, 0xf7, 0xdf, 0xff, 0xff, 0xff,
    0xff, 0xff, 0xff, 0xff, 0xff, 0xff, 0xff, 0xff, 0xff, 0xff, 0xdf, 0xff, 0xdf, 0xff, 0xdf, 0xff,
    0xdf, 0xff, 0xdf, 0xff, 0xff, 0xff, 0x9a, 0xd6, 0xe9, 0x31, 0x06, 0x11, 0x47, 0x21, 0x47, 0x19,
    0x47, 0x19, 0x47, 0x19, 0x47, 0x19, 0x47, 0x19, 0x26, 0x19, 0xa8, 0x29, 0x7d, 0xef, 0x8f, 0x6b,
    0x88, 0x29, 0x96, 0xad, 0x47, 0x19, 0x47, 0x19, 0x47, 0x19, 0x47, 0x19, 0x47, 0x19, 0x47, 0x19,
    0x47, 0x19, 0x47, 0x19, 0x47, 0x19, 0x47, 0x19, 0x47, 0x19, 0x47, 0x19, 0x47, 0x19, 0x47, 0x19,
    0x47, 0x19, 0x47, 0x19, 0x47, 0x19, 0x47, 0x19, 0x47, 0x19, 0x47, 0x19, 0x47, 0x19, 0x47, 0x19,
    0x47, 0x19, 0x47, 0x19, 0x47, 0x19, 0x47, 0x19, 0x47, 0x19, 0x47, 0x19, 0x47, 0x19, 0x47, 0x19,
    0x47, 0x19, 0x47, 0x19, 0x47, 0x19, 0x47, 0x19, 0x47, 0x19, 0x47, 0x19, 0x47, 0x19, 0x47, 0x19,
    0x47, 0x19, 0x47, 0x19, 0x47, 0x19, 0x47, 0x19, 0x47, 0x19, 0x47, 0x19, 0x47, 0x19, 0x47, 0x19,
    0x47, 0x19, 0x47, 0x19, 0x47, 0x19, 0x47, 0x19, 0x47, 0x19, 0x47, 0x19, 0x47, 0x19, 0x47, 0x19,
    0x47, 0x19, 0x47, 0x19, 0x47, 0x19, 0x47, 0x19, 0x47, 0x19, 0x47, 0x19, 0x47, 0x19, 0x47, 0x19,
    0x47, 0x19, 0x47, 0x19, 0x47, 0x19, 0x47, 0x19, 0x47, 0x19, 0x47, 0x19, 0x47, 0x19, 0x47, 0x19,
    0x47, 0x19, 0x47, 0x19, 0x47, 0x19, 0x47, 0x19, 0x47, 0x19, 0x47, 0x19, 0x47, 0x19, 0x47, 0x19,
    0x47, 0x19, 0x47, 0x19, 0x47, 0x19, 0x47, 0x19, 0x47, 0x19, 0x47, 0x19, 0x47, 0x19, 0x47, 0x19,
    0x47, 0x19, 0x47, 0x19, 0x47, 0x19, 0x47, 0x19, 0x47, 0x19, 0x47, 0x19, 0x47, 0x19, 0x47, 0x19,
    0x47, 0x19, 0x47, 0x19, 0x47, 0x19, 0x47, 0x19, 0x47, 0x19, 0x47, 0x19, 0x47, 0x19, 0x47, 0x19,
    0x47, 0x19, 0x47, 0x19, 0x47, 0x19, 0x47, 0x19, 0x47, 0x19, 0x47, 0x19, 0x47, 0x19, 0x47, 0x19,
    0x47, 0x19, 0x47, 0x19, 0x47, 0x19, 0x47, 0x19, 0x47, 0x19, 0x47, 0x19, 0x47, 0x19, 0x47, 0x19,
    0x47, 0x19, 0x47, 0x19, 0x47, 0x19, 0x47, 0x19, 0x47, 0x19, 0x47, 0x19, 0x47, 0x19, 0x47, 0x19,
    0x47, 0x19, 0x47, 0x19, 0x47, 0x19, 0x47, 0x19, 0x47, 0x19, 0x47, 0x19, 0x47, 0x19, 0x47, 0x19,
    0x47, 0x19, 0x47, 0x19, 0x47, 0x19, 0x47, 0x19, 0x47, 0x19, 0x47, 0x19, 0x47, 0x19, 0x47, 0x19,
    0x47, 0x19, 0x47, 0x19, 0x47, 0x19, 0x47, 0x19, 0x47, 0x19, 0x47, 0x19, 0x47, 0x19, 0x47, 0x19,
    0x47, 0x19, 0x47, 0x19, 0x47, 0x19, 0x47, 0x19, 0x47, 0x19, 0x47, 0x19, 0x47, 0x19, 0x47, 0x19,
    0x47, 0x19, 0x47, 0x19, 0x47, 0x19, 0x47, 0x19, 0x47, 0x19, 0x47, 0x19, 0x47, 0x19, 0x47, 0x19,
    0x47, 0x19, 0x47, 0x19, 0x47, 0x19, 0x47, 0x19, 0x47, 0x19, 0x47, 0x19, 0x47, 0x19, 0x47, 0x19,
    0x47, 0x19, 0x47, 0x19, 0x47, 0x19, 0x47, 0x19, 0x47, 0x19, 0x47, 0x19, 0x47, 0x19, 0x47, 0x19,
    0x47, 0x19, 0x47, 0x19, 0x47, 0x19, 0x47, 0x19, 0x47, 0x19, 0x47, 0x19, 0x47, 0x19, 0x47, 0x19,
    0x47, 0x19, 0x47, 0x19, 0x47, 0x19, 0x47, 0x19, 0x47, 0x19, 0x68, 0x21, 0x35, 0xa5, 0x2e, 0x5b,
    0x96, 0xad, 0x27, 0x19, 0x47, 0x19, 0x47, 0x19, 0x47, 0x19, 0x47, 0x19, 0x47, 0x19, 0x67, 0x21,
    0xe6, 0x10, 0xcc, 0x52, 0xbe, 0xf7, 0xff, 0xff, 0xdf, 0xf7, 0xdf, 0xff, 0xdf, 0xff, 0xdf, 0xff,
    0xff, 0xff, 0xff, 0xff, 0x9a, 0xd6, 0x76, 0xad, 0x15, 0x9d, 0x35, 0xa5, 0x18, 0xbe, 0x5d, 0xe7,
    0xff, 0xff, 0xff, 0xff, 0xdf, 0xff, 0xdf, 0xf7, 0xff, 0xff, 0x97, 0xad, 0x26, 0x19, 0x47, 0x19,
    0x47, 0x19, 0x47, 0x19, 0x47, 0x19, 0x47, 0x19, 0x47, 0x19, 0x47, 0x19, 0x47, 0x19, 0x47, 0x19,
    0x47, 0x19, 0x47, 0x19, 0x47, 0x19, 0x47, 0x19, 0x47, 0x19, 0x47, 0x19, 0x47, 0x21, 0x06, 0x19,
    0xc9, 0x31, 0xfc, 0xde, 0xff, 0xff, 0xbe, 0xf7, 0xdf, 0xff, 0xff, 0xff, 0xff, 0xff, 0xdb, 0xde,
    0xb7, 0xb5, 0x15, 0x9d, 0x15, 0x9d, 0xd7, 0xb5, 0x1c, 0xdf, 0xff, 0xff, 0xff, 0xff, 0xdf, 0xff,
    0xdf, 0xff, 0xdf, 0xff, 0xbf, 0xf7, 0xff, 0xff, 0x9a, 0xd6, 0x88, 0x29, 0x26, 0x19, 0x47, 0x19,
    0x47, 0x19, 0x47, 0x19, 0x47, 0x19, 0x47, 0x19, 0x67, 0x21, 0xc5, 0x08, 0xb3, 0x94, 0x9a, 0xce,
    0xcc, 0x52, 0x15, 0x9d, 0xe6, 0x10, 0x47, 0x19, 0x47, 0x19, 0x47, 0x19, 0x47, 0x19, 0x47, 0x19,
    0x47, 0x19, 0x47, 0x19, 0x47, 0x19, 0x47, 0x19, 0x47, 0x19, 0x47, 0x19, 0x47, 0x19, 0x47, 0x19,
    0x47, 0x19, 0x47, 0x19, 0x47, 0x19, 0x47, 0x19, 0x47, 0x19, 0x47, 0x19, 0x47, 0x19, 0x47, 0x19,
    0x47, 0x19, 0x47, 0x19, 0x47, 0x19, 0x47, 0x19, 0x47, 0x19, 0x47, 0x19, 0x47, 0x19, 0x47, 0x19,
    0x47, 0x19, 0x47, 0x19, 0x47, 0x19, 0x47, 0x19, 0x47, 0x19, 0x47, 0x19, 0x47, 0x19, 0x47, 0x19,
    0x47, 0x19, 0x47, 0x19, 0x47, 0x19, 0x47, 0x19, 0x47, 0x19, 0x47, 0x19, 0x47, 0x19, 0x47, 0x19,
    0x47, 0x19, 0x47, 0x19, 0x47, 0x19, 0x47, 0x19, 0x47, 0x19, 0x47, 0x19, 0x47, 0x19, 0x47, 0x19,
    0x47, 0x19, 0x47, 0x19, 0x47, 0x19, 0x47, 0x19, 0x47, 0x19, 0x47, 0x19, 0x47, 0x19, 0x47, 0x19,
    0x47, 0x19, 0x47, 0x19, 0x47, 0x19, 0x47, 0x19, 0x47, 0x19, 0x47, 0x19, 0x47, 0x19, 0x47, 0x19,
    0x47, 0x19, 0x47, 0x19, 0x47, 0x19, 0x47, 0x19, 0x47, 0x19, 0x47, 0x19, 0x47, 0x19, 0x47, 0x19,
    0x47, 0x19, 0x47, 0x19, 0x47, 0x19, 0x47, 0x19, 0x47, 0x19, 0x47, 0x19, 0x47, 0x19, 0x47, 0x19,
    0x47, 0x19, 0x47, 0x19, 0x47, 0x19, 0x47, 0x19, 0x47, 0x19, 0x47, 0x19, 0x47, 0x19, 0x47, 0x19,
    0x47, 0x19, 0x47, 0x19, 0x47, 0x19, 0x47, 0x19, 0x47, 0x19, 0x47, 0x19, 0x47, 0x19, 0x47, 0x19,
    0x47, 0x19, 0x47, 0x19, 0x47, 0x19, 0x47, 0x19, 0x47, 0x19, 0x47, 0x19, 0x47, 0x19, 0x47, 0x19,
    0x47, 0x19, 0x47, 0x19, 0x47, 0x19, 0x47, 0x19, 0x47, 0x19, 0x47, 0x19, 0x47, 0x19, 0x47, 0x19,
    0x47, 0x19, 0x47, 0x19, 0x47, 0x19, 0x47, 0x19, 0x47, 0x19, 0x47, 0x19, 0x47, 0x19, 0x47, 0x19,
    0x47, 0x19, 0x47, 0x19, 0x47, 0x19, 0x47, 0x19, 0x47, 0x19, 0x47, 0x19, 0x47, 0x19, 0x47, 0x19,
    0x47, 0x19, 0x47, 0x19, 0x47, 0x19, 0x47, 0x19, 0x47, 0x19, 0x47, 0x19, 0x47, 0x19, 0x47, 0x19,
    0x47, 0x19, 0x47, 0x19, 0x47, 0x19, 0x47, 0x19, 0x47, 0x19, 0x47, 0x19, 0x47, 0x19, 0x47, 0x19,
    0x47, 0x19, 0x47, 0x19, 0x47, 0x19, 0x47, 0x19, 0x47, 0x19, 0x47, 0x19, 0x47, 0x19, 0x47, 0x19,
    0x47, 0x19, 0x47, 0x19, 0x47, 0x19, 0x47, 0x19, 0x47, 0x19, 0x47, 0x19, 0x47, 0x19, 0x47, 0x19,
    0x47, 0x19, 0x47, 0x19, 0x47, 0x19, 0x47, 0x19, 0x47, 0x19, 0x47, 0x19, 0x47, 0x19, 0x47, 0x19,
    0x47, 0x19, 0x47, 0x19, 0x47, 0x19, 0x47, 0x19, 0x47, 0x19, 0x47, 0x19, 0x47, 0x19, 0x47, 0x19,
    0x47, 0x19, 0x47, 0x19, 0x47, 0x19, 0x47, 0x19, 0x47, 0x19, 0x47, 0x19, 0x47, 0x19, 0x47, 0x19,
    0x47, 0x19, 0x47, 0x19, 0x47, 0x19, 0x47, 0x19, 0x68, 0x21, 0xc5, 0x08, 0x72, 0x8c, 0xdb, 0xde,
    0x2e, 0x5b, 0xe6, 0x10, 0x67, 0x21, 0x47, 0x19, 0x47, 0x19, 0x47, 0x19, 0x47, 0x21, 0x26, 0x19,
    0xc9, 0x29, 0x1c, 0xe7, 0xff, 0xff, 0xdf, 0xff, 0xdf, 0xff, 0xdf, 0xff, 0xff, 0xff, 0xff, 0xff,
    0x56, 0xa5, 0xac, 0x4a, 0x47, 0x21, 0xe6, 0x10, 0xe5, 0x10, 0xe6, 0x10, 0x06, 0x11, 0xc9, 0x31,
    0xb0, 0x73, 0xdb, 0xd6, 0xff, 0xff, 0xdf, 0xff, 0xbf, 0xf7, 0xff, 0xff, 0x52, 0x84, 0xe5, 0x10,
    0x67, 0x21, 0x47, 0x19, 0x47, 0x19, 0x47, 0x19, 0x47, 0x19, 0x47, 0x19, 0x47, 0x19, 0x47, 0x19,
    0x47, 0x19, 0x47, 0x19, 0x47, 0x19, 0x47, 0x19, 0x47, 0x19, 0x47, 0x19, 0x47, 0x19, 0x27, 0x19,
    0x18, 0xbe, 0xff, 0xff, 0xbe, 0xf7, 0xff, 0xff, 0xff, 0xff, 0xf8, 0xbd, 0x0d, 0x5b, 0x88, 0x21,
    0x06, 0x11, 0xe5, 0x10, 0xe5, 0x10, 0x06, 0x11, 0xa8, 0x29, 0x4e, 0x63, 0x59, 0xc6, 0xff, 0xff,
    0xff, 0xff, 0xdf, 0xff, 0xdf, 0xff, 0xbe, 0xf7, 0xff, 0xff, 0x97, 0xad, 0x06, 0x11, 0x47, 0x19,
    0x47, 0x19, 0x47, 0x19, 0x47, 0x19, 0x47, 0x19, 0x47, 0x19, 0x26, 0x19, 0xc9, 0x31, 0x1c, 0xdf,
    0x59, 0xce, 0xf1, 0x7b, 0xe6, 0x10, 0x67, 0x21, 0x47, 0x19, 0x47, 0x19, 0x47, 0x19, 0x47, 0x19,
    0x47, 0x19, 0x47, 0x19, 0x47, 0x19, 0x47, 0x19, 0x47, 0x19, 0x47, 0x19, 0x47, 0x19, 0x47, 0x19,
    0x47, 0x19, 0x47, 0x19, 0x47, 0x19, 0x47, 0x19, 0x47, 0x19, 0x47, 0x19, 0x47, 0x19, 0x47, 0x19,
    0x47, 0x19, 0x47, 0x19, 0x47, 0x19, 0x47, 0x19, 0x47, 0x19, 0x47, 0x19, 0x47, 0x19, 0x47, 0x19,
    0x47, 0x19, 0x47, 0x19, 0x47, 0x19, 0x47, 0x19, 0x47, 0x19, 0x47, 0x19, 0x47, 0x19, 0x47, 0x19,
    0x47, 0x19, 0x47, 0x19, 0x47, 0x19, 0x47, 0x19, 0x47, 0x19, 0x47, 0x19, 0x47, 0x19, 0x47, 0x19,
    0x47, 0x19, 0x47, 0x19, 0x47, 0x19, 0x47, 0x19, 0x47, 0x19, 0x47, 0x19, 0x47, 0x19, 0x47, 0x19,
    0x47, 0x19, 0x47, 0x19, 0x47, 0x19, 0x47, 0x19, 0x47, 0x19, 0x47, 0x19, 0x47, 0x19, 0x47, 0x19,
    0x47, 0x19, 0x47, 0x19, 0x47, 0x19, 0x47, 0x19, 0x47, 0x19, 0x47, 0x19, 0x47, 0x19, 0x47, 0x19,
    0x47, 0x19, 0x47, 0x19, 0x47, 0x19, 0x47, 0x19, 0x47, 0x19, 0x47, 0x19, 0x47, 0x19, 0x47, 0x19,
    0x47, 0x19, 0x47, 0x19, 0x47, 0x19, 0x47, 0x19, 0x47, 0x19, 0x47, 0x19, 0x47, 0x19, 0x47, 0x19,
    0x47, 0x19, 0x47, 0x19, 0x47, 0x19, 0x47, 0x19, 0x47, 0x19, 0x47, 0x19, 0x47, 0x19, 0x47, 0x19,
    0x47, 0x19, 0x47, 0x19, 0x47, 0x19, 0x47, 0x19, 0x47, 0x19, 0x47, 0x19, 0x47, 0x19, 0x47, 0x19,
    0x47, 0x19, 0x47, 0x19, 0x47, 0x19, 0x47, 0x19, 0x47, 0x19, 0x47, 0x19, 0x47, 0x19, 0x47, 0x19,
    0x47, 0x19, 0x47, 0x19, 0x47, 0x19, 0x47, 0x19, 0x47, 0x19, 0x47, 0x19, 0x47, 0x19, 0x47, 0x19,
    0x47, 0x19, 0x47, 0x19, 0x47, 0x19, 0x47, 0x19, 0x47, 0x19, 0x47, 0x19, 0x47, 0x19, 0x47, 0x19,
    0x47, 0x19, 0x47, 0x19, 0x47, 0x19, 0x47, 0x19, 0x47, 0x19, 0x47, 0x19, 0x47, 0x19, 0x47, 0x19,
    0x47, 0x19, 0x47, 0x19, 0x47, 0x19, 0x47, 0x19, 0x47, 0x19, 0x47, 0x19, 0x47, 0x19, 0x47, 0x19,
    0x47, 0x19, 0x47, 0x19, 0x47, 0x19, 0x47, 0x19, 0x47, 0x19, 0x47, 0x19, 0x47, 0x19, 0x47, 0x19,
    0x47, 0x19, 0x47, 0x19, 0x47, 0x19, 0x47, 0x19, 0x47, 0x19, 0x47, 0x19, 0x47, 0x19, 0x47, 0x19,
    0x47, 0x19, 0x47, 0x19, 0x47, 0x19, 0x47, 0x19, 0x47, 0x19, 0x47, 0x19, 0x47, 0x19, 0x47, 0x19,
    0x47, 0x19, 0x47, 0x19, 0x47, 0x19, 0x47, 0x19, 0x47, 0x19, 0x47, 0x19, 0x47, 0x19, 0x47, 0x19,
    0x47, 0x19, 0x47, 0x19, 0x47, 0x19, 0x47, 0x19, 0x47, 0x19, 0x47, 0x19, 0x47, 0x19, 0x47, 0x19,
    0x47, 0x19, 0x47, 0x19, 0x47, 0x19, 0x47, 0x19, 0x47, 0x19, 0x47, 0x19, 0x47, 0x19, 0x47, 0x19,
    0x47, 0x19, 0x47, 0x19, 0x67, 0x21, 0x47, 0x19, 0xe6, 0x10, 0xa8, 0x29, 0xb7, 0xb5, 0xbb, 0xd6,
    0x26, 0x19, 0x47, 0x19, 0x47, 0x19, 0x47, 0x19, 0x47, 0x19, 0x47, 0x19, 0x47, 0x21, 0xe6, 0x10,
    0x35, 0xa5, 0xff, 0xff, 0xdf, 0xff, 0xdf, 0xff, 0xdf, 0xff, 0xff, 0xff, 0x5d, 0xe7, 0x0d, 0x5b,
    0xe6, 0x10, 0x06, 0x11, 0x47, 0x19, 0x47, 0x21, 0x67, 0x21, 0x47, 0x21, 0x47, 0x19, 0x26, 0x19,
    0xc5, 0x10, 0x67, 0x21, 0x15, 0x9d, 0xff, 0xff, 0xdf, 0xff, 0xff, 0xff, 0x9e, 0xf7, 0x2a, 0x3a,
    0x06, 0x11, 0x47, 0x21, 0x47, 0x19, 0x47, 0x19, 0x47, 0x19, 0x47, 0x19, 0x47, 0x19, 0x47, 0x19,
    0x47, 0x19, 0x47, 0x19, 0x47, 0x19, 0x47, 0x19, 0x47, 0x19, 0x67, 0x21, 0xe5, 0x10, 0xb0, 0x73,
    0xff, 0xff, 0xde, 0xf7, 0xff, 0xff, 0xbe, 0xf7, 0xd0, 0x73, 0x06, 0x11, 0xe6, 0x10, 0x27, 0x19,
    0x47, 0x19, 0x67, 0x21, 0x47, 0x21, 0x47, 0x19, 0x27, 0x19, 0xe6, 0x10, 0x26, 0x19, 0x52, 0x84,
    0xdf, 0xff, 0xdf, 0xff, 0xdf, 0xff, 0xdf, 0xff, 0xdf, 0xff, 0xff, 0xff, 0x6f, 0x63, 0xe6, 0x10,
    0x67, 0x21, 0x47, 0x19, 0x47, 0x19, 0x47, 0x19, 0x47, 0x19, 0x67, 0x21, 0xc5, 0x08, 0xf4, 0x9c,
    0xff, 0xff, 0x2a, 0x3a, 0x06, 0x11, 0x67, 0x21, 0x47, 0x19, 0x47, 0x19, 0x47, 0x19, 0x47, 0x19,
    0x47, 0x19, 0x47, 0x19, 0x47, 0x19, 0x47, 0x19, 0x47, 0x19, 0x47, 0x19, 0x47, 0x19, 0x47, 0x19,
    0x47, 0x19, 0x47, 0x19, 0x47, 0x19, 0x47, 0x19, 0x47, 0x19, 0x47, 0x19, 0x47, 0x19, 0x47, 0x19,
    0x47, 0x19, 0x47, 0x19, 0x47, 0x19, 0x47, 0x19, 0x47, 0x19, 0x47, 0x19, 0x47, 0x19, 0x47, 0x19,
    0x47, 0x19, 0x47, 0x19, 0x47, 0x19, 0x47, 0x19, 0x47, 0x19, 0x47, 0x19, 0x47, 0x19, 0x47, 0x19,
    0x47, 0x19, 0x47, 0x19, 0x47, 0x19, 0x47, 0x19, 0x47, 0x19, 0x47, 0x19, 0x47, 0x19, 0x47, 0x19,
    0x47, 0x19, 0x47, 0x19, 0x47, 0x19, 0x47, 0x19, 0x47, 0x19, 0x47, 0x19, 0x47, 0x19, 0x47, 0x19,
    0x47, 0x19, 0x47, 0x19, 0x47, 0x19, 0x47, 0x19, 0x47, 0x19, 0x47, 0x19, 0x47, 0x19, 0x47, 0x19,
    0x47, 0x19, 0x47, 0x19, 0x47, 0x19, 0x47, 0x19, 0x47, 0x19, 0x47, 0x19, 0x47, 0x19, 0x47, 0x19,
    0x47, 0x19, 0x47, 0x19, 0x47, 0x19, 0x47, 0x19, 0x47, 0x19, 0x47, 0x19, 0x47, 0x19, 0x47, 0x19,
    0x47, 0x19, 0x47, 0x19, 0x47, 0x19, 0x47, 0x19, 0x47, 0x19, 0x47, 0x19, 0x47, 0x19, 0x47, 0x19,
    0x47, 0x19, 0x47, 0x19, 0x47, 0x19, 0x47, 0x19, 0x47, 0x19, 0x47, 0x19, 0x47, 0x19, 0x47, 0x19,
    0x47, 0x19, 0x47, 0x19, 0x47, 0x19, 0x47, 0x19, 0x47, 0x19, 0x47, 0x19, 0x47, 0x19, 0x47, 0x19,
    0x47, 0x19, 0x47, 0x19, 0x47, 0x19, 0x47, 0x19, 0x47, 0x19, 0x47, 0x19, 0x47, 0x19, 0x47, 0x19,
    0x47, 0x19, 0x47, 0x19, 0x47, 0x19, 0x47, 0x19, 0x47, 0x19, 0x47, 0x19, 0x47, 0x19, 0x47, 0x19,
    0x47, 0x19, 0x47, 0x19, 0x47, 0x19, 0x47, 0x19, 0x47, 0x19, 0x47, 0x19, 0x47, 0x19, 0x47, 0x19,
    0x47, 0x19, 0x47, 0x19, 0x47, 0x19, 0x47, 0x19, 0x47, 0x19, 0x47, 0x19, 0x47, 0x19, 0x47, 0x19,
    0x47, 0x19, 0x47, 0x19, 0x47, 0x19, 0x47, 0x19, 0x47, 0x19, 0x47, 0x19, 0x47, 0x19, 0x47, 0x19,
    0x47, 0x19, 0x47, 0x19, 0x47, 0x19, 0x47, 0x19, 0x47, 0x19, 0x47, 0x19, 0x47, 0x19, 0x47, 0x19,
    0x47, 0x19, 0x47, 0x19, 0x47, 0x19, 0x47, 0x19, 0x47, 0x19, 0x47, 0x19, 0x47, 0x19, 0x47, 0x19,
    0x47, 0x19, 0x47, 0x19, 0x47, 0x19, 0x47, 0x19, 0x47, 0x19, 0x47, 0x19, 0x47, 0x19, 0x47, 0x19,
    0x47, 0x19, 0x47, 0x19, 0x47, 0x19, 0x47, 0x19, 0x47, 0x19, 0x47, 0x19, 0x47, 0x19, 0x47, 0x19,
    0x47, 0x19, 0x47, 0x19, 0x47, 0x19, 0x47, 0x19, 0x47, 0x19, 0x47, 0x19, 0x47, 0x19, 0x47, 0x19,
    0x47, 0x19, 0x47, 0x19, 0x47, 0x19, 0x47, 0x19, 0x47, 0x19, 0x47, 0x19, 0x47, 0x19, 0x47, 0x19,
    0x47, 0x19, 0x67, 0x21, 0x06, 0x11, 0x47, 0x19, 0x32, 0x84, 0x56, 0xa5, 0x59, 0xc6, 0x31, 0x7c,
    0xc5, 0x08, 0x67, 0x21, 0x47, 0x19, 0x47, 0x19, 0x47, 0x19, 0x47, 0x21, 0x06, 0x11, 0x4b, 0x42,
    0xbe, 0xf7, 0xdf, 0xff, 0xdf, 0xff, 0xdf, 0xff, 0xff, 0xff, 0x3d, 0xe7, 0x4b, 0x42, 0xc5, 0x08,
    0x67, 0x21, 0x47, 0x21, 0x47, 0x19, 0x47, 0x19, 0x47, 0x19, 0x47, 0x19, 0x47, 0x19, 0x47, 0x19,
    0x67, 0x21, 0x27, 0x19, 0xe5, 0x10, 0xb3, 0x94, 0xff, 0xff, 0xbe, 0xf7, 0xff, 0xff, 0x15, 0x9d,
    0xe5, 0x10, 0x47, 0x21, 0x47, 0x19, 0x47, 0x19, 0x47, 0x19, 0x47, 0x19, 0x47, 0x19, 0x47, 0x19,
    0x47, 0x19, 0x47, 0x19, 0x47, 0x19, 0x47, 0x19, 0x47, 0x19, 0x27, 0x19, 0x67, 0x21, 0xbb, 0xd6,
    0xff, 0xff, 0xdf, 0xff, 0xbe, 0xf7, 0x0e, 0x5b, 0xc5, 0x08, 0x47, 0x21, 0x67, 0x21, 0x47, 0x19,
    0x47, 0x19, 0x47, 0x19, 0x47, 0x19, 0x47, 0x19, 0x47, 0x19, 0x67, 0x21, 0x47, 0x19, 0xc5, 0x08,
    0xd0, 0x73, 0xff, 0xff, 0xdf, 0xff, 0xdf, 0xff, 0xdf, 0xff, 0xff, 0xff, 0x9a, 0xce, 0x47, 0x19,
    0x47, 0x19, 0x47, 0x19, 0x47, 0x19, 0x47, 0x19, 0x47, 0x19, 0x47, 0x21, 0x06, 0x11, 0x8c, 0x4a,
    0x7e, 0xef, 0x6f, 0x63, 0xe6, 0x10, 0x06, 0x11, 0x67, 0x21, 0x47, 0x19, 0x47, 0x19, 0x47, 0x19,
    0x47, 0x19, 0x47, 0x19, 0x47, 0x19, 0x47, 0x19, 0x47, 0x19, 0x47, 0x19, 0x47, 0x19, 0x47, 0x19,
    0x47, 0x19, 0x47, 0x19, 0x47, 0x19, 0x47, 0x19, 0x47, 0x19, 0x47, 0x19, 0x47, 0x19, 0x47, 0x19,
    0x47, 0x19, 0x47, 0x19, 0x47, 0x19, 0x47, 0x19, 0x47, 0x19, 0x47, 0x19, 0x47, 0x19, 0x47, 0x19,
    0x47, 0x19, 0x47, 0x19, 0x47, 0x19, 0x47, 0x19, 0x47, 0x19, 0x47, 0x19, 0x47, 0x19, 0x47, 0x19,
    0x47, 0x19, 0x47, 0x19, 0x47, 0x19, 0x47, 0x19, 0x47, 0x19, 0x47, 0x19, 0x47, 0x19, 0x47, 0x19,
    0x47, 0x19, 0x47, 0x19, 0x47, 0x19, 0x47, 0x19, 0x47, 0x19, 0x47, 0x19, 0x47, 0x19, 0x47, 0x19,
    0x47, 0x19, 0x47, 0x19, 0x47, 0x19, 0x47, 0x19, 0x47, 0x19, 0x47, 0x19, 0x47, 0x19, 0x47, 0x19,
    0x47, 0x19, 0x47, 0x19, 0x47, 0x19, 0x47, 0x19, 0x47, 0x19, 0x47, 0x19, 0x47, 0x19, 0x47, 0x19,
    0x47, 0x19, 0x47, 0x19, 0x47, 0x19, 0x47, 0x19, 0x47, 0x19, 0x47, 0x19, 0x47, 0x19, 0x47, 0x19,
    0x47, 0x19, 0x47, 0x19, 0x47, 0x19, 0x47, 0x19, 0x47, 0x19, 0x47, 0x19, 0x47, 0x19, 0x47, 0x19,
    0x47, 0x19, 0x47, 0x19, 0x47, 0x19, 0x47, 0x19, 0x47, 0x19, 0x47, 0x19, 0x47, 0x19, 0x47, 0x19,
    0x47, 0x19, 0x47, 0x19, 0x47, 0x19, 0x47, 0x19, 0x47, 0x19, 0x47, 0x19, 0x47, 0x19, 0x47, 0x19,
    0x47, 0x19, 0x47, 0x19, 0x47, 0x19, 0x47, 0x19, 0x47, 0x19, 0x47, 0x19, 0x47, 0x19, 0x47, 0x19,
    0x47, 0x19, 0x47, 0x19, 0x47, 0x19, 0x47, 0x19, 0x47, 0x19, 0x47, 0x19, 0x47, 0x19, 0x47, 0x19,
    0x47, 0x19, 0x47, 0x19, 0x47, 0x19, 0x47, 0x19, 0x47, 0x19, 0x47, 0x19, 0x47, 0x19, 0x47, 0x19,
    0x47, 0x19, 0x47, 0x19, 0x47, 0x19, 0x47, 0x19, 0x47, 0x19, 0x47, 0x19, 0x47, 0x19, 0x47, 0x19,
    0x47, 0x19, 0x47, 0x19, 0x47, 0x19, 0x47, 0x19, 0x47, 0x19, 0x47, 0x19, 0x47, 0x19, 0x47, 0x19,
    0x47, 0x19, 0x47, 0x19, 0x47, 0x19, 0x47, 0x19, 0x47, 0x19, 0x47, 0x19, 0x47, 0x19, 0x47, 0x19,
    0x47, 0x19, 0x47, 0x19, 0x47, 0x19, 0x47, 0x19, 0x47, 0x19, 0x47, 0x19, 0x47, 0x19, 0x47, 0x19,
    0x47, 0x19, 0x47, 0x19, 0x47, 0x19, 0x47, 0x19, 0x47, 0x19, 0x47, 0x19, 0x47, 0x19, 0x47, 0x19,
    0x47, 0x19, 0x47, 0x19, 0x47, 0x19, 0x47, 0x19, 0x47, 0x19, 0x47, 0x19, 0x47, 0x19, 0x47, 0x19,
    0x47, 0x19, 0x47, 0x19, 0x47, 0x19, 0x47, 0x19, 0x47, 0x19, 0x47, 0x19, 0x47, 0x19, 0x47, 0x19,
    0x47, 0x19, 0x47, 0x19, 0x47, 0x19, 0x47, 0x19, 0x47, 0x19, 0x47, 0x19, 0x47, 0x19, 0x47, 0x19,
    0x47, 0x21, 0xe5, 0x10, 0x6b, 0x42, 0x7a, 0xce, 0xff, 0xff, 0xac, 0x4a, 0xf4, 0x9c, 0x6b, 0x42,
    0x06, 0x11, 0x47, 0x19, 0x47, 0x19, 0x47, 0x19, 0x47, 0x19, 0x67, 0x21, 0xe5, 0x10, 0xd4, 0x94,
    0xff, 0xff, 0xdf, 0xff, 0xdf, 0xff, 0xdf, 0xff, 0xdf, 0xff, 0x0e, 0x5b, 0xc5, 0x08, 0x67, 0x21,
    0x47, 0x19, 0x47, 0x19, 0x47, 0x19, 0x47, 0x19, 0x47, 0x19, 0x47, 0x19, 0x47, 0x19, 0x47, 0x19,
    0x47, 0x19, 0x47, 0x21, 0x47, 0x19, 0x06, 0x11, 0xd7, 0xb5, 0xff, 0xff, 0xdf, 0xff, 0x5d, 0xef,
    0xc9, 0x31, 0x26, 0x19, 0x47, 0x21, 0x47, 0x19, 0x47, 0x19, 0x47, 0x19, 0x47, 0x19, 0x47, 0x19,
    0x47, 0x19, 0x47, 0x19, 0x47, 0x19, 0x47, 0x19, 0x67, 0x21, 0xe6, 0x10, 0x4e, 0x63, 0xff, 0xff,
    0xdf, 0xff, 0xff, 0xff, 0x11, 0x7c, 0xc5, 0x08, 0x67, 0x21, 0x47, 0x19, 0x47, 0x19, 0x47, 0x19,
    0x47, 0x19, 0x47, 0x19, 0x47, 0x19, 0x47, 0x19, 0x47, 0x19, 0x47, 0x19, 0x47, 0x19, 0x67, 0x21,
    0xc5, 0x08, 0xd4, 0x94, 0xff, 0xff, 0xdf, 0xff, 0xdf, 0xff, 0xdf, 0xff, 0xff, 0xff, 0x0d, 0x5b,
    0xe6, 0x10, 0x67, 0x21, 0x47, 0x19, 0x47, 0x19, 0x47, 0x19, 0x47, 0x19, 0x47, 0x19, 0x27, 0x19,
    0xd8, 0xbd, 0xd7, 0xb5, 0x56, 0xa5, 0x8b, 0x42, 0xc5, 0x08, 0x47, 0x19, 0x47, 0x19, 0x47, 0x19,
    0x47, 0x19, 0x47, 0x19, 0x47, 0x19, 0x47, 0x19, 0x47, 0x19, 0x47, 0x19, 0x47, 0x19, 0x47, 0x19,
    0x47, 0x19, 0x47, 0x19, 0x47, 0x19, 0x47, 0x19, 0x47, 0x19, 0x47, 0x19, 0x47, 0x19, 0x47, 0x19,
    0x47, 0x19, 0x47, 0x19, 0x47, 0x19, 0x47, 0x19, 0x47, 0x19, 0x47, 0x19, 0x47, 0x19, 0x47, 0x19,
    0x47, 0x19, 0x47, 0x19, 0x47, 0x19, 0x47, 0x19, 0x47, 0x19, 0x47, 0x19, 0x47, 0x19, 0x47, 0x19,
    0x47, 0x19, 0x47, 0x19, 0x47, 0x19, 0x47, 0x19, 0x47, 0x19, 0x47, 0x19, 0x47, 0x19, 0x47, 0x19,
    0x47, 0x19, 0x47, 0x19, 0x47, 0x19, 0x47, 0x19, 0x47, 0x19, 0x47, 0x19, 0x47, 0x19, 0x47, 0x19,
    0x47, 0x19, 0x47, 0x19, 0x47, 0x19, 0x47, 0x19, 0x47, 0x19, 0x47, 0x19, 0x47, 0x19, 0x47, 0x19,
    0x47, 0x19, 0x47, 0x19, 0x47, 0x19, 0x47, 0x19, 0x47, 0x19, 0x47, 0x19, 0x47, 0x19, 0x47, 0x19,
    0x47, 0x19, 0x47, 0x19, 0x47, 0x19, 0x47, 0x19, 0x47, 0x19, 0x47, 0x19, 0x47, 0x19, 0x47, 0x19,
    0x47, 0x19, 0x47, 0x19, 0x47, 0x19, 0x47, 0x19, 0x47, 0x19, 0x47, 0x19, 0x47, 0x19, 0x47, 0x19,
    0x47, 0x19, 0x47, 0x19, 0x47, 0x19, 0x47, 0x19, 0x47, 0x19, 0x47, 0x19, 0x47, 0x19, 0x47, 0x19,
    0x47, 0x19, 0x47, 0x19, 0x47, 0x19, 0x47, 0x19, 0x47, 0x19, 0x47, 0x19, 0x47, 0x19, 0x47, 0x19,
    0x47, 0x19, 0x47, 0x19, 0x47, 0x19, 0x47, 0x19, 0x47, 0x19, 0x47, 0x19, 0x47, 0x19, 0x47, 0x19,
    0x47, 0x19, 0x47, 0x19, 0x47, 0x19, 0x47, 0x19, 0x47, 0x19, 0x47, 0x19, 0x47, 0x19, 0x47, 0x19,
    0x47, 0x19, 0x47, 0x19, 0x47, 0x19, 0x47, 0x19, 0x47, 0x19, 0x47, 0x19, 0x47, 0x19, 0x47, 0x19,
    0x47, 0x19, 0x47, 0x19, 0x47, 0x19, 0x47, 0x19, 0x47, 0x19, 0x47, 0x19, 0x47, 0x19, 0x47, 0x19,
    0x47, 0x19, 0x47, 0x19, 0x47, 0x19, 0x47, 0x19, 0x47, 0x19, 0x47, 0x19, 0x47, 0x19, 0x47, 0x19,
    0x47, 0x19, 0x47, 0x19, 0x47, 0x19, 0x47, 0x19, 0x47, 0x19, 0x47, 0x19, 0x47, 0x19, 0x47, 0x19,
    0x47, 0x19, 0x47, 0x19, 0x47, 0x19, 0x47, 0x19, 0x47, 0x19, 0x47, 0x19, 0x47, 0x19, 0x47, 0x19,
    0x47, 0x19, 0x47, 0x19, 0x47, 0x19, 0x47, 0x19, 0x47, 0x19, 0x47, 0x19, 0x47, 0x19, 0x47, 0x19,
    0x47, 0x19, 0x47, 0x19, 0x47, 0x19, 0x47, 0x19, 0x47, 0x19, 0x47, 0x19, 0x47, 0x19, 0x47, 0x19,
    0x47, 0x19, 0x47, 0x19, 0x47, 0x19, 0x47, 0x19, 0x47, 0x19, 0x47, 0x19, 0x47, 0x19, 0x47, 0x19,
    0x47, 0x19, 0x47, 0x19, 0x47, 0x19, 0x47, 0x19, 0x47, 0x19, 0x47, 0x19, 0x47, 0x19, 0x67, 0x21,
    0xc5, 0x10, 0x6f, 0x63, 0x9e, 0xf7, 0xff, 0xff, 0x9a, 0xd6, 0xed, 0x52, 0x76, 0xad, 0x06, 0x11,
    0x47, 0x19, 0x47, 0x19, 0x47, 0x19, 0x47, 0x19, 0x47, 0x19, 0x47, 0x19, 0x47, 0x21, 0xbb, 0xd6,
    0xff, 0xff, 0xdf, 0xff, 0xdf, 0xff, 0xff, 0xff, 0x76, 0xad, 0xe6, 0x10, 0x67, 0x21, 0x47, 0x19,
    0x47, 0x19, 0x47, 0x19, 0x47, 0x19, 0x47, 0x19, 0x47, 0x19, 0x47, 0x19, 0x47, 0x19, 0x47, 0x19,
    0x47, 0x19, 0x47, 0x19, 0x47, 0x21, 0x06, 0x11, 0x2a, 0x3a, 0x9e, 0xf7, 0xff, 0xff, 0xff, 0xff,
    0x6f, 0x63, 0xe6, 0x10, 0x67, 0x21, 0x47, 0x19, 0x47, 0x19, 0x47, 0x19, 0x47, 0x19, 0x47, 0x19,
    0x47, 0x19, 0x47, 0x19, 0x47, 0x19, 0x47, 0x19, 0x67, 0x21, 0xe6, 0x10, 0x35, 0xa5, 0xff, 0xff,
    0xff, 0xff, 0x59, 0xce, 0x27, 0x19, 0x47, 0x19, 0x47, 0x19, 0x47, 0x19, 0x47, 0x19, 0x47, 0x19,
    0x47, 0x19, 0x47, 0x19, 0x47, 0x19, 0x47, 0x19, 0x47, 0x19, 0x47, 0x19, 0x47, 0x19, 0x47, 0x19,
    0x27, 0x19, 0x88, 0x21, 0xfc, 0xde, 0xff, 0xff, 0xdf, 0xff, 0xdf, 0xff, 0xff, 0xff, 0x15, 0x9d,
    0xe5, 0x10, 0x67, 0x21, 0x47, 0x19, 0x47, 0x19, 0x47, 0x19, 0x47, 0x19, 0x67, 0x21, 0xc5, 0x08,
    0x72, 0x84, 0x8f, 0x6b, 0x6b, 0x42, 0x18, 0xbe, 0x31, 0x7c, 0xe6, 0x10, 0x47, 0x19, 0x47, 0x21,
    0x47, 0x19, 0x47, 0x19, 0x47, 0x19, 0x47, 0x19, 0x47, 0x19, 0x47, 0x19, 0x47, 0x19, 0x47, 0x19,
    0x47, 0x19, 0x47, 0x19, 0x47, 0x19, 0x47, 0x19, 0x47, 0x19, 0x47, 0x19, 0x47, 0x19, 0x47, 0x19,
    0x47, 0x19, 0x47, 0x19, 0x47, 0x19, 0x47, 0x19, 0x47, 0x19, 0x47, 0x19, 0x47, 0x19, 0x47, 0x19,
    0x47, 0x19, 0x47, 0x19, 0x47, 0x19, 0x47, 0x19, 0x47, 0x19, 0x47, 0x19, 0x47, 0x19, 0x47, 0x19,
    0x47, 0x19, 0x47, 0x19, 0x47, 0x19, 0x47, 0x19, 0x47, 0x19, 0x47, 0x19, 0x47, 0x19, 0x47, 0x19,
    0x47, 0x19, 0x47, 0x19, 0x47, 0x19, 0x47, 0x19, 0x47, 0x19, 0x47, 0x19, 0x47, 0x19, 0x47, 0x19,
    0x47, 0x19, 0x47, 0x19, 0x47, 0x19, 0x47, 0x19, 0x47, 0x19, 0x47, 0x19, 0x47, 0x19, 0x47, 0x19,
    0x47, 0x19, 0x47, 0x19, 0x47, 0x19, 0x47, 0x19, 0x47, 0x19, 0x47, 0x19, 0x47, 0x19, 0x47, 0x19,
    0x47, 0x19, 0x47, 0x19, 0x47, 0x19, 0x47, 0x19, 0x47, 0x19, 0x47, 0x19, 0x47, 0x19, 0x47, 0x19,
    0x47, 0x19, 0x47, 0x19, 0x47, 0x19, 0x47, 0x19, 0x47, 0x19, 0x47, 0x19, 0x47, 0x19, 0x47, 0x19,
    0x47, 0x19, 0x47, 0x19, 0x47, 0x19, 0x47, 0x19, 0x47, 0x19, 0x47, 0x19, 0x47, 0x19, 0x47, 0x19,
    0x47, 0x19, 0x47, 0x19, 0x47, 0x19, 0x47, 0x19, 0x47, 0x19, 0x47, 0x19, 0x47, 0x19, 0x47, 0x19,
    0x47, 0x19, 0x47, 0x19, 0x47, 0x19, 0x47, 0x19, 0x47, 0x19, 0x47, 0x19, 0x47, 0x19, 0x47, 0x19,
    0x47, 0x19, 0x47, 0x19, 0x47, 0x19, 0x47, 0x19, 0x47, 0x19, 0x47, 0x19, 0x47, 0x19, 0x47, 0x19,
    0x47, 0x19, 0x47, 0x19, 0x47, 0x19, 0x47, 0x19, 0x47, 0x19, 0x47, 0x19, 0x47, 0x19, 0x47, 0x19,
    0x47, 0x19, 0x47, 0x19, 0x47, 0x19, 0x47, 0x19, 0x47, 0x19, 0x47, 0x19, 0x47, 0x19, 0x47, 0x19,
    0x47, 0x19, 0x47, 0x19, 0x47, 0x19, 0x47, 0x19, 0x47, 0x19, 0x47, 0x19, 0x47, 0x19, 0x47, 0x19,
    0x47, 0x19, 0x47, 0x19, 0x47, 0x19, 0x47, 0x19, 0x47, 0x19, 0x47, 0x19, 0x47, 0x19, 0x47, 0x19,
    0x47, 0x19, 0x47, 0x19, 0x47, 0x19, 0x47, 0x19, 0x47, 0x19, 0x47, 0x19, 0x47, 0x19, 0x47, 0x19,
    0x47, 0x19, 0x47, 0x19, 0x47, 0x19, 0x47, 0x19, 0x47, 0x19, 0x47, 0x19, 0x47, 0x19, 0x47, 0x19,
    0x47, 0x19, 0x47, 0x19, 0x47, 0x19, 0x47, 0x19, 0x47, 0x19, 0x47, 0x19, 0x47, 0x19, 0x47, 0x19,
    0x47, 0x19, 0x47, 0x19, 0x47, 0x19, 0x47, 0x19, 0x47, 0x19, 0x47, 0x19, 0x47, 0x19, 0x47, 0x19,
    0x47, 0x19, 0x47, 0x19, 0x47, 0x19, 0x47, 0x19, 0x47, 0x19, 0x47, 0x19, 0x67, 0x21, 0xc5, 0x08,
    0x8f, 0x6b, 0xdf, 0xff, 0xdf, 0xff, 0xff, 0xff, 0x93, 0x8c, 0xf0, 0x73, 0x32, 0x84, 0xc5, 0x08,
    0x67, 0x21, 0x47, 0x19, 0x47, 0x19, 0x47, 0x19, 0x47, 0x19, 0x06, 0x11, 0x2a, 0x3a, 0x9e, 0xf7,
    0xff, 0xff, 0xdf, 0xff, 0xff, 0xff, 0xdf, 0xff, 0xac, 0x4a, 0x06, 0x11, 0x67, 0x21, 0x47, 0x19,
    0x47, 0x19, 0x47, 0x19, 0x47, 0x19, 0x47, 0x19, 0x47, 0x19, 0x47, 0x19, 0x47, 0x19, 0x47, 0x19,
    0x47, 0x19, 0x47, 0x19, 0x47, 0x19, 0x67, 0x21, 0xe6, 0x10, 0x76, 0xad, 0xff, 0xff, 0xff, 0xff,
    0xf4, 0x94, 0xc5, 0x10, 0x67, 0x21, 0x47, 0x19, 0x47, 0x19, 0x47, 0x19, 0x47, 0x19, 0x47, 0x19,
    0x47, 0x19, 0x47, 0x19, 0x47, 0x19, 0x47, 0x19, 0x47, 0x19, 0x47, 0x19, 0x9a, 0xd6, 0xff, 0xff,
    0xff, 0xff, 0xb0, 0x6b, 0xc5, 0x10, 0x67, 0x21, 0x47, 0x19, 0x47, 0x19, 0x47, 0x19, 0x47, 0x19,
    0x47, 0x19, 0x47, 0x19, 0x47, 0x19, 0x47, 0x19, 0x47, 0x19, 0x47, 0x19, 0x47, 0x19, 0x47, 0x19,
    0x67, 0x21, 0xc5, 0x08, 0x72, 0x84, 0xff, 0xff, 0xdf, 0xff, 0xdf, 0xff, 0xff, 0xff, 0x59, 0xce,
    0x47, 0x19, 0x47, 0x19, 0x47, 0x19, 0x47, 0x19, 0x47, 0x19, 0x47, 0x19, 0x47, 0x21, 0xe6, 0x10,
    0xcc, 0x4a, 0x76, 0xad, 0x84, 0x00, 0x47, 0x21, 0x56, 0xa5, 0x15, 0x9d, 0xe6, 0x10, 0x47, 0x19,
    0x47, 0x19, 0x47, 0x19, 0x47, 0x19, 0x47, 0x19, 0x47, 0x19, 0x47, 0x19, 0x47, 0x19, 0x47, 0x19,
    0x47, 0x19, 0x47, 0x19, 0x47, 0x19, 0x47, 0x19, 0x47, 0x19, 0x47, 0x19, 0x47, 0x19, 0x47, 0x19,
    0x47, 0x19, 0x47, 0x19, 0x47, 0x19, 0x47, 0x19, 0x47, 0x19, 0x47, 0x19, 0x47, 0x19, 0x47, 0x19,
    0x47, 0x19, 0x47, 0x19, 0x47, 0x19, 0x47, 0x19, 0x47, 0x19, 0x47, 0x19, 0x47, 0x19, 0x47, 0x19,
    0x47, 0x19, 0x47, 0x19, 0x47, 0x19, 0x47, 0x19, 0x47, 0x19, 0x47, 0x19, 0x47, 0x19, 0x47, 0x19,
    0x47, 0x19, 0x47, 0x19, 0x47, 0x19, 0x47, 0x19, 0x47, 0x19, 0x47, 0x19, 0x47, 0x19, 0x47, 0x19,
    0x47, 0x19, 0x47, 0x19, 0x47, 0x19, 0x47, 0x19, 0x47, 0x19, 0x47, 0x19, 0x47, 0x19, 0x47, 0x19,
    0x47, 0x19, 0x47, 0x19, 0x47, 0x19, 0x47, 0x19, 0x47, 0x19, 0x47, 0x19, 0x47, 0x19, 0x47, 0x19,
    0x47, 0x19, 0x47, 0x19, 0x47, 0x19, 0x47, 0x19, 0x47, 0x19, 0x47, 0x19, 0x47, 0x19, 0x47, 0x19,
    0x47, 0x19, 0x47, 0x19, 0x47, 0x19, 0x47, 0x19, 0x47, 0x19, 0x47, 0x19, 0x47, 0x19, 0x47, 0x19,
    0x47, 0x19, 0x47, 0x19, 0x47, 0x19, 0x47, 0x19, 0x47, 0x19, 0x47, 0x19, 0x47, 0x19, 0x47, 0x19,
    0x47, 0x19, 0x47, 0x19, 0x47, 0x19, 0x47, 0x19, 0x47, 0x19, 0x47, 0x19, 0x47, 0x19, 0x47, 0x19,
    0x47, 0x19, 0x47, 0x19, 0x47, 0x19, 0x47, 0x19, 0x47, 0x19, 0x47, 0x19, 0x47, 0x19, 0x47, 0x19,
    0x47, 0x19, 0x47, 0x19, 0x47, 0x19, 0x47, 0x19, 0x47, 0x19, 0x47, 0x19, 0x47, 0x19, 0x47, 0x19,
    0x47, 0x19, 0x47, 0x19, 0x47, 0x19, 0x47, 0x19, 0x47, 0x19, 0x47, 0x19, 0x47, 0x19, 0x47, 0x19,
    0x47, 0x19, 0x47, 0x19, 0x47, 0x19, 0x47, 0x19, 0x47, 0x19, 0x47, 0x19, 0x47, 0x19, 0x47, 0x19,
    0x47, 0x19, 0x47, 0x19, 0x47, 0x19, 0x47, 0x19, 0x47, 0x19, 0x47, 0x19, 0x47, 0x19, 0x47, 0x19,
    0x47, 0x19, 0x47, 0x19, 0x47, 0x19, 0x47, 0x19, 0x47, 0x19, 0x47, 0x19, 0x47, 0x19, 0x47, 0x19,
    0x47, 0x19, 0x47, 0x19, 0x47, 0x19, 0x47, 0x19, 0x47, 0x19, 0x47, 0x19, 0x47, 0x19, 0x47, 0x19,
    0x47, 0x19, 0x47, 0x19, 0x47, 0x19, 0x47, 0x19, 0x47, 0x19, 0x47, 0x19, 0x47, 0x19, 0x47, 0x19,
    0x47, 0x19, 0x47, 0x19, 0x47, 0x19, 0x47, 0x19, 0x47, 0x19, 0x47, 0x19, 0x47, 0x19, 0x47, 0x19,
    0x47, 0x19, 0x47, 0x19, 0x47, 0x19, 0x47, 0x19, 0x47, 0x19, 0x47, 0x19, 0x47, 0x19, 0x47, 0x19,
    0x47, 0x19, 0x47, 0x19, 0x47, 0x19, 0x47, 0x19, 0x47, 0x19, 0x67, 0x21, 0xe5, 0x10, 0x2e, 0x5b,
    0xdf, 0xff, 0xdf, 0xff, 0xdf, 0xff, 0x9e, 0xf7, 0x0a, 0x3a, 0x35, 0xa5, 0x8c, 0x4a, 0xe6, 0x10,
    0x47, 0x21, 0x47, 0x19, 0x47, 0x19, 0x47, 0x19, 0x47, 0x21, 0xe6, 0x10, 0xed, 0x52, 0xff, 0xff,
    0xdf, 0xff, 0xdf, 0xff, 0xff, 0xff, 0xbb, 0xd6, 0x67, 0x21, 0x47, 0x19, 0x47, 0x19, 0x47, 0x19,
    0x47, 0x19, 0x47, 0x19, 0x47, 0x19, 0x47, 0x19, 0x47, 0x19, 0x47, 0x19, 0x47, 0x19, 0x47, 0x19,
    0x47, 0x19, 0x47, 0x19, 0x47, 0x19, 0x67, 0x21, 0xe5, 0x10, 0x8f, 0x6b, 0xff, 0xff, 0xff, 0xff,
    0xd7, 0xb5, 0x06, 0x11, 0x47, 0x21, 0x47, 0x19, 0x47, 0x19, 0x47, 0x19, 0x47, 0x19, 0x47, 0x19,
    0x47, 0x19, 0x47, 0x19, 0x47, 0x19, 0x47, 0x19, 0x26, 0x19, 0xe9, 0x31, 0x3d, 0xe7, 0xff, 0xff,
    0x5d, 0xef, 0xe9, 0x31, 0x26, 0x19, 0x47, 0x21, 0x47, 0x19, 0x47, 0x19, 0x47, 0x19, 0x47, 0x19,
    0x47, 0x19, 0x47, 0x19, 0x47, 0x19, 0x47, 0x19, 0x47, 0x19, 0x47, 0x19, 0x47, 0x19, 0x47, 0x19,
    0x47, 0x21, 0x06, 0x11, 0x8c, 0x4a, 0xdf, 0xff, 0xff, 0xff, 0xdf, 0xff, 0xff, 0xff, 0x1c, 0xe7,
    0xa8, 0x29, 0x27, 0x19, 0x47, 0x19, 0x47, 0x19, 0x47, 0x19, 0x47, 0x19, 0x47, 0x19, 0x47, 0x19,
    0x67, 0x21, 0x97, 0xad, 0xea, 0x31, 0x06, 0x11, 0xc5, 0x08, 0xd4, 0x94, 0x15, 0x9d, 0xe6, 0x10,
    0x47, 0x19, 0x47, 0x19, 0x47, 0x19, 0x47, 0x19, 0x47, 0x19, 0x47, 0x19, 0x47, 0x19, 0x47, 0x19,
    0x47, 0x19, 0x47, 0x19, 0x47, 0x19, 0x47, 0x19, 0x47, 0x19, 0x47, 0x19, 0x47, 0x19, 0x47, 0x19,
    0x47, 0x19, 0x47, 0x19, 0x47, 0x19, 0x47, 0x19, 0x47, 0x19, 0x47, 0x19, 0x47, 0x19, 0x47, 0x19,
    0x47, 0x19, 0x47, 0x19, 0x47, 0x19, 0x47, 0x19, 0x47, 0x19, 0x47, 0x19, 0x47, 0x19, 0x47, 0x19,
    0x47, 0x19, 0x47, 0x19, 0x47, 0x19, 0x47, 0x19, 0x47, 0x19, 0x47, 0x19, 0x47, 0x19, 0x47, 0x19,
    0x47, 0x19, 0x47, 0x19, 0x47, 0x19, 0x47, 0x19, 0x47, 0x19, 0x47, 0x19, 0x47, 0x19, 0x47, 0x19,
    0x47, 0x19, 0x47, 0x19, 0x47, 0x19, 0x47, 0x19, 0x47, 0x19, 0x47, 0x19, 0x47, 0x19, 0x47, 0x19,
    0x47, 0x19, 0x47, 0x19, 0x47, 0x19, 0x47, 0x19, 0x47, 0x19, 0x47, 0x19, 0x47, 0x19, 0x47, 0x19,
    0x47, 0x19, 0x47, 0x19, 0x47, 0x19, 0x47, 0x19, 0x47, 0x19, 0x47, 0x19, 0x47, 0x19, 0x47, 0x19,
    0x47, 0x19, 0x47, 0x19, 0x47, 0x19, 0x47, 0x19, 0x47, 0x19, 0x47, 0x19, 0x47, 0x19, 0x47, 0x19,
    0x47, 0x19, 0x47, 0x19, 0x47, 0x19, 0x47, 0x19, 0x47, 0x19, 0x47, 0x19, 0x47, 0x19, 0x47, 0x19,
    0x47, 0x19, 0x47, 0x19, 0x47, 0x19, 0x47, 0x19, 0x47, 0x19, 0x47, 0x19, 0x47, 0x19, 0x47, 0x19,
    0x47, 0x19, 0x47, 0x19, 0x47, 0x19, 0x47, 0x19, 0x47, 0x19, 0x47, 0x19, 0x47, 0x19, 0x47, 0x19,
    0x47, 0x19, 0x47, 0x19, 0x47, 0x19, 0x47, 0x19, 0x47, 0x19, 0x47, 0x19, 0x47, 0x19, 0x47, 0x19,
    0x47, 0x19, 0x47, 0x19, 0x47, 0x19, 0x47, 0x19, 0x47, 0x19, 0x47, 0x19, 0x47, 0x19, 0x47, 0x19,
    0x47, 0x19, 0x47, 0x19, 0x47, 0x19, 0x47, 0x19, 0x47, 0x19, 0x47, 0x19, 0x47, 0x19, 0x47, 0x19,
    0x47, 0x19, 0x47, 0x19, 0x47, 0x19, 0x47, 0x19, 0x47, 0x19, 0x47, 0x19, 0x47, 0x19, 0x47, 0x19,
    0x47, 0x19, 0x47, 0x19, 0x47, 0x19, 0x47, 0x19, 0x47, 0x19, 0x47, 0x19, 0x47, 0x19, 0x47, 0x19,
    0x47, 0x19, 0x47, 0x19, 0x47, 0x19, 0x47, 0x19, 0x47, 0x19, 0x47, 0x19, 0x47, 0x19, 0x47, 0x19,
    0x47, 0x19, 0x47, 0x19, 0x47, 0x19, 0x47, 0x19, 0x47, 0x19, 0x47, 0x19, 0x47, 0x19, 0x47, 0x19,
    0x47, 0x19, 0x47, 0x19, 0x47, 0x19, 0x47, 0x19, 0x47, 0x19, 0x47, 0x19, 0x47, 0x19, 0x47, 0x19,
    0x47, 0x19, 0x47, 0x19, 0x47, 0x19, 0x47, 0x19, 0x47, 0x19, 0x47, 0x19, 0x47, 0x19, 0x47, 0x19,
    0x47, 0x19, 0x47, 0x19, 0x47, 0x19, 0x47, 0x19, 0x67, 0x21, 0xe6, 0x10, 0xac, 0x4a, 0x9e, 0xf7,
    0xff, 0xff, 0xbe, 0xf7, 0xff, 0xff, 0xd4, 0x94, 0x68, 0x21, 0xb7, 0xb5, 0x67, 0x21, 0x27, 0x19,
    0x47, 0x19, 0x47, 0x19, 0x47, 0x19, 0x47, 0x19, 0x67, 0x21, 0xe5, 0x10, 0x6f, 0x6b, 0xff, 0xff,
    0xdf, 0xff, 0xdf, 0xff, 0xff, 0xff, 0xb7, 0xb5, 0x06, 0x11, 0x47, 0x21, 0x47, 0x19, 0x47, 0x19,
    0x47, 0x19, 0x47, 0x19, 0x47, 0x19, 0x47, 0x19, 0x47, 0x19, 0x47, 0x19, 0x47, 0x19, 0x47, 0x19,
    0x47, 0x19, 0x47, 0x19, 0x47, 0x19, 0x47, 0x21, 0x06, 0x11, 0x6b, 0x42, 0xbe, 0xf7, 0xff, 0xff,
    0x59, 0xc6, 0x27, 0x19, 0x47, 0x19, 0x47, 0x19, 0x47, 0x19, 0x47, 0x19, 0x47, 0x19, 0x47, 0x19,
    0x47, 0x19, 0x47, 0x19, 0x47, 0x19, 0x47, 0x21, 0x06, 0x11, 0x2a, 0x3a, 0x9e, 0xef, 0xff, 0xff,
    0x7a, 0xce, 0x47, 0x19, 0x47, 0x19, 0x47, 0x19, 0x47, 0x19, 0x47, 0x19, 0x47, 0x19, 0x47, 0x19,
    0x47, 0x19, 0x47, 0x19, 0x47, 0x19, 0x47, 0x19, 0x47, 0x19, 0x47, 0x19, 0x47, 0x19, 0x47, 0x19,
    0x47, 0x19, 0x27, 0x19, 0xa8, 0x29, 0x1c, 0xe7, 0xff, 0xff, 0xdf, 0xff, 0xff, 0xff, 0x5d, 0xef,
    0xe9, 0x31, 0x26, 0x19, 0x47, 0x19, 0x47, 0x19, 0x47, 0x19, 0x47, 0x19, 0x47, 0x19, 0x47, 0x21,
    0xe5, 0x10, 0x14, 0x9d, 0x2e, 0x5b, 0xe6, 0x10, 0x67, 0x21, 0xc5, 0x08, 0x15, 0x9d, 0xd4, 0x94,
    0xc5, 0x08, 0x47, 0x21, 0x47, 0x19, 0x47, 0x19, 0x47, 0x19, 0x47, 0x19, 0x47, 0x19, 0x47, 0x19,
    0x47, 0x19, 0x47, 0x19, 0x47, 0x19, 0x47, 0x19, 0x47, 0x19, 0x47, 0x19, 0x47, 0x19, 0x47, 0x19,
    0x47, 0x19, 0x47, 0x19, 0x47, 0x19, 0x47, 0x19, 0x47, 0x19, 0x47, 0x19, 0x47, 0x19, 0x47, 0x19,
    0x47, 0x19, 0x47, 0x19, 0x47, 0x19, 0x47, 0x19, 0x47, 0x19, 0x47, 0x19, 0x47, 0x19, 0x47, 0x19,
    0x47, 0x19, 0x47, 0x19, 0x47, 0x19, 0x47, 0x19, 0x47, 0x19, 0x47, 0x19, 0x47, 0x19, 0x47, 0x19,
    0x47, 0x19, 0x47, 0x19, 0x47, 0x19, 0x47, 0x19, 0x47, 0x19, 0x47, 0x19, 0x47, 0x19, 0x47, 0x19,
    0x47, 0x19, 0x47, 0x19, 0x47, 0x19, 0x47, 0x19, 0x47, 0x19, 0x47, 0x19, 0x47, 0x19, 0x47, 0x19,
    0x47, 0x19, 0x47, 0x19, 0x47, 0x19, 0x47, 0x19, 0x47, 0x19, 0x47, 0x19, 0x47, 0x19, 0x47, 0x19,
    0x47, 0x19, 0x47, 0x19, 0x47, 0x19, 0x47, 0x19, 0x47, 0x19, 0x47, 0x19, 0x47, 0x19, 0x47, 0x19,
    0x47, 0x19, 0x47, 0x19, 0x47, 0x19, 0x47, 0x19, 0x47, 0x19, 0x47, 0x19, 0x47, 0x19, 0x47, 0x19,
    0x47, 0x19, 0x47, 0x19, 0x47, 0x19, 0x47, 0x19, 0x47, 0x19, 0x47, 0x19, 0x47, 0x19, 0x47, 0x19,
    0x47, 0x19, 0x47, 0x19, 0x47, 0x19, 0x47, 0x19, 0x47, 0x19, 0x47, 0x19, 0x47, 0x19, 0x47, 0x19,
    0x47, 0x19, 0x47, 0x19, 0x47, 0x19, 0x47, 0x19, 0x47, 0x19, 0x47, 0x19, 0x47, 0x19, 0x47, 0x19,
    0x47, 0x19, 0x47, 0x19, 0x47, 0x19, 0x47, 0x19, 0x47, 0x19, 0x47, 0x19, 0x47, 0x19, 0x47, 0x19,
    0x47, 0x19, 0x47, 0x19, 0x47, 0x19, 0x47, 0x19, 0x47, 0x19, 0x47, 0x19, 0x47, 0x19, 0x47, 0x19,
    0x47, 0x19, 0x47, 0x19, 0x47, 0x19, 0x47, 0x19, 0x47, 0x19, 0x47, 0x19, 0x47, 0x19, 0x47, 0x19,
    0x47, 0x19, 0x47, 0x19, 0x47, 0x19, 0x47, 0x19, 0x47, 0x19, 0x47, 0x19, 0x47, 0x19, 0x47, 0x19,
    0x47, 0x19, 0x47, 0x19, 0x47, 0x19, 0x47, 0x19, 0x47, 0x19, 0x47, 0x19, 0x47, 0x19, 0x47, 0x19,
    0x47, 0x19, 0x47, 0x19, 0x47, 0x19, 0x47, 0x19, 0x47, 0x19, 0x47, 0x19, 0x47, 0x19, 0x47, 0x19,
    0x47, 0x19, 0x47, 0x19, 0x47, 0x19, 0x47, 0x19, 0x47, 0x19, 0x47, 0x19, 0x47, 0x19, 0x47, 0x19,
    0x47, 0x19, 0x47, 0x19, 0x47, 0x19, 0x47, 0x19, 0x47, 0x19, 0x47, 0x19, 0x47, 0x19, 0x47, 0x19,
    0x47, 0x19, 0x47, 0x19, 0x47, 0x19, 0x47, 0x19, 0x47, 0x19, 0x47, 0x19, 0x47, 0x19, 0x47, 0x19,
    0x47, 0x19, 0x47, 0x19, 0x47, 0x19, 0x47, 0x21, 0x06, 0x11, 0xe9, 0x31, 0x1c, 0xe7, 0xff, 0xff,
    0xbe, 0xf7, 0xff, 0xff, 0xdb, 0xde, 0x47, 0x19, 0x0d, 0x5b, 0x15, 0x9d, 0xe6, 0x10, 0x47, 0x21,
    0x47, 0x19, 0x47, 0x19, 0x47, 0x19, 0x47, 0x19, 0x67, 0x21, 0xe5, 0x10, 0x6f, 0x6b, 0xff, 0xff,
    0xdf, 0xff, 0xdf, 0xf7, 0xff, 0xff, 0x35, 0xa5, 0xe6, 0x10, 0x47, 0x21, 0x47, 0x19, 0x47, 0x19,
    0x47, 0x19, 0x47, 0x19, 0x47, 0x19, 0x47, 0x19, 0x47, 0x19, 0x47, 0x19, 0x47, 0x19, 0x47, 0x19,
    0x47, 0x19, 0x47, 0x19, 0x47, 0x19, 0x47, 0x19, 0x26, 0x19, 0xea, 0x31, 0x7d, 0xef, 0xff, 0xff,
    0x59, 0xc6, 0x27, 0x19, 0x47, 0x19, 0x47, 0x19, 0x47, 0x19, 0x47, 0x19, 0x47, 0x19, 0x47, 0x19,
    0x47, 0x19, 0x47, 0x19, 0x47, 0x19, 0x47, 0x21, 0x06, 0x11, 0x2a, 0x3a, 0x9e, 0xef, 0xff, 0xff,
    0x18, 0xbe, 0x26, 0x19, 0x47, 0x19, 0x47, 0x19, 0x47, 0x19, 0x47, 0x19, 0x47, 0x19, 0x47, 0x19,
    0x47, 0x19, 0x47, 0x19, 0x47, 0x19, 0x47, 0x19, 0x47, 0x19, 0x47, 0x19, 0x47, 0x19, 0x47, 0x19,
    0x47, 0x19, 0x27, 0x19, 0x67, 0x21, 0xdb, 0xd6, 0xff, 0xff, 0xdf, 0xff, 0xff, 0xff, 0x5d, 0xef,
    0xe9, 0x31, 0x26, 0x19, 0x47, 0x19, 0x47, 0x19, 0x47, 0x19, 0x47, 0x19, 0x47, 0x19, 0x67, 0x21,
    0xc5, 0x08, 0xf0, 0x73, 0x52, 0x84, 0xc5, 0x08, 0x67, 0x21, 0x47, 0x19, 0xe6, 0x10, 0x76, 0xad,
    0x11, 0x7c, 0xc5, 0x08, 0x67, 0x21, 0x47, 0x19, 0x47, 0x19, 0x47, 0x19, 0x47, 0x19, 0x47, 0x19,
    0x47, 0x19, 0x47, 0x19, 0x47, 0x19, 0x47, 0x19, 0x47, 0x19, 0x47, 0x19, 0x47, 0x19, 0x47, 0x19,
    0x47, 0x19, 0x47, 0x19, 0x47, 0x19, 0x47, 0x19, 0x47, 0x19, 0x47, 0x19, 0x47, 0x19, 0x47, 0x19,
    0x47, 0x19, 0x47, 0x19, 0x47, 0x19, 0x47, 0x19, 0x47, 0x19, 0x47, 0x19, 0x47, 0x19, 0x47, 0x19,
    0x47, 0x19, 0x47, 0x19, 0x47, 0x19, 0x47, 0x19, 0x47, 0x19, 0x47, 0x19, 0x47, 0x19, 0x47, 0x19,
    0x47, 0x19, 0x47, 0x19, 0x47, 0x19, 0x47, 0x19, 0x47, 0x19, 0x47, 0x19, 0x47, 0x19, 0x47, 0x19,
    0x47, 0x19, 0x47, 0x19, 0x47, 0x19, 0x47, 0x19, 0x47, 0x19, 0x47, 0x19, 0x47, 0x19, 0x47, 0x19,
    0x47, 0x19, 0x47, 0x19, 0x47, 0x19, 0x47, 0x19, 0x47, 0x19, 0x47, 0x19, 0x47, 0x19, 0x47, 0x19,
    0x47, 0x19, 0x47, 0x19, 0x47, 0x19, 0x47, 0x19, 0x47, 0x19, 0x47, 0x19, 0x47, 0x19, 0x47, 0x19,
    0x47, 0x19, 0x47, 0x19, 0x47, 0x19, 0x47, 0x19, 0x47, 0x19, 0x47, 0x19, 0x47, 0x19, 0x47, 0x19,
    0x47, 0x19, 0x47, 0x19, 0x47, 0x19, 0x47, 0x19, 0x47, 0x19, 0x47, 0x19, 0x47, 0x19, 0x47, 0x19,
    0x47, 0x19, 0x47, 0x19, 0x47, 0x19, 0x47, 0x19, 0x47, 0x19, 0x47, 0x19, 0x47, 0x19, 0x47, 0x19,
    0x47, 0x19, 0x47, 0x19, 0x47, 0x19, 0x47, 0x19, 0x47, 0x19, 0x47, 0x19, 0x47, 0x19, 0x47, 0x19,
    0x47, 0x19, 0x47, 0x19, 0x47, 0x19, 0x47, 0x19, 0x47, 0x19, 0x47, 0x19, 0x47, 0x19, 0x47, 0x19,
    0x47, 0x19, 0x47, 0x19, 0x47, 0x19, 0x47, 0x19, 0x47, 0x19, 0x47, 0x19, 0x47, 0x19, 0x47, 0x19,
    0x47, 0x19, 0x47, 0x19, 0x47, 0x19, 0x47, 0x19, 0x47, 0x19, 0x47, 0x19, 0x47, 0x19, 0x47, 0x19,
    0x47, 0x19, 0x47, 0x19, 0x47, 0x19, 0x47, 0x19, 0x47, 0x19, 0x47, 0x19, 0x47, 0x19, 0x47, 0x19,
    0x47, 0x19, 0x47, 0x19, 0x47, 0x19, 0x47, 0x19, 0x47, 0x19, 0x47, 0x19, 0x47, 0x19, 0x47, 0x19,
    0x47, 0x19, 0x47, 0x19, 0x47, 0x19, 0x47, 0x19, 0x47, 0x19, 0x47, 0x19, 0x47, 0x19, 0x47, 0x19,
    0x47, 0x19, 0x47, 0x19, 0x47, 0x19, 0x47, 0x19, 0x47, 0x19, 0x47, 0x19, 0x47, 0x19, 0x47, 0x19,
    0x47, 0x19, 0x47, 0x19, 0x47, 0x19, 0x47, 0x19, 0x47, 0x19, 0x47, 0x19, 0x47, 0x19, 0x47, 0x19,
    0x47, 0x19, 0x47, 0x19, 0x47, 0x19, 0x47, 0x19, 0x47, 0x19, 0x47, 0x19, 0x47, 0x19, 0x47, 0x19,
    0x47, 0x19, 0x47, 0x19, 0x47, 0x19, 0x27, 0x19, 0x47, 0x19, 0x59, 0xc6, 0xff, 0xff, 0xbe, 0xf7,
    0xff, 0xff, 0xdb, 0xde, 0x4b, 0x3a, 0x43, 0x00, 0xf1, 0x7b, 0x31, 0x7c, 0xc5, 0x08, 0x67, 0x21,
    0x47, 0x19, 0x47, 0x19, 0x47, 0x19, 0x47, 0x19, 0x47, 0x21, 0xe6, 0x10, 0xed, 0x52, 0xff, 0xff,
    0xdf, 0xff, 0xdf, 0xff, 0xff, 0xff, 0x56, 0xa5, 0xe6, 0x10, 0x47, 0x21, 0x47, 0x19, 0x47, 0x19,
    0x47, 0x19, 0x47, 0x19, 0x47, 0x19, 0x47, 0x19, 0x47, 0x19, 0x47, 0x19, 0x47, 0x19, 0x47, 0x19,
    0x47, 0x19, 0x47, 0x19, 0x47, 0x19, 0x47, 0x19, 0x06, 0x19, 0x2a, 0x3a, 0x9e, 0xef, 0xff, 0xff,
    0xd7, 0xb5, 0x06, 0x11, 0x47, 0x21, 0x47, 0x19, 0x47, 0x19, 0x47, 0x19, 0x47, 0x19, 0x47, 0x19,
    0x47, 0x19, 0x47, 0x19, 0x47, 0x19, 0x47, 0x19, 0x26, 0x19, 0xe9, 0x31, 0x3d, 0xe7, 0xff, 0xff,
    0x39, 0xc6, 0x27, 0x19, 0x47, 0x19, 0x47, 0x19, 0x47, 0x19, 0x47, 0x19, 0x47, 0x19, 0x47, 0x19,
    0x47, 0x19, 0x47, 0x19, 0x47, 0x19, 0x47, 0x19, 0x47, 0x19, 0x47, 0x19, 0x47, 0x19, 0x47, 0x19,
    0x47, 0x19, 0x27, 0x19, 0x88, 0x21, 0xdb, 0xde, 0xff, 0xff, 0xdf, 0xff, 0xff, 0xff, 0x1c, 0xe7,
    0xa8, 0x29, 0x27, 0x19, 0x47, 0x19, 0x47, 0x19, 0x47, 0x19, 0x47, 0x19, 0x47, 0x19, 0x47, 0x21,
    0xe6, 0x10, 0xcc, 0x52, 0x35, 0xa5, 0x06, 0x11, 0x47, 0x19, 0x47, 0x21, 0x27, 0x19, 0x47, 0x19,
    0x18, 0xbe, 0x2e, 0x5b, 0xc5, 0x08, 0x67, 0x21, 0x47, 0x19, 0x47, 0x19, 0x47, 0x19, 0x47, 0x19,
    0x47, 0x19, 0x47, 0x19, 0x47, 0x19, 0x47, 0x19, 0x47, 0x19, 0x47, 0x19, 0x47, 0x19, 0x47, 0x19,
    0x47, 0x19, 0x47, 0x19, 0x47, 0x19, 0x47, 0x19, 0x47, 0x19, 0x47, 0x19, 0x47, 0x19, 0x47, 0x19,
    0x47, 0x19, 0x47, 0x19, 0x47, 0x19, 0x47, 0x19, 0x47, 0x19, 0x47, 0x19, 0x47, 0x19, 0x47, 0x19,
    0x47, 0x19, 0x47, 0x19, 0x47, 0x19, 0x47, 0x19, 0x47, 0x19, 0x47, 0x19, 0x47, 0x19, 0x47, 0x19,
    0x47, 0x19, 0x47, 0x19, 0x47, 0x19, 0x47, 0x19, 0x47, 0x19, 0x47, 0x19, 0x47, 0x19, 0x47, 0x19,
    0x47, 0x19, 0x47, 0x19, 0x47, 0x19, 0x47, 0x19, 0x47, 0x19, 0x47, 0x19, 0x47, 0x19, 0x47, 0x19,
    0x47, 0x19, 0x47, 0x19, 0x47, 0x19, 0x47, 0x19, 0x47, 0x19, 0x47, 0x19, 0x47, 0x19, 0x47, 0x19,
    0x47, 0x19, 0x47, 0x19, 0x47, 0x19, 0x47, 0x19, 0x47, 0x19, 0x47, 0x19, 0x47, 0x19, 0x47, 0x19,
    0x47, 0x19, 0x47, 0x19, 0x47, 0x19, 0x47, 0x19, 0x47, 0x19, 0x47, 0x19, 0x47, 0x19, 0x47, 0x19,
    0x47, 0x19, 0x47, 0x19, 0x47, 0x19, 0x47, 0x19, 0x47, 0x19, 0x47, 0x19, 0x47, 0x19, 0x47, 0x19,
    0x47, 0x19, 0x47, 0x19, 0x47, 0x19, 0x47, 0x19, 0x47, 0x19, 0x47, 0x19, 0x47, 0x19, 0x47, 0x19,
    0x47, 0x19, 0x47, 0x19, 0x47, 0x19, 0x47, 0x19, 0x47, 0x19, 0x47, 0x19, 0x47, 0x19, 0x47, 0x19,
    0x47, 0x19, 0x47, 0x19, 0x47, 0x19, 0x47, 0x19, 0x47, 0x19, 0x47, 0x19, 0x47, 0x19, 0x47, 0x19,
    0x47, 0x19, 0x47, 0x19, 0x47, 0x19, 0x47, 0x19, 0x47, 0x19, 0x47, 0x19, 0x47, 0x19, 0x47, 0x19,
    0x47, 0x19, 0x47, 0x19, 0x47, 0x19, 0x47, 0x19, 0x47, 0x19, 0x47, 0x19, 0x47, 0x19, 0x47, 0x19,
    0x47, 0x19, 0x47, 0x19, 0x47, 0x19, 0x47, 0x19, 0x47, 0x19, 0x47, 0x19, 0x47, 0x19, 0x47, 0x19,
    0x47, 0x19, 0x47, 0x19, 0x47, 0x19, 0x47, 0x19, 0x47, 0x19, 0x47, 0x19, 0x47, 0x19, 0x47, 0x19,
    0x47, 0x19, 0x47, 0x19, 0x47, 0x19, 0x47, 0x19, 0x47, 0x19, 0x47, 0x19, 0x47, 0x19, 0x47, 0x19,
    0x47, 0x19, 0x47, 0x19, 0x47, 0x19, 0x47, 0x19, 0x47, 0x19, 0x47, 0x19, 0x47, 0x19, 0x47, 0x19,
    0x47, 0x19, 0x47, 0x19, 0x47, 0x19, 0x47, 0x19, 0x47, 0x19, 0x47, 0x19, 0x47, 0x19, 0x47, 0x19,
    0x47, 0x19, 0x47, 0x19, 0x47, 0x19, 0x47, 0x19, 0x47, 0x19, 0x47, 0x19, 0x47, 0x19, 0x47, 0x19,
    0x47, 0x19, 0x47, 0x19, 0x47, 0x21, 0xe6, 0x10, 0x15, 0x9d, 0xff, 0xff, 0xdf, 0xff, 0xff, 0xff,
    0x39, 0xc6, 0xe9, 0x31, 0xa5, 0x08, 0xea, 0x31, 0x39, 0xc6, 0xed, 0x52, 0xe6, 0x10, 0x47, 0x21,
    0x47, 0x19, 0x47, 0x19, 0x47, 0x19, 0x47, 0x19, 0x47, 0x21, 0x06, 0x11, 0x2a, 0x3a, 0xbe, 0xf7,
    0xff, 0xff, 0xdf, 0xff, 0xff, 0xff, 0x18, 0xc6, 0x26, 0x19, 0x47, 0x19, 0x47, 0x19, 0x47, 0x19,
    0x47, 0x19, 0x47, 0x19, 0x47, 0x19, 0x47, 0x19, 0x47, 0x19, 0x47, 0x19, 0x47, 0x19, 0x47, 0x19,
    0x47, 0x19, 0x47, 0x19, 0x47, 0x19, 0x67, 0x21, 0xe6, 0x10, 0xcd, 0x52, 0xff, 0xff, 0xff, 0xff,
    0xd4, 0x94, 0xe5, 0x10, 0x67, 0x21, 0x47, 0x19, 0x47, 0x19, 0x47, 0x19, 0x47, 0x19, 0x47, 0x19,
    0x47, 0x19, 0x47, 0x19, 0x47, 0x19, 0x47, 0x19, 0x47, 0x19, 0x47, 0x21, 0x9a, 0xce, 0xff, 0xff,
    0xdb, 0xde, 0x88, 0x21, 0x27, 0x19, 0x47, 0x19, 0x47, 0x19, 0x47, 0x19, 0x47, 0x19, 0x47, 0x19,
    0x47, 0x19, 0x47, 0x19, 0x47, 0x19, 0x47, 0x19, 0x47, 0x19, 0x47, 0x19, 0x47, 0x19, 0x47, 0x19,
    0x47, 0x19, 0x26, 0x19, 0x0a, 0x32, 0x7d, 0xef, 0xff, 0xff, 0xdf, 0xf7, 0xff, 0xff, 0x59, 0xce,
    0x47, 0x19, 0x47, 0x19, 0x47, 0x19, 0x47, 0x19, 0x47, 0x19, 0x47, 0x19, 0x47, 0x19, 0x47, 0x19,
    0x26, 0x19, 0xe9, 0x31, 0x76, 0xad, 0x26, 0x19, 0x47, 0x19, 0x47, 0x19, 0x47, 0x21, 0x06, 0x11,
    0xe9, 0x31, 0x39, 0xc6, 0x2a, 0x3a, 0x06, 0x11, 0x47, 0x21, 0x47, 0x19, 0x47, 0x19, 0x47, 0x19,
    0x47, 0x19, 0x47, 0x19, 0x47, 0x19, 0x47, 0x19, 0x47, 0x19, 0x47, 0x19, 0x47, 0x19, 0x47, 0x19,
    0x47, 0x19, 0x47, 0x19, 0x47, 0x19, 0x47, 0x19, 0x47, 0x19, 0x47, 0x19, 0x47, 0x19, 0x47, 0x19,
    0x47, 0x19, 0x47, 0x19, 0x47, 0x19, 0x47, 0x19, 0x47, 0x19, 0x47, 0x19, 0x47, 0x19, 0x47, 0x19,
    0x47, 0x19, 0x47, 0x19, 0x47, 0x19, 0x47, 0x19, 0x47, 0x19, 0x47, 0x19, 0x47, 0x19, 0x47, 0x19,
    0x47, 0x19, 0x47, 0x19, 0x47, 0x19, 0x47, 0x19, 0x47, 0x19, 0x47, 0x19, 0x47, 0x19, 0x47, 0x19,
    0x47, 0x19, 0x47, 0x19, 0x47, 0x19, 0x47, 0x19, 0x47, 0x19, 0x47, 0x19, 0x47, 0x19, 0x47, 0x19,
    0x47, 0x19, 0x47, 0x19, 0x47, 0x19, 0x47, 0x19, 0x47, 0x19, 0x47, 0x19, 0x47, 0x19, 0x47, 0x19,
    0x47, 0x19, 0x47, 0x19, 0x47, 0x19, 0x47, 0x19, 0x47, 0x19, 0x47, 0x19, 0x47, 0x19, 0x47, 0x19,
    0x47, 0x19, 0x47, 0x19, 0x47, 0x19, 0x47, 0x19, 0x47, 0x19, 0x47, 0x19, 0x47, 0x19, 0x47, 0x19,
    0x47, 0x19, 0x47, 0x19, 0x47, 0x19, 0x47, 0x19, 0x47, 0x19, 0x47, 0x19, 0x47, 0x19, 0x47, 0x19,
    0x47, 0x19, 0x47, 0x19, 0x47, 0x19, 0x47, 0x19, 0x47, 0x19, 0x47, 0x19, 0x47, 0x19, 0x47, 0x19,
    0x47, 0x19, 0x47, 0x19, 0x47, 0x19, 0x47, 0x19, 0x47, 0x19, 0x47, 0x19, 0x47, 0x19, 0x47, 0x19,
    0x47, 0x19, 0x47, 0x19, 0x47, 0x19, 0x47, 0x19, 0x47, 0x19, 0x47, 0x19, 0x47, 0x19, 0x47, 0x19,
    0x47, 0x19, 0x47, 0x19, 0x47, 0x19, 0x47, 0x19, 0x47, 0x19, 0x47, 0x19, 0x47, 0x19, 0x47, 0x19,
    0x47, 0x19, 0x47, 0x19, 0x47, 0x19, 0x47, 0x19, 0x47, 0x19, 0x47, 0x19, 0x47, 0x19, 0x47, 0x19,
    0x47, 0x19, 0x47, 0x19, 0x47, 0x19, 0x47, 0x19, 0x47, 0x19, 0x47, 0x19, 0x47, 0x19, 0x47, 0x19,
    0x47, 0x19, 0x47, 0x19, 0x47, 0x19, 0x47, 0x19, 0x47, 0x19, 0x47, 0x19, 0x47, 0x19, 0x47, 0x19,
    0x47, 0x19, 0x47, 0x19, 0x47, 0x19, 0x47, 0x19, 0x47, 0x19, 0x47, 0x19, 0x47, 0x19, 0x47, 0x19,
    0x47, 0x19, 0x47, 0x19, 0x47, 0x19, 0x47, 0x19, 0x47, 0x19, 0x47, 0x19, 0x47, 0x19, 0x47, 0x19,
    0x47, 0x19, 0x47, 0x19, 0x47, 0x19, 0x47, 0x19, 0x47, 0x19, 0x47, 0x19, 0x47, 0x19, 0x47, 0x19,
    0x47, 0x19, 0x47, 0x19, 0x47, 0x19, 0x47, 0x19, 0x47, 0x19, 0x47, 0x19, 0x47, 0x19, 0x47, 0x19,
    0x47, 0x19, 0x67, 0x21, 0xe5, 0x10, 0x4e, 0x63, 0xff, 0xff, 0xdf, 0xff, 0xbe, 0xf7, 0x72, 0x8c,
    0x67, 0x21, 0xc5, 0x08, 0x4a, 0x3a, 0x18, 0xc6, 0x9a, 0xce, 0x0a, 0x3a, 0x06, 0x11, 0x47, 0x21,
    0x47, 0x19, 0x47, 0x19, 0x47, 0x19, 0x47, 0x19, 0x47, 0x19, 0x47, 0x19, 0x67, 0x21, 0xbb, 0xd6,
    0xff, 0xff, 0xdf, 0xff, 0xff, 0xff, 0x5d, 0xef, 0xc9, 0x31, 0x26, 0x19, 0x47, 0x19, 0x47, 0x19,
    0x47, 0x19, 0x47, 0x19, 0x47, 0x19, 0x47, 0x19, 0x47, 0x19, 0x47, 0x19, 0x47, 0x19, 0x47, 0x19,
    0x47, 0x19, 0x47, 0x19, 0x47, 0x19, 0x67, 0x21, 0xc5, 0x08, 0x72, 0x84, 0xff, 0xff, 0xff, 0xff,
    0x6f, 0x63, 0xe6, 0x10, 0x67, 0x21, 0x47, 0x19, 0x47, 0x19, 0x47, 0x19, 0x47, 0x19, 0x47, 0x19,
    0x47, 0x19, 0x47, 0x19, 0x47, 0x19, 0x47, 0x19, 0x47, 0x21, 0xe6, 0x10, 0x35, 0xa5, 0xff, 0xff,
    0xdf, 0xf7, 0xac, 0x4a, 0x06, 0x11, 0x47, 0x21, 0x47, 0x19, 0x47, 0x19, 0x47, 0x19, 0x47, 0x19,
    0x47, 0x19, 0x47, 0x19, 0x47, 0x19, 0x47, 0x19, 0x47, 0x19, 0x47, 0x19, 0x47, 0x19, 0x47, 0x19,
    0x67, 0x21, 0xe6, 0x10, 0x4e, 0x63, 0xff, 0xff, 0xdf, 0xff, 0xdf, 0xf7, 0xff, 0xff, 0x15, 0x9d,
    0xe5, 0x10, 0x47, 0x21, 0x47, 0x19, 0x47, 0x19, 0x47, 0x19, 0x47, 0x19, 0x47, 0x19, 0x47, 0x19,
    0x47, 0x19, 0x27, 0x19, 0x18, 0xbe, 0x8f, 0x6b, 0xc5, 0x08, 0x67, 0x21, 0x47, 0x19, 0x67, 0x21,
    0xc5, 0x08, 0x0d, 0x5b, 0xf8, 0xbd, 0x27, 0x19, 0x47, 0x19, 0x47, 0x19, 0x47, 0x19, 0x47, 0x19,
    0x47, 0x19, 0x47, 0x19, 0x47, 0x19, 0x47, 0x19, 0x47, 0x19, 0x47, 0x19, 0x47, 0x19, 0x47, 0x19,
    0x47, 0x19, 0x47, 0x19, 0x47, 0x19, 0x47, 0x19, 0x47, 0x19, 0x47, 0x19, 0x47, 0x19, 0x47, 0x19,
    0x47, 0x19, 0x47, 0x19, 0x47, 0x19, 0x47, 0x19, 0x47, 0x19, 0x47, 0x19, 0x47, 0x19, 0x47, 0x19,
    0x47, 0x19, 0x47, 0x19, 0x47, 0x19, 0x47, 0x19, 0x47, 0x19, 0x47, 0x19, 0x47, 0x19, 0x47, 0x19,
    0x47, 0x19, 0x47, 0x19, 0x47, 0x19, 0x47, 0x19, 0x47, 0x19, 0x47, 0x19, 0x47, 0x19, 0x47, 0x19,
    0x47, 0x19, 0x47, 0x19, 0x47, 0x19, 0x47, 0x19, 0x47, 0x19, 0x47, 0x19, 0x47, 0x19, 0x47, 0x19,
    0x47, 0x19, 0x47, 0x19, 0x47, 0x19, 0x47, 0x19, 0x47, 0x19, 0x47, 0x19, 0x47, 0x19, 0x47, 0x19,
    0x47, 0x19, 0x47, 0x19, 0x47, 0x19, 0x47, 0x19, 0x47, 0x19, 0x47, 0x19, 0x47, 0x19, 0x47, 0x19,
    0x47, 0x19, 0x47, 0x19, 0x47, 0x19, 0x47, 0x19, 0x47, 0x19, 0x47, 0x19, 0x47, 0x19, 0x47, 0x19,
    0x47, 0x19, 0x47, 0x19, 0x47, 0x19, 0x47, 0x19, 0x47, 0x19, 0x47, 0x19, 0x47, 0x19, 0x47, 0x19,
    0x47, 0x19, 0x47, 0x19, 0x47, 0x19, 0x47, 0x19, 0x47, 0x19, 0x47, 0x19, 0x47, 0x19, 0x47, 0x19,
    0x47, 0x19, 0x47, 0x19, 0x47, 0x19, 0x47, 0x19, 0x47, 0x19, 0x47, 0x19, 0x47, 0x19, 0x47, 0x19,
    0x47, 0x19, 0x47, 0x19, 0x47, 0x19, 0x47, 0x19, 0x47, 0x19, 0x47, 0x19, 0x47, 0x19, 0x47, 0x19,
    0x47, 0x19, 0x47, 0x19, 0x47, 0x19, 0x47, 0x19, 0x47, 0x19, 0x47, 0x19, 0x47, 0x19, 0x47, 0x19,
    0x47, 0x19, 0x47, 0x19, 0x47, 0x19, 0x47, 0x19, 0x47, 0x19, 0x47, 0x19, 0x47, 0x19, 0x47, 0x19,
    0x47, 0x19, 0x47, 0x19, 0x47, 0x19, 0x47, 0x19, 0x47, 0x19, 0x47, 0x19, 0x47, 0x19, 0x47, 0x19,
    0x47, 0x19, 0x47, 0x19, 0x47, 0x19, 0x47, 0x19, 0x47, 0x19, 0x47, 0x19, 0x47, 0x19, 0x47, 0x19,
    0x47, 0x19, 0x47, 0x19, 0x47, 0x19, 0x47, 0x19, 0x47, 0x19, 0x47, 0x19, 0x47, 0x19, 0x47, 0x19,
    0x47, 0x19, 0x47, 0x19, 0x47, 0x19, 0x47, 0x19, 0x47, 0x19, 0x47, 0x19, 0x47, 0x19, 0x47, 0x19,
    0x47, 0x19, 0x47, 0x19, 0x47, 0x19, 0x47, 0x19, 0x47, 0x19, 0x47, 0x19, 0x47, 0x19, 0x47, 0x19,
    0x47, 0x19, 0x47, 0x19, 0x47, 0x19, 0x47, 0x19, 0x47, 0x19, 0x47, 0x19, 0x47, 0x19, 0x47, 0x19,
    0x47, 0x21, 0x26, 0x19, 0xa9, 0x29, 0x1c, 0xe7, 0xff, 0xff, 0xff, 0xff, 0x97, 0xad, 0xa5, 0x08,
    0x26, 0x19, 0x88, 0x21, 0x18, 0xbe, 0x0e, 0x5b, 0xf5, 0x9c, 0xc9, 0x31, 0x26, 0x19, 0x47, 0x19,
    0x47, 0x19, 0x47, 0x19, 0x47, 0x19, 0x47, 0x19, 0x47, 0x19, 0x47, 0x21, 0xe5, 0x10, 0xd4, 0x94,
    0xff, 0xff, 0xdf, 0xf7, 0xdf, 0xff, 0xff, 0xff, 0xd0, 0x73, 0xc5, 0x08, 0x67, 0x21, 0x47, 0x19,
    0x47, 0x19, 0x47, 0x19, 0x47, 0x19, 0x47, 0x19, 0x47, 0x19, 0x47, 0x19, 0x47, 0x19, 0x47, 0x19,
    0x47, 0x19, 0x47, 0x19, 0x47, 0x19, 0x47, 0x19, 0x47, 0x19, 0x9a, 0xce, 0xff, 0xff, 0x3d, 0xe7,
    0xc9, 0x31, 0x26, 0x19, 0x47, 0x21, 0x47, 0x19, 0x47, 0x19, 0x47, 0x19, 0x47, 0x19, 0x47, 0x19,
    0x47, 0x19, 0x47, 0x19, 0x47, 0x19, 0x47, 0x19, 0x67, 0x21, 0xe6, 0x10, 0x2e, 0x5b, 0xff, 0xff,
    0xff, 0xff, 0xf4, 0x9c, 0xc5, 0x08, 0x67, 0x21, 0x47, 0x19, 0x47, 0x19, 0x47, 0x19, 0x47, 0x19,
    0x47, 0x19, 0x47, 0x19, 0x47, 0x19, 0x47, 0x19, 0x47, 0x19, 0x47, 0x19, 0x47, 0x19, 0x47, 0x19,
    0x67, 0x21, 0xe6, 0x10, 0xb7, 0xb5, 0xff, 0xff, 0xdf, 0xff, 0xdf, 0xff, 0xff, 0xff, 0x0d, 0x5b,
    0xe6, 0x10, 0x67, 0x21, 0x47, 0x19, 0x47, 0x19, 0x47, 0x19, 0x47, 0x19, 0x47, 0x19, 0x47, 0x19,
    0x47, 0x19, 0xe6, 0x10, 0x56, 0xa5, 0x3c, 0xe7, 0xed, 0x52, 0xe5, 0x10, 0x67, 0x21, 0x47, 0x19,
    0x67, 0x21, 0xa5, 0x08, 0x93, 0x8c, 0xb3, 0x8c, 0xc5, 0x08, 0x67, 0x21, 0x47, 0x19, 0x47, 0x19,
    0x47, 0x19, 0x47, 0x19, 0x47, 0x19, 0x47, 0x19, 0x47, 0x19, 0x47, 0x19, 0x47, 0x19, 0x47, 0x19,
    0x47, 0x19, 0x47, 0x19, 0x47, 0x19, 0x47, 0x19, 0x47, 0x19, 0x47, 0x19, 0x47, 0x19, 0x47, 0x19,
    0x47, 0x19, 0x47, 0x19, 0x47, 0x19, 0x47, 0x19, 0x47, 0x19, 0x47, 0x19, 0x47, 0x19, 0x47, 0x19,
    0x47, 0x19, 0x47, 0x19, 0x47, 0x19, 0x47, 0x19, 0x47, 0x19, 0x47, 0x19, 0x47, 0x19, 0x47, 0x19,
    0x47, 0x19, 0x47, 0x19, 0x47, 0x19, 0x47, 0x19, 0x47, 0x19, 0x47, 0x19, 0x47, 0x19, 0x47, 0x19,
    0x47, 0x19, 0x47, 0x19, 0x47, 0x19, 0x47, 0x19, 0x47, 0x19, 0x47, 0x19, 0x47, 0x19, 0x47, 0x19,
    0x47, 0x19, 0x47, 0x19, 0x47, 0x19, 0x47, 0x19, 0x47, 0x19, 0x47, 0x19, 0x47, 0x19, 0x47, 0x19,
    0x47, 0x19, 0x47, 0x19, 0x47, 0x19, 0x47, 0x19, 0x47, 0x19, 0x47, 0x19, 0x47, 0x19, 0x47, 0x19,
    0x47, 0x19, 0x47, 0x19, 0x47, 0x19, 0x47, 0x19, 0x47, 0x19, 0x47, 0x19, 0x47, 0x19, 0x47, 0x19,
    0x47, 0x19, 0x47, 0x19, 0x47, 0x19, 0x47, 0x19, 0x47, 0x19, 0x47, 0x19, 0x47, 0x19, 0x47, 0x19,
    0x47, 0x19, 0x47, 0x19, 0x47, 0x19, 0x47, 0x19, 0x47, 0x19, 0x47, 0x19, 0x47, 0x19, 0x47, 0x19,
    0x47, 0x19, 0x47, 0x19, 0x47, 0x19, 0x47, 0x19, 0x47, 0x19, 0x47, 0x19, 0x47, 0x19, 0x47, 0x19,
    0x47, 0x19, 0x47, 0x19, 0x47, 0x19, 0x47, 0x19, 0x47, 0x19, 0x47, 0x19, 0x47, 0x19, 0x47, 0x19,
    0x47, 0x19, 0x47, 0x19, 0x47, 0x19, 0x47, 0x19, 0x47, 0x19, 0x47, 0x19, 0x47, 0x19, 0x47, 0x19,
    0x47, 0x19, 0x47, 0x19, 0x47, 0x19, 0x47, 0x19, 0x47, 0x19, 0x47, 0x19, 0x47, 0x19, 0x47, 0x19,
    0x47, 0x19, 0x47, 0x19, 0x47, 0x19, 0x47, 0x19, 0x47, 0x19, 0x47, 0x19, 0x47, 0x19, 0x47, 0x19,
    0x47, 0x19, 0x47, 0x19, 0x47, 0x19, 0x47, 0x19, 0x47, 0x19, 0x47, 0x19, 0x47, 0x19, 0x47, 0x19,
    0x47, 0x19, 0x47, 0x19, 0x47, 0x19, 0x47, 0x19, 0x47, 0x19, 0x47, 0x19, 0x47, 0x19, 0x47, 0x19,
    0x47, 0x19, 0x47, 0x19, 0x47, 0x19, 0x47, 0x19, 0x47, 0x19, 0x47, 0x19, 0x47, 0x19, 0x47, 0x19,
    0x47, 0x19, 0x47, 0x19, 0x47, 0x19, 0x47, 0x19, 0x47, 0x19, 0x47, 0x19, 0x47, 0x19, 0x47, 0x19,
    0x47, 0x19, 0x47, 0x19, 0x47, 0x19, 0x47, 0x19, 0x47, 0x19, 0x47, 0x19, 0x47, 0x19, 0x47, 0x19,
    0x67, 0x21, 0xe6, 0x10, 0x15, 0x9d, 0xff, 0xff, 0xbe, 0xf7, 0xff, 0xff, 0x52, 0x84, 0xe6, 0x10,
    0x06, 0x11, 0x56, 0xa5, 0xf0, 0x73, 0x47, 0x19, 0x97, 0xad, 0x67, 0x21, 0x27, 0x19, 0x47, 0x19,
    0x47, 0x19, 0x47, 0x19, 0x47, 0x19, 0x47, 0x19, 0x47, 0x19, 0x47, 0x21, 0x06, 0x11, 0x4b, 0x42,
    0xbe, 0xf7, 0xdf, 0xff, 0xdf, 0xff, 0xff, 0xff, 0xfb, 0xde, 0x88, 0x21, 0x27, 0x19, 0x47, 0x21,
    0x47, 0x19, 0x47, 0x19, 0x47, 0x19, 0x47, 0x19, 0x47, 0x19, 0x47, 0x19, 0x47, 0x19, 0x47, 0x19,
    0x47, 0x19, 0x47, 0x19, 0x67, 0x21, 0xc5, 0x08, 0xd0, 0x73, 0xff, 0xff, 0xff, 0xff, 0xf4, 0x9c,
    0xe5, 0x10, 0x67, 0x21, 0x47, 0x19, 0x47, 0x19, 0x47, 0x19, 0x47, 0x19, 0x47, 0x19, 0x47, 0x19,
    0x47, 0x19, 0x47, 0x19, 0x47, 0x19, 0x47, 0x19, 0x47, 0x19, 0x27, 0x19, 0x67, 0x21, 0xba, 0xd6,
    0xff, 0xff, 0x7d, 0xef, 0x2a, 0x3a, 0x06, 0x11, 0x67, 0x21, 0x47, 0x19, 0x47, 0x19, 0x47, 0x19,
    0x47, 0x19, 0x47, 0x19, 0x47, 0x19, 0x47, 0x19, 0x47, 0x19, 0x47, 0x19, 0x47, 0x19, 0x67, 0x21,
    0xe6, 0x10, 0xcd, 0x52, 0xdf, 0xff, 0xdf, 0xff, 0xdf, 0xff, 0xff, 0xff, 0x9a, 0xce, 0x47, 0x19,
    0x47, 0x19, 0x47, 0x19, 0x47, 0x19, 0x47, 0x19, 0x47, 0x19, 0x47, 0x19, 0x47, 0x19, 0x47, 0x19,
    0x47, 0x21, 0xe6, 0x10, 0xb4, 0x94, 0xd0, 0x73, 0xd8, 0xb5, 0x4a, 0x3a, 0x06, 0x11, 0x67, 0x21,
    0x47, 0x19, 0x47, 0x19, 0x27, 0x19, 0xf8, 0xbd, 0xac, 0x4a, 0xe6, 0x10, 0x47, 0x21, 0x47, 0x19,
    0x47, 0x19, 0x47, 0x19, 0x47, 0x19, 0x47, 0x19, 0x47, 0x19, 0x47, 0x19, 0x47, 0x19, 0x47, 0x19,
    0x47, 0x19, 0x47, 0x19, 0x47, 0x19, 0x47, 0x19, 0x47, 0x19, 0x47, 0x19, 0x47, 0x19, 0x47, 0x19,
    0x47, 0x19, 0x47, 0x19, 0x47, 0x19, 0x47, 0x19, 0x47, 0x19, 0x47, 0x19, 0x47, 0x19, 0x47, 0x19,
    0x47, 0x19, 0x47, 0x19, 0x47, 0x19, 0x47, 0x19, 0x47, 0x19, 0x47, 0x19, 0x47, 0x19, 0x47, 0x19,
    0x47, 0x19, 0x47, 0x19, 0x47, 0x19, 0x47, 0x19, 0x47, 0x19, 0x47, 0x19, 0x47, 0x19, 0x47, 0x19,
    0x47, 0x19, 0x47, 0x19, 0x47, 0x19, 0x47, 0x19, 0x47, 0x19, 0x47, 0x19, 0x47, 0x19, 0x47, 0x19,
    0x47, 0x19, 0x47, 0x19, 0x47, 0x19, 0x47, 0x19, 0x47, 0x19, 0x47, 0x19, 0x47, 0x19, 0x47, 0x19,
    0x47, 0x19, 0x47, 0x19, 0x47, 0x19, 0x47, 0x19, 0x47, 0x19, 0x47, 0x19, 0x47, 0x19, 0x47, 0x19,
    0x47, 0x19, 0x47, 0x19, 0x47, 0x19, 0x47, 0x19, 0x47, 0x19, 0x47, 0x19, 0x47, 0x19, 0x47, 0x19,
    0x47, 0x19, 0x47, 0x19, 0x47, 0x19, 0x47, 0x19, 0x47, 0x19, 0x47, 0x19, 0x47, 0x19, 0x47, 0x19,
    0x47, 0x19, 0x47, 0x19, 0x47, 0x19, 0x47, 0x19, 0x47, 0x19, 0x47, 0x19, 0x47, 0x19, 0x47, 0x19,
    0x47, 0x19, 0x47, 0x19, 0x47, 0x19, 0x47, 0x19, 0x47, 0x19, 0x47, 0x19, 0x47, 0x19, 0x47, 0x19,
    0x47, 0x19, 0x47, 0x19, 0x47, 0x19, 0x47, 0x19, 0x47, 0x19, 0x47, 0x19, 0x47, 0x19, 0x47, 0x19,
    0x47, 0x19, 0x47, 0x19, 0x47, 0x19, 0x47, 0x19, 0x47, 0x19, 0x47, 0x19, 0x47, 0x19, 0x47, 0x19,
    0x47, 0x19, 0x47, 0x19, 0x47, 0x19, 0x47, 0x19, 0x47, 0x19, 0x47, 0x19, 0x47, 0x19, 0x47, 0x19,
    0x47, 0x19, 0x47, 0x19, 0x47, 0x19, 0x47, 0x19, 0x47, 0x19, 0x47, 0x19, 0x47, 0x19, 0x47, 0x19,
    0x47, 0x19, 0x47, 0x19, 0x47, 0x19, 0x47, 0x19, 0x47, 0x19, 0x47, 0x19, 0x47, 0x19, 0x47, 0x19,
    0x47, 0x19, 0x47, 0x19, 0x47, 0x19, 0x47, 0x19, 0x47, 0x19, 0x47, 0x19, 0x47, 0x19, 0x47, 0x19,
    0x47, 0x19, 0x47, 0x19, 0x47, 0x19, 0x47, 0x19, 0x47, 0x19, 0x47, 0x19, 0x47, 0x19, 0x47, 0x19,
    0x47, 0x19, 0x47, 0x19, 0x47, 0x19, 0x47, 0x19, 0x47, 0x19, 0x47, 0x19, 0x47, 0x19, 0x47, 0x19,
    0x47, 0x19, 0x47, 0x19, 0x47, 0x19, 0x47, 0x19, 0x47, 0x19, 0x47, 0x19, 0x47, 0x19, 0x47, 0x21,
    0x06, 0x11, 0x6b, 0x42, 0xbe, 0xf7, 0xdf, 0xff, 0xdf, 0xff, 0xff, 0xff, 0x0d, 0x5b, 0x64, 0x00,
    0xb0, 0x73, 0x76, 0xad, 0x84, 0x00, 0x6b, 0x42, 0x76, 0xad, 0x27, 0x19, 0x47, 0x19, 0x47, 0x19,
    0x47, 0x19, 0x47, 0x19, 0x47, 0x19, 0x47, 0x19, 0x47, 0x19, 0x47, 0x19, 0x47, 0x21, 0xe6, 0x10,
    0x35, 0xa5, 0xff, 0xff, 0xdf, 0xff, 0xdf, 0xff, 0xff, 0xff, 0x56, 0xa5, 0xe6, 0x10, 0x47, 0x19,
    0x67, 0x21, 0x47, 0x19, 0x47, 0x19, 0x47, 0x19, 0x47, 0x19, 0x47, 0x19, 0x47, 0x19, 0x47, 0x19,
    0x47, 0x19, 0x67, 0x21, 0xe5, 0x10, 0x4b, 0x3a, 0x5d, 0xef, 0xff, 0xff, 0x7d, 0xef, 0x0a, 0x3a,
    0x06, 0x11, 0x47, 0x21, 0x47, 0x19, 0x47, 0x19, 0x47, 0x19, 0x47, 0x19, 0x47, 0x19, 0x47, 0x19,
    0x47, 0x19, 0x47, 0x19, 0x47, 0x19, 0x47, 0x19, 0x47, 0x19, 0x67, 0x21, 0xe6, 0x10, 0x8f, 0x6b,
    0xff, 0xff, 0xff, 0xff, 0x39, 0xc6, 0x47, 0x19, 0x26, 0x19, 0x67, 0x21, 0x47, 0x19, 0x47, 0x19,
    0x47, 0x19, 0x47, 0x19, 0x47, 0x19, 0x47, 0x19, 0x47, 0x19, 0x47, 0x19, 0x67, 0x21, 0x06, 0x11,
    0x88, 0x29, 0xbb, 0xd6, 0xff, 0xff, 0xdf, 0xff, 0xdf, 0xff, 0xff, 0xff, 0x6f, 0x63, 0xe6, 0x10,
    0x67, 0x21, 0x47, 0x19, 0x47, 0x19, 0x47, 0x19, 0x47, 0x19, 0x47, 0x19, 0x47, 0x19, 0x47, 0x19,
    0x67, 0x21, 0xc5, 0x08, 0xb3, 0x8c, 0x0d, 0x5b, 0x8c, 0x4a, 0xf8, 0xbd, 0x27, 0x19, 0x47, 0x19,
    0x47, 0x19, 0x67, 0x21, 0xe6, 0x10, 0xcd, 0x52, 0xb7, 0xb5, 0x06, 0x11, 0x47, 0x19, 0x47, 0x19,
    0x47, 0x19, 0x47, 0x19, 0x47, 0x19, 0x47, 0x19, 0x47, 0x19, 0x47, 0x19, 0x47, 0x19, 0x47, 0x19,
    0x47, 0x19, 0x47, 0x19, 0x47, 0x19, 0x47, 0x19, 0x47, 0x19, 0x47, 0x19, 0x47, 0x19, 0x47, 0x19,
    0x47, 0x19, 0x47, 0x19, 0x47, 0x19, 0x47, 0x19, 0x47, 0x19, 0x47, 0x19, 0x47, 0x19, 0x47, 0x19,
    0x47, 0x19, 0x47, 0x19, 0x47, 0x19, 0x47, 0x19, 0x47, 0x19, 0x47, 0x19, 0x47, 0x19, 0x47, 0x19,
    0x47, 0x19, 0x47, 0x19, 0x47, 0x19, 0x47, 0x19, 0x47, 0x19, 0x47, 0x19, 0x47, 0x19, 0x47, 0x19,
    0x47, 0x19, 0x47, 0x19, 0x47, 0x19, 0x47, 0x19, 0x47, 0x19, 0x47, 0x19, 0x47, 0x19, 0x47, 0x19,
    0x47, 0x19, 0x47, 0x19, 0x47, 0x19, 0x47, 0x19, 0x47, 0x19, 0x47, 0x19, 0x47, 0x19, 0x47, 0x19,
    0x47, 0x19, 0x47, 0x19, 0x47, 0x19, 0x47, 0x19, 0x47, 0x19, 0x47, 0x19, 0x47, 0x19, 0x47, 0x19,
    0x47, 0x19, 0x47, 0x19, 0x47, 0x19, 0x47, 0x19, 0x47, 0x19, 0x47, 0x19, 0x47, 0x19, 0x47, 0x19,
    0x47, 0x19, 0x47, 0x19, 0x47, 0x19, 0x47, 0x19, 0x47, 0x19, 0x47, 0x19, 0x47, 0x19, 0x47, 0x19,
    0x47, 0x19, 0x47, 0x19, 0x47, 0x19, 0x47, 0x19, 0x47, 0x19, 0x47, 0x19, 0x47, 0x19, 0x47, 0x19,
    0x47, 0x19, 0x47, 0x19, 0x47, 0x19, 0x47, 0x19, 0x47, 0x19, 0x47, 0x19, 0x47, 0x19, 0x47, 0x19,
    0x47, 0x19, 0x47, 0x19, 0x47, 0x19, 0x47, 0x19, 0x47, 0x19, 0x47, 0x19, 0x47, 0x19, 0x47, 0x19,
    0x47, 0x19, 0x47, 0x19, 0x47, 0x19, 0x47, 0x19, 0x47, 0x19, 0x47, 0x19, 0x47, 0x19, 0x47, 0x19,
    0x47, 0x19, 0x47, 0x19, 0x47, 0x19, 0x47, 0x19, 0x47, 0x19, 0x47, 0x19, 0x47, 0x19, 0x47, 0x19,
    0x47, 0x19, 0x47, 0x19, 0x47, 0x19, 0x47, 0x19, 0x47, 0x19, 0x47, 0x19, 0x47, 0x19, 0x47, 0x19,
    0x47, 0x19, 0x47, 0x19, 0x47, 0x19, 0x47, 0x19, 0x47, 0x19, 0x47, 0x19, 0x47, 0x19, 0x47, 0x19,
    0x47, 0x19, 0x47, 0x19, 0x47, 0x19, 0x47, 0x19, 0x47, 0x19, 0x47, 0x19, 0x47, 0x19, 0x47, 0x19,
    0x47, 0x19, 0x47, 0x19, 0x47, 0x19, 0x47, 0x19, 0x47, 0x19, 0x47, 0x19, 0x47, 0x19, 0x47, 0x19,
    0x47, 0x19, 0x47, 0x19, 0x47, 0x19, 0x47, 0x19, 0x47, 0x19, 0x47, 0x19, 0x47, 0x19, 0x47, 0x19,
    0x47, 0x19, 0x47, 0x19, 0x47, 0x19, 0x47, 0x19, 0x47, 0x19, 0x47, 0x19, 0x47, 0x19, 0x47, 0x21,
    0xe6, 0x10, 0x76, 0xad, 0xff, 0xff, 0xbe, 0xf7, 0xff, 0xff, 0x3c, 0xe7, 0x88, 0x21, 0xa8, 0x29,
    0x18, 0xc6, 0xe9, 0x31, 0xc5, 0x08, 0x8c, 0x4a, 0x76, 0xad, 0x06, 0x11, 0x47, 0x19, 0x47, 0x19,
    0x47, 0x19, 0x47, 0x19, 0x47, 0x19, 0x47, 0x19, 0x47, 0x19, 0x47, 0x19, 0x47, 0x21, 0x26, 0x19,
    0xc9, 0x29, 0x1c, 0xe7, 0xff, 0xff, 0xdf, 0xff, 0xdf, 0xff, 0xff, 0xff, 0xd4, 0x94, 0x06, 0x11,
    0x06, 0x11, 0x47, 0x21, 0x67, 0x21, 0x47, 0x21, 0x47, 0x21, 0x47, 0x21, 0x47, 0x21, 0x67, 0x21,
    0x47, 0x19, 0xc5, 0x08, 0x4b, 0x42, 0xfc, 0xde, 0xff, 0xff, 0xff, 0xff, 0x11, 0x7c, 0xe5, 0x10,
    0x67, 0x21, 0x47, 0x19, 0x47, 0x19, 0x47, 0x21, 0x47, 0x21, 0x47, 0x21, 0x47, 0x21, 0x47, 0x21,
    0x47, 0x21, 0x47, 0x21, 0x47, 0x21, 0x47, 0x21, 0x47, 0x19, 0x47, 0x19, 0x47, 0x19, 0x06, 0x19,
    0xd7, 0xb5, 0xff, 0xff, 0xff, 0xff, 0xb7, 0xb5, 0x67, 0x21, 0xe6, 0x10, 0x47, 0x19, 0x67, 0x21,
    0x47, 0x21, 0x47, 0x21, 0x47, 0x21, 0x47, 0x21, 0x67, 0x21, 0x47, 0x19, 0xc5, 0x10, 0xa8, 0x29,
    0x59, 0xc6, 0xff, 0xff, 0xdf, 0xff, 0xbe, 0xf7, 0xff, 0xff, 0xb7, 0xb5, 0x06, 0x11, 0x47, 0x19,
    0x47, 0x19, 0x47, 0x19, 0x47, 0x19, 0x47, 0x19, 0x47, 0x19, 0x47, 0x19, 0x47, 0x19, 0x47, 0x19,
    0x67, 0x21, 0xc5, 0x08, 0x72, 0x84, 0xf1, 0x7b, 0x23, 0x00, 0xd4, 0x94, 0x73, 0x8c, 0xc5, 0x08,
    0x67, 0x21, 0x47, 0x19, 0x67, 0x21, 0xc5, 0x08, 0x35, 0xa5, 0x6f, 0x63, 0xc5, 0x08, 0x67, 0x21,
    0x47, 0x19, 0x47, 0x19, 0x47, 0x19, 0x47, 0x19, 0x47, 0x19, 0x47, 0x19, 0x47, 0x19, 0x47, 0x19,
    0x47, 0x19, 0x47, 0x19, 0x47, 0x19, 0x47, 0x19, 0x47, 0x19, 0x47, 0x19, 0x47, 0x19, 0x47, 0x19,
    0x47, 0x19, 0x47, 0x19, 0x47, 0x19, 0x47, 0x19, 0x47, 0x19, 0x47, 0x19, 0x47, 0x19, 0x47, 0x19,
    0x47, 0x19, 0x47, 0x19, 0x47, 0x19, 0x47, 0x19, 0x47, 0x19, 0x47, 0x19, 0x47, 0x19, 0x47, 0x19,
    0x47, 0x19, 0x47, 0x19, 0x47, 0x19, 0x47, 0x19, 0x47, 0x19, 0x47, 0x19, 0x47, 0x19, 0x47, 0x19,
    0x47, 0x19, 0x47, 0x19, 0x47, 0x19, 0x47, 0x19, 0x47, 0x19, 0x47, 0x19, 0x47, 0x19, 0x47, 0x19,
    0x47, 0x19, 0x47, 0x19, 0x47, 0x19, 0x47, 0x19, 0x47, 0x19, 0x47, 0x19, 0x47, 0x19, 0x47, 0x19,
    0x47, 0x19, 0x47, 0x19, 0x47, 0x19, 0x47, 0x19, 0x47, 0x19, 0x47, 0x19, 0x47, 0x19, 0x47, 0x19,
    0x47, 0x19, 0x47, 0x19, 0x47, 0x19, 0x47, 0x19, 0x47, 0x19, 0x47, 0x19, 0x47, 0x19, 0x47, 0x19,
    0x47, 0x19, 0x47, 0x19, 0x47, 0x19, 0x47, 0x19, 0x47, 0x19, 0x47, 0x19, 0x47, 0x19, 0x47, 0x19,
    0x47, 0x19, 0x47, 0x19, 0x47, 0x19, 0x47, 0x19, 0x47, 0x19, 0x47, 0x19, 0x47, 0x19, 0x47, 0x19,
    0x47, 0x19, 0x47, 0x19, 0x47, 0x19, 0x47, 0x19, 0x47, 0x19, 0x47, 0x19, 0x47, 0x19, 0x47, 0x19,
    0x47, 0x19, 0x47, 0x19, 0x47, 0x19, 0x47, 0x19, 0x47, 0x19, 0x47, 0x19, 0x47, 0x19, 0x47, 0x19,
    0x47, 0x19, 0x47, 0x19, 0x47, 0x19, 0x47, 0x19, 0x47, 0x19, 0x47, 0x19, 0x47, 0x19, 0x47, 0x19,
    0x47, 0x19, 0x47, 0x19, 0x47, 0x19, 0x47, 0x19, 0x47, 0x19, 0x47, 0x19, 0x47, 0x19, 0x47, 0x19,
    0x47, 0x19, 0x47, 0x19, 0x47, 0x19, 0x47, 0x19, 0x47, 0x19, 0x47, 0x19, 0x47, 0x19, 0x47, 0x19,
    0x47, 0x19, 0x47, 0x19, 0x47, 0x19, 0x47, 0x19, 0x47, 0x19, 0x47, 0x19, 0x47, 0x19, 0x47, 0x19,
    0x47, 0x19, 0x47, 0x19, 0x47, 0x19, 0x47, 0x19, 0x47, 0x19, 0x47, 0x19, 0x47, 0x19, 0x47, 0x19,
    0x47, 0x19, 0x47, 0x19, 0x47, 0x19, 0x47, 0x19, 0x47, 0x19, 0x47, 0x19, 0x47, 0x19, 0x47, 0x19,
    0x47, 0x19, 0x47, 0x19, 0x47, 0x19, 0x47, 0x19, 0x47, 0x19, 0x47, 0x19, 0x47, 0x19, 0x47, 0x19,
    0x47, 0x19, 0x47, 0x19, 0x47, 0x19, 0x47, 0x19, 0x47, 0x19, 0x47, 0x19, 0x47, 0x19, 0x06, 0x11,
    0x2a, 0x3a, 0xbe, 0xf7, 0xff, 0xff, 0xbe, 0xf7, 0xff, 0xff, 0x55, 0xa5, 0x64, 0x00, 0xb3, 0x94,
    0x31, 0x7c, 0xc5, 0x08, 0x06, 0x11, 0x8c, 0x4a, 0x35, 0xa5, 0x06, 0x11, 0x47, 0x19, 0x47, 0x19,
    0x47, 0x19, 0x47, 0x19, 0x47, 0x19, 0x47, 0x19, 0x47, 0x19, 0x47, 0x19, 0x47, 0x19, 0x67, 0x21,
    0xe6, 0x10, 0xcd, 0x52, 0xbe, 0xf7, 0xff, 0xff, 0xdf, 0xff, 0xdf, 0xff, 0xff, 0xff, 0xf8, 0xbd,
    0x4b, 0x42, 0xe6, 0x10, 0xe5, 0x10, 0x06, 0x11, 0x06, 0x11, 0x06, 0x11, 0xe6, 0x10, 0xc5, 0x08,
    0x47, 0x21, 0xd0, 0x73, 0x5d, 0xef, 0xff, 0xff, 0xff, 0xff, 0x76, 0xad, 0x26, 0x19, 0x47, 0x21,
    0x47, 0x19, 0x26, 0x19, 0x06, 0x11, 0x06, 0x11, 0xe6, 0x10, 0xe6, 0x10, 0xe6, 0x10, 0xe6, 0x10,
    0xe6, 0x10, 0xe6, 0x10, 0xe6, 0x10, 0x06, 0x11, 0x06, 0x11, 0x26, 0x19, 0x47, 0x19, 0x26, 0x19,
    0xc9, 0x29, 0xdb, 0xde, 0xff, 0xff, 0xff, 0xff, 0x9a, 0xce, 0xcd, 0x52, 0x06, 0x11, 0xe5, 0x10,
    0x06, 0x11, 0x06, 0x11, 0x06, 0x11, 0xe6, 0x10, 0xe5, 0x10, 0x27, 0x19, 0x2e, 0x5b, 0xfb, 0xde,
    0xff, 0xff, 0xdf, 0xff, 0xbf, 0xf7, 0xff, 0xff, 0xbb, 0xd6, 0x88, 0x29, 0x26, 0x19, 0x47, 0x21,
    0x47, 0x19, 0x47, 0x19, 0x47, 0x19, 0x47, 0x19, 0x47, 0x19, 0x47, 0x19, 0x47, 0x19, 0x47, 0x19,
    0x67, 0x21, 0xc5, 0x08, 0x52, 0x84, 0x11, 0x7c, 0xc5, 0x08, 0x67, 0x21, 0xf8, 0xbd, 0x4b, 0x42,
    0x06, 0x11, 0x47, 0x21, 0x47, 0x21, 0xe6, 0x10, 0x6b, 0x42, 0xb7, 0xb5, 0x27, 0x19, 0x47, 0x19,
    0x47, 0x19, 0x47, 0x19, 0x47, 0x19, 0x47, 0x19, 0x47, 0x19, 0x47, 0x19, 0x47, 0x19, 0x47, 0x19,
    0x47, 0x19, 0x47, 0x19, 0x47, 0x19, 0x47, 0x19, 0x47, 0x19, 0x47, 0x19, 0x47, 0x19, 0x47, 0x19,
    0x47, 0x19, 0x47, 0x19, 0x47, 0x19, 0x47, 0x19, 0x47, 0x19, 0x47, 0x19, 0x47, 0x19, 0x47, 0x19,
    0x47, 0x19, 0x47, 0x19, 0x47, 0x19, 0x47, 0x19, 0x47, 0x19, 0x47, 0x19, 0x47, 0x19, 0x47, 0x19,
    0x47, 0x19, 0x47, 0x19, 0x47, 0x19, 0x47, 0x19, 0x47, 0x19, 0x47, 0x19, 0x47, 0x19, 0x47, 0x19,
    0x47, 0x19, 0x47, 0x19, 0x47, 0x19, 0x47, 0x19, 0x47, 0x19, 0x47, 0x19, 0x47, 0x19, 0x47, 0x19,
    0x47, 0x19, 0x47, 0x19, 0x47, 0x19, 0x47, 0x19, 0x47, 0x19, 0x47, 0x19, 0x47, 0x19, 0x47, 0x19,
    0x47, 0x19, 0x47, 0x19, 0x47, 0x19, 0x47, 0x19, 0x47, 0x19, 0x47, 0x19, 0x47, 0x19, 0x47, 0x19,
    0x47, 0x19, 0x47, 0x19, 0x47, 0x19, 0x47, 0x19, 0x47, 0x19, 0x47, 0x19, 0x47, 0x19, 0x47, 0x19,
    0x47, 0x19, 0x47, 0x19, 0x47, 0x19, 0x47, 0x19, 0x47, 0x19, 0x47, 0x19, 0x47, 0x19, 0x47, 0x19,
    0x47, 0x19, 0x47, 0x19, 0x47, 0x19, 0x47, 0x19, 0x47, 0x19, 0x47, 0x19, 0x47, 0x19, 0x47, 0x19,
    0x47, 0x19, 0x47, 0x19, 0x47, 0x19, 0x47, 0x19, 0x47, 0x19, 0x47, 0x19, 0x47, 0x19, 0x47, 0x19,
    0x47, 0x19, 0x47, 0x19, 0x47, 0x19, 0x47, 0x19, 0x47, 0x19, 0x47, 0x19, 0x47, 0x19, 0x47, 0x19,
    0x47, 0x19, 0x47, 0x19, 0x47, 0x19, 0x47, 0x19, 0x47, 0x19, 0x47, 0x19, 0x47, 0x19, 0x47, 0x19,
    0x47, 0x19, 0x47, 0x19, 0x47, 0x19, 0x47, 0x19, 0x47, 0x19, 0x47, 0x19, 0x47, 0x19, 0x47, 0x19,
    0x47, 0x19, 0x47, 0x19, 0x47, 0x19, 0x47, 0x19, 0x47, 0x19, 0x47, 0x19, 0x47, 0x19, 0x47, 0x19,
    0x47, 0x19, 0x47, 0x19, 0x47, 0x19, 0x47, 0x19, 0x47, 0x19, 0x47, 0x19, 0x47, 0x19, 0x47, 0x19,
    0x47, 0x19, 0x47, 0x19, 0x47, 0x19, 0x47, 0x19, 0x47, 0x19, 0x47, 0x19, 0x47, 0x19, 0x47, 0x19,
    0x47, 0x19, 0x47, 0x19, 0x47, 0x19, 0x47, 0x19, 0x47, 0x19, 0x47, 0x19, 0x47, 0x19, 0x47, 0x19,
    0x47, 0x19, 0x47, 0x19, 0x47, 0x19, 0x47, 0x19, 0x47, 0x19, 0x47, 0x19, 0x47, 0x19, 0x47, 0x19,
    0x47, 0x19, 0x47, 0x19, 0x47, 0x19, 0x47, 0x19, 0x47, 0x19, 0x47, 0x19, 0x67, 0x21, 0xc5, 0x08,
    0x93, 0x8c, 0xff, 0xff, 0xdf, 0xff, 0xff, 0xff, 0xdf, 0xff, 0x6b, 0x42, 0xa8, 0x29, 0xf8, 0xbd,
    0x88, 0x21, 0x47, 0x19, 0x06, 0x11, 0x8c, 0x4a, 0x35, 0xa5, 0x06, 0x11, 0x47, 0x19, 0x47, 0x19,
    0x47, 0x19, 0x47, 0x19, 0x47, 0x19, 0x47, 0x19, 0x47, 0x19, 0x47, 0x19, 0x47, 0x19, 0x47, 0x19,
    0x67, 0x21, 0xe6, 0x10, 0x2e, 0x5b, 0x9e, 0xf7, 0xff, 0xff, 0xbe, 0xf7, 0xbf, 0xf7, 0xff, 0xff,
    0xbe, 0xf7, 0x97, 0xad, 0x8f, 0x6b, 0x8c, 0x4a, 0x0a, 0x3a, 0x2a, 0x3a, 0xed, 0x52, 0x52, 0x84,
    0xbb, 0xd6, 0xff, 0xff, 0xff, 0xff, 0xdf, 0xff, 0xf4, 0x9c, 0xa5, 0x08, 0xc5, 0x08, 0x06, 0x19,
    0x67, 0x21, 0xc9, 0x29, 0x0a, 0x3a, 0x4b, 0x42, 0xac, 0x4a, 0xed, 0x52, 0x0d, 0x5b, 0x0d, 0x5b,
    0x0d, 0x5b, 0xed, 0x52, 0xac, 0x4a, 0x6b, 0x42, 0x2a, 0x3a, 0xc9, 0x29, 0x67, 0x21, 0x26, 0x19,
    0xa5, 0x08, 0x88, 0x21, 0x59, 0xc6, 0xdf, 0xff, 0xff, 0xff, 0xff, 0xff, 0xf8, 0xbd, 0xd0, 0x73,
    0xac, 0x4a, 0x0a, 0x3a, 0x2a, 0x3a, 0xcc, 0x52, 0x11, 0x7c, 0x39, 0xc6, 0xff, 0xff, 0xff, 0xff,
    0xbe, 0xf7, 0xdf, 0xff, 0xff, 0xff, 0xba, 0xd6, 0xe9, 0x31, 0x06, 0x11, 0x67, 0x21, 0x47, 0x19,
    0x47, 0x19, 0x47, 0x19, 0x47, 0x19, 0x47, 0x19, 0x47, 0x19, 0x47, 0x19, 0x47, 0x19, 0x47, 0x19,
    0x67, 0x21, 0xc5, 0x08, 0x52, 0x84, 0x11, 0x7c, 0xe5, 0x10, 0xe6, 0x10, 0x6f, 0x63, 0x35, 0xa5,
    0xc5, 0x10, 0x47, 0x21, 0x47, 0x19, 0x47, 0x21, 0xe6, 0x10, 0x56, 0xa5, 0x0d, 0x5b, 0xe6, 0x10,
    0x47, 0x21, 0x47, 0x19, 0x47, 0x19, 0x47, 0x19, 0x47, 0x19, 0x47, 0x19, 0x47, 0x19, 0x47, 0x19,
    0x47, 0x19, 0x47, 0x19, 0x47, 0x19, 0x47, 0x19, 0x47, 0x19, 0x47, 0x19, 0x47, 0x19, 0x47, 0x19,
    0x47, 0x19, 0x47, 0x19, 0x47, 0x19, 0x47, 0x19, 0x47, 0x19, 0x47, 0x19, 0x47, 0x19, 0x47, 0x19,
    0x47, 0x19, 0x47, 0x19, 0x47, 0x19, 0x47, 0x19, 0x47, 0x19, 0x47, 0x19, 0x47, 0x19, 0x47, 0x19,
    0x47, 0x19, 0x47, 0x19, 0x47, 0x19, 0x47, 0x19, 0x47, 0x19, 0x47, 0x19, 0x47, 0x19, 0x47, 0x19,
    0x47, 0x19, 0x47, 0x19, 0x47, 0x19, 0x47, 0x19, 0x47, 0x19, 0x47, 0x19, 0x47, 0x19, 0x47, 0x19,
    0x47, 0x19, 0x47, 0x19, 0x47, 0x19, 0x47, 0x19, 0x47, 0x19, 0x47, 0x19, 0x47, 0x19, 0x47, 0x19,
    0x47, 0x19, 0x47, 0x19, 0x47, 0x19, 0x47, 0x19, 0x47, 0x19, 0x47, 0x19, 0x47, 0x19, 0x47, 0x19,
    0x47, 0x19, 0x47, 0x19, 0x47, 0x19, 0x47, 0x19, 0x47, 0x19, 0x47, 0x19, 0x47, 0x19, 0x47, 0x19,
    0x47, 0x19, 0x47, 0x19, 0x47, 0x19, 0x47, 0x19, 0x47, 0x19, 0x47, 0x19, 0x47, 0x19, 0x47, 0x19,
    0x47, 0x19, 0x47, 0x19, 0x47, 0x19, 0x47, 0x19, 0x47, 0x19, 0x47, 0x19, 0x47, 0x19, 0x47, 0x19,
    0x47, 0x19, 0x47, 0x19, 0x47, 0x19, 0x47, 0x19, 0x47, 0x19, 0x47, 0x19, 0x47, 0x19, 0x47, 0x19,
    0x47, 0x19, 0x47, 0x19, 0x47, 0x19, 0x47, 0x19, 0x47, 0x19, 0x47, 0x19, 0x47, 0x19, 0x47, 0x19,
    0x47, 0x19, 0x47, 0x19, 0x47, 0x19, 0x47, 0x19, 0x47, 0x19, 0x47, 0x19, 0x47, 0x19, 0x47, 0x19,
    0x47, 0x19, 0x47, 0x19, 0x47, 0x19, 0x47, 0x19, 0x47, 0x19, 0x47, 0x19, 0x47, 0x19, 0x47, 0x19,
    0x47, 0x19, 0x47, 0x19, 0x47, 0x19, 0x47, 0x19, 0x47, 0x19, 0x47, 0x19, 0x47, 0x19, 0x47, 0x19,
    0x47, 0x19, 0x47, 0x19, 0x47, 0x19, 0x47, 0x19, 0x47, 0x19, 0x47, 0x19, 0x47, 0x19, 0x47, 0x19,
    0x47, 0x19, 0x47, 0x19, 0x47, 0x19, 0x47, 0x19, 0x47, 0x19, 0x47, 0x19, 0x47, 0x19, 0x47, 0x19,
    0x47, 0x19, 0x47, 0x19, 0x47, 0x19, 0x47, 0x19, 0x47, 0x19, 0x47, 0x19, 0x47, 0x19, 0x47, 0x19,
    0x47, 0x19, 0x47, 0x19, 0x47, 0x19, 0x47, 0x19, 0x47, 0x19, 0x47, 0x19, 0x47, 0x19, 0x47, 0x19,
    0x47, 0x19, 0x47, 0x19, 0x47, 0x19, 0x47, 0x19, 0x47, 0x19, 0x47, 0x19, 0x47, 0x19, 0x67, 0x21,
    0xbb, 0xd6, 0xff, 0xff, 0xbe, 0xf7, 0xff, 0xff, 0x39, 0xc6, 0x84, 0x00, 0x52, 0x84, 0x52, 0x84,
    0xc5, 0x08, 0x67, 0x21, 0xe6, 0x10, 0x8c, 0x4a, 0x56, 0xa5, 0x06, 0x11, 0x47, 0x19, 0x47, 0x19,
    0x47, 0x19, 0x47, 0x19, 0x47, 0x19, 0x47, 0x19, 0x47, 0x19, 0x47, 0x19, 0x47, 0x19, 0x47, 0x19,
    0x47, 0x19, 0x67, 0x21, 0xe6, 0x10, 0x8c, 0x4a, 0xbb, 0xd6, 0xff, 0xff, 0xff, 0xff, 0xbe, 0xf7,
    0xdf, 0xff, 0xff, 0xff, 0xff, 0xff, 0xdf, 0xf7, 0x7e, 0xef, 0x9e, 0xf7, 0xff, 0xff, 0xff, 0xff,
    0xff, 0xff, 0xff, 0xff, 0xff, 0xff, 0xb7, 0xb5, 0x4e, 0x63, 0x32, 0x84, 0xd4, 0x94, 0x35, 0xa5,
    0x97, 0xad, 0x97, 0xad, 0x96, 0xad, 0x56, 0xa5, 0x35, 0xa5, 0x35, 0xa5, 0x15, 0x9d, 0x15, 0x9d,
    0x15, 0x9d, 0x35, 0xa5, 0x35, 0xa5, 0x55, 0xa5, 0x76, 0xad, 0x97, 0xad, 0xb7, 0xb5, 0x55, 0xa5,
    0xf4, 0x9c, 0x11, 0x7c, 0xf1, 0x73, 0xdb, 0xde, 0xff, 0xff, 0xff, 0xff, 0xff, 0xff, 0xff, 0xff,
    0xdf, 0xff, 0x7e, 0xef, 0x9e, 0xf7, 0xdf, 0xff, 0xff, 0xff, 0xff, 0xff, 0xbf, 0xf7, 0xdf, 0xff,
    0xff, 0xff, 0xff, 0xff, 0x97, 0xad, 0xa8, 0x29, 0x06, 0x11, 0x67, 0x21, 0x47, 0x19, 0x47, 0x19,
    0x47, 0x19, 0x47, 0x19, 0x47, 0x19, 0x47, 0x19, 0x47, 0x19, 0x47, 0x19, 0x47, 0x19, 0x47, 0x19,
    0x67, 0x21, 0xc5, 0x10, 0x72, 0x8c, 0xf1, 0x73, 0xc5, 0x08, 0x67, 0x21, 0x27, 0x19, 0xd7, 0xb5,
    0x6b, 0x42, 0x06, 0x11, 0x47, 0x19, 0x47, 0x21, 0xe5, 0x10, 0x2e, 0x5b, 0x15, 0x9d, 0xe6, 0x10,
    0x47, 0x21, 0x47, 0x19, 0x47, 0x19, 0x47, 0x19, 0x47, 0x19, 0x47, 0x19, 0x47, 0x19, 0x47, 0x19,
    0x47, 0x19, 0x47, 0x19, 0x47, 0x19, 0x47, 0x19, 0x47, 0x19, 0x47, 0x19, 0x47, 0x19, 0x47, 0x19,
    0x47, 0x19, 0x47, 0x19, 0x47, 0x19, 0x47, 0x19, 0x47, 0x19, 0x47, 0x19, 0x47, 0x19, 0x47, 0x19,
    0x47, 0x19, 0x47, 0x19, 0x47, 0x19, 0x47, 0x19, 0x47, 0x19, 0x47, 0x19, 0x47, 0x19, 0x47, 0x19,
    0x47, 0x19, 0x47, 0x19, 0x47, 0x19, 0x47, 0x19, 0x47, 0x19, 0x47, 0x19, 0x47, 0x19, 0x47, 0x19,
    0x47, 0x19, 0x47, 0x19, 0x47, 0x19, 0x47, 0x19, 0x47, 0x19, 0x47, 0x19, 0x47, 0x19, 0x47, 0x19,
    0x47, 0x19, 0x47, 0x19, 0x47, 0x19, 0x47, 0x19, 0x47, 0x19, 0x47, 0x19, 0x47, 0x19, 0x47, 0x19,
    0x47, 0x19, 0x47, 0x19, 0x47, 0x19, 0x47, 0x19, 0x47, 0x19, 0x47, 0x19, 0x47, 0x19, 0x47, 0x19,
    0x47, 0x19, 0x47, 0x19, 0x47, 0x19, 0x47, 0x19, 0x47, 0x19, 0x47, 0x19, 0x47, 0x19, 0x47, 0x19,
    0x47, 0x19, 0x47, 0x19, 0x47, 0x19, 0x47, 0x19, 0x47, 0x19, 0x47, 0x19, 0x47, 0x19, 0x47, 0x19,
    0x47, 0x19, 0x47, 0x19, 0x47, 0x19, 0x47, 0x19, 0x47, 0x19, 0x47, 0x19, 0x47, 0x19, 0x47, 0x19,
    0x47, 0x19, 0x47, 0x19, 0x47, 0x19, 0x47, 0x19, 0x47, 0x19, 0x47, 0x19, 0x47, 0x19, 0x47, 0x19,
    0x47, 0x19, 0x47, 0x19, 0x47, 0x19, 0x47, 0x19, 0x47, 0x19, 0x47, 0x19, 0x47, 0x19, 0x47, 0x19,
    0x47, 0x19, 0x47, 0x19, 0x47, 0x19, 0x47, 0x19, 0x47, 0x19, 0x47, 0x19, 0x47, 0x19, 0x47, 0x19,
    0x47, 0x19, 0x47, 0x19, 0x47, 0x19, 0x47, 0x19, 0x47, 0x19, 0x47, 0x19, 0x47, 0x19, 0x47, 0x19,
    0x47, 0x19, 0x47, 0x19, 0x47, 0x19, 0x47, 0x19, 0x47, 0x19, 0x47, 0x19, 0x47, 0x19, 0x47, 0x19,
    0x47, 0x19, 0x47, 0x19, 0x47, 0x19, 0x47, 0x19, 0x47, 0x19, 0x47, 0x19, 0x47, 0x19, 0x47, 0x19,
    0x47, 0x19, 0x47, 0x19, 0x47, 0x19, 0x47, 0x19, 0x47, 0x19, 0x47, 0x19, 0x47, 0x19, 0x47, 0x19,
    0x47, 0x19, 0x47, 0x19, 0x47, 0x19, 0x47, 0x19, 0x47, 0x19, 0x47, 0x19, 0x47, 0x19, 0x47, 0x19,
    0x47, 0x19, 0x47, 0x19, 0x47, 0x19, 0x47, 0x19, 0x47, 0x19, 0x47, 0x19, 0x47, 0x19, 0x47, 0x19,
    0x47, 0x19, 0x47, 0x19, 0x47, 0x19, 0x47, 0x19, 0x47, 0x19, 0x47, 0x21, 0x06, 0x11, 0x8b, 0x42,
    0xdf, 0xff, 0xff, 0xff, 0xdf, 0xff, 0xff, 0xff, 0x8f, 0x6b, 0xe6, 0x10, 0xd7, 0xb5, 0x0a, 0x32,
    0x06, 0x19, 0x67, 0x21, 0x06, 0x11, 0x6b, 0x42, 0x76, 0xad, 0x26, 0x19, 0x47, 0x19, 0x47, 0x19,
    0x47, 0x19, 0x47, 0x19, 0x47, 0x19, 0x47, 0x19, 0x47, 0x19, 0x47, 0x19, 0x47, 0x19, 0x47, 0x19,
    0x47, 0x19, 0x47, 0x19, 0x67, 0x21, 0x06, 0x11, 0x88, 0x21, 0x73, 0x8c, 0x3c, 0xe7, 0xff, 0xff,
    0xff, 0xff, 0xff, 0xff, 0xff, 0xff, 0xdf, 0xff, 0xff, 0xff, 0xff, 0xff, 0xff, 0xff, 0xff, 0xff,
    0xff, 0xff, 0xbe, 0xf7, 0x9a, 0xce, 0x15, 0x9d, 0xd4, 0x94, 0x11, 0x7c, 0x2e, 0x5b, 0x6b, 0x42,
    0xe9, 0x31, 0x88, 0x21, 0x47, 0x19, 0x26, 0x19, 0x06, 0x11, 0xe6, 0x10, 0xe6, 0x10, 0xe6, 0x10,
    0xe6, 0x10, 0xe6, 0x10, 0x06, 0x11, 0x06, 0x19, 0x27, 0x19, 0x88, 0x21, 0xe9, 0x31, 0x6b, 0x42,
    0x0d, 0x5b, 0x11, 0x7c, 0x93, 0x8c, 0x35, 0xa5, 0xbb, 0xd6, 0x9e, 0xf7, 0xff, 0xff, 0xff, 0xff,
    0xff, 0xff, 0xff, 0xff, 0xdf, 0xff, 0xdf, 0xff, 0xff, 0xff, 0xff, 0xff, 0xff, 0xff, 0xff, 0xff,
    0x9a, 0xce, 0x6f, 0x6b, 0x06, 0x11, 0x27, 0x19, 0x67, 0x21, 0x47, 0x19, 0x47, 0x19, 0x47, 0x19,
    0x47, 0x19, 0x47, 0x19, 0x47, 0x19, 0x47, 0x19, 0x47, 0x19, 0x47, 0x19, 0x47, 0x21, 0x67, 0x21,
    0x68, 0x21, 0x84, 0x00, 0x52, 0x84, 0xb0, 0x6b, 0xc5, 0x08, 0x68, 0x21, 0xc5, 0x08, 0xd0, 0x73,
    0xb3, 0x94, 0xc5, 0x08, 0x67, 0x21, 0x47, 0x19, 0x27, 0x19, 0x88, 0x21, 0xb7, 0xb5, 0xc9, 0x31,
    0x26, 0x19, 0x47, 0x19, 0x47, 0x19, 0x47, 0x19, 0x47, 0x19, 0x47, 0x19, 0x47, 0x19, 0x47, 0x19,
    0x47, 0x19, 0x47, 0x19, 0x47, 0x19, 0x47, 0x19, 0x47, 0x19, 0x47, 0x19, 0x47, 0x19, 0x47, 0x19,
    0x47, 0x19, 0x47, 0x19, 0x47, 0x19, 0x47, 0x19, 0x47, 0x19, 0x47, 0x19, 0x47, 0x19, 0x47, 0x19,
    0x47, 0x19, 0x47, 0x19, 0x47, 0x19, 0x47, 0x19, 0x47, 0x19, 0x47, 0x19, 0x47, 0x19, 0x47, 0x19,
    0x47, 0x19, 0x47, 0x19, 0x47, 0x19, 0x47, 0x19, 0x47, 0x19, 0x47, 0x19, 0x47, 0x19, 0x47, 0x19,
    0x47, 0x19, 0x47, 0x19, 0x47, 0x19, 0x47, 0x19, 0x47, 0x19, 0x47, 0x19, 0x47, 0x19, 0x47, 0x19,
    0x47, 0x19, 0x47, 0x19, 0x47, 0x19, 0x47, 0x19, 0x47, 0x19, 0x47, 0x19, 0x47, 0x19, 0x47, 0x19,
    0x47, 0x19, 0x47, 0x19, 0x47, 0x19, 0x47, 0x19, 0x47, 0x19, 0x47, 0x19, 0x47, 0x19, 0x47, 0x19,
    0x47, 0x19, 0x47, 0x19, 0x47, 0x19, 0x47, 0x19, 0x47, 0x19, 0x47, 0x19, 0x47, 0x19, 0x47, 0x19,
    0x47, 0x19, 0x47, 0x19, 0x47, 0x19, 0x47, 0x19, 0x47, 0x19, 0x47, 0x19, 0x47, 0x19, 0x47, 0x19,
    0x47, 0x19, 0x47, 0x19, 0x47, 0x19, 0x47, 0x19, 0x47, 0x19, 0x47, 0x19, 0x47, 0x19, 0x47, 0x19,
    0x47, 0x19, 0x47, 0x19, 0x47, 0x19, 0x47, 0x19, 0x47, 0x19, 0x47, 0x19, 0x47, 0x19, 0x47, 0x19,
    0x47, 0x19, 0x47, 0x19, 0x47, 0x19, 0x47, 0x19, 0x47, 0x19, 0x47, 0x19, 0x47, 0x19, 0x47, 0x19,
    0x47, 0x19, 0x47, 0x19, 0x47, 0x19, 0x47, 0x19, 0x47, 0x19, 0x47, 0x19, 0x47, 0x19, 0x47, 0x19,
    0x47, 0x19, 0x47, 0x19, 0x47, 0x19, 0x47, 0x19, 0x47, 0x19, 0x47, 0x19, 0x47, 0x19, 0x47, 0x19,
    0x47, 0x19, 0x47, 0x19, 0x47, 0x19, 0x47, 0x19, 0x47, 0x19, 0x47, 0x19, 0x47, 0x19, 0x47, 0x19,
    0x47, 0x19, 0x47, 0x19, 0x47, 0x19, 0x47, 0x19, 0x47, 0x19, 0x47, 0x19, 0x47, 0x19, 0x47, 0x19,
    0x47, 0x19, 0x47, 0x19, 0x47, 0x19, 0x47, 0x19, 0x47, 0x19, 0x47, 0x19, 0x47, 0x19, 0x47, 0x19,
    0x47, 0x19, 0x47, 0x19, 0x47, 0x19, 0x47, 0x19, 0x47, 0x19, 0x47, 0x19, 0x47, 0x19, 0x47, 0x19,
    0x47, 0x19, 0x47, 0x19, 0x47, 0x19, 0x47, 0x19, 0x47, 0x19, 0x47, 0x19, 0x47, 0x19, 0x47, 0x19,
    0x47, 0x19, 0x47, 0x19, 0x47, 0x19, 0x47, 0x19, 0x47, 0x19, 0x67, 0x21, 0xc5, 0x08, 0x31, 0x7c,
    0xff, 0xff, 0xbe, 0xf7, 0xff, 0xff, 0x1c, 0xe7, 0x26, 0x19, 0x0d, 0x5b, 0x55, 0xa5, 0xe6, 0x10,
    0x47, 0x21, 0x47, 0x19, 0x06, 0x19, 0xe9, 0x31, 0x76, 0xad, 0x47, 0x19, 0x47, 0x19, 0x47, 0x19,
    0x47, 0x19, 0x47, 0x19, 0x47, 0x19, 0x47, 0x19, 0x47, 0x19, 0x47, 0x19, 0x47, 0x19, 0x47, 0x19,
    0x47, 0x19, 0x47, 0x19, 0x47, 0x19, 0x47, 0x21, 0x27, 0x19, 0xe5, 0x10, 0xc9, 0x29, 0xd0, 0x73,
    0x76, 0xad, 0x39, 0xc6, 0xfc, 0xde, 0xff, 0xff, 0xff, 0xff, 0xbf, 0xf7, 0x9a, 0xd6, 0x35, 0xa5,
    0x8f, 0x6b, 0x4b, 0x3a, 0x68, 0x21, 0x26, 0x19, 0xe5, 0x10, 0xc5, 0x08, 0xe5, 0x10, 0x06, 0x11,
    0x06, 0x19, 0x27, 0x19, 0x47, 0x19, 0x47, 0x19, 0x47, 0x21, 0x47, 0x21, 0x47, 0x21, 0x47, 0x21,
    0x47, 0x21, 0x47, 0x21, 0x47, 0x21, 0x47, 0x19, 0x47, 0x19, 0x27, 0x19, 0x26, 0x19, 0x06, 0x11,
    0xe6, 0x10, 0xc5, 0x08, 0xe5, 0x10, 0x06, 0x11, 0x67, 0x21, 0x2a, 0x3a, 0x8f, 0x6b, 0x35, 0x9d,
    0xbb, 0xd6, 0xdf, 0xff, 0xff, 0xff, 0xff, 0xff, 0xdb, 0xde, 0xf8, 0xbd, 0x15, 0x9d, 0x2e, 0x5b,
    0x47, 0x19, 0xe6, 0x10, 0x47, 0x19, 0x47, 0x21, 0x47, 0x19, 0x47, 0x19, 0x47, 0x19, 0x47, 0x19,
    0x47, 0x19, 0x47, 0x19, 0x47, 0x19, 0x47, 0x19, 0x47, 0x21, 0x47, 0x19, 0xe6, 0x10, 0xe5, 0x10,
    0xe6, 0x10, 0xe9, 0x31, 0x59, 0xc6, 0x0d, 0x5b, 0xe6, 0x10, 0x67, 0x21, 0x27, 0x19, 0xa8, 0x29,
    0xd7, 0xb5, 0xa8, 0x29, 0x26, 0x19, 0x47, 0x19, 0x67, 0x21, 0xc5, 0x10, 0xf4, 0x94, 0x2e, 0x5b,
    0xe5, 0x10, 0x47, 0x21, 0x47, 0x19, 0x47, 0x19, 0x47, 0x19, 0x47, 0x19, 0x47, 0x19, 0x47, 0x19,
    0x47, 0x19, 0x47, 0x19, 0x47, 0x19, 0x47, 0x19, 0x47, 0x19, 0x47, 0x19, 0x47, 0x19, 0x47, 0x19,
    0x47, 0x19, 0x47, 0x19, 0x47, 0x19, 0x47, 0x19, 0x47, 0x19, 0x47, 0x19, 0x47, 0x19, 0x47, 0x19,
    0x47, 0x19, 0x47, 0x19, 0x47, 0x19, 0x47, 0x19, 0x47, 0x19, 0x47, 0x19, 0x47, 0x19, 0x47, 0x19,
    0x47, 0x19, 0x47, 0x19, 0x47, 0x19, 0x47, 0x19, 0x47, 0x19, 0x47, 0x19, 0x47, 0x19, 0x47, 0x19,
    0x47, 0x19, 0x47, 0x19, 0x47, 0x19, 0x47, 0x19, 0x47, 0x19, 0x47, 0x19, 0x47, 0x19, 0x47, 0x19,
    0x47, 0x19, 0x47, 0x19, 0x47, 0x19, 0x47, 0x19, 0x47, 0x19, 0x47, 0x19, 0x47, 0x19, 0x47, 0x19,
    0x47, 0x19, 0x47, 0x19, 0x47, 0x19, 0x47, 0x19, 0x47, 0x19, 0x47, 0x19, 0x47, 0x19, 0x47, 0x19,
    0x47, 0x19, 0x47, 0x19, 0x47, 0x19, 0x47, 0x19, 0x47, 0x19, 0x47, 0x19, 0x47, 0x19, 0x47, 0x19,
    0x47, 0x19, 0x47, 0x19, 0x47, 0x19, 0x47, 0x19, 0x47, 0x19, 0x47, 0x19, 0x47, 0x19, 0x47, 0x19,
    0x47, 0x19, 0x47, 0x19, 0x47, 0x19, 0x47, 0x19, 0x47, 0x19, 0x47, 0x19, 0x47, 0x19, 0x47, 0x19,
    0x47, 0x19, 0x47, 0x19, 0x47, 0x19, 0x47, 0x19, 0x47, 0x19, 0x47, 0x19, 0x47, 0x19, 0x47, 0x19,
    0x47, 0x19, 0x47, 0x19, 0x47, 0x19, 0x47, 0x19, 0x47, 0x19, 0x47, 0x19, 0x47, 0x19, 0x47, 0x19,
    0x47, 0x19, 0x47, 0x19, 0x47, 0x19, 0x47, 0x19, 0x47, 0x19, 0x47, 0x19, 0x47, 0x19, 0x47, 0x19,
    0x47, 0x19, 0x47, 0x19, 0x47, 0x19, 0x47, 0x19, 0x47, 0x19, 0x47, 0x19, 0x47, 0x19, 0x47, 0x19,
    0x47, 0x19, 0x47, 0x19, 0x47, 0x19, 0x47, 0x19, 0x47, 0x19, 0x47, 0x19, 0x47, 0x19, 0x47, 0x19,
    0x47, 0x19, 0x47, 0x19, 0x47, 0x19, 0x47, 0x19, 0x47, 0x19, 0x47, 0x19, 0x47, 0x19, 0x47, 0x19,
    0x47, 0x19, 0x47, 0x19, 0x47, 0x19, 0x47, 0x19, 0x47, 0x19, 0x47, 0x19, 0x47, 0x19, 0x47, 0x19,
    0x47, 0x19, 0x47, 0x19, 0x47, 0x19, 0x47, 0x19, 0x47, 0x19, 0x47, 0x19, 0x47, 0x19, 0x47, 0x19,
    0x47, 0x19, 0x47, 0x19, 0x47, 0x19, 0x47, 0x19, 0x47, 0x19, 0x47, 0x19, 0x47, 0x19, 0x47, 0x19,
    0x47, 0x19, 0x47, 0x19, 0x47, 0x19, 0x47, 0x19, 0x47, 0x19, 0x47, 0x21, 0xe6, 0x10, 0x97, 0xb5,
    0xff, 0xff, 0xbe, 0xf7, 0xff, 0xff, 0xd4, 0x94, 0x64, 0x00, 0x15, 0x9d, 0x2e, 0x63, 0xe5, 0x10,
    0x67, 0x21, 0x47, 0x19, 0x27, 0x19, 0x88, 0x29, 0x96, 0xad, 0xa8, 0x29, 0x27, 0x19, 0x47, 0x19,
    0x47, 0x19, 0x47, 0x19, 0x47, 0x19, 0x47, 0x19, 0x47, 0x19, 0x47, 0x19, 0x47, 0x19, 0x47, 0x19,
    0x47, 0x19, 0x47, 0x19, 0x47, 0x19, 0x47, 0x19, 0x47, 0x21, 0x68, 0x21, 0xe6, 0x10, 0x64, 0x00,
    0x47, 0x19, 0xaf, 0x6b, 0xf8, 0xbd, 0x39, 0xc6, 0x72, 0x84, 0x8b, 0x42, 0x47, 0x19, 0xe6, 0x10,
    0xe5, 0x10, 0x06, 0x11, 0x27, 0x19, 0x47, 0x19, 0x47, 0x21, 0x67, 0x21, 0x47, 0x21, 0x47, 0x21,
    0x47, 0x19, 0x47, 0x19, 0x47, 0x19, 0x47, 0x19, 0x47, 0x19, 0x47, 0x19, 0x47, 0x19, 0x47, 0x19,
    0x47, 0x19, 0x47, 0x19, 0x47, 0x19, 0x47, 0x19, 0x47, 0x19, 0x47, 0x19, 0x47, 0x19, 0x47, 0x21,
    0x47, 0x21, 0x67, 0x21, 0x47, 0x21, 0x47, 0x19, 0x47, 0x19, 0x06, 0x11, 0xe5, 0x10, 0xe6, 0x10,
    0x47, 0x21, 0x8c, 0x4a, 0x93, 0x8c, 0x59, 0xce, 0xd7, 0xb5, 0x4e, 0x63, 0xe6, 0x10, 0x64, 0x00,
    0x26, 0x19, 0x68, 0x21, 0x47, 0x19, 0x47, 0x19, 0x47, 0x19, 0x47, 0x19, 0x47, 0x19, 0x47, 0x19,
    0x47, 0x19, 0x47, 0x19, 0x47, 0x19, 0x67, 0x21, 0x06, 0x19, 0x06, 0x11, 0xed, 0x52, 0xd4, 0x94,
    0xb7, 0xb5, 0x5d, 0xef, 0xff, 0xff, 0x4b, 0x42, 0x06, 0x11, 0x47, 0x21, 0x67, 0x21, 0xc5, 0x08,
    0xf4, 0x94, 0x8f, 0x6b, 0xc5, 0x08, 0x67, 0x21, 0x47, 0x21, 0xc5, 0x08, 0x8f, 0x6b, 0x93, 0x8c,
    0xc5, 0x08, 0x67, 0x21, 0x47, 0x19, 0x47, 0x19, 0x47, 0x19, 0x47, 0x19, 0x47, 0x19, 0x47, 0x19,
    0x47, 0x19, 0x47, 0x19, 0x47, 0x19, 0x47, 0x19, 0x47, 0x19, 0x47, 0x19, 0x47, 0x19, 0x47, 0x19,
    0x47, 0x19, 0x47, 0x19, 0x47, 0x19, 0x47, 0x19, 0x47, 0x19, 0x47, 0x19, 0x47, 0x19, 0x47, 0x19,
    0x47, 0x19, 0x47, 0x19, 0x47, 0x19, 0x47, 0x19, 0x47, 0x19, 0x47, 0x19, 0x47, 0x19, 0x47, 0x19,
    0x47, 0x19, 0x47, 0x19, 0x47, 0x19, 0x47, 0x19, 0x47, 0x19, 0x47, 0x19, 0x47, 0x19, 0x47, 0x19,
    0x47, 0x19, 0x47, 0x19, 0x47, 0x19, 0x47, 0x19, 0x47, 0x19, 0x47, 0x19, 0x47, 0x19, 0x47, 0x19,
    0x47, 0x19, 0x47, 0x19, 0x47, 0x19, 0x47, 0x19, 0x47, 0x19, 0x47, 0x19, 0x47, 0x19, 0x47, 0x19,
    0x47, 0x19, 0x47, 0x19, 0x47, 0x19, 0x47, 0x19, 0x47, 0x19, 0x47, 0x19, 0x47, 0x19, 0x47, 0x19,
    0x47, 0x19, 0x47, 0x19, 0x47, 0x19, 0x47, 0x19, 0x47, 0x19, 0x47, 0x19, 0x47, 0x19, 0x47, 0x19,
    0x47, 0x19, 0x47, 0x19, 0x47, 0x19, 0x47, 0x19, 0x47, 0x19, 0x47, 0x19, 0x47, 0x19, 0x47, 0x19,
    0x47, 0x19, 0x47, 0x19, 0x47, 0x19, 0x47, 0x19, 0x47, 0x19, 0x47, 0x19, 0x47, 0x19, 0x47, 0x19,
    0x47, 0x19, 0x47, 0x19, 0x47, 0x19, 0x47, 0x19, 0x47, 0x19, 0x47, 0x19, 0x47, 0x19, 0x47, 0x19,
    0x47, 0x19, 0x47, 0x19, 0x47, 0x19, 0x47, 0x19, 0x47, 0x19, 0x47, 0x19, 0x47, 0x19, 0x47, 0x19,
    0x47, 0x19, 0x47, 0x19, 0x47, 0x19, 0x47, 0x19, 0x47, 0x19, 0x47, 0x19, 0x47, 0x19, 0x47, 0x19,
    0x47, 0x19, 0x47, 0x19, 0x47, 0x19, 0x47, 0x19, 0x47, 0x19, 0x47, 0x19, 0x47, 0x19, 0x47, 0x19,
    0x47, 0x19, 0x47, 0x19, 0x47, 0x19, 0x47, 0x19, 0x47, 0x19, 0x47, 0x19, 0x47, 0x19, 0x47, 0x19,
    0x47, 0x19, 0x47, 0x19, 0x47, 0x19, 0x47, 0x19, 0x47, 0x19, 0x47, 0x19, 0x47, 0x19, 0x47, 0x19,
    0x47, 0x19, 0x47, 0x19, 0x47, 0x19, 0x47, 0x19, 0x47, 0x19, 0x47, 0x19, 0x47, 0x19, 0x47, 0x19,
    0x47, 0x19, 0x47, 0x19, 0x47, 0x19, 0x47, 0x19, 0x47, 0x19, 0x47, 0x19, 0x47, 0x19, 0x47, 0x19,
    0x47, 0x19, 0x47, 0x19, 0x47, 0x19, 0x47, 0x19, 0x47, 0x19, 0x47, 0x19, 0x47, 0x19, 0x47, 0x19,
    0x47, 0x19, 0x47, 0x19, 0x47, 0x19, 0x47, 0x19, 0x47, 0x19, 0x27, 0x19, 0x68, 0x21, 0xdb, 0xd6,
    0xff, 0xff, 0xdf, 0xff, 0x9e, 0xf7, 0xe9, 0x31, 0x88, 0x29, 0xd7, 0xb5, 0x88, 0x21, 0x27, 0x19,
    0x47, 0x19, 0x47, 0x19, 0x47, 0x19, 0x27, 0x19, 0x76, 0xad, 0x2a, 0x3a, 0x06, 0x11, 0x47, 0x19,
    0x47, 0x19, 0x47, 0x19, 0x47, 0x19, 0x47, 0x19, 0x47, 0x19, 0x47, 0x19, 0x47, 0x19, 0x47, 0x19,
    0x47, 0x19, 0x47, 0x19, 0x47, 0x19, 0x67, 0x21, 0x06, 0x11, 0xc5, 0x08, 0x2a, 0x3a, 0xb3, 0x8c,
    0xd8, 0xb5, 0xf4, 0x9c, 0xcc, 0x52, 0x27, 0x19, 0xc5, 0x10, 0x06, 0x11, 0x47, 0x19, 0x47, 0x21,
    0x67, 0x21, 0x47, 0x21, 0x47, 0x19, 0x47, 0x19, 0x47, 0x19, 0x47, 0x19, 0x47, 0x19, 0x47, 0x19,
    0x47, 0x19, 0x47, 0x19, 0x47, 0x19, 0x47, 0x19, 0x47, 0x19, 0x47, 0x19, 0x47, 0x19, 0x47, 0x19,
    0x47, 0x19, 0x47, 0x19, 0x47, 0x19, 0x47, 0x19, 0x47, 0x19, 0x47, 0x19, 0x47, 0x19, 0x47, 0x19,
    0x47, 0x19, 0x47, 0x19, 0x47, 0x19, 0x47, 0x19, 0x47, 0x19, 0x47, 0x21, 0x67, 0x21, 0x47, 0x21,
    0x47, 0x19, 0x06, 0x11, 0xc5, 0x08, 0x47, 0x19, 0x2e, 0x5b, 0x35, 0xa5, 0xd8, 0xb5, 0x32, 0x84,
    0xa8, 0x29, 0xc5, 0x08, 0x27, 0x19, 0x67, 0x21, 0x47, 0x19, 0x47, 0x19, 0x47, 0x19, 0x47, 0x19,
    0x47, 0x19, 0x47, 0x19, 0x67, 0x21, 0xe6, 0x10, 0xc9, 0x31, 0x76, 0xad, 0xff, 0xff, 0xff, 0xff,
    0xff, 0xff, 0xff, 0xff, 0x3d, 0xe7, 0xc9, 0x29, 0x26, 0x19, 0x47, 0x19, 0x47, 0x21, 0xe6, 0x10,
    0xcd, 0x52, 0x56, 0xa5, 0xe6, 0x10, 0x47, 0x21, 0x47, 0x21, 0x06, 0x11, 0x6b, 0x42, 0x76, 0xad,
    0x26, 0x19, 0x47, 0x19, 0x47, 0x19, 0x47, 0x19, 0x47, 0x19, 0x47, 0x19, 0x47, 0x19, 0x47, 0x19,
    0x47, 0x19, 0x47, 0x19, 0x47, 0x19, 0x47, 0x19, 0x47, 0x19, 0x47, 0x19, 0x47, 0x19, 0x47, 0x19,
    0x47, 0x19, 0x47, 0x19, 0x47, 0x19, 0x47, 0x19, 0x47, 0x19, 0x47, 0x19, 0x47, 0x19, 0x47, 0x19,
    0x47, 0x19, 0x47, 0x19, 0x47, 0x19, 0x47, 0x19, 0x47, 0x19, 0x47, 0x19, 0x47, 0x19, 0x47, 0x19,
    0x47, 0x19, 0x47, 0x19, 0x47, 0x19, 0x47, 0x19, 0x47, 0x19, 0x47, 0x19, 0x47, 0x19, 0x47, 0x19,
    0x47, 0x19, 0x47, 0x19, 0x47, 0x19, 0x47, 0x19, 0x47, 0x19, 0x47, 0x19, 0x47, 0x19, 0x47, 0x19,
    0x47, 0x19, 0x47, 0x19, 0x47, 0x19, 0x47, 0x19, 0x47, 0x19, 0x47, 0x19, 0x47, 0x19, 0x47, 0x19,
    0x47, 0x19, 0x47, 0x19, 0x47, 0x19, 0x47, 0x19, 0x47, 0x19, 0x47, 0x19, 0x47, 0x19, 0x47, 0x19,
    0x47, 0x19, 0x47, 0x19, 0x47, 0x19, 0x47, 0x19, 0x47, 0x19, 0x47, 0x19, 0x47, 0x19, 0x47, 0x19,
    0x47, 0x19, 0x47, 0x19, 0x47, 0x19, 0x47, 0x19, 0x47, 0x19, 0x47, 0x19, 0x47, 0x19, 0x47, 0x19,
    0x47, 0x19, 0x47, 0x19, 0x47, 0x19, 0x47, 0x19, 0x47, 0x19, 0x47, 0x19, 0x47, 0x19, 0x47, 0x19,
    0x47, 0x19, 0x47, 0x19, 0x47, 0x19, 0x47, 0x19, 0x47, 0x19, 0x47, 0x19, 0x47, 0x19, 0x47, 0x19,
    0x47, 0x19, 0x47, 0x19, 0x47, 0x19, 0x47, 0x19, 0x47, 0x19, 0x47, 0x19, 0x47, 0x19, 0x47, 0x19,
    0x47, 0x19, 0x47, 0x19, 0x47, 0x19, 0x47, 0x19, 0x47, 0x19, 0x47, 0x19, 0x47, 0x19, 0x47, 0x19,
    0x47, 0x19, 0x47, 0x19, 0x47, 0x19, 0x47, 0x19, 0x47, 0x19, 0x47, 0x19, 0x47, 0x19, 0x47, 0x19,
    0x47, 0x19, 0x47, 0x19, 0x47, 0x19, 0x47, 0x19, 0x47, 0x19, 0x47, 0x19, 0x47, 0x19, 0x47, 0x19,
    0x47, 0x19, 0x47, 0x19, 0x47, 0x19, 0x47, 0x19, 0x47, 0x19, 0x47, 0x19, 0x47, 0x19, 0x47, 0x19,
    0x47, 0x19, 0x47, 0x19, 0x47, 0x19, 0x47, 0x19, 0x47, 0x19, 0x47, 0x19, 0x47, 0x19, 0x47, 0x19,
    0x47, 0x19, 0x47, 0x19, 0x47, 0x19, 0x47, 0x19, 0x47, 0x19, 0x47, 0x19, 0x47, 0x19, 0x47, 0x19,
    0x47, 0x19, 0x47, 0x19, 0x47, 0x19, 0x47, 0x19, 0x47, 0x19, 0x47, 0x19, 0x47, 0x19, 0x47, 0x19,
    0x47, 0x19, 0x47, 0x19, 0x47, 0x19, 0x47, 0x19, 0x47, 0x21, 0x06, 0x11, 0x2a, 0x3a, 0x9e, 0xf7,
    0xdf, 0xff, 0xff, 0xff, 0x93, 0x8c, 0x64, 0x00, 0x8f, 0x6b, 0xf4, 0x94, 0xc5, 0x08, 0x47, 0x21,
    0x47, 0x19, 0x47, 0x19, 0x47, 0x21, 0xe6, 0x10, 0xf5, 0x9c, 0xed, 0x52, 0xe6, 0x10, 0x47, 0x21,
    0x47, 0x19, 0x47, 0x19, 0x47, 0x19, 0x47, 0x19, 0x47, 0x19, 0x47, 0x19, 0x47, 0x19, 0x47, 0x19,
    0x47, 0x19, 0x67, 0x21, 0x26, 0x19, 0xc5, 0x08, 0x2a, 0x3a, 0xf4, 0x9c, 0xd8, 0xb5, 0x11, 0x7c,
    0xc9, 0x31, 0xc5, 0x08, 0xe6, 0x10, 0x47, 0x19, 0x67, 0x21, 0x47, 0x21, 0x47, 0x19, 0x47, 0x19,
    0x47, 0x19, 0x47, 0x19, 0x47, 0x19, 0x47, 0x19, 0x47, 0x19, 0x47, 0x19, 0x47, 0x19, 0x47, 0x19,
    0x47, 0x19, 0x47, 0x19, 0x47, 0x19, 0x47, 0x19, 0x47, 0x19, 0x47, 0x19, 0x47, 0x19, 0x47, 0x19,
    0x47, 0x19, 0x47, 0x19, 0x47, 0x19, 0x47, 0x19, 0x47, 0x19, 0x47, 0x19, 0x47, 0x19, 0x47, 0x19,
    0x47, 0x19, 0x47, 0x19, 0x47, 0x19, 0x47, 0x19, 0x47, 0x19, 0x47, 0x19, 0x47, 0x19, 0x47, 0x19,
    0x47, 0x19, 0x47, 0x21, 0x67, 0x21, 0x47, 0x19, 0xe6, 0x10, 0xe5, 0x10, 0x2a, 0x3a, 0x93, 0x8c,
    0xf8, 0xbd, 0x52, 0x84, 0x88, 0x21, 0xc5, 0x08, 0x47, 0x19, 0x47, 0x21, 0x47, 0x19, 0x47, 0x19,
    0x47, 0x19, 0x67, 0x21, 0xe6, 0x10, 0xed, 0x52, 0x1c, 0xe7, 0xff, 0xff, 0xdf, 0xff, 0xdf, 0xff,
    0xbe, 0xf7, 0xff, 0xff, 0x9a, 0xce, 0x47, 0x19, 0x47, 0x19, 0x47, 0x19, 0x47, 0x19, 0x47, 0x19,
    0x47, 0x21, 0xb7, 0xb5, 0x0a, 0x3a, 0x06, 0x11, 0x47, 0x21, 0x27, 0x19, 0x88, 0x21, 0xb7, 0xb5,
    0xc9, 0x31, 0x26, 0x19, 0x47, 0x19, 0x47, 0x19, 0x47, 0x19, 0x47, 0x19, 0x47, 0x19, 0x47, 0x19,
    0x47, 0x19, 0x47, 0x19, 0x47, 0x19, 0x47, 0x19, 0x47, 0x19, 0x47, 0x19, 0x47, 0x19, 0x47, 0x19,
    0x47, 0x19, 0x47, 0x19, 0x47, 0x19, 0x47, 0x19, 0x47, 0x19, 0x47, 0x19, 0x47, 0x19, 0x47, 0x19,
    0x47, 0x19, 0x47, 0x19, 0x47, 0x19, 0x47, 0x19, 0x47, 0x19, 0x47, 0x19, 0x47, 0x19, 0x47, 0x19,
    0x47, 0x19, 0x47, 0x19, 0x47, 0x19, 0x47, 0x19, 0x47, 0x19, 0x47, 0x19, 0x47, 0x19, 0x47, 0x19,
    0x47, 0x19, 0x47, 0x19, 0x47, 0x19, 0x47, 0x19, 0x47, 0x19, 0x47, 0x19, 0x47, 0x19, 0x47, 0x19,
    0x47, 0x19, 0x47, 0x19, 0x47, 0x19, 0x47, 0x19, 0x47, 0x19, 0x47, 0x19, 0x47, 0x19, 0x47, 0x19,
    0x47, 0x19, 0x47, 0x19, 0x47, 0x19, 0x47, 0x19, 0x47, 0x19, 0x47, 0x19, 0x47, 0x19, 0x47, 0x19,
    0x47, 0x19, 0x47, 0x19, 0x47, 0x19, 0x47, 0x19, 0x47, 0x19, 0x47, 0x19, 0x47, 0x19, 0x47, 0x19,
    0x47, 0x19, 0x47, 0x19, 0x47, 0x19, 0x47, 0x19, 0x47, 0x19, 0x47, 0x19, 0x47, 0x19, 0x47, 0x19,
    0x47, 0x19, 0x47, 0x19, 0x47, 0x19, 0x47, 0x19, 0x47, 0x19, 0x47, 0x19, 0x47, 0x19, 0x47, 0x19,
    0x47, 0x19, 0x47, 0x19, 0x47, 0x19, 0x47, 0x19, 0x47, 0x19, 0x47, 0x19, 0x47, 0x19, 0x47, 0x19,
    0x47, 0x19, 0x47, 0x19, 0x47, 0x19, 0x47, 0x19, 0x47, 0x19, 0x47, 0x19, 0x47, 0x19, 0x47, 0x19,
    0x47, 0x19, 0x47, 0x19, 0x47, 0x19, 0x47, 0x19, 0x47, 0x19, 0x47, 0x19, 0x47, 0x19, 0x47, 0x19,
    0x47, 0x19, 0x47, 0x19, 0x47, 0x19, 0x47, 0x19, 0x47, 0x19, 0x47, 0x19, 0x47, 0x19, 0x47, 0x19,
    0x47, 0x19, 0x47, 0x19, 0x47, 0x19, 0x47, 0x19, 0x47, 0x19, 0x47, 0x19, 0x47, 0x19, 0x47, 0x19,
    0x47, 0x19, 0x47, 0x19, 0x47, 0x19, 0x47, 0x19, 0x47, 0x19, 0x47, 0x19, 0x47, 0x19, 0x47, 0x19,
    0x47, 0x19, 0x47, 0x19, 0x47, 0x19, 0x47, 0x19, 0x47, 0x19, 0x47, 0x19, 0x47, 0x19, 0x47, 0x19,
    0x47, 0x19, 0x47, 0x19, 0x47, 0x19, 0x47, 0x19, 0x47, 0x19, 0x47, 0x19, 0x47, 0x19, 0x47, 0x19,
    0x47, 0x19, 0x47, 0x19, 0x47, 0x19, 0x47, 0x19, 0x47, 0x19, 0x47, 0x19, 0x47, 0x19, 0x47, 0x19,
    0x47, 0x19, 0x47, 0x19, 0x47, 0x19, 0x47, 0x19, 0x67, 0x21, 0xe6, 0x10, 0x2e, 0x5b, 0xff, 0xff,
    0xff, 0xff, 0xb7, 0xb5, 0x47, 0x21, 0xc5, 0x08, 0x15, 0x9d, 0x0e, 0x5b, 0xe5, 0x10, 0x47, 0x21,
    0x47, 0x19, 0x47, 0x19, 0x67, 0x21, 0xa5, 0x08, 0xb3, 0x8c, 0xf1, 0x73, 0xc5, 0x08, 0x67, 0x21,
    0x47, 0x19, 0x47, 0x19, 0x47, 0x19, 0x47, 0x19, 0x47, 0x19, 0x47, 0x19, 0x47, 0x19, 0x47, 0x21,
    0x47, 0x19, 0xc5, 0x08, 0xa8, 0x29, 0xd4, 0x94, 0xf8, 0xbd, 0xd0, 0x73, 0x47, 0x21, 0xc5, 0x08,
    0x26, 0x19, 0x67, 0x21, 0x47, 0x21, 0x47, 0x19, 0x47, 0x19, 0x47, 0x19, 0x47, 0x19, 0x47, 0x19,
    0x47, 0x19, 0x47, 0x19, 0x47, 0x19, 0x47, 0x19, 0x47, 0x19, 0x47, 0x19, 0x47, 0x19, 0x47, 0x19,
    0x47, 0x19, 0x47, 0x19, 0x47, 0x19, 0x47, 0x19, 0x47, 0x19, 0x47, 0x19, 0x47, 0x19, 0x47, 0x19,
    0x47, 0x19, 0x47, 0x19, 0x47, 0x19, 0x47, 0x19, 0x47, 0x19, 0x47, 0x19, 0x47, 0x19, 0x47, 0x19,
    0x47, 0x19, 0x47, 0x19, 0x47, 0x19, 0x47, 0x19, 0x47, 0x19, 0x47, 0x19, 0x47, 0x19, 0x47, 0x19,
    0x47, 0x19, 0x47, 0x19, 0x47, 0x19, 0x47, 0x19, 0x47, 0x21, 0x47, 0x21, 0x06, 0x11, 0xc5, 0x08,
    0xc9, 0x31, 0x93, 0x8c, 0xf8, 0xbd, 0xb0, 0x6b, 0x06, 0x11, 0x06, 0x11, 0x67, 0x21, 0x47, 0x19,
    0x67, 0x21, 0xe6, 0x10, 0x6f, 0x63, 0xdf, 0xff, 0xff, 0xff, 0xdf, 0xff, 0xdf, 0xff, 0xdf, 0xff,
    0xdf, 0xff, 0xff, 0xff, 0x76, 0xa5, 0x06, 0x11, 0x47, 0x21, 0x47, 0x19, 0x47, 0x19, 0x67, 0x21,
    0xc5, 0x08, 0x93, 0x8c, 0xd0, 0x73, 0xc5, 0x08, 0x67, 0x21, 0x47, 0x19, 0xe6, 0x10, 0x35, 0x9d,
    0xac, 0x4a, 0xe6, 0x10, 0x47, 0x21, 0x47, 0x19, 0x47, 0x19, 0x47, 0x19, 0x47, 0x19, 0x47, 0x19,
    0x47, 0x19, 0x47, 0x19, 0x47, 0x19, 0x47, 0x19, 0x47, 0x19, 0x47, 0x19, 0x47, 0x19, 0x47, 0x19,
    0x47, 0x19, 0x47, 0x19, 0x47, 0x19, 0x47, 0x19, 0x47, 0x19, 0x47, 0x19, 0x47, 0x19, 0x47, 0x19,
    0x47, 0x19, 0x47, 0x19, 0x47, 0x19, 0x47, 0x19, 0x47, 0x19, 0x47, 0x19, 0x47, 0x19, 0x47, 0x19,
    0x47, 0x19, 0x47, 0x19, 0x47, 0x19, 0x47, 0x19, 0x47, 0x19, 0x47, 0x19, 0x47, 0x19, 0x47, 0x19,
    0x47, 0x19, 0x47, 0x19, 0x47, 0x19, 0x47, 0x19, 0x47, 0x19, 0x47, 0x19, 0x47, 0x19, 0x47, 0x19,
    0x47, 0x19, 0x47, 0x19, 0x47, 0x19, 0x47, 0x19, 0x47, 0x19, 0x47, 0x19, 0x47, 0x19, 0x47, 0x19,
    0x47, 0x19, 0x47, 0x19, 0x47, 0x19, 0x47, 0x19, 0x47, 0x19, 0x47, 0x19, 0x47, 0x19, 0x47, 0x19,
    0x47, 0x19, 0x47, 0x19, 0x47, 0x19, 0x47, 0x19, 0x47, 0x19, 0x47, 0x19, 0x47, 0x19, 0x47, 0x19,
    0x47, 0x19, 0x47, 0x19, 0x47, 0x19, 0x47, 0x19, 0x47, 0x19, 0x47, 0x19, 0x47, 0x19, 0x47, 0x19,
    0x47, 0x19, 0x47, 0x19, 0x47, 0x19, 0x47, 0x19, 0x47, 0x19, 0x47, 0x19, 0x47, 0x19, 0x47, 0x19,
    0x47, 0x19, 0x47, 0x19, 0x47, 0x19, 0x47, 0x19, 0x47, 0x19, 0x47, 0x19, 0x47, 0x19, 0x47, 0x19,
    0x47, 0x19, 0x47, 0x19, 0x47, 0x19, 0x47, 0x19, 0x47, 0x19, 0x47, 0x19, 0x47, 0x19, 0x47, 0x19,
    0x47, 0x19, 0x47, 0x19, 0x47, 0x19, 0x47, 0x19, 0x47, 0x19, 0x47, 0x19, 0x47, 0x19, 0x47, 0x19,
    0x47, 0x19, 0x47, 0x19, 0x47, 0x19, 0x47, 0x19, 0x47, 0x19, 0x47, 0x19, 0x47, 0x19, 0x47, 0x19,
    0x47, 0x19, 0x47, 0x19, 0x47, 0x19, 0x47, 0x19, 0x47, 0x19, 0x47, 0x19, 0x47, 0x19, 0x47, 0x19,
    0x47, 0x19, 0x47, 0x19, 0x47, 0x19, 0x47, 0x19, 0x47, 0x19, 0x47, 0x19, 0x47, 0x19, 0x47, 0x19,
    0x47, 0x19, 0x47, 0x19, 0x47, 0x19, 0x47, 0x19, 0x47, 0x19, 0x47, 0x19, 0x47, 0x19, 0x47, 0x19,
    0x47, 0x19, 0x47, 0x19, 0x47, 0x19, 0x47, 0x19, 0x47, 0x19, 0x47, 0x19, 0x47, 0x19, 0x47, 0x19,
    0x47, 0x19, 0x47, 0x19, 0x47, 0x19, 0x47, 0x19, 0x47, 0x19, 0x47, 0x19, 0x47, 0x19, 0x47, 0x19,
    0x47, 0x19, 0x47, 0x19, 0x47, 0x19, 0x47, 0x19, 0x67, 0x21, 0xc5, 0x08, 0x72, 0x8c, 0x76, 0xad,
    0x2e, 0x5b, 0x47, 0x21, 0x06, 0x11, 0xa8, 0x29, 0xb7, 0xb5, 0xa8, 0x29, 0x27, 0x19, 0x47, 0x19,
    0x47, 0x19, 0x47, 0x19, 0x26, 0x19, 0xa8, 0x29, 0x3d, 0xe7, 0xd4, 0x94, 0xc5, 0x08, 0x67, 0x21,
    0x47, 0x19, 0x47, 0x19, 0x47, 0x19, 0x47, 0x19, 0x47, 0x19, 0x47, 0x19, 0x67, 0x21, 0x06, 0x11,
    0xe6, 0x10, 0xd0, 0x73, 0x18, 0xbe, 0x31, 0x7c, 0x67, 0x21, 0xc5, 0x08, 0x27, 0x19, 0x67, 0x21,
    0x47, 0x19, 0x47, 0x19, 0x47, 0x19, 0x47, 0x19, 0x47, 0x19, 0x47, 0x19, 0x47, 0x19, 0x47, 0x19,
    0x47, 0x19, 0x47, 0x19, 0x47, 0x19, 0x47, 0x19, 0x47, 0x19, 0x47, 0x19, 0x47, 0x19, 0x47, 0x19,
    0x47, 0x19, 0x47, 0x19, 0x47, 0x19, 0x47, 0x19, 0x47, 0x19, 0x47, 0x19, 0x47, 0x19, 0x47, 0x19,
    0x47, 0x19, 0x47, 0x19, 0x47, 0x19, 0x47, 0x19, 0x47, 0x19, 0x47, 0x19, 0x47, 0x19, 0x47, 0x19,
    0x47, 0x19, 0x47, 0x19, 0x47, 0x19, 0x47, 0x19, 0x47, 0x19, 0x47, 0x19, 0x47, 0x19, 0x47, 0x19,
    0x47, 0x19, 0x47, 0x19, 0x47, 0x19, 0x47, 0x19, 0x47, 0x19, 0x47, 0x19, 0x47, 0x19, 0x67, 0x21,
    0x26, 0x19, 0xc5, 0x08, 0x0a, 0x32, 0x35, 0xa5, 0xb7, 0xb5, 0x2a, 0x3a, 0xc5, 0x08, 0x67, 0x21,
    0xe6, 0x10, 0xcc, 0x4a, 0xdf, 0xff, 0xff, 0xff, 0xdf, 0xff, 0xdf, 0xff, 0xdf, 0xff, 0xdf, 0xff,
    0xdf, 0xff, 0xff, 0xff, 0x15, 0x9d, 0xc5, 0x08, 0x67, 0x21, 0x47, 0x19, 0x47, 0x19, 0x47, 0x21,
    0xe6, 0x10, 0xcc, 0x52, 0x55, 0xa5, 0xe6, 0x10, 0x47, 0x21, 0x67, 0x21, 0xc5, 0x08, 0x52, 0x84,
    0xd0, 0x73, 0xc5, 0x08, 0x67, 0x21, 0x47, 0x19, 0x47, 0x19, 0x47, 0x19, 0x47, 0x19, 0x47, 0x19,
    0x47, 0x19, 0x47, 0x19, 0x47, 0x19, 0x47, 0x19, 0x47, 0x19, 0x47, 0x19, 0x47, 0x19, 0x47, 0x19,
    0x47, 0x19, 0x47, 0x19, 0x47, 0x19, 0x47, 0x19, 0x47, 0x19, 0x47, 0x19, 0x47, 0x19, 0x47, 0x19,
    0x47, 0x19, 0x47, 0x19, 0x47, 0x19, 0x47, 0x19, 0x47, 0x19, 0x47, 0x19, 0x47, 0x19, 0x47, 0x19,
    0x47, 0x19, 0x47, 0x19, 0x47, 0x19, 0x47, 0x19, 0x47, 0x19, 0x47, 0x19, 0x47, 0x19, 0x47, 0x19,
    0x47, 0x19, 0x47, 0x19, 0x47, 0x19, 0x47, 0x19, 0x47, 0x19, 0x47, 0x19, 0x47, 0x19, 0x47, 0x19,
    0x47, 0x19, 0x47, 0x19, 0x47, 0x19, 0x47, 0x19, 0x47, 0x19, 0x47, 0x19, 0x47, 0x19, 0x47, 0x19,
    0x47, 0x19, 0x47, 0x19, 0x47, 0x19, 0x47, 0x19, 0x47, 0x19, 0x47, 0x19, 0x47, 0x19, 0x47, 0x19,
    0x47, 0x19, 0x47, 0x19, 0x47, 0x19, 0x47, 0x19, 0x47, 0x19, 0x47, 0x19, 0x47, 0x19, 0x47, 0x19,
    0x47, 0x19, 0x47, 0x19, 0x47, 0x19, 0x47, 0x19, 0x47, 0x19, 0x47, 0x19, 0x47, 0x19, 0x47, 0x19,
    0x47, 0x19, 0x47, 0x19, 0x47, 0x19, 0x47, 0x19, 0x47, 0x19, 0x47, 0x19, 0x47, 0x19, 0x47, 0x19,
    0x47, 0x19, 0x47, 0x19, 0x47, 0x19, 0x47, 0x19, 0x47, 0x19, 0x47, 0x19, 0x47, 0x19, 0x47, 0x19,
    0x47, 0x19, 0x47, 0x19, 0x47, 0x19, 0x47, 0x19, 0x47, 0x19, 0x47, 0x19, 0x47, 0x19, 0x47, 0x19,
    0x47, 0x19, 0x47, 0x19, 0x47, 0x19, 0x47, 0x19, 0x47, 0x19, 0x47, 0x19, 0x47, 0x19, 0x47, 0x19,
    0x47, 0x19, 0x47, 0x19, 0x47, 0x19, 0x47, 0x19, 0x47, 0x19, 0x47, 0x19, 0x47, 0x19, 0x47, 0x19,
    0x47, 0x19, 0x47, 0x19, 0x47, 0x19, 0x47, 0x19, 0x47, 0x19, 0x47, 0x19, 0x47, 0x19, 0x47, 0x19,
    0x47, 0x19, 0x47, 0x19, 0x47, 0x19, 0x47, 0x19, 0x47, 0x19, 0x47, 0x19, 0x47, 0x19, 0x47, 0x19,
    0x47, 0x19, 0x47, 0x19, 0x47, 0x19, 0x47, 0x19, 0x47, 0x19, 0x47, 0x19, 0x47, 0x19, 0x47, 0x19,
    0x47, 0x19, 0x47, 0x19, 0x47, 0x19, 0x47, 0x19, 0x47, 0x19, 0x47, 0x19, 0x47, 0x19, 0x47, 0x19,
    0x47, 0x19, 0x47, 0x19, 0x47, 0x19, 0x47, 0x19, 0x47, 0x19, 0x47, 0x19, 0x47, 0x19, 0x47, 0x19,
    0x47, 0x19, 0x47, 0x19, 0x47, 0x19, 0x47, 0x19, 0x47, 0x19, 0xe6, 0x10, 0x35, 0xa5, 0x6b, 0x42,
    0x84, 0x00, 0x67, 0x21, 0xe6, 0x10, 0xed, 0x52, 0x35, 0xa5, 0xe6, 0x10, 0x47, 0x21, 0x47, 0x19,
    0x47, 0x19, 0x47, 0x21, 0xe6, 0x10, 0x35, 0xa5, 0xb3, 0x94, 0x35, 0x9d, 0x47, 0x19, 0x47, 0x19,
    0x47, 0x19, 0x47, 0x19, 0x47, 0x19, 0x47, 0x19, 0x47, 0x19, 0x67, 0x21, 0xc5, 0x08, 0xc9, 0x31,
    0x97, 0xad, 0x55, 0xa5, 0xe9, 0x31, 0xc5, 0x08, 0x47, 0x19, 0x67, 0x21, 0x47, 0x19, 0x47, 0x19,
    0x47, 0x19, 0x47, 0x19, 0x47, 0x19, 0x47, 0x19, 0x47, 0x19, 0x47, 0x19, 0x47, 0x19, 0x47, 0x19,
    0x47, 0x19, 0x47, 0x19, 0x47, 0x19, 0x47, 0x19, 0x47, 0x19, 0x47, 0x19, 0x47, 0x19, 0x47, 0x19,
    0x47, 0x19, 0x47, 0x19, 0x47, 0x19, 0x47, 0x19, 0x47, 0x19, 0x47, 0x19, 0x47, 0x19, 0x47, 0x19,
    0x47, 0x19, 0x47, 0x19, 0x47, 0x19, 0x47, 0x19, 0x47, 0x19, 0x47, 0x19, 0x47, 0x19, 0x47, 0x19,
    0x47, 0x19, 0x47, 0x19, 0x47, 0x19, 0x47, 0x19, 0x47, 0x19, 0x47, 0x19, 0x47, 0x19, 0x47, 0x19,
    0x47, 0x19, 0x47, 0x19, 0x47, 0x19, 0x47, 0x19, 0x47, 0x19, 0x47, 0x19, 0x47, 0x19, 0x47, 0x19,
    0x47, 0x19, 0x67, 0x21, 0x06, 0x11, 0xc5, 0x08, 0x2e, 0x5b, 0x39, 0xc6, 0xf0, 0x73, 0xc5, 0x08,
    0x67, 0x21, 0xdb, 0xd6, 0xff, 0xff, 0xdf, 0xff, 0xdf, 0xff, 0xdf, 0xff, 0xdf, 0xff, 0xdf, 0xff,
    0xdf, 0xff, 0xdf, 0xff, 0x1c, 0xe7, 0x4b, 0x42, 0xe6, 0x10, 0x67, 0x21, 0x47, 0x19, 0x47, 0x19,
    0x27, 0x19, 0x68, 0x21, 0xb7, 0xb5, 0xe9, 0x31, 0x26, 0x19, 0x67, 0x21, 0xe5, 0x10, 0x8f, 0x6b,
    0xb3, 0x94, 0xc5, 0x08, 0x67, 0x21, 0x47, 0x19, 0x47, 0x19, 0x47, 0x19, 0x47, 0x19, 0x47, 0x19,
    0x47, 0x19, 0x47, 0x19, 0x47, 0x19, 0x47, 0x19, 0x47, 0x19, 0x47, 0x19, 0x47, 0x19, 0x47, 0x19,
    0x47, 0x19, 0x47, 0x19, 0x47, 0x19, 0x47, 0x19, 0x47, 0x19, 0x47, 0x19, 0x47, 0x19, 0x47, 0x19,
    0x47, 0x19, 0x47, 0x19, 0x47, 0x19, 0x47, 0x19, 0x47, 0x19, 0x47, 0x19, 0x47, 0x19, 0x47, 0x19,
    0x47, 0x19, 0x47, 0x19, 0x47, 0x19, 0x47, 0x19, 0x47, 0x19, 0x47, 0x19, 0x47, 0x19, 0x47, 0x19,
    0x47, 0x19, 0x47, 0x19, 0x47, 0x19, 0x47, 0x19, 0x47, 0x19, 0x47, 0x19, 0x47, 0x19, 0x47, 0x19,
    0x47, 0x19, 0x47, 0x19, 0x47, 0x19, 0x47, 0x19, 0x47, 0x19, 0x47, 0x19, 0x47, 0x19, 0x47, 0x19,
    0x47, 0x19, 0x47, 0x19, 0x47, 0x19, 0x47, 0x19, 0x47, 0x19, 0x47, 0x19, 0x47, 0x19, 0x47, 0x19,
    0x47, 0x19, 0x47, 0x19, 0x47, 0x19, 0x47, 0x19, 0x47, 0x19, 0x47, 0x19, 0x47, 0x19, 0x47, 0x19,
    0x47, 0x19, 0x47, 0x19, 0x47, 0x19, 0x47, 0x19, 0x47, 0x19, 0x47, 0x19, 0x47, 0x19, 0x47, 0x19,
    0x47, 0x19, 0x47, 0x19, 0x47, 0x19, 0x47, 0x19, 0x47, 0x19, 0x47, 0x19, 0x47, 0x19, 0x47, 0x19,
    0x47, 0x19, 0x47, 0x19, 0x47, 0x19, 0x47, 0x19, 0x47, 0x19, 0x47, 0x19, 0x47, 0x19, 0x47, 0x19,
    0x47, 0x19, 0x47, 0x19, 0x47, 0x19, 0x47, 0x19, 0x47, 0x19, 0x47, 0x19, 0x47, 0x19, 0x47, 0x19,
    0x47, 0x19, 0x47, 0x19, 0x47, 0x19, 0x47, 0x19, 0x47, 0x19, 0x47, 0x19, 0x47, 0x19, 0x47, 0x19,
    0x47, 0x19, 0x47, 0x19, 0x47, 0x19, 0x47, 0x19, 0x47, 0x19, 0x47, 0x19, 0x47, 0x19, 0x47, 0x19,
    0x47, 0x19, 0x47, 0x19, 0x47, 0x19, 0x47, 0x19, 0x47, 0x19, 0x47, 0x19, 0x47, 0x19, 0x47, 0x19,
    0x47, 0x19, 0x47, 0x19, 0x47, 0x19, 0x47, 0x19, 0x47, 0x19, 0x47, 0x19, 0x47, 0x19, 0x47, 0x19,
    0x47, 0x19, 0x47, 0x19, 0x47, 0x19, 0x47, 0x19, 0x47, 0x19, 0x47, 0x19, 0x47, 0x19, 0x47, 0x19,
    0x47, 0x19, 0x47, 0x19, 0x47, 0x19, 0x47, 0x19, 0x47, 0x19, 0x47, 0x19, 0x47, 0x19, 0x47, 0x19,
    0x47, 0x19, 0x47, 0x19, 0x47, 0x19, 0x47, 0x19, 0x47, 0x19, 0x47, 0x19, 0x47, 0x19, 0x47, 0x19,
    0x47, 0x19, 0x47, 0x19, 0x47, 0x19, 0x47, 0x19, 0x47, 0x19, 0x27, 0x19, 0x56, 0xa5, 0x2a, 0x3a,
    0x26, 0x19, 0x67, 0x21, 0xc5, 0x08, 0x52, 0x84, 0xf0, 0x73, 0xc5, 0x08, 0x67, 0x21, 0x47, 0x19,
    0x67, 0x21, 0xa5, 0x08, 0xf1, 0x7b, 0x56, 0xa5, 0xc5, 0x08, 0x97, 0xad, 0x2a, 0x3a, 0x06, 0x11,
    0x47, 0x21, 0x47, 0x19, 0x47, 0x19, 0x47, 0x19, 0x47, 0x21, 0xc5, 0x08, 0x2e, 0x5b, 0x39, 0xc6,
    0x6f, 0x6b, 0xc5, 0x08, 0x06, 0x19, 0x67, 0x21, 0x47, 0x19, 0x47, 0x19, 0x47, 0x19, 0x47, 0x19,
    0x47, 0x19, 0x47, 0x19, 0x47, 0x19, 0x47, 0x19, 0x47, 0x19, 0x47, 0x19, 0x47, 0x19, 0x47, 0x19,
    0x47, 0x19, 0x47, 0x19, 0x47, 0x19, 0x47, 0x19, 0x47, 0x19, 0x47, 0x19, 0x47, 0x19, 0x47, 0x19,
    0x47, 0x19, 0x47, 0x19, 0x47, 0x19, 0x47, 0x19, 0x47, 0x19, 0x47, 0x19, 0x47, 0x19, 0x47, 0x19,
    0x47, 0x19, 0x47, 0x19, 0x47, 0x19, 0x47, 0x19, 0x47, 0x19, 0x47, 0x19, 0x47, 0x19, 0x47, 0x19,
    0x47, 0x19, 0x47, 0x19, 0x47, 0x19, 0x47, 0x19, 0x47, 0x19, 0x47, 0x19, 0x47, 0x19, 0x47, 0x19,
    0x47, 0x19, 0x47, 0x19, 0x47, 0x19, 0x47, 0x19, 0x47, 0x19, 0x47, 0x19, 0x47, 0x19, 0x47, 0x19,
    0x47, 0x19, 0x47, 0x19, 0x47, 0x21, 0x67, 0x21, 0xc5, 0x08, 0x88, 0x29, 0x96, 0xad, 0xd4, 0x94,
    0x15, 0x9d, 0xff, 0xff, 0xdf, 0xff, 0xdf, 0xff, 0xdf, 0xff, 0xdf, 0xff, 0xdf, 0xff, 0xdf, 0xff,
    0xff, 0xff, 0x1c, 0xdf, 0x6f, 0x63, 0xd7, 0xb5, 0x47, 0x19, 0x27, 0x19, 0x47, 0x19, 0x47, 0x19,
    0x47, 0x21, 0xe5, 0x10, 0x14, 0x9d, 0x0e, 0x5b, 0xc5, 0x08, 0x88, 0x21, 0xe6, 0x10, 0x6b, 0x42,
    0x35, 0x9d, 0x06, 0x11, 0x47, 0x19, 0x47, 0x19, 0x47, 0x19, 0x47, 0x19, 0x47, 0x19, 0x47, 0x19,
    0x47, 0x19, 0x47, 0x19, 0x47, 0x19, 0x47, 0x19, 0x47, 0x19, 0x47, 0x19, 0x47, 0x19, 0x47, 0x19,
    0x47, 0x19, 0x47, 0x19, 0x47, 0x19, 0x47, 0x19, 0x47, 0x19, 0x47, 0x19, 0x47, 0x19, 0x47, 0x19,
    0x47, 0x19, 0x47, 0x19, 0x47, 0x19, 0x47, 0x19, 0x47, 0x19, 0x47, 0x19, 0x47, 0x19, 0x47, 0x19,
    0x47, 0x19, 0x47, 0x19, 0x47, 0x19, 0x47, 0x19, 0x47, 0x19, 0x47, 0x19, 0x47, 0x19, 0x47, 0x19,
    0x47, 0x19, 0x47, 0x19, 0x47, 0x19, 0x47, 0x19, 0x47, 0x19, 0x47, 0x19, 0x47, 0x19, 0x47, 0x19,
    0x47, 0x19, 0x47, 0x19, 0x47, 0x19, 0x47, 0x19, 0x47, 0x19, 0x47, 0x19, 0x47, 0x19, 0x47, 0x19,
    0x47, 0x19, 0x47, 0x19, 0x47, 0x19, 0x47, 0x19, 0x47, 0x19, 0x47, 0x19, 0x47, 0x19, 0x47, 0x19,
    0x47, 0x19, 0x47, 0x19, 0x47, 0x19, 0x47, 0x19, 0x47, 0x19, 0x47, 0x19, 0x47, 0x19, 0x47, 0x19,
    0x47, 0x19, 0x47, 0x19, 0x47, 0x19, 0x47, 0x19, 0x47, 0x19, 0x47, 0x19, 0x47, 0x19, 0x47, 0x19,
    0x47, 0x19, 0x47, 0x19, 0x47, 0x19, 0x47, 0x19, 0x47, 0x19, 0x47, 0x19, 0x47, 0x19, 0x47, 0x19,
    0x47, 0x19, 0x47, 0x19, 0x47, 0x19, 0x47, 0x19, 0x47, 0x19, 0x47, 0x19, 0x47, 0x19, 0x47, 0x19,
    0x47, 0x19, 0x47, 0x19, 0x47, 0x19, 0x47, 0x19, 0x47, 0x19, 0x47, 0x19, 0x47, 0x19, 0x47, 0x19,
    0x47, 0x19, 0x47, 0x19, 0x47, 0x19, 0x47, 0x19, 0x47, 0x19, 0x47, 0x19, 0x47, 0x19, 0x47, 0x19,
    0x47, 0x19, 0x47, 0x19, 0x47, 0x19, 0x47, 0x19, 0x47, 0x19, 0x47, 0x19, 0x47, 0x19, 0x47, 0x19,
    0x47, 0x19, 0x47, 0x19, 0x47, 0x19, 0x47, 0x19, 0x47, 0x19, 0x47, 0x19, 0x47, 0x19, 0x47, 0x19,
    0x47, 0x19, 0x47, 0x19, 0x47, 0x19, 0x47, 0x19, 0x47, 0x19, 0x47, 0x19, 0x47, 0x19, 0x47, 0x19,
    0x47, 0x19, 0x47, 0x19, 0x47, 0x19, 0x47, 0x19, 0x47, 0x19, 0x47, 0x19, 0x47, 0x19, 0x47, 0x19,
    0x47, 0x19, 0x47, 0x19, 0x47, 0x19, 0x47, 0x19, 0x47, 0x19, 0x47, 0x19, 0x47, 0x19, 0x47, 0x19,
    0x47, 0x19, 0x47, 0x19, 0x47, 0x19, 0x47, 0x19, 0x47, 0x19, 0x47, 0x19, 0x47, 0x19, 0x47, 0x19,
    0x47, 0x19, 0x47, 0x19, 0x47, 0x19, 0x47, 0x19, 0x27, 0x19, 0x67, 0x21, 0x96, 0xad, 0xc9, 0x31,
    0x26, 0x19, 0x47, 0x21, 0x06, 0x11, 0x56, 0xa5, 0x8b, 0x4a, 0x06, 0x11, 0x47, 0x19, 0x67, 0x21,
    0xe6, 0x10, 0x8c, 0x4a, 0x39, 0xc6, 0xa8, 0x29, 0xa5, 0x08, 0xb3, 0x94, 0xb0, 0x73, 0xc5, 0x08,
    0x67, 0x21, 0x47, 0x19, 0x47, 0x19, 0x47, 0x19, 0xc5, 0x08, 0x32, 0x84, 0xf8, 0xbd, 0x0a, 0x32,
    0xc5, 0x08, 0x67, 0x21, 0x47, 0x21, 0x47, 0x19, 0x47, 0x19, 0x47, 0x19, 0x47, 0x19, 0x47, 0x19,
    0x47, 0x19, 0x47, 0x19, 0x47, 0x19, 0x47, 0x19, 0x47, 0x19, 0x47, 0x19, 0x47, 0x19, 0x47, 0x19,
    0x47, 0x19, 0x47, 0x19, 0x47, 0x19, 0x47, 0x19, 0x47, 0x19, 0x47, 0x19, 0x47, 0x19, 0x47, 0x19,
    0x47, 0x19, 0x47, 0x19, 0x47, 0x19, 0x47, 0x19, 0x47, 0x19, 0x47, 0x19, 0x47, 0x19, 0x47, 0x19,
    0x47, 0x19, 0x47, 0x19, 0x47, 0x19, 0x47, 0x19, 0x47, 0x19, 0x47, 0x19, 0x47, 0x19, 0x47, 0x19,
    0x47, 0x19, 0x47, 0x19, 0x47, 0x19, 0x47, 0x19, 0x47, 0x19, 0x47, 0x19, 0x47, 0x19, 0x47, 0x19,
    0x47, 0x19, 0x47, 0x19, 0x47, 0x19, 0x47, 0x19, 0x47, 0x19, 0x47, 0x19, 0x47, 0x19, 0x47, 0x19,
    0x47, 0x19, 0x47, 0x19, 0x47, 0x19, 0x47, 0x19, 0x67, 0x21, 0x26, 0x19, 0xe6, 0x10, 0x52, 0x84,
    0xff, 0xff, 0xff, 0xff, 0xdf, 0xff, 0xdf, 0xff, 0xdf, 0xff, 0xdf, 0xff, 0xdf, 0xff, 0xdf, 0xff,
    0xff, 0xff, 0xf8, 0xbd, 0x64, 0x00, 0x73, 0x8c, 0xf4, 0x94, 0xc5, 0x08, 0x67, 0x21, 0x47, 0x19,
    0x67, 0x21, 0xc5, 0x08, 0xaf, 0x6b, 0x72, 0x84, 0x93, 0x8c, 0xd4, 0x94, 0x84, 0x00, 0xd0, 0x73,
    0xd7, 0xb5, 0x26, 0x19, 0x47, 0x19, 0x47, 0x19, 0x47, 0x19, 0x47, 0x19, 0x47, 0x19, 0x47, 0x19,
    0x47, 0x19, 0x47, 0x19, 0x47, 0x19, 0x47, 0x19, 0x47, 0x19, 0x47, 0x19, 0x47, 0x19, 0x47, 0x19,
    0x47, 0x19, 0x47, 0x19, 0x47, 0x19, 0x47, 0x19, 0x47, 0x19, 0x47, 0x19, 0x47, 0x19, 0x47, 0x19,
    0x47, 0x19, 0x47, 0x19, 0x47, 0x19, 0x47, 0x19, 0x47, 0x19, 0x47, 0x19, 0x47, 0x19, 0x47, 0x19,
    0x47, 0x19, 0x47, 0x19, 0x47, 0x19, 0x47, 0x19, 0x47, 0x19, 0x47, 0x19, 0x47, 0x19, 0x47, 0x19,
    0x47, 0x19, 0x47, 0x19, 0x47, 0x19, 0x47, 0x19, 0x47, 0x19, 0x47, 0x19, 0x47, 0x19, 0x47, 0x19,
    0x47, 0x19, 0x47, 0x19, 0x47, 0x19, 0x47, 0x19, 0x47, 0x19, 0x47, 0x19, 0x47, 0x19, 0x47, 0x19,
    0x47, 0x19, 0x47, 0x19, 0x47, 0x19, 0x47, 0x19, 0x47, 0x19, 0x47, 0x19, 0x47, 0x19, 0x47, 0x19,
    0x47, 0x19, 0x47, 0x19, 0x47, 0x19, 0x47, 0x19, 0x47, 0x19, 0x47, 0x19, 0x47, 0x19, 0x47, 0x19,
    0x47, 0x19, 0x47, 0x19, 0x47, 0x19, 0x47, 0x19, 0x47, 0x19, 0x47, 0x19, 0x47, 0x19, 0x47, 0x19,
    0x47, 0x19, 0x47, 0x19, 0x47, 0x19, 0x47, 0x19, 0x47, 0x19, 0x47, 0x19, 0x47, 0x19, 0x47, 0x19,
    0x47, 0x19, 0x47, 0x19, 0x47, 0x19, 0x47, 0x19, 0x47, 0x19, 0x47, 0x19, 0x47, 0x19, 0x47, 0x19,
    0x47, 0x19, 0x47, 0x19, 0x47, 0x19, 0x47, 0x19, 0x47, 0x19, 0x47, 0x19, 0x47, 0x19, 0x47, 0x19,
    0x47, 0x19, 0x47, 0x19, 0x47, 0x19, 0x47, 0x19, 0x47, 0x19, 0x47, 0x19, 0x47, 0x19, 0x47, 0x19,
    0x47, 0x19, 0x47, 0x19, 0x47, 0x19, 0x47, 0x19, 0x47, 0x19, 0x47, 0x19, 0x47, 0x19, 0x47, 0x19,
    0x47, 0x19, 0x47, 0x19, 0x47, 0x19, 0x47, 0x19, 0x47, 0x19, 0x47, 0x19, 0x47, 0x19, 0x47, 0x19,
    0x47, 0x19, 0x47, 0x19, 0x47, 0x19, 0x47, 0x19, 0x47, 0x19, 0x47, 0x19, 0x47, 0x19, 0x47, 0x19,
    0x47, 0x19, 0x47, 0x19, 0x47, 0x19, 0x47, 0x19, 0x47, 0x19, 0x47, 0x19, 0x47, 0x19, 0x47, 0x19,
    0x47, 0x19, 0x47, 0x19, 0x47, 0x19, 0x47, 0x19, 0x47, 0x19, 0x47, 0x19, 0x47, 0x19, 0x47, 0x19,
    0x47, 0x19, 0x47, 0x19, 0x47, 0x19, 0x47, 0x19, 0x47, 0x19, 0x47, 0x19, 0x47, 0x19, 0x47, 0x19,
    0x47, 0x19, 0x47, 0x19, 0x47, 0x19, 0x47, 0x19, 0x27, 0x19, 0x88, 0x21, 0xb7, 0xb5, 0xc9, 0x29,
    0x27, 0x19, 0x27, 0x19, 0xc9, 0x31, 0xb7, 0xb5, 0x88, 0x21, 0x27, 0x19, 0x47, 0x21, 0x26, 0x19,
    0x88, 0x29, 0x39, 0xc6, 0x8b, 0x4a, 0x06, 0x11, 0xe6, 0x10, 0x0d, 0x5b, 0x35, 0xa5, 0xe6, 0x10,
    0x47, 0x21, 0x47, 0x19, 0x47, 0x19, 0xe5, 0x10, 0xd4, 0x94, 0x76, 0xad, 0x27, 0x19, 0x06, 0x11,
    0x67, 0x21, 0x47, 0x19, 0x47, 0x19, 0x47, 0x19, 0x47, 0x19, 0x47, 0x19, 0x47, 0x19, 0x47, 0x19,
    0x47, 0x19, 0x47, 0x19, 0x47, 0x19, 0x47, 0x19, 0x47, 0x19, 0x47, 0x19, 0x47, 0x19, 0x47, 0x19,
    0x47, 0x19, 0x47, 0x19, 0x47, 0x19, 0x47, 0x19, 0x47, 0x19, 0x47, 0x19, 0x47, 0x19, 0x47, 0x19,
    0x47, 0x19, 0x47, 0x19, 0x47, 0x19, 0x47, 0x19, 0x47, 0x19, 0x47, 0x19, 0x47, 0x19, 0x47, 0x19,
    0x47, 0x19, 0x47, 0x19, 0x47, 0x19, 0x47, 0x19, 0x47, 0x19, 0x47, 0x19, 0x47, 0x19, 0x47, 0x19,
    0x47, 0x19, 0x47, 0x19, 0x47, 0x19, 0x47, 0x19, 0x47, 0x19, 0x47, 0x19, 0x47, 0x19, 0x47, 0x19,
    0x47, 0x19, 0x47, 0x19, 0x47, 0x19, 0x47, 0x19, 0x47, 0x19, 0x47, 0x19, 0x47, 0x19, 0x47, 0x19,
    0x47, 0x19, 0x47, 0x19, 0x47, 0x19, 0x47, 0x19, 0x47, 0x19, 0x47, 0x21, 0x47, 0x21, 0xc5, 0x08,
    0x4e, 0x63, 0xbe, 0xf7, 0xff, 0xff, 0xdf, 0xff, 0xdf, 0xff, 0xdf, 0xff, 0xdf, 0xff, 0xdf, 0xff,
    0xff, 0xff, 0x11, 0x7c, 0xe5, 0x10, 0x26, 0x19, 0xb7, 0xb5, 0x8f, 0x6b, 0xc5, 0x08, 0x67, 0x21,
    0x47, 0x19, 0x06, 0x19, 0x0a, 0x32, 0x1c, 0xe7, 0xff, 0xff, 0x1c, 0xe7, 0xb7, 0xb5, 0xff, 0xff,
    0x7a, 0xce, 0x27, 0x19, 0x47, 0x19, 0x47, 0x19, 0x47, 0x19, 0x47, 0x19, 0x47, 0x19, 0x47, 0x19,
    0x47, 0x19, 0x47, 0x19, 0x47, 0x19, 0x47, 0x19, 0x47, 0x19, 0x47, 0x19, 0x47, 0x19, 0x47, 0x19,
    0x47, 0x19, 0x47, 0x19, 0x47, 0x19, 0x47, 0x19, 0x47, 0x19, 0x47, 0x19, 0x47, 0x19, 0x47, 0x19,
    0x47, 0x19, 0x47, 0x19, 0x47, 0x19, 0x47, 0x19, 0x47, 0x19, 0x47, 0x19, 0x47, 0x19, 0x47, 0x19,
    0x47, 0x19, 0x47, 0x19, 0x47, 0x19, 0x47, 0x19, 0x47, 0x19, 0x47, 0x19, 0x47, 0x19, 0x47, 0x19,
    0x47, 0x19, 0x47, 0x19, 0x47, 0x19, 0x47, 0x19, 0x47, 0x19, 0x47, 0x19, 0x47, 0x19, 0x47, 0x19,
    0x47, 0x19, 0x47, 0x19, 0x47, 0x19, 0x47, 0x19, 0x47, 0x19, 0x47, 0x19, 0x47, 0x19, 0x47, 0x19,
    0x47, 0x19, 0x47, 0x19, 0x47, 0x19, 0x47, 0x19, 0x47, 0x19, 0x47, 0x19, 0x47, 0x19, 0x47, 0x19,
    0x47, 0x19, 0x47, 0x19, 0x47, 0x19, 0x47, 0x19, 0x47, 0x19, 0x47, 0x19, 0x47, 0x19, 0x47, 0x19,
    0x47, 0x19, 0x47, 0x19, 0x47, 0x19, 0x47, 0x19, 0x47, 0x19, 0x47, 0x19, 0x47, 0x19, 0x47, 0x19,
    0x47, 0x19, 0x47, 0x19, 0x47, 0x19, 0x47, 0x19, 0x47, 0x19, 0x47, 0x19, 0x47, 0x19, 0x47, 0x19,
    0x47, 0x19, 0x47, 0x19, 0x47, 0x19, 0x47, 0x19, 0x47, 0x19, 0x47, 0x19, 0x47, 0x19, 0x47, 0x19,
    0x47, 0x19, 0x47, 0x19, 0x47, 0x19, 0x47, 0x19, 0x47, 0x19, 0x47, 0x19, 0x47, 0x19, 0x47, 0x19,
    0x47, 0x19, 0x47, 0x19, 0x47, 0x19, 0x47, 0x19, 0x47, 0x19, 0x47, 0x19, 0x47, 0x19, 0x47, 0x19,
    0x47, 0x19, 0x47, 0x19, 0x47, 0x19, 0x47, 0x19, 0x47, 0x19, 0x47, 0x19, 0x47, 0x19, 0x47, 0x19,
    0x47, 0x19, 0x47, 0x19, 0x47, 0x19, 0x47, 0x19, 0x47, 0x19, 0x47, 0x19, 0x47, 0x19, 0x47, 0x19,
    0x47, 0x19, 0x47, 0x19, 0x47, 0x19, 0x47, 0x19, 0x47, 0x19, 0x47, 0x19, 0x47, 0x19, 0x47, 0x19,
    0x47, 0x19, 0x47, 0x19, 0x47, 0x19, 0x47, 0x19, 0x47, 0x19, 0x47, 0x19, 0x47, 0x19, 0x47, 0x19,
    0x47, 0x19, 0x47, 0x19, 0x47, 0x19, 0x47, 0x19, 0x47, 0x19, 0x47, 0x19, 0x47, 0x19, 0x47, 0x19,
    0x47, 0x19, 0x47, 0x19, 0x47, 0x19, 0x47, 0x19, 0x47, 0x19, 0x47, 0x19, 0x47, 0x19, 0x47, 0x19,
    0x47, 0x19, 0x47, 0x19, 0x47, 0x19, 0x47, 0x19, 0x27, 0x19, 0x67, 0x21, 0x76, 0xad, 0xe9, 0x31,
    0x27, 0x19, 0xe6, 0x10, 0xed, 0x52, 0x15, 0x9d, 0xe6, 0x10, 0x47, 0x21, 0x47, 0x19, 0xe6, 0x10,
    0x96, 0xad, 0xd0, 0x73, 0xa5, 0x08, 0x67, 0x21, 0x27, 0x19, 0x68, 0x21, 0xb7, 0xb5, 0xe9, 0x31,
    0x26, 0x19, 0x47, 0x21, 0xe6, 0x10, 0xf4, 0x9c, 0x15, 0x9d, 0xe6, 0x10, 0x27, 0x19, 0x67, 0x21,
    0x47, 0x19, 0x47, 0x19, 0x47, 0x19, 0x47, 0x19, 0x47, 0x19, 0x47, 0x19, 0x47, 0x19, 0x47, 0x19,
    0x47, 0x19, 0x47, 0x19, 0x47, 0x19, 0x47, 0x19, 0x47, 0x19, 0x47, 0x19, 0x47, 0x19, 0x47, 0x19,
    0x47, 0x19, 0x47, 0x19, 0x47, 0x19, 0x47, 0x19, 0x47, 0x19, 0x47, 0x19, 0x47, 0x19, 0x47, 0x19,
    0x47, 0x19, 0x47, 0x19, 0x47, 0x19, 0x47, 0x19, 0x47, 0x19, 0x47, 0x19, 0x47, 0x19, 0x47, 0x19,
    0x47, 0x19, 0x47, 0x19, 0x47, 0x19, 0x47, 0x19, 0x47, 0x19, 0x47, 0x19, 0x47, 0x19, 0x47, 0x19,
    0x47, 0x19, 0x47, 0x19, 0x47, 0x19, 0x47, 0x19, 0x47, 0x19, 0x47, 0x19, 0x47, 0x19, 0x47, 0x19,
    0x47, 0x19, 0x47, 0x19, 0x47, 0x19, 0x47, 0x19, 0x47, 0x19, 0x47, 0x19, 0x47, 0x19, 0x47, 0x19,
    0x47, 0x19, 0x47, 0x19, 0x47, 0x19, 0x47, 0x19, 0x47, 0x19, 0x47, 0x19, 0x47, 0x19, 0x67, 0x21,
    0xc5, 0x08, 0x2e, 0x5b, 0xdf, 0xf7, 0xff, 0xff, 0xdf, 0xff, 0xdf, 0xff, 0xdf, 0xff, 0xff, 0xff,
    0x9e, 0xf7, 0x2a, 0x3a, 0x26, 0x19, 0x26, 0x19, 0xa8, 0x29, 0x39, 0xc6, 0x4b, 0x42, 0xe6, 0x10,
    0x67, 0x21, 0x47, 0x19, 0x27, 0x19, 0x7a, 0xce, 0xff, 0xff, 0xff, 0xff, 0xff, 0xff, 0xff, 0xff,
    0x7a, 0xce, 0x47, 0x19, 0x47, 0x19, 0x47, 0x19, 0x47, 0x19, 0x47, 0x19, 0x47, 0x19, 0x47, 0x19,
    0x47, 0x19, 0x47, 0x19, 0x47, 0x19, 0x47, 0x19, 0x47, 0x19, 0x47, 0x19, 0x47, 0x19, 0x47, 0x19,
    0x47, 0x19, 0x47, 0x19, 0x47, 0x19, 0x47, 0x19, 0x47, 0x19, 0x47, 0x19, 0x47, 0x19, 0x47, 0x19,
    0x47, 0x19, 0x47, 0x19, 0x47, 0x19, 0x47, 0x19, 0x47, 0x19, 0x47, 0x19, 0x47, 0x19, 0x47, 0x19,
    0x47, 0x19, 0x47, 0x19, 0x47, 0x19, 0x47, 0x19, 0x47, 0x19, 0x47, 0x19, 0x47, 0x19, 0x47, 0x19,
    0x47, 0x19, 0x47, 0x19, 0x47, 0x19, 0x47, 0x19, 0x47, 0x19, 0x47, 0x19, 0x47, 0x19, 0x47, 0x19,
    0x47, 0x19, 0x47, 0x19, 0x47, 0x19, 0x47, 0x19, 0x47, 0x19, 0x47, 0x19, 0x47, 0x19, 0x47, 0x19,
    0x47, 0x19, 0x47, 0x19, 0x47, 0x19, 0x47, 0x19, 0x47, 0x19, 0x47, 0x19, 0x47, 0x19, 0x47, 0x19,
    0x47, 0x19, 0x47, 0x19, 0x47, 0x19, 0x47, 0x19, 0x47, 0x19, 0x47, 0x19, 0x47, 0x19, 0x47, 0x19,
    0x47, 0x19, 0x47, 0x19, 0x47, 0x19, 0x47, 0x19, 0x47, 0x19, 0x47, 0x19, 0x47, 0x19, 0x47, 0x19,
    0x47, 0x19, 0x47, 0x19, 0x47, 0x19, 0x47, 0x19, 0x47, 0x19, 0x47, 0x19, 0x47, 0x19, 0x47, 0x19,
    0x47, 0x19, 0x47, 0x19, 0x47, 0x19, 0x47, 0x19, 0x47, 0x19, 0x47, 0x19, 0x47, 0x19, 0x47, 0x19,
    0x47, 0x19, 0x47, 0x19, 0x47, 0x19, 0x47, 0x19, 0x47, 0x19, 0x47, 0x19, 0x47, 0x19, 0x47, 0x19,
    0x47, 0x19, 0x47, 0x19, 0x47, 0x19, 0x47, 0x19, 0x47, 0x19, 0x47, 0x19, 0x47, 0x19, 0x47, 0x19,
    0x47, 0x19, 0x47, 0x19, 0x47, 0x19, 0x47, 0x19, 0x47, 0x19, 0x47, 0x19, 0x47, 0x19, 0x47, 0x19,
    0x47, 0x19, 0x47, 0x19, 0x47, 0x19, 0x47, 0x19, 0x47, 0x19, 0x47, 0x19, 0x47, 0x19, 0x47, 0x19,
    0x47, 0x19, 0x47, 0x19, 0x47, 0x19, 0x47, 0x19, 0x47, 0x19, 0x47, 0x19, 0x47, 0x19, 0x47, 0x19,
    0x47, 0x19, 0x47, 0x19, 0x47, 0x19, 0x47, 0x19, 0x47, 0x19, 0x47, 0x19, 0x47, 0x19, 0x47, 0x19,
    0x47, 0x19, 0x47, 0x19, 0x47, 0x19, 0x47, 0x19, 0x47, 0x19, 0x47, 0x19, 0x47, 0x19, 0x47, 0x19,
    0x47, 0x19, 0x47, 0x19, 0x47, 0x19, 0x47, 0x19, 0x47, 0x19, 0x47, 0x19, 0x47, 0x19, 0x47, 0x19,
    0x47, 0x19, 0x47, 0x19, 0x47, 0x19, 0x47, 0x19, 0x47, 0x19, 0x27, 0x19, 0x56, 0xa5, 0x2a, 0x3a,
    0x26, 0x19, 0xc5, 0x08, 0x31, 0x7c, 0x11, 0x7c, 0xc5, 0x08, 0x68, 0x21, 0xa5, 0x08, 0x52, 0x84,
    0x15, 0x9d, 0xc5, 0x08, 0x67, 0x21, 0x47, 0x19, 0x67, 0x21, 0xc5, 0x08, 0xb3, 0x94, 0xd0, 0x73,
    0xe5, 0x10, 0xe6, 0x10, 0xb3, 0x8c, 0x35, 0xa5, 0xc5, 0x08, 0x47, 0x19, 0x47, 0x21, 0x47, 0x19,
    0x47, 0x19, 0x47, 0x19, 0x47, 0x19, 0x47, 0x19, 0x47, 0x19, 0x47, 0x19, 0x47, 0x19, 0x47, 0x19,
    0x47, 0x19, 0x47, 0x19, 0x47, 0x21, 0x67, 0x21, 0x47, 0x21, 0x67, 0x21, 0x47, 0x19, 0x47, 0x19,
    0x47, 0x19, 0x47, 0x19, 0x47, 0x19, 0x47, 0x19, 0x47, 0x19, 0x47, 0x19, 0x47, 0x19, 0x47, 0x19,
    0x47, 0x19, 0x47, 0x19, 0x47, 0x19, 0x47, 0x19, 0x47, 0x19, 0x47, 0x19, 0x47, 0x19, 0x47, 0x19,
    0x47, 0x19, 0x47, 0x19, 0x47, 0x19, 0x47, 0x19, 0x47, 0x19, 0x47, 0x19, 0x47, 0x19, 0x47, 0x19,
    0x47, 0x19, 0x47, 0x19, 0x47, 0x19, 0x47, 0x19, 0x47, 0x19, 0x47, 0x19, 0x47, 0x19, 0x47, 0x19,
    0x47, 0x19, 0x47, 0x21, 0x47, 0x19, 0x47, 0x19, 0x47, 0x19, 0x47, 0x19, 0x47, 0x19, 0x47, 0x19,
    0x47, 0x19, 0x47, 0x19, 0x47, 0x19, 0x47, 0x19, 0x47, 0x19, 0x47, 0x19, 0x47, 0x19, 0x47, 0x19,
    0x67, 0x21, 0xc5, 0x08, 0xb0, 0x6b, 0xff, 0xff, 0xdf, 0xff, 0xdf, 0xff, 0xdf, 0xff, 0xff, 0xff,
    0xd8, 0xb5, 0x06, 0x11, 0x47, 0x19, 0x67, 0x21, 0xe5, 0x10, 0xcc, 0x4a, 0x18, 0xbe, 0x67, 0x21,
    0x27, 0x19, 0x67, 0x21, 0xc5, 0x10, 0xf4, 0x94, 0xff, 0xff, 0xbe, 0xf7, 0xbe, 0xf7, 0xff, 0xff,
    0x39, 0xc6, 0x26, 0x19, 0x47, 0x19, 0x47, 0x19, 0x47, 0x19, 0x47, 0x19, 0x47, 0x19, 0x47, 0x19,
    0x47, 0x19, 0x47, 0x19, 0x47, 0x19, 0x47, 0x19, 0x47, 0x19, 0x47, 0x19, 0x47, 0x19, 0x47, 0x19,
    0x47, 0x19, 0x47, 0x19, 0x47, 0x19, 0x47, 0x19, 0x47, 0x19, 0x47, 0x19, 0x47, 0x19, 0x47, 0x19,
    0x47, 0x19, 0x47, 0x19, 0x47, 0x19, 0x47, 0x19, 0x47, 0x19, 0x47, 0x19, 0x47, 0x19, 0x47, 0x19,
    0x47, 0x19, 0x47, 0x19, 0x47, 0x19, 0x47, 0x19, 0x47, 0x19, 0x47, 0x19, 0x47, 0x19, 0x47, 0x19,
    0x47, 0x19, 0x47, 0x19, 0x47, 0x19, 0x47, 0x19, 0x47, 0x19, 0x47, 0x19, 0x47, 0x19, 0x47, 0x19,
    0x47, 0x19, 0x47, 0x19, 0x47, 0x19, 0x47, 0x19, 0x47, 0x19, 0x47, 0x19, 0x47, 0x19, 0x47, 0x19,
    0x47, 0x19, 0x47, 0x19, 0x47, 0x19, 0x47, 0x19, 0x47, 0x19, 0x47, 0x19, 0x47, 0x19, 0x47, 0x19,
    0x47, 0x19, 0x47, 0x19, 0x47, 0x19, 0x47, 0x19, 0x47, 0x19, 0x47, 0x19, 0x47, 0x19, 0x47, 0x19,
    0x47, 0x19, 0x47, 0x19, 0x47, 0x19, 0x47, 0x19, 0x47, 0x19, 0x47, 0x19, 0x47, 0x19, 0x47, 0x19,
    0x47, 0x19, 0x47, 0x19, 0x47, 0x19, 0x47, 0x19, 0x47, 0x19, 0x47, 0x19, 0x47, 0x19, 0x47, 0x19,
    0x47, 0x19, 0x47, 0x19, 0x47, 0x19, 0x47, 0x19, 0x47, 0x19, 0x47, 0x19, 0x47, 0x19, 0x47, 0x19,
    0x47, 0x19, 0x47, 0x19, 0x47, 0x19, 0x47, 0x19, 0x47, 0x19, 0x47, 0x19, 0x47, 0x19, 0x47, 0x19,
    0x47, 0x19, 0x47, 0x19, 0x47, 0x19, 0x47, 0x19, 0x47, 0x19, 0x47, 0x19, 0x47, 0x19, 0x47, 0x19,
    0x47, 0x19, 0x47, 0x19, 0x47, 0x19, 0x47, 0x19, 0x47, 0x19, 0x47, 0x19, 0x47, 0x19, 0x47, 0x19,
    0x47, 0x19, 0x47, 0x19, 0x47, 0x19, 0x47, 0x19, 0x47, 0x19, 0x47, 0x19, 0x47, 0x19, 0x47, 0x19,
    0x47, 0x19, 0x47, 0x19, 0x47, 0x19, 0x47, 0x19, 0x47, 0x19, 0x47, 0x19, 0x47, 0x19, 0x47, 0x19,
    0x47, 0x19, 0x47, 0x19, 0x47, 0x19, 0x47, 0x19, 0x47, 0x19, 0x47, 0x19, 0x47, 0x19, 0x47, 0x19,
    0x47, 0x19, 0x47, 0x19, 0x47, 0x19, 0x47, 0x19, 0x47, 0x19, 0x47, 0x19, 0x47, 0x19, 0x47, 0x19,
    0x47, 0x19, 0x47, 0x19, 0x47, 0x19, 0x47, 0x19, 0x47, 0x19, 0x47, 0x19, 0x47, 0x19, 0x47, 0x19,
    0x47, 0x19, 0x47, 0x19, 0x47, 0x19, 0x47, 0x19, 0x47, 0x21, 0xe6, 0x10, 0x35, 0xa5, 0xed, 0x52,
    0xe6, 0x10, 0x06, 0x11, 0x15, 0x9d, 0xcc, 0x4a, 0x06, 0x11, 0xe5, 0x10, 0x0d, 0x5b, 0xf8, 0xbd,
    0x47, 0x19, 0x27, 0x19, 0x47, 0x19, 0x47, 0x19, 0x47, 0x21, 0xe6, 0x10, 0x8c, 0x4a, 0xb7, 0xb5,
    0x84, 0x00, 0xd0, 0x73, 0xb7, 0xb5, 0x06, 0x11, 0x47, 0x19, 0x47, 0x21, 0x47, 0x19, 0x47, 0x19,
    0x47, 0x19, 0x47, 0x19, 0x47, 0x19, 0x47, 0x19, 0x47, 0x19, 0x47, 0x19, 0x47, 0x19, 0x47, 0x19,
    0x47, 0x19, 0x47, 0x21, 0xe6, 0x10, 0xc5, 0x08, 0xe6, 0x10, 0xc5, 0x08, 0x06, 0x11, 0x67, 0x21,
    0x47, 0x19, 0x47, 0x19, 0x47, 0x19, 0x47, 0x19, 0x47, 0x19, 0x47, 0x19, 0x47, 0x19, 0x47, 0x19,
    0x47, 0x19, 0x47, 0x19, 0x47, 0x19, 0x47, 0x19, 0x47, 0x19, 0x47, 0x19, 0x47, 0x19, 0x47, 0x19,
    0x47, 0x19, 0x47, 0x19, 0x47, 0x19, 0x47, 0x19, 0x47, 0x19, 0x47, 0x19, 0x47, 0x19, 0x47, 0x19,
    0x47, 0x19, 0x47, 0x19, 0x47, 0x19, 0x47, 0x19, 0x47, 0x19, 0x47, 0x19, 0x47, 0x19, 0x47, 0x21,
    0x06, 0x19, 0xe6, 0x10, 0x06, 0x11, 0x47, 0x19, 0x47, 0x21, 0x47, 0x19, 0x47, 0x19, 0x47, 0x19,
    0x47, 0x19, 0x47, 0x19, 0x47, 0x19, 0x47, 0x19, 0x47, 0x19, 0x47, 0x19, 0x47, 0x19, 0x47, 0x19,
    0x47, 0x19, 0x67, 0x21, 0xc5, 0x08, 0xb3, 0x94, 0xff, 0xff, 0xdf, 0xff, 0xdf, 0xff, 0xff, 0xff,
    0x6f, 0x63, 0xe6, 0x10, 0x67, 0x21, 0x47, 0x19, 0x67, 0x21, 0xc5, 0x08, 0x31, 0x7c, 0x56, 0xa5,
    0xc5, 0x08, 0x67, 0x21, 0xe6, 0x10, 0x4e, 0x63, 0xff, 0xff, 0xdf, 0xff, 0xdf, 0xff, 0xff, 0xff,
    0xb7, 0xb5, 0xe6, 0x10, 0x47, 0x21, 0x47, 0x19, 0x47, 0x19, 0x47, 0x19, 0x47, 0x19, 0x47, 0x19,
    0x47, 0x19, 0x47, 0x19, 0x47, 0x19, 0x47, 0x19, 0x47, 0x19, 0x47, 0x19, 0x47, 0x19, 0x47, 0x19,
    0x47, 0x19, 0x47, 0x19, 0x47, 0x19, 0x47, 0x19, 0x47, 0x19, 0x47, 0x19, 0x47, 0x19, 0x47, 0x19,
    0x47, 0x19, 0x47, 0x19, 0x47, 0x19, 0x47, 0x19, 0x47, 0x19, 0x47, 0x19, 0x47, 0x19, 0x47, 0x19,
    0x47, 0x19, 0x47, 0x19, 0x47, 0x19, 0x47, 0x19, 0x47, 0x19, 0x47, 0x19, 0x47, 0x19, 0x47, 0x19,
    0x47, 0x19, 0x47, 0x19, 0x47, 0x19, 0x47, 0x19, 0x47, 0x19, 0x47, 0x19, 0x47, 0x19, 0x47, 0x19,
    0x47, 0x19, 0x47, 0x19, 0x47, 0x19, 0x47, 0x19, 0x47, 0x19, 0x47, 0x19, 0x47, 0x19, 0x47, 0x19,
    0x47, 0x19, 0x47, 0x19, 0x47, 0x19, 0x47, 0x19, 0x47, 0x19, 0x47, 0x19, 0x47, 0x19, 0x47, 0x19,
    0x47, 0x19, 0x47, 0x19, 0x47, 0x19, 0x47, 0x19, 0x47, 0x19, 0x47, 0x19, 0x47, 0x19, 0x47, 0x19,
    0x47, 0x19, 0x47, 0x19, 0x47, 0x19, 0x47, 0x19, 0x47, 0x19, 0x47, 0x19, 0x47, 0x19, 0x47, 0x19,
    0x47, 0x19, 0x47, 0x19, 0x47, 0x19, 0x47, 0x19, 0x47, 0x19, 0x47, 0x19, 0x47, 0x19, 0x47, 0x19,
    0x47, 0x19, 0x47, 0x19, 0x47, 0x19, 0x47, 0x19, 0x47, 0x19, 0x47, 0x19, 0x47, 0x19, 0x47, 0x19,
    0x47, 0x19, 0x47, 0x19, 0x47, 0x19, 0x47, 0x19, 0x47, 0x19, 0x47, 0x19, 0x47, 0x19, 0x47, 0x19,
    0x47, 0x19, 0x47, 0x19, 0x47, 0x19, 0x47, 0x19, 0x47, 0x19, 0x47, 0x19, 0x47, 0x19, 0x47, 0x19,
    0x47, 0x19, 0x47, 0x19, 0x47, 0x19, 0x47, 0x19, 0x47, 0x19, 0x47, 0x19, 0x47, 0x19, 0x47, 0x19,
    0x47, 0x19, 0x47, 0x19, 0x47, 0x19, 0x47, 0x19, 0x47, 0x19, 0x47, 0x19, 0x47, 0x19, 0x47, 0x19,
    0x47, 0x19, 0x47, 0x19, 0x47, 0x19, 0x47, 0x19, 0x47, 0x19, 0x47, 0x19, 0x47, 0x19, 0x47, 0x19,
    0x47, 0x19, 0x47, 0x19, 0x47, 0x19, 0x47, 0x19, 0x47, 0x19, 0x47, 0x19, 0x47, 0x19, 0x47, 0x19,
    0x47, 0x19, 0x47, 0x19, 0x47, 0x19, 0x47, 0x19, 0x47, 0x19, 0x47, 0x19, 0x47, 0x19, 0x47, 0x19,
    0x47, 0x19, 0x47, 0x19, 0x47, 0x19, 0x47, 0x19, 0x47, 0x19, 0x47, 0x19, 0x47, 0x19, 0x47, 0x19,
    0x47, 0x19, 0x47, 0x19, 0x47, 0x19, 0x47, 0x19, 0x67, 0x21, 0xc5, 0x08, 0x52, 0x84, 0xf1, 0x73,
    0xc5, 0x08, 0x88, 0x21, 0x97, 0xad, 0xe9, 0x31, 0xe5, 0x10, 0x0a, 0x3a, 0x59, 0xc6, 0x0a, 0x32,
    0x06, 0x11, 0x47, 0x21, 0x47, 0x19, 0x47, 0x19, 0x47, 0x19, 0x47, 0x19, 0x06, 0x11, 0x35, 0xa5,
    0x32, 0x84, 0xd7, 0xb5, 0xa8, 0x29, 0x26, 0x19, 0x47, 0x21, 0x47, 0x19, 0x47, 0x19, 0x47, 0x19,
    0x47, 0x19, 0x47, 0x19, 0x47, 0x19, 0x47, 0x19, 0x47, 0x19, 0x47, 0x19, 0x47, 0x19, 0x47, 0x19,
    0x47, 0x19, 0xe6, 0x10, 0xcc, 0x52, 0xb3, 0x94, 0x15, 0x9d, 0x72, 0x84, 0x2a, 0x3a, 0xe5, 0x10,
    0x47, 0x21, 0x47, 0x19, 0x47, 0x19, 0x47, 0x19, 0x47, 0x19, 0x47, 0x19, 0x47, 0x19, 0x47, 0x19,
    0x47, 0x19, 0x47, 0x19, 0x47, 0x19, 0x47, 0x19, 0x47, 0x19, 0x47, 0x19, 0x47, 0x19, 0x47, 0x19,
    0x47, 0x19, 0x47, 0x19, 0x47, 0x19, 0x47, 0x19, 0x47, 0x19, 0x47, 0x19, 0x47, 0x19, 0x47, 0x19,
    0x47, 0x19, 0x47, 0x19, 0x47, 0x19, 0x47, 0x19, 0x47, 0x19, 0x47, 0x21, 0x06, 0x19, 0xe6, 0x10,
    0xe9, 0x31, 0xac, 0x4a, 0x0a, 0x3a, 0xe6, 0x10, 0x06, 0x11, 0x47, 0x21, 0x47, 0x19, 0x47, 0x19,
    0x47, 0x19, 0x47, 0x19, 0x47, 0x19, 0x47, 0x19, 0x47, 0x19, 0x47, 0x19, 0x47, 0x19, 0x47, 0x19,
    0x47, 0x19, 0x47, 0x19, 0x47, 0x19, 0x27, 0x19, 0x59, 0xc6, 0xff, 0xff, 0xff, 0xff, 0xdb, 0xde,
    0x68, 0x21, 0x27, 0x19, 0x47, 0x19, 0x47, 0x19, 0x47, 0x19, 0x47, 0x21, 0xe5, 0x10, 0x56, 0xa5,
    0x31, 0x7c, 0xc5, 0x08, 0x26, 0x19, 0x2a, 0x3a, 0x9e, 0xf7, 0xff, 0xff, 0xbf, 0xf7, 0xff, 0xff,
    0xd4, 0x94, 0xc5, 0x08, 0x67, 0x21, 0x47, 0x19, 0x47, 0x19, 0x47, 0x19, 0x47, 0x19, 0x47, 0x19,
    0x47, 0x19, 0x47, 0x19, 0x47, 0x19, 0x47, 0x19, 0x47, 0x19, 0x47, 0x19, 0x47, 0x19, 0x47, 0x19,
    0x47, 0x19, 0x47, 0x19, 0x47, 0x19, 0x47, 0x19, 0x47, 0x19, 0x47, 0x19, 0x47, 0x19, 0x47, 0x19,
    0x47, 0x19, 0x47, 0x19, 0x47, 0x19, 0x47, 0x19, 0x47, 0x19, 0x47, 0x19, 0x47, 0x19, 0x47, 0x19,
    0x47, 0x19, 0x47, 0x19, 0x47, 0x19, 0x47, 0x19, 0x47, 0x19, 0x47, 0x19, 0x47, 0x19, 0x47, 0x19,
    0x47, 0x19, 0x47, 0x19, 0x47, 0x19, 0x47, 0x19, 0x47, 0x19, 0x47, 0x19, 0x47, 0x19, 0x47, 0x19,
    0x47, 0x19, 0x47, 0x19, 0x47, 0x19, 0x47, 0x19, 0x47, 0x19, 0x47, 0x19, 0x47, 0x19, 0x47, 0x19,
    0x47, 0x19, 0x47, 0x19, 0x47, 0x19, 0x47, 0x19, 0x47, 0x19, 0x47, 0x19, 0x47, 0x19, 0x47, 0x19,
    0x47, 0x19, 0x47, 0x19, 0x47, 0x19, 0x47, 0x19, 0x47, 0x19, 0x47, 0x19, 0x47, 0x19, 0x47, 0x19,
    0x47, 0x19, 0x47, 0x19, 0x47, 0x19, 0x47, 0x19, 0x47, 0x19, 0x47, 0x19, 0x47, 0x19, 0x47, 0x19,
    0x47, 0x19, 0x47, 0x19, 0x47, 0x19, 0x47, 0x19, 0x47, 0x19, 0x47, 0x19, 0x47, 0x19, 0x47, 0x19,
    0x47, 0x19, 0x47, 0x19, 0x47, 0x19, 0x47, 0x19, 0x47, 0x19, 0x47, 0x19, 0x47, 0x19, 0x47, 0x19,
    0x47, 0x19, 0x47, 0x19, 0x47, 0x19, 0x47, 0x19, 0x47, 0x19, 0x47, 0x19, 0x47, 0x19, 0x47, 0x19,
    0x47, 0x19, 0x47, 0x19, 0x47, 0x19, 0x47, 0x19, 0x47, 0x19, 0x47, 0x19, 0x47, 0x19, 0x47, 0x19,
    0x47, 0x19, 0x47, 0x19, 0x47, 0x19, 0x47, 0x19, 0x47, 0x19, 0x47, 0x19, 0x47, 0x19, 0x47, 0x19,
    0x47, 0x19, 0x47, 0x19, 0x47, 0x19, 0x47, 0x19, 0x47, 0x19, 0x47, 0x19, 0x47, 0x19, 0x47, 0x19,
    0x47, 0x19, 0x47, 0x19, 0x47, 0x19, 0x47, 0x19, 0x47, 0x19, 0x47, 0x19, 0x47, 0x19, 0x47, 0x19,
    0x47, 0x19, 0x47, 0x19, 0x47, 0x19, 0x47, 0x19, 0x47, 0x19, 0x47, 0x19, 0x47, 0x19, 0x47, 0x19,
    0x47, 0x19, 0x47, 0x19, 0x47, 0x19, 0x47, 0x19, 0x47, 0x19, 0x47, 0x19, 0x47, 0x19, 0x47, 0x19,
    0x47, 0x19, 0x47, 0x19, 0x47, 0x19, 0x47, 0x19, 0x47, 0x19, 0x47, 0x19, 0x47, 0x19, 0x47, 0x19,
    0x47, 0x19, 0x47, 0x19, 0x47, 0x19, 0x47, 0x19, 0x47, 0x21, 0xe6, 0x10, 0xed, 0x52, 0x35, 0xa5,
    0xc5, 0x08, 0x2a, 0x3a, 0x76, 0xad, 0x27, 0x19, 0x27, 0x19, 0xf8, 0xbd, 0x2e, 0x5b, 0xc5, 0x08,
    0x67, 0x21, 0x47, 0x19, 0x47, 0x19, 0x47, 0x19, 0x47, 0x19, 0x67, 0x21, 0xe6, 0x10, 0xcc, 0x52,
    0xbe, 0xf7, 0x8c, 0x4a, 0xe6, 0x10, 0x67, 0x21, 0x47, 0x19, 0x47, 0x19, 0x47, 0x19, 0x47, 0x19,
    0x47, 0x19, 0x47, 0x19, 0x47, 0x19, 0x47, 0x19, 0x47, 0x19, 0x47, 0x19, 0x47, 0x19, 0x27, 0x19,
    0x26, 0x19, 0xf4, 0x9c, 0xd8, 0xbd, 0xb0, 0x6b, 0xed, 0x52, 0x31, 0x7c, 0x7a, 0xce, 0xd0, 0x73,
    0xe5, 0x10, 0x67, 0x21, 0x47, 0x19, 0x47, 0x19, 0x47, 0x19, 0x47, 0x19, 0x47, 0x19, 0x47, 0x19,
    0x47, 0x19, 0x47, 0x19, 0x47, 0x19, 0x47, 0x19, 0x47, 0x19, 0x47, 0x19, 0x47, 0x19, 0x47, 0x19,
    0x47, 0x19, 0x47, 0x19, 0x47, 0x19, 0x47, 0x19, 0x47, 0x19, 0x47, 0x19, 0x47, 0x19, 0x47, 0x19,
    0x47, 0x19, 0x47, 0x19, 0x47, 0x19, 0x47, 0x19, 0x67, 0x21, 0xe6, 0x10, 0xc9, 0x31, 0x55, 0xa5,
    0xd8, 0xb5, 0x35, 0xa5, 0xb7, 0xb5, 0x97, 0xad, 0x2a, 0x3a, 0xe6, 0x10, 0x67, 0x21, 0x47, 0x19,
    0x47, 0x19, 0x47, 0x19, 0x47, 0x19, 0x47, 0x19, 0x47, 0x19, 0x47, 0x19, 0x47, 0x19, 0x47, 0x19,
    0x47, 0x19, 0x47, 0x19, 0x67, 0x21, 0xe6, 0x10, 0x8c, 0x4a, 0xbe, 0xf7, 0xff, 0xff, 0x31, 0x7c,
    0xc5, 0x10, 0x67, 0x21, 0x47, 0x19, 0x47, 0x19, 0x47, 0x19, 0x47, 0x19, 0x27, 0x19, 0x47, 0x19,
    0x18, 0xbe, 0xed, 0x52, 0xc5, 0x08, 0x88, 0x29, 0xdb, 0xd6, 0xff, 0xff, 0xbe, 0xf7, 0xff, 0xff,
    0x6f, 0x63, 0xe6, 0x10, 0x67, 0x21, 0x47, 0x19, 0x47, 0x19, 0x47, 0x19, 0x47, 0x19, 0x47, 0x19,
    0x47, 0x19, 0x47, 0x19, 0x47, 0x19, 0x47, 0x19, 0x47, 0x19, 0x47, 0x19, 0x47, 0x19, 0x47, 0x19,
    0x47, 0x19, 0x47, 0x19, 0x47, 0x19, 0x47, 0x19, 0x47, 0x19, 0x47, 0x19, 0x47, 0x19, 0x47, 0x19,
    0x47, 0x19, 0x47, 0x19, 0x47, 0x19, 0x47, 0x19, 0x47, 0x19, 0x47, 0x19, 0x47, 0x19, 0x47, 0x19,
    0x47, 0x19, 0x47, 0x19, 0x47, 0x19, 0x47, 0x19, 0x47, 0x19, 0x47, 0x19, 0x47, 0x19, 0x47, 0x19,
    0x47, 0x19, 0x47, 0x19, 0x47, 0x19, 0x47, 0x19, 0x47, 0x19, 0x47, 0x19, 0x47, 0x19, 0x47, 0x19,
    0x47, 0x19, 0x47, 0x19, 0x47, 0x19, 0x47, 0x19, 0x47, 0x19, 0x47, 0x19, 0x47, 0x19, 0x47, 0x19,
    0x47, 0x19, 0x47, 0x19, 0x47, 0x19, 0x47, 0x19, 0x47, 0x19, 0x47, 0x19, 0x47, 0x19, 0x47, 0x19,
    0x47, 0x19, 0x47, 0x19, 0x47, 0x19, 0x47, 0x19, 0x47, 0x19, 0x47, 0x19, 0x47, 0x19, 0x47, 0x19,
    0x47, 0x19, 0x47, 0x19, 0x47, 0x19, 0x47, 0x19, 0x47, 0x19, 0x47, 0x19, 0x47, 0x19, 0x47, 0x19,
    0x47, 0x19, 0x47, 0x19, 0x47, 0x19, 0x47, 0x19, 0x47, 0x19, 0x47, 0x19, 0x47, 0x19, 0x47, 0x19,
    0x47, 0x19, 0x47, 0x19, 0x47, 0x19, 0x47, 0x19, 0x47, 0x19, 0x47, 0x19, 0x47, 0x19, 0x47, 0x19,
    0x47, 0x19, 0x47, 0x19, 0x47, 0x19, 0x47, 0x19, 0x47, 0x19, 0x47, 0x19, 0x47, 0x19, 0x47, 0x19,
    0x47, 0x19, 0x47, 0x19, 0x47, 0x19, 0x47, 0x19, 0x47, 0x19, 0x47, 0x19, 0x47, 0x19, 0x47, 0x19,
    0x47, 0x19, 0x47, 0x19, 0x47, 0x19, 0x47, 0x19, 0x47, 0x19, 0x47, 0x19, 0x47, 0x19, 0x47, 0x19,
    0x47, 0x19, 0x47, 0x19, 0x47, 0x19, 0x47, 0x19, 0x47, 0x19, 0x47, 0x19, 0x47, 0x19, 0x47, 0x19,
    0x47, 0x19, 0x47, 0x19, 0x47, 0x19, 0x47, 0x19, 0x47, 0x19, 0x47, 0x19, 0x47, 0x19, 0x47, 0x19,
    0x47, 0x19, 0x47, 0x19, 0x47, 0x19, 0x47, 0x19, 0x47, 0x19, 0x47, 0x19, 0x47, 0x19, 0x47, 0x19,
    0x47, 0x19, 0x47, 0x19, 0x47, 0x19, 0x47, 0x19, 0x47, 0x19, 0x47, 0x19, 0x47, 0x19, 0x47, 0x19,
    0x47, 0x19, 0x47, 0x19, 0x47, 0x19, 0x47, 0x19, 0x47, 0x19, 0x47, 0x19, 0x47, 0x19, 0x47, 0x19,
    0x47, 0x19, 0x47, 0x19, 0x47, 0x19, 0x47, 0x19, 0x47, 0x19, 0x27, 0x19, 0x67, 0x21, 0xf8, 0xbd,
    0xa8, 0x29, 0x8c, 0x4a, 0x15, 0x9d, 0x64, 0x00, 0x15, 0x9d, 0x52, 0x84, 0xc5, 0x08, 0x67, 0x21,
    0x47, 0x19, 0x47, 0x19, 0x47, 0x19, 0x47, 0x19, 0x47, 0x19, 0x67, 0x21, 0xc5, 0x08, 0xd0, 0x73,
    0xd4, 0x94, 0xc5, 0x08, 0x67, 0x21, 0x47, 0x19, 0x47, 0x19, 0x47, 0x19, 0x47, 0x19, 0x47, 0x19,
    0x47, 0x19, 0x47, 0x19, 0x47, 0x19, 0x47, 0x19, 0x47, 0x19, 0x47, 0x19, 0x47, 0x19, 0x06, 0x11,
    0x56, 0xa5, 0xf4, 0x94, 0xe6, 0x10, 0xc5, 0x08, 0xe6, 0x10, 0xa5, 0x08, 0xa8, 0x29, 0x39, 0xc6,
    0x8f, 0x6b, 0xc5, 0x08, 0x67, 0x21, 0x47, 0x19, 0x47, 0x19, 0x47, 0x19, 0x47, 0x19, 0x47, 0x19,
    0x47, 0x19, 0x47, 0x19, 0x47, 0x19, 0x47, 0x19, 0x47, 0x19, 0x47, 0x19, 0x47, 0x19, 0x47, 0x19,
    0x47, 0x19, 0x47, 0x19, 0x47, 0x19, 0x47, 0x19, 0x47, 0x19, 0x47, 0x19, 0x47, 0x19, 0x47, 0x19,
    0x47, 0x19, 0x47, 0x19, 0x47, 0x19, 0x67, 0x21, 0x06, 0x11, 0x2a, 0x3a, 0x59, 0xc6, 0xd0, 0x73,
    0x47, 0x21, 0x06, 0x11, 0x47, 0x19, 0x8f, 0x6b, 0x7a, 0xce, 0x6b, 0x42, 0xe6, 0x10, 0x47, 0x21,
    0x47, 0x19, 0x47, 0x19, 0x47, 0x19, 0x47, 0x19, 0x47, 0x19, 0x47, 0x19, 0x47, 0x19, 0x47, 0x19,
    0x47, 0x19, 0x47, 0x19, 0x47, 0x19, 0x67, 0x21, 0xc5, 0x08, 0x76, 0xad, 0x3d, 0xe7, 0x88, 0x21,
    0x27, 0x19, 0x47, 0x19, 0x47, 0x19, 0x47, 0x19, 0x47, 0x19, 0x47, 0x19, 0x67, 0x21, 0x06, 0x11,
    0x2a, 0x3a, 0x59, 0xc6, 0xc9, 0x31, 0xc5, 0x08, 0x18, 0xbe, 0xff, 0xff, 0xff, 0xff, 0x9e, 0xef,
    0x0a, 0x32, 0x06, 0x19, 0x47, 0x21, 0x47, 0x19, 0x47, 0x19, 0x47, 0x19, 0x47, 0x19, 0x47, 0x19,
    0x47, 0x19, 0x47, 0x19, 0x47, 0x19, 0x47, 0x19, 0x47, 0x19, 0x47, 0x19, 0x47, 0x19, 0x47, 0x19,
    0x47, 0x19, 0x47, 0x19, 0x47, 0x19, 0x47, 0x19, 0x47, 0x19, 0x47, 0x19, 0x47, 0x19, 0x47, 0x19,
    0x47, 0x19, 0x47, 0x19, 0x47, 0x19, 0x47, 0x19, 0x47, 0x19, 0x47, 0x19, 0x47, 0x19, 0x47, 0x19,
    0x47, 0x19, 0x47, 0x19, 0x47, 0x19, 0x47, 0x19, 0x47, 0x19, 0x47, 0x19, 0x47, 0x19, 0x47, 0x19,
    0x47, 0x19, 0x47, 0x19, 0x47, 0x19, 0x47, 0x19, 0x47, 0x19, 0x47, 0x19, 0x47, 0x19, 0x47, 0x19,
    0x47, 0x19, 0x47, 0x19, 0x47, 0x19, 0x47, 0x19, 0x47, 0x19, 0x47, 0x19, 0x47, 0x19, 0x47, 0x19,
    0x47, 0x19, 0x47, 0x19, 0x47, 0x19, 0x47, 0x19, 0x47, 0x19, 0x47, 0x19, 0x47, 0x19, 0x47, 0x19,
    0x47, 0x19, 0x47, 0x19, 0x47, 0x19, 0x47, 0x19, 0x47, 0x19, 0x47, 0x19, 0x47, 0x19, 0x47, 0x19,
    0x47, 0x19, 0x47, 0x19, 0x47, 0x19, 0x47, 0x19, 0x47, 0x19, 0x47, 0x19, 0x47, 0x19, 0x47, 0x19,
    0x47, 0x19, 0x47, 0x19, 0x47, 0x19, 0x47, 0x19, 0x47, 0x19, 0x47, 0x19, 0x47, 0x19, 0x47, 0x19,
    0x47, 0x19, 0x47, 0x19, 0x47, 0x19, 0x47, 0x19, 0x47, 0x19, 0x47, 0x19, 0x47, 0x19, 0x47, 0x19,
    0x47, 0x19, 0x47, 0x19, 0x47, 0x19, 0x47, 0x19, 0x47, 0x19, 0x47, 0x19, 0x47, 0x19, 0x47, 0x19,
    0x47, 0x19, 0x47, 0x19, 0x47, 0x19, 0x47, 0x19, 0x47, 0x19, 0x47, 0x19, 0x47, 0x19, 0x47, 0x19,
    0x47, 0x19, 0x47, 0x19, 0x47, 0x19, 0x47, 0x19, 0x47, 0x19, 0x47, 0x19, 0x47, 0x19, 0x47, 0x19,
    0x47, 0x19, 0x47, 0x19, 0x47, 0x19, 0x47, 0x19, 0x47, 0x19, 0x47, 0x19, 0x47, 0x19, 0x47, 0x19,
    0x47, 0x19, 0x47, 0x19, 0x47, 0x19, 0x47, 0x19, 0x47, 0x19, 0x47, 0x19, 0x47, 0x19, 0x47, 0x19,
    0x47, 0x19, 0x47, 0x19, 0x47, 0x19, 0x47, 0x19, 0x47, 0x19, 0x47, 0x19, 0x47, 0x19, 0x47, 0x19,
    0x47, 0x19, 0x47, 0x19, 0x47, 0x19, 0x47, 0x19, 0x47, 0x19, 0x47, 0x19, 0x47, 0x19, 0x47, 0x19,
    0x47, 0x19, 0x47, 0x19, 0x47, 0x19, 0x47, 0x19, 0x47, 0x19, 0x47, 0x19, 0x47, 0x19, 0x47, 0x19,
    0x47, 0x19, 0x47, 0x19, 0x47, 0x19, 0x47, 0x19, 0x47, 0x19, 0x67, 0x21, 0xc5, 0x08, 0x32, 0x84,
    0x32, 0x84, 0xed, 0x52, 0xd0, 0x73, 0xd0, 0x73, 0x76, 0xad, 0xe6, 0x10, 0x47, 0x19, 0x47, 0x19,
    0x47, 0x19, 0x47, 0x19, 0x47, 0x19, 0x47, 0x19, 0x47, 0x19, 0x27, 0x19, 0x88, 0x21, 0xf8, 0xbd,
    0xe9, 0x31, 0x06, 0x19, 0x47, 0x19, 0x47, 0x19, 0x47, 0x19, 0x47, 0x19, 0x47, 0x19, 0x47, 0x19,
    0x47, 0x19, 0x47, 0x19, 0x47, 0x19, 0x47, 0x19, 0x47, 0x19, 0x67, 0x21, 0xc5, 0x08, 0x11, 0x7c,
    0x56, 0xa5, 0xa5, 0x08, 0x47, 0x19, 0x67, 0x21, 0x47, 0x21, 0x68, 0x21, 0xe6, 0x10, 0xa8, 0x29,
    0x39, 0xc6, 0x2a, 0x3a, 0x06, 0x11, 0x47, 0x19, 0x47, 0x19, 0x47, 0x19, 0x47, 0x19, 0x47, 0x19,
    0x47, 0x19, 0x47, 0x19, 0x47, 0x19, 0x47, 0x19, 0x47, 0x19, 0x47, 0x19, 0x47, 0x19, 0x47, 0x19,
    0x47, 0x19, 0x47, 0x19, 0x47, 0x19, 0x47, 0x19, 0x47, 0x19, 0x47, 0x19, 0x47, 0x19, 0x47, 0x19,
    0x47, 0x19, 0x47, 0x19, 0x47, 0x19, 0x27, 0x19, 0x88, 0x21, 0x39, 0xc6, 0xed, 0x52, 0x84, 0x00,
    0x47, 0x19, 0x47, 0x21, 0x47, 0x19, 0xa4, 0x00, 0xac, 0x4a, 0x39, 0xc6, 0x88, 0x29, 0x27, 0x19,
    0x47, 0x19, 0x47, 0x19, 0x47, 0x19, 0x47, 0x19, 0x47, 0x19, 0x47, 0x19, 0x47, 0x19, 0x47, 0x19,
    0x47, 0x19, 0x47, 0x19, 0x47, 0x19, 0x47, 0x21, 0xe6, 0x10, 0xed, 0x52, 0xb7, 0xb5, 0xe6, 0x10,
    0x47, 0x19, 0x47, 0x19, 0x47, 0x19, 0x47, 0x19, 0x47, 0x19, 0x47, 0x19, 0x47, 0x19, 0x67, 0x21,
    0xc5, 0x08, 0x4e, 0x63, 0xf8, 0xbd, 0xa5, 0x08, 0xf4, 0x9c, 0xff, 0xff, 0xff, 0xff, 0xb7, 0xb5,
    0x06, 0x11, 0x47, 0x19, 0x47, 0x19, 0x47, 0x19, 0x47, 0x19, 0x47, 0x19, 0x47, 0x19, 0x47, 0x19,
    0x47, 0x19, 0x47, 0x19, 0x47, 0x19, 0x47, 0x19, 0x47, 0x19, 0x47, 0x19, 0x47, 0x19, 0x47, 0x19,
    0x47, 0x19, 0x47, 0x19, 0x47, 0x19, 0x47, 0x19, 0x47, 0x19, 0x47, 0x19, 0x47, 0x19, 0x47, 0x19,
    0x47, 0x19, 0x47, 0x19, 0x47, 0x19, 0x47, 0x19, 0x47, 0x19, 0x47, 0x19, 0x47, 0x19, 0x47, 0x19,
    0x47, 0x19, 0x47, 0x19, 0x47, 0x19, 0x47, 0x19, 0x47, 0x19, 0x47, 0x19, 0x47, 0x19, 0x47, 0x19,
    0x47, 0x19, 0x47, 0x19, 0x47, 0x19, 0x47, 0x19, 0x47, 0x19, 0x47, 0x19, 0x47, 0x19, 0x47, 0x19,
    0x47, 0x19, 0x47, 0x19, 0x47, 0x19, 0x47, 0x19, 0x47, 0x19, 0x47, 0x19, 0x47, 0x19, 0x47, 0x19,
    0x47, 0x19, 0x47, 0x19, 0x47, 0x19, 0x47, 0x19, 0x47, 0x19, 0x47, 0x19, 0x47, 0x19, 0x47, 0x19,
    0x47, 0x19, 0x47, 0x19, 0x47, 0x19, 0x47, 0x19, 0x47, 0x19, 0x47, 0x19, 0x47, 0x19, 0x47, 0x19,
    0x47, 0x19, 0x47, 0x19, 0x47, 0x19, 0x47, 0x19, 0x47, 0x19, 0x47, 0x19, 0x47, 0x19, 0x47, 0x19,
    0x47, 0x19, 0x47, 0x19, 0x47, 0x19, 0x47, 0x19, 0x47, 0x19, 0x47, 0x19, 0x47, 0x19, 0x47, 0x19,
    0x47, 0x19, 0x47, 0x19, 0x47, 0x19, 0x47, 0x19, 0x47, 0x19, 0x47, 0x19, 0x47, 0x19, 0x47, 0x19,
    0x47, 0x19, 0x47, 0x19, 0x47, 0x19, 0x47, 0x19, 0x47, 0x19, 0x47, 0x19, 0x47, 0x19, 0x47, 0x19,
    0x47, 0x19, 0x47, 0x19, 0x47, 0x19, 0x47, 0x19, 0x47, 0x19, 0x47, 0x19, 0x47, 0x19, 0x47, 0x19,
    0x47, 0x19, 0x47, 0x19, 0x47, 0x19, 0x47, 0x19, 0x47, 0x19, 0x47, 0x19, 0x47, 0x19, 0x47, 0x19,
    0x47, 0x19, 0x47, 0x19, 0x47, 0x19, 0x47, 0x19, 0x47, 0x19, 0x47, 0x19, 0x47, 0x19, 0x47, 0x19,
    0x47, 0x19, 0x47, 0x19, 0x47, 0x19, 0x47, 0x19, 0x47, 0x19, 0x47, 0x19, 0x47, 0x19, 0x47, 0x19,
    0x47, 0x19, 0x47, 0x19, 0x47, 0x19, 0x47, 0x19, 0x47, 0x19, 0x47, 0x19, 0x47, 0x19, 0x47, 0x19,
    0x47, 0x19, 0x47, 0x19, 0x47, 0x19, 0x47, 0x19, 0x47, 0x19, 0x47, 0x19, 0x47, 0x19, 0x47, 0x19,
    0x47, 0x19, 0x47, 0x19, 0x47, 0x19, 0x47, 0x19, 0x47, 0x19, 0x47, 0x19, 0x47, 0x19, 0x47, 0x19,
    0x47, 0x19, 0x47, 0x19, 0x47, 0x19, 0x47, 0x19, 0x47, 0x19, 0x47, 0x19, 0x27, 0x19, 0x88, 0x21,
    0x97, 0xad, 0xf4, 0x9c, 0x39, 0xc6, 0x56, 0xa5, 0x47, 0x19, 0x27, 0x19, 0x47, 0x19, 0x47, 0x19,
    0x47, 0x19, 0x47, 0x19, 0x47, 0x19, 0x47, 0x19, 0x67, 0x21, 0xc5, 0x08, 0xd0, 0x73, 0xd4, 0x94,
    0xc5, 0x08, 0x67, 0x21, 0x47, 0x19, 0x47, 0x19, 0x47, 0x19, 0x47, 0x19, 0x47, 0x19, 0x47, 0x19,
    0x47, 0x19, 0x47, 0x19, 0x47, 0x19, 0x47, 0x19, 0x47, 0x19, 0x26, 0x19, 0xe9, 0x31, 0x39, 0xc6,
    0x88, 0x29, 0x26, 0x19, 0x47, 0x21, 0x47, 0x19, 0x47, 0x19, 0x47, 0x19, 0x67, 0x21, 0xc5, 0x08,
    0xb0, 0x6b, 0x35, 0xa5, 0xc5, 0x08, 0x67, 0x21, 0x47, 0x19, 0x47, 0x19, 0x47, 0x19, 0x47, 0x19,
    0x47, 0x19, 0x47, 0x19, 0x47, 0x19, 0x47, 0x19, 0x47, 0x19, 0x47, 0x19, 0x47, 0x19, 0x47, 0x19,
    0x47, 0x19, 0x47, 0x19, 0x47, 0x19, 0x47, 0x19, 0x47, 0x19, 0x47, 0x19, 0x47, 0x19, 0x47, 0x19,
    0x47, 0x19, 0x47, 0x19, 0x47, 0x21, 0xc5, 0x08, 0xf4, 0x9c, 0x32, 0x84, 0xa5, 0x08, 0x68, 0x21,
    0x47, 0x19, 0x47, 0x19, 0x47, 0x19, 0x68, 0x21, 0xa5, 0x08, 0x32, 0x84, 0xd4, 0x94, 0xc5, 0x08,
    0x67, 0x21, 0x47, 0x19, 0x47, 0x19, 0x47, 0x19, 0x47, 0x19, 0x47, 0x19, 0x47, 0x19, 0x47, 0x19,
    0x47, 0x19, 0x47, 0x19, 0x47, 0x19, 0x47, 0x19, 0x47, 0x19, 0x26, 0x19, 0x97, 0xad, 0x6b, 0x42,
    0x06, 0x11, 0x47, 0x21, 0x47, 0x19, 0x47, 0x19, 0x47, 0x19, 0x47, 0x19, 0x47, 0x19, 0x47, 0x19,
    0x67, 0x21, 0xc5, 0x08, 0x72, 0x8c, 0xf4, 0x9c, 0xaf, 0x6b, 0xff, 0xff, 0xdf, 0xff, 0xcd, 0x52,
    0xe6, 0x10, 0x47, 0x21, 0x47, 0x19, 0x47, 0x19, 0x47, 0x19, 0x47, 0x19, 0x47, 0x19, 0x47, 0x19,
    0x47, 0x19, 0x47, 0x19, 0x47, 0x19, 0x47, 0x19, 0x47, 0x19, 0x47, 0x19, 0x47, 0x19, 0x47, 0x19,
    0x47, 0x19, 0x47, 0x19, 0x47, 0x19, 0x47, 0x19, 0x47, 0x19, 0x47, 0x19, 0x47, 0x19, 0x47, 0x19,
    0x47, 0x19, 0x47, 0x19, 0x47, 0x19, 0x47, 0x19, 0x47, 0x19, 0x47, 0x19, 0x47, 0x19, 0x47, 0x19,
    0x47, 0x19, 0x47, 0x19, 0x47, 0x19, 0x47, 0x19, 0x47, 0x19, 0x47, 0x19, 0x47, 0x19, 0x47, 0x19,
    0x47, 0x19, 0x47, 0x19, 0x47, 0x19, 0x47, 0x19, 0x47, 0x19, 0x47, 0x19, 0x47, 0x19, 0x47, 0x19,
    0x47, 0x19, 0x47, 0x19, 0x47, 0x19, 0x47, 0x19, 0x47, 0x19, 0x47, 0x19, 0x47, 0x19, 0x47, 0x19,
    0x47, 0x19, 0x47, 0x19, 0x47, 0x19, 0x47, 0x19, 0x47, 0x19, 0x47, 0x19, 0x47, 0x19, 0x47, 0x19,
    0x47, 0x19, 0x47, 0x19, 0x47, 0x19, 0x47, 0x19, 0x47, 0x19, 0x47, 0x19, 0x47, 0x19, 0x47, 0x19,
    0x47, 0x19, 0x47, 0x19, 0x47, 0x19, 0x47, 0x19, 0x47, 0x19, 0x47, 0x19, 0x47, 0x19, 0x47, 0x19,
    0x47, 0x19, 0x47, 0x19, 0x47, 0x19, 0x47, 0x19, 0x47, 0x19, 0x47, 0x19, 0x47, 0x19, 0x47, 0x19,
    0x47, 0x19, 0x47, 0x19, 0x47, 0x19, 0x47, 0x19, 0x47, 0x19, 0x47, 0x19, 0x47, 0x19, 0x47, 0x19,
    0x47, 0x19, 0x47, 0x19, 0x47, 0x19, 0x47, 0x19, 0x47, 0x19, 0x47, 0x19, 0x47, 0x19, 0x47, 0x19,
    0x47, 0x19, 0x47, 0x19, 0x47, 0x19, 0x47, 0x19, 0x47, 0x19, 0x47, 0x19, 0x47, 0x19, 0x47, 0x19,
    0x47, 0x19, 0x47, 0x19, 0x47, 0x19, 0x47, 0x19, 0x47, 0x19, 0x47, 0x19, 0x47, 0x19, 0x47, 0x19,
    0x47, 0x19, 0x47, 0x19, 0x47, 0x19, 0x47, 0x19, 0x47, 0x19, 0x47, 0x19, 0x47, 0x19, 0x47, 0x19,
    0x47, 0x19, 0x47, 0x19, 0x47, 0x19, 0x47, 0x19, 0x47, 0x19, 0x47, 0x19, 0x47, 0x19, 0x47, 0x19,
    0x47, 0x19, 0x47, 0x19, 0x47, 0x19, 0x47, 0x19, 0x47, 0x19, 0x47, 0x19, 0x47, 0x19, 0x47, 0x19,
    0x47, 0x19, 0x47, 0x19, 0x47, 0x19, 0x47, 0x19, 0x47, 0x19, 0x47, 0x19, 0x47, 0x19, 0x47, 0x19,
    0x47, 0x19, 0x47, 0x19, 0x47, 0x19, 0x47, 0x19, 0x47, 0x19, 0x47, 0x19, 0x47, 0x19, 0x47, 0x19,
    0x47, 0x19, 0x47, 0x19, 0x47, 0x19, 0x47, 0x19, 0x47, 0x19, 0x47, 0x19, 0x67, 0x21, 0xe6, 0x10,
    0xcc, 0x52, 0x1c, 0xe7, 0xf4, 0x9c, 0x47, 0x19, 0x26, 0x19, 0x47, 0x21, 0x47, 0x19, 0x47, 0x19,
    0x47, 0x19, 0x47, 0x19, 0x47, 0x19, 0x47, 0x19, 0x47, 0x19, 0x06, 0x11, 0x96, 0xad, 0x8c, 0x4a,
    0xe6, 0x10, 0x47, 0x21, 0x47, 0x19, 0x47, 0x19, 0x47, 0x19, 0x47, 0x19, 0x47, 0x19, 0x47, 0x19,
    0x47, 0x19, 0x47, 0x19, 0x47, 0x19, 0x47, 0x19, 0x67, 0x21, 0xc5, 0x08, 0x93, 0x8c, 0x31, 0x7c,
    0xc5, 0x08, 0x67, 0x21, 0x47, 0x19, 0x47, 0x19, 0x47, 0x19, 0x47, 0x19, 0x47, 0x19, 0x47, 0x19,
    0x47, 0x19, 0xd7, 0xb5, 0x2a, 0x3a, 0x06, 0x11, 0x47, 0x21, 0x47, 0x19, 0x47, 0x19, 0x47, 0x19,
    0x47, 0x19, 0x47, 0x19, 0x47, 0x19, 0x47, 0x19, 0x47, 0x19, 0x47, 0x19, 0x47, 0x19, 0x47, 0x19,
    0x47, 0x19, 0x47, 0x19, 0x47, 0x19, 0x47, 0x19, 0x47, 0x19, 0x47, 0x19, 0x47, 0x19, 0x47, 0x19,
    0x47, 0x19, 0x47, 0x21, 0x06, 0x11, 0x6b, 0x42, 0xf8, 0xbd, 0x27, 0x19, 0x47, 0x19, 0x47, 0x19,
    0x47, 0x19, 0x47, 0x19, 0x47, 0x19, 0x47, 0x19, 0x47, 0x19, 0x67, 0x21, 0xf8, 0xbd, 0x0a, 0x3a,
    0x06, 0x11, 0x47, 0x21, 0x47, 0x19, 0x47, 0x19, 0x47, 0x19, 0x47, 0x19, 0x47, 0x19, 0x47, 0x19,
    0x47, 0x19, 0x47, 0x19, 0x47, 0x19, 0x47, 0x19, 0x67, 0x21, 0xc5, 0x08, 0x32, 0x84, 0x32, 0x84,
    0xc5, 0x08, 0x67, 0x21, 0x47, 0x19, 0x47, 0x19, 0x47, 0x19, 0x47, 0x19, 0x47, 0x19, 0x47, 0x19,
    0x47, 0x19, 0x47, 0x21, 0xe6, 0x10, 0x72, 0x84, 0xdb, 0xde, 0xff, 0xff, 0x56, 0xa5, 0xe6, 0x10,
    0x47, 0x21, 0x47, 0x19, 0x47, 0x19, 0x47, 0x19, 0x47, 0x19, 0x47, 0x19, 0x47, 0x19, 0x47, 0x19,
    0x47, 0x19, 0x47, 0x19, 0x47, 0x19, 0x47, 0x19, 0x47, 0x19, 0x47, 0x19, 0x47, 0x19, 0x47, 0x19,
    0x47, 0x19, 0x47, 0x19, 0x47, 0x19, 0x47, 0x19, 0x47, 0x19, 0x47, 0x19, 0x47, 0x19, 0x47, 0x19,
    0x47, 0x19, 0x47, 0x19, 0x47, 0x19, 0x47, 0x19, 0x47, 0x19, 0x47, 0x19, 0x47, 0x19, 0x47, 0x19,
    0x47, 0x19, 0x47, 0x19, 0x47, 0x19, 0x47, 0x19, 0x47, 0x19, 0x47, 0x19, 0x47, 0x19, 0x47, 0x19,
    0x47, 0x19, 0x47, 0x19, 0x47, 0x19, 0x47, 0x19, 0x47, 0x19, 0x47, 0x19, 0x47, 0x19, 0x47, 0x19,
    0x47, 0x19, 0x47, 0x19, 0x47, 0x19, 0x47, 0x19, 0x47, 0x19, 0x47, 0x19, 0x47, 0x19, 0x47, 0x19,
    0x47, 0x19, 0x47, 0x19, 0x47, 0x19, 0x47, 0x19, 0x47, 0x19, 0x47, 0x19, 0x47, 0x19, 0x47, 0x19,
    0x47, 0x19, 0x47, 0x19, 0x47, 0x19, 0x47, 0x19, 0x47, 0x19, 0x47, 0x19, 0x47, 0x19, 0x47, 0x19,
    0x47, 0x19, 0x47, 0x19, 0x47, 0x19, 0x47, 0x19, 0x47, 0x19, 0x47, 0x19, 0x47, 0x19, 0x47, 0x19,
    0x47, 0x19, 0x47, 0x19, 0x47, 0x19, 0x47, 0x19, 0x47, 0x19, 0x47, 0x19, 0x47, 0x19, 0x47, 0x19,
    0x47, 0x19, 0x47, 0x19, 0x47, 0x19, 0x47, 0x19, 0x47, 0x19, 0x47, 0x19, 0x47, 0x19, 0x47, 0x19,
    0x47, 0x19, 0x47, 0x19, 0x47, 0x19, 0x47, 0x19, 0x47, 0x19, 0x47, 0x19, 0x47, 0x19, 0x47, 0x19,
    0x47, 0x19, 0x47, 0x19, 0x47, 0x19, 0x47, 0x19, 0x47, 0x19, 0x47, 0x19, 0x47, 0x19, 0x47, 0x19,
    0x47, 0x19, 0x47, 0x19, 0x47, 0x19, 0x47, 0x19, 0x47, 0x19, 0x47, 0x19, 0x47, 0x19, 0x47, 0x19,
    0x47, 0x19, 0x47, 0x19, 0x47, 0x19, 0x47, 0x19, 0x47, 0x19, 0x47, 0x19, 0x47, 0x19, 0x47, 0x19,
    0x47, 0x19, 0x47, 0x19, 0x47, 0x19, 0x47, 0x19, 0x47, 0x19, 0x47, 0x19, 0x47, 0x19, 0x47, 0x19,
    0x47, 0x19, 0x47, 0x19, 0x47, 0x19, 0x47, 0x19, 0x47, 0x19, 0x47, 0x19, 0x47, 0x19, 0x47, 0x19,
    0x47, 0x19, 0x47, 0x19, 0x47, 0x19, 0x47, 0x19, 0x47, 0x19, 0x47, 0x19, 0x47, 0x19, 0x47, 0x19,
    0x47, 0x19, 0x47, 0x19, 0x47, 0x19, 0x47, 0x19, 0x47, 0x19, 0x47, 0x19, 0x47, 0x19, 0x47, 0x19,
    0x47, 0x19, 0x47, 0x19, 0x47, 0x19, 0x47, 0x19, 0x47, 0x19, 0x47, 0x19, 0x47, 0x19, 0x47, 0x19,
    0x27, 0x19, 0xc9, 0x29, 0xe6, 0x10, 0x27, 0x19, 0x47, 0x21, 0x47, 0x19, 0x47, 0x19, 0x47, 0x19,
    0x47, 0x19, 0x47, 0x19, 0x47, 0x19, 0x47, 0x19, 0x06, 0x11, 0x4b, 0x42, 0x96, 0xad, 0x27, 0x19,
    0x47, 0x19, 0x47, 0x19, 0x47, 0x19, 0x47, 0x19, 0x47, 0x19, 0x47, 0x19, 0x47, 0x19, 0x47, 0x19,
    0x47, 0x19, 0x47, 0x19, 0x47, 0x19, 0x47, 0x19, 0x27, 0x19, 0x88, 0x21, 0xd7, 0xb5, 0xe9, 0x31,
    0x26, 0x19, 0x47, 0x19, 0x47, 0x19, 0x47, 0x19, 0x47, 0x19, 0x47, 0x19, 0x47, 0x19, 0x67, 0x21,
    0xc5, 0x08, 0x73, 0x8c, 0x11, 0x7c, 0xc5, 0x08, 0x67, 0x21, 0x47, 0x19, 0x47, 0x19, 0x47, 0x19,
    0x47, 0x19, 0x47, 0x19, 0x47, 0x19, 0x47, 0x19, 0x47, 0x19, 0x47, 0x19, 0x47, 0x19, 0x47, 0x19,
    0x47, 0x19, 0x47, 0x19, 0x47, 0x19, 0x47, 0x19, 0x47, 0x19, 0x47, 0x19, 0x47, 0x19, 0x47, 0x19,
    0x47, 0x19, 0x67, 0x21, 0xc5, 0x08, 0xb4, 0x94, 0xd0, 0x73, 0xc5, 0x08, 0x67, 0x21, 0x47, 0x19,
    0x47, 0x19, 0x47, 0x19, 0x47, 0x19, 0x47, 0x19, 0x67, 0x21, 0xc5, 0x08, 0x72, 0x84, 0x11, 0x7c,
    0xc5, 0x08, 0x67, 0x21, 0x47, 0x19, 0x47, 0x19, 0x47, 0x19, 0x47, 0x19, 0x47, 0x19, 0x47, 0x19,
    0x47, 0x19, 0x47, 0x19, 0x47, 0x19, 0x47, 0x19, 0x47, 0x21, 0xe6, 0x10, 0xcd, 0x52, 0x56, 0xa5,
    0xe6, 0x10, 0x47, 0x21, 0x47, 0x19, 0x47, 0x19, 0x47, 0x19, 0x47, 0x19, 0x47, 0x19, 0x47, 0x19,
    0x47, 0x19, 0x47, 0x19, 0x47, 0x19, 0xe6, 0x10, 0x8f, 0x6b, 0xd7, 0xb5, 0xe9, 0x31, 0x06, 0x19,
    0x47, 0x19, 0x47, 0x19, 0x47, 0x19, 0x47, 0x19, 0x47, 0x19, 0x47, 0x19, 0x47, 0x19, 0x47, 0x19,
    0x47, 0x19, 0x47, 0x19, 0x47, 0x19, 0x47, 0x19, 0x47, 0x19, 0x47, 0x19, 0x47, 0x19, 0x47, 0x19,
    0x47, 0x19, 0x47, 0x19, 0x47, 0x19, 0x47, 0x19, 0x47, 0x19, 0x47, 0x19, 0x47, 0x19, 0x47, 0x19,
    0x47, 0x19, 0x47, 0x19, 0x47, 0x19, 0x47, 0x19, 0x47, 0x19, 0x47, 0x19, 0x47, 0x19, 0x47, 0x19,
    0x47, 0x19, 0x47, 0x19, 0x47, 0x19, 0x47, 0x19, 0x47, 0x19, 0x47, 0x19, 0x47, 0x19, 0x47, 0x19,
    0x47, 0x19, 0x47, 0x19, 0x47, 0x19, 0x47, 0x19, 0x47, 0x19, 0x47, 0x19, 0x47, 0x19, 0x47, 0x19,
    0x47, 0x19, 0x47, 0x19, 0x47, 0x19, 0x47, 0x19, 0x47, 0x19, 0x47, 0x19, 0x47, 0x19, 0x47, 0x19,
    0x47, 0x19, 0x47, 0x19, 0x47, 0x19, 0x47, 0x19, 0x47, 0x19, 0x47, 0x19, 0x47, 0x19, 0x47, 0x19,
    0x47, 0x19, 0x47, 0x19, 0x47, 0x19, 0x47, 0x19, 0x47, 0x19, 0x47, 0x19, 0x47, 0x19, 0x47, 0x19,
    0x47, 0x19, 0x47, 0x19, 0x47, 0x19, 0x47, 0x19, 0x47, 0x19, 0x47, 0x19, 0x47, 0x19, 0x47, 0x19,
    0x47, 0x19, 0x47, 0x19, 0x47, 0x19, 0x47, 0x19, 0x47, 0x19, 0x47, 0x19, 0x47, 0x19, 0x47, 0x19,
    0x47, 0x19, 0x47, 0x19, 0x47, 0x19, 0x47, 0x19, 0x47, 0x19, 0x47, 0x19, 0x47, 0x19, 0x47, 0x19,
    0x47, 0x19, 0x47, 0x19, 0x47, 0x19, 0x47, 0x19, 0x47, 0x19, 0x47, 0x19, 0x47, 0x19, 0x47, 0x19,
    0x47, 0x19, 0x47, 0x19, 0x47, 0x19, 0x47, 0x19, 0x47, 0x19, 0x47, 0x19, 0x47, 0x19, 0x47, 0x19,
    0x47, 0x19, 0x47, 0x19, 0x47, 0x19, 0x47, 0x19, 0x47, 0x19, 0x47, 0x19, 0x47, 0x19, 0x47, 0x19,
    0x47, 0x19, 0x47, 0x19, 0x47, 0x19, 0x47, 0x19, 0x47, 0x19, 0x47, 0x19, 0x47, 0x19, 0x47, 0x19,
    0x47, 0x19, 0x47, 0x19, 0x47, 0x19, 0x47, 0x19, 0x47, 0x19, 0x47, 0x19, 0x47, 0x19, 0x47, 0x19,
    0x47, 0x19, 0x47, 0x19, 0x47, 0x19, 0x47, 0x19, 0x47, 0x19, 0x47, 0x19, 0x47, 0x19, 0x47, 0x19,
    0x47, 0x19, 0x47, 0x19, 0x47, 0x19, 0x47, 0x19, 0x47, 0x19, 0x47, 0x19, 0x47, 0x19, 0x47, 0x19,
    0x47, 0x19, 0x47, 0x19, 0x47, 0x19, 0x47, 0x19, 0x47, 0x19, 0x47, 0x19, 0x47, 0x19, 0x47, 0x19,
    0x47, 0x19, 0x47, 0x19, 0x47, 0x19, 0x47, 0x19, 0x47, 0x19, 0x47, 0x19, 0x47, 0x19, 0x47, 0x19,
    0x47, 0x19, 0x26, 0x19, 0x47, 0x21, 0x47, 0x19, 0x47, 0x19, 0x47, 0x19, 0x47, 0x19, 0x47, 0x19,
    0x47, 0x19, 0x47, 0x19, 0x47, 0x19, 0x67, 0x21, 0xc5, 0x08, 0xb0, 0x6b, 0xb3, 0x8c, 0xc5, 0x08,
    0x67, 0x21, 0x47, 0x19, 0x47, 0x19, 0x47, 0x19, 0x47, 0x19, 0x47, 0x19, 0x47, 0x19, 0x47, 0x19,
    0x47, 0x19, 0x47, 0x19, 0x47, 0x19, 0x47, 0x21, 0xe6, 0x10, 0xed, 0x52, 0x56, 0xa5, 0xe6, 0x10,
    0x47, 0x21, 0x47, 0x19, 0x47, 0x19, 0x47, 0x19, 0x47, 0x19, 0x47, 0x19, 0x47, 0x19, 0x47, 0x21,
    0xe6, 0x10, 0xed, 0x52, 0x35, 0xa5, 0xe6, 0x10, 0x47, 0x21, 0x47, 0x19, 0x47, 0x19, 0x47, 0x19,
    0x47, 0x19, 0x47, 0x19, 0x47, 0x19, 0x47, 0x19, 0x47, 0x19, 0x47, 0x19, 0x47, 0x19, 0x47, 0x19,
    0x47, 0x19, 0x47, 0x19, 0x47, 0x19, 0x47, 0x19, 0x47, 0x19, 0x47, 0x19, 0x47, 0x19, 0x47, 0x19,
    0x47, 0x19, 0x27, 0x19, 0x68, 0x21, 0xb7, 0xb5, 0xc9, 0x31, 0x26, 0x19, 0x47, 0x19, 0x47, 0x19,
    0x47, 0x19, 0x47, 0x19, 0x47, 0x19, 0x47, 0x19, 0x47, 0x21, 0x06, 0x11, 0x8c, 0x4a, 0x76, 0xad,
    0x06, 0x11, 0x47, 0x19, 0x47, 0x19, 0x47, 0x19, 0x47, 0x19, 0x47, 0x19, 0x47, 0x19, 0x47, 0x19,
    0x47, 0x19, 0x47, 0x19, 0x47, 0x19, 0x47, 0x19, 0x47, 0x19, 0x26, 0x19, 0xc9, 0x31, 0x96, 0xad,
    0x67, 0x21, 0x27, 0x19, 0x47, 0x19, 0x47, 0x19, 0x47, 0x19, 0x47, 0x19, 0x47, 0x19, 0x47, 0x19,
    0x47, 0x19, 0x47, 0x19, 0x47, 0x19, 0x47, 0x19, 0xe6, 0x10, 0x06, 0x11, 0x27, 0x19, 0x47, 0x19,
    0x47, 0x19, 0x47, 0x19, 0x47, 0x19, 0x47, 0x19, 0x47, 0x19, 0x47, 0x19, 0x47, 0x19, 0x47, 0x19,
    0x47, 0x19, 0x47, 0x19, 0x47, 0x19, 0x47, 0x19, 0x47, 0x19, 0x47, 0x19, 0x47, 0x19, 0x47, 0x19,
    0x47, 0x19, 0x47, 0x19, 0x47, 0x19, 0x47, 0x19, 0x47, 0x19, 0x47, 0x19, 0x47, 0x19, 0x47, 0x19,
    0x47, 0x19, 0x47, 0x19, 0x47, 0x19, 0x47, 0x19, 0x47, 0x19, 0x47, 0x19, 0x47, 0x19, 0x47, 0x19,
    0x47, 0x19, 0x47, 0x19, 0x47, 0x19, 0x47, 0x19, 0x47, 0x19, 0x47, 0x19, 0x47, 0x19, 0x47, 0x19,
    0x47, 0x19, 0x47, 0x19, 0x47, 0x19, 0x47, 0x19, 0x47, 0x19, 0x47, 0x19, 0x47, 0x19, 0x47, 0x19,
    0x47, 0x19, 0x47, 0x19, 0x47, 0x19, 0x47, 0x19, 0x47, 0x19, 0x47, 0x19, 0x47, 0x19, 0x47, 0x19,
    0x47, 0x19, 0x47, 0x19, 0x47, 0x19, 0x47, 0x19, 0x47, 0x19, 0x47, 0x19, 0x47, 0x19, 0x47, 0x19,
    0x47, 0x19, 0x47, 0x19, 0x47, 0x19, 0x47, 0x19, 0x47, 0x19, 0x47, 0x19, 0x47, 0x19, 0x47, 0x19,
    0x47, 0x19, 0x47, 0x19, 0x47, 0x19, 0x47, 0x19, 0x47, 0x19, 0x47, 0x19, 0x47, 0x19, 0x47, 0x19,
    0x47, 0x19, 0x47, 0x19, 0x47, 0x19, 0x47, 0x19, 0x47, 0x19, 0x47, 0x19, 0x47, 0x19, 0x47, 0x19,
    0x47, 0x19, 0x47, 0x19, 0x47, 0x19, 0x47, 0x19, 0x47, 0x19, 0x47, 0x19, 0x47, 0x19, 0x47, 0x19,
    0x47, 0x19, 0x47, 0x19, 0x47, 0x19, 0x47, 0x19, 0x47, 0x19, 0x47, 0x19, 0x47, 0x19, 0x47, 0x19,
    0x47, 0x19, 0x47, 0x19, 0x47, 0x19, 0x47, 0x19, 0x47, 0x19, 0x47, 0x19, 0x47, 0x19, 0x47, 0x19,
    0x47, 0x19, 0x47, 0x19, 0x47, 0x19, 0x47, 0x19, 0x47, 0x19, 0x47, 0x19, 0x47, 0x19, 0x47, 0x19,
    0x47, 0x19, 0x47, 0x19, 0x47, 0x19, 0x47, 0x19, 0x47, 0x19, 0x47, 0x19, 0x47, 0x19, 0x47, 0x19,
    0x47, 0x19, 0x47, 0x19, 0x47, 0x19, 0x47, 0x19, 0x47, 0x19, 0x47, 0x19, 0x47, 0x19, 0x47, 0x19,
    0x47, 0x19, 0x47, 0x19, 0x47, 0x19, 0x47, 0x19, 0x47, 0x19, 0x47, 0x19, 0x47, 0x19, 0x47, 0x19,
    0x47, 0x19, 0x47, 0x19, 0x47, 0x19, 0x47, 0x19, 0x47, 0x19, 0x47, 0x19, 0x47, 0x19, 0x47, 0x19,
    0x47, 0x19, 0x47, 0x19, 0x47, 0x19, 0x47, 0x19, 0x47, 0x19, 0x47, 0x19, 0x47, 0x19, 0x47, 0x19,
    0x47, 0x19, 0x47, 0x19, 0x47, 0x19, 0x47, 0x19, 0x47, 0x19, 0x47, 0x19, 0x47, 0x19, 0x47, 0x19,
    0x47, 0x19, 0x47, 0x19, 0x47, 0x19, 0x47, 0x19, 0x47, 0x19, 0x47, 0x19, 0x47, 0x19, 0x47, 0x19,
    0x47, 0x19, 0x47, 0x19, 0x47, 0x19, 0x67, 0x21, 0xc5, 0x08, 0x93, 0x8c, 0x8f, 0x6b, 0xc5, 0x08,
    0x67, 0x21, 0x47, 0x19, 0x47, 0x19, 0x47, 0x19, 0x47, 0x19, 0x47, 0x19, 0x47, 0x19, 0x47, 0x19,
    0x47, 0x19, 0x47, 0x19, 0x47, 0x19, 0x67, 0x21, 0xc5, 0x08, 0x32, 0x84, 0xf1, 0x73, 0xc5, 0x08,
    0x67, 0x21, 0x47, 0x19, 0x47, 0x19, 0x47, 0x19, 0x47, 0x19, 0x47, 0x19, 0x47, 0x19, 0x47, 0x19,
    0x26, 0x19, 0xc9, 0x29, 0x97, 0xad, 0x68, 0x21, 0x27, 0x19, 0x47, 0x19, 0x47, 0x19, 0x47, 0x19,
    0x47, 0x19, 0x47, 0x19, 0x47, 0x19, 0x47, 0x19, 0x47, 0x19, 0x47, 0x19, 0x47, 0x19, 0x47, 0x19,
    0x47, 0x19, 0x47, 0x19, 0x47, 0x19, 0x47, 0x19, 0x47, 0x19, 0x47, 0x19, 0x47, 0x19, 0x47, 0x19,
    0x47, 0x21, 0xe6, 0x10, 0xcc, 0x52, 0x56, 0xa5, 0xe6, 0x10, 0x47, 0x19, 0x47, 0x19, 0x47, 0x19,
    0x47, 0x19, 0x47, 0x19, 0x47, 0x19, 0x47, 0x19, 0x47, 0x19, 0x27, 0x19, 0x88, 0x21, 0xb7, 0xb5,
    0xc9, 0x31, 0x26, 0x19, 0x47, 0x19, 0x47, 0x19, 0x47, 0x19, 0x47, 0x19, 0x47, 0x19, 0x47, 0x19,
    0x47, 0x19, 0x47, 0x19, 0x47, 0x19, 0x47, 0x19, 0x47, 0x19, 0x47, 0x19, 0x47, 0x21, 0x76, 0xad,
    0xc9, 0x31, 0x26, 0x19, 0x47, 0x19, 0x47, 0x19, 0x47, 0x19, 0x47, 0x19, 0x47, 0x19, 0x47, 0x19,
    0x47, 0x19, 0x47, 0x19, 0x47, 0x19, 0x47, 0x19, 0x47, 0x21, 0x47, 0x19, 0x47, 0x19, 0x47, 0x19,
    0x47, 0x19, 0x47, 0x19, 0x47, 0x19, 0x47, 0x19, 0x47, 0x19, 0x47, 0x19, 0x47, 0x19, 0x47, 0x19,
    0x47, 0x19, 0x47, 0x19, 0x47, 0x19, 0x47, 0x19, 0x47, 0x19, 0x47, 0x19, 0x47, 0x19, 0x47, 0x19,
    0x47, 0x19, 0x47, 0x19, 0x47, 0x19, 0x47, 0x19, 0x47, 0x19, 0x47, 0x19, 0x47, 0x19, 0x47, 0x19,
    0x47, 0x19, 0x47, 0x19, 0x47, 0x19, 0x47, 0x19, 0x47, 0x19, 0x47, 0x19, 0x47, 0x19, 0x47, 0x19,
    0x47, 0x19, 0x47, 0x19, 0x47, 0x19, 0x47, 0x19, 0x47, 0x19, 0x47, 0x19, 0x47, 0x19, 0x47, 0x19,
    0x47, 0x19, 0x47, 0x19, 0x47, 0x19, 0x47, 0x19, 0x47, 0x19, 0x47, 0x19, 0x47, 0x19, 0x47, 0x19,
    0x47, 0x19, 0x47, 0x19, 0x47, 0x19, 0x47, 0x19, 0x47, 0x19, 0x47, 0x19, 0x47, 0x19, 0x47, 0x19,
    0x47, 0x19, 0x47, 0x19, 0x47, 0x19, 0x47, 0x19, 0x47, 0x19, 0x47, 0x19, 0x47, 0x19, 0x47, 0x19,
    0x47, 0x19, 0x47, 0x19, 0x47, 0x19, 0x47, 0x19, 0x47, 0x19, 0x47, 0x19, 0x47, 0x19, 0x47, 0x19,
    0x47, 0x19, 0x47, 0x19, 0x47, 0x19, 0x47, 0x19, 0x47, 0x19, 0x47, 0x19, 0x47, 0x19, 0x47, 0x19,
    0x47, 0x19, 0x47, 0x19, 0x47, 0x19, 0x47, 0x19, 0x47, 0x19, 0x47, 0x19, 0x47, 0x19, 0x47, 0x19,
    0x47, 0x19, 0x47, 0x19, 0x47, 0x19, 0x47, 0x19, 0x47, 0x19, 0x47, 0x19, 0x47, 0x19, 0x47, 0x19,
    0x47, 0x19, 0x47, 0x19, 0x47, 0x19, 0x47, 0x19, 0x47, 0x19, 0x47, 0x19, 0x47, 0x19, 0x47, 0x19,
    0x47, 0x19, 0x47, 0x19, 0x47, 0x19, 0x47, 0x19, 0x47, 0x19, 0x47, 0x19, 0x47, 0x19, 0x47, 0x19,
    0x47, 0x19, 0x47, 0x19, 0x47, 0x19, 0x47, 0x19, 0x47, 0x19, 0x47, 0x19, 0x47, 0x19, 0x47, 0x19,
    0x47, 0x19, 0x47, 0x19, 0x47, 0x19, 0x47, 0x19, 0x47, 0x19, 0x47, 0x19, 0x47, 0x19, 0x47, 0x19,
    0x47, 0x19, 0x47, 0x19, 0x47, 0x19, 0x47, 0x19, 0x47, 0x19, 0x47, 0x19, 0x47, 0x19, 0x47, 0x19,
    0x47, 0x19, 0x47, 0x19, 0x47, 0x19, 0x47, 0x19, 0x47, 0x19, 0x47, 0x19, 0x47, 0x19, 0x47, 0x19,
    0x47, 0x19, 0x47, 0x19, 0x47, 0x19, 0x47, 0x19, 0x47, 0x19, 0x47, 0x19, 0x47, 0x19, 0x47, 0x19,
    0x47, 0x19, 0x47, 0x19, 0x47, 0x19, 0x47, 0x19, 0x47, 0x19, 0x47, 0x19, 0x47, 0x19, 0x47, 0x19,
    0x47, 0x19, 0x47, 0x19, 0x47, 0x19, 0x47, 0x19, 0x47, 0x19, 0x47, 0x19, 0x47, 0x19, 0x47, 0x19,
    0x47, 0x19, 0x47, 0x19, 0x47, 0x19, 0x47, 0x19, 0x47, 0x19, 0x47, 0x19, 0x47, 0x19, 0x47, 0x19,
    0x47, 0x19, 0x47, 0x19, 0x47, 0x19, 0x47, 0x21, 0xe6, 0x10, 0x35, 0x9d, 0xed, 0x52, 0xe6, 0x10,
    0x47, 0x21, 0x47, 0x19, 0x47, 0x19, 0x47, 0x19, 0x47, 0x19, 0x47, 0x19, 0x47, 0x19, 0x47, 0x19,
    0x47, 0x19, 0x47, 0x19, 0x47, 0x19, 0x47, 0x21, 0xe6, 0x10, 0x35, 0xa5, 0xed, 0x52, 0xe6, 0x10,
    0x47, 0x21, 0x47, 0x19, 0x47, 0x19, 0x47, 0x19, 0x47, 0x19, 0x47, 0x19, 0x47, 0x19, 0x47, 0x19,
    0x47, 0x19, 0x47, 0x19, 0x76, 0xad, 0x0a, 0x3a, 0x06, 0x11, 0x47, 0x19, 0x47, 0x19, 0x47, 0x19,
    0x47, 0x19, 0x47, 0x19, 0x47, 0x19, 0x47, 0x19, 0x47, 0x19, 0x47, 0x19, 0x47, 0x19, 0x47, 0x19,
    0x47, 0x19, 0x47, 0x19, 0x47, 0x19, 0x47, 0x19, 0x47, 0x19, 0x47, 0x19, 0x47, 0x19, 0x47, 0x19,
    0x67, 0x21, 0xc5, 0x08, 0xf1, 0x7b, 0x52, 0x84, 0xc5, 0x08, 0x67, 0x21, 0x47, 0x19, 0x47, 0x19,
    0x47, 0x19, 0x47, 0x19, 0x47, 0x19, 0x47, 0x19, 0x47, 0x19, 0x47, 0x19, 0x06, 0x11, 0x56, 0xa5,
    0xac, 0x4a, 0xe6, 0x10, 0x47, 0x21, 0x47, 0x19, 0x47, 0x19, 0x47, 0x19, 0x47, 0x19, 0x47, 0x19,
    0x47, 0x19, 0x47, 0x19, 0x47, 0x19, 0x47, 0x19, 0x47, 0x19, 0x47, 0x19, 0x27, 0x19, 0x35, 0xa5,
    0x2a, 0x3a, 0x06, 0x11, 0x47, 0x19, 0x47, 0x19, 0x47, 0x19, 0x47, 0x19, 0x47, 0x19, 0x47, 0x19,
    0x47, 0x19, 0x47, 0x19, 0x47, 0x19, 0x47, 0x19, 0x47, 0x19, 0x47, 0x19, 0x47, 0x19, 0x47, 0x19,
    0x47, 0x19, 0x47, 0x19, 0x47, 0x19, 0x47, 0x19, 0x47, 0x19, 0x47, 0x19, 0x47, 0x19, 0x47, 0x19,
    0x47, 0x19, 0x47, 0x19, 0x47, 0x19, 0x47, 0x19, 0x47, 0x19, 0x47, 0x19, 0x47, 0x19, 0x47, 0x19,
    0x47, 0x19, 0x47, 0x19, 0x47, 0x19, 0x47, 0x19, 0x47, 0x19, 0x47, 0x19, 0x47, 0x19, 0x47, 0x19,
    0x47, 0x19, 0x47, 0x19, 0x47, 0x19, 0x47, 0x19, 0x47, 0x19, 0x47, 0x19, 0x47, 0x19, 0x47, 0x19,
    0x47, 0x19, 0x47, 0x19, 0x47, 0x19, 0x47, 0x19, 0x47, 0x19, 0x47, 0x19, 0x47, 0x19, 0x47, 0x19,
    0x47, 0x19, 0x47, 0x19, 0x47, 0x19, 0x47, 0x19, 0x47, 0x19, 0x47, 0x19, 0x47, 0x19, 0x47, 0x19,
    0x47, 0x19, 0x47, 0x19, 0x47, 0x19, 0x47, 0x19, 0x47, 0x19, 0x47, 0x19, 0x47, 0x19, 0x47, 0x19,
    0x47, 0x19, 0x47, 0x19, 0x47, 0x19, 0x47, 0x19, 0x47, 0x19, 0x47, 0x19, 0x47, 0x19, 0x47, 0x19,
    0x47, 0x19, 0x47, 0x19, 0x47, 0x19, 0x47, 0x19, 0x47, 0x19, 0x47, 0x19, 0x47, 0x19, 0x47, 0x19,
    0x47, 0x19, 0x47, 0x19, 0x47, 0x19, 0x47, 0x19, 0x47, 0x19, 0x47, 0x19, 0x47, 0x19, 0x47, 0x19,
    0x47, 0x19, 0x47, 0x19, 0x47, 0x19, 0x47, 0x19, 0x47, 0x19, 0x47, 0x19, 0x47, 0x19, 0x47, 0x19,
    0x47, 0x19, 0x47, 0x19, 0x47, 0x19, 0x47, 0x19, 0x47, 0x19, 0x47, 0x19, 0x47, 0x19, 0x47, 0x19,
    0x47, 0x19, 0x47, 0x19, 0x47, 0x19, 0x47, 0x19, 0x47, 0x19, 0x47, 0x19, 0x47, 0x19, 0x47, 0x19,
    0x47, 0x19, 0x47, 0x19, 0x47, 0x19, 0x47, 0x19, 0x47, 0x19, 0x47, 0x19, 0x47, 0x19, 0x47, 0x19,
    0x47, 0x19, 0x47, 0x19, 0x47, 0x19, 0x47, 0x19, 0x47, 0x19, 0x47, 0x19, 0x47, 0x19, 0x47, 0x19,
    0x47, 0x19, 0x47, 0x19, 0x47, 0x19, 0x47, 0x19, 0x47, 0x19, 0x47, 0x19, 0x47, 0x19, 0x47, 0x19,
    0x47, 0x19, 0x47, 0x19, 0x47, 0x19, 0x47, 0x19, 0x47, 0x19, 0x47, 0x19, 0x47, 0x19, 0x47, 0x19,
    0x47, 0x19, 0x47, 0x19, 0x47, 0x19, 0x47, 0x19, 0x47, 0x19, 0x47, 0x19, 0x47, 0x19, 0x47, 0x19,
    0x47, 0x19, 0x47, 0x19, 0x47, 0x19, 0x47, 0x19, 0x47, 0x19, 0x47, 0x19, 0x47, 0x19, 0x47, 0x19,
    0x47, 0x19, 0x47, 0x19, 0x47, 0x19, 0x47, 0x19, 0x47, 0x19, 0x47, 0x19, 0x47, 0x19, 0x47, 0x19,
    0x47, 0x19, 0x47, 0x19, 0x47, 0x19, 0x47, 0x19, 0x47, 0x19, 0x47, 0x19, 0x47, 0x19, 0x47, 0x19,
    0x47, 0x19, 0x47, 0x19, 0x47, 0x19, 0x47, 0x19, 0x47, 0x19, 0x47, 0x19, 0x47, 0x19, 0x47, 0x19,
    0x47, 0x19, 0x47, 0x19, 0x47, 0x19, 0x47, 0x19, 0x06, 0x11, 0x56, 0xa5, 0x8c, 0x4a, 0xe6, 0x10,
    0x47, 0x21, 0x47, 0x19, 0x47, 0x19, 0x47, 0x19, 0x47, 0x19, 0x47, 0x19, 0x47, 0x19, 0x47, 0x19,
    0x47, 0x19, 0x47, 0x19, 0x47, 0x19, 0x47, 0x19, 0x47, 0x19, 0x76, 0xad, 0x2a, 0x3a, 0x06, 0x11,
    0x47, 0x19, 0x47, 0x19, 0x47, 0x19, 0x47, 0x19, 0x47, 0x19, 0x47, 0x19, 0x47, 0x19, 0x47, 0x19,
    0x47, 0x19, 0x06, 0x11, 0x56, 0xa5, 0x8c, 0x4a, 0xe6, 0x10, 0x47, 0x21, 0x47, 0x19, 0x47, 0x19,
    0x47, 0x19, 0x47, 0x19, 0x47, 0x19, 0x47, 0x19, 0x47, 0x19, 0x47, 0x19, 0x47, 0x19, 0x47, 0x19,
    0x47, 0x19, 0x47, 0x19, 0x47, 0x19, 0x47, 0x19, 0x47, 0x19, 0x47, 0x19, 0x47, 0x19, 0x47, 0x19,
    0x47, 0x21, 0xc5, 0x08, 0xd4, 0x94, 0x6f, 0x63, 0xc5, 0x08, 0x67, 0x21, 0x47, 0x19, 0x47, 0x19,
    0x47, 0x19, 0x47, 0x19, 0x47, 0x19, 0x47, 0x19, 0x47, 0x19, 0x67, 0x21, 0xc5, 0x08, 0xd4, 0x94,
    0x4e, 0x63, 0xe5, 0x10, 0x47, 0x21, 0x47, 0x19, 0x47, 0x19, 0x47, 0x19, 0x47, 0x19, 0x47, 0x19,
    0x47, 0x19, 0x47, 0x19, 0x47, 0x19, 0x47, 0x19, 0x47, 0x19, 0x47, 0x19, 0x27, 0x19, 0x55, 0xa5,
    0x0a, 0x3a, 0x06, 0x11, 0x47, 0x19, 0x47, 0x19, 0x47, 0x19, 0x47, 0x19, 0x47, 0x19, 0x47, 0x19,
    0x47, 0x19, 0x47, 0x19, 0x47, 0x19, 0x47, 0x19, 0x47, 0x19, 0x47, 0x19, 0x47, 0x19, 0x47, 0x19,
    0x47, 0x19, 0x47, 0x19, 0x47, 0x19, 0x47, 0x19, 0x47, 0x19, 0x47, 0x19, 0x47, 0x19, 0x47, 0x19,
    0x47, 0x19, 0x47, 0x19, 0x47, 0x19, 0x47, 0x19, 0x47, 0x19, 0x47, 0x19, 0x47, 0x19, 0x47, 0x19,
    0x47, 0x19, 0x47, 0x19, 0x47, 0x19, 0x47, 0x19, 0x47, 0x19, 0x47, 0x19, 0x47, 0x19, 0x47, 0x19,
    0x47, 0x19, 0x47, 0x19, 0x47, 0x19, 0x47, 0x19, 0x47, 0x19, 0x47, 0x19, 0x47, 0x19, 0x47, 0x19,
    0x47, 0x19, 0x47, 0x19, 0x47, 0x19, 0x47, 0x19, 0x47, 0x19, 0x47, 0x19, 0x47, 0x19, 0x47, 0x19,
    0x47, 0x19, 0x47, 0x19, 0x47, 0x19, 0x47, 0x19, 0x47, 0x19, 0x47, 0x19, 0x47, 0x19, 0x47, 0x19,
    0x47, 0x19, 0x47, 0x19, 0x47, 0x19, 0x47, 0x19, 0x47, 0x19, 0x47, 0x19, 0x47, 0x19, 0x47, 0x19,
    0x47, 0x19, 0x47, 0x19, 0x47, 0x19, 0x47, 0x19, 0x47, 0x19, 0x47, 0x19, 0x47, 0x19, 0x47, 0x19,
    0x47, 0x19, 0x47, 0x19, 0x47, 0x19, 0x47, 0x19, 0x47, 0x19, 0x47, 0x19, 0x47, 0x19, 0x47, 0x19,
    0x47, 0x19, 0x47, 0x19, 0x47, 0x19, 0x47, 0x19, 0x47, 0x19, 0x47, 0x19, 0x47, 0x19, 0x47, 0x19,
    0x47, 0x19, 0x47, 0x19, 0x47, 0x19, 0x47, 0x19, 0x47, 0x19, 0x47, 0x19, 0x47, 0x19, 0x47, 0x19,
    0x47, 0x19, 0x47, 0x19, 0x47, 0x19, 0x47, 0x19, 0x47, 0x19, 0x47, 0x19, 0x47, 0x19, 0x47, 0x19,
    0x47, 0x19, 0x47, 0x19, 0x47, 0x19, 0x47, 0x19, 0x47, 0x19, 0x47, 0x19, 0x47, 0x19, 0x47, 0x19,
    0x47, 0x19, 0x47, 0x19, 0x47, 0x19, 0x47, 0x19, 0x47, 0x19, 0x47, 0x19, 0x47, 0x19, 0x47, 0x19,
    0x47, 0x19, 0x47, 0x19, 0x47, 0x19, 0x47, 0x19, 0x47, 0x19, 0x47, 0x19, 0x47, 0x19, 0x47, 0x19,
    0x47, 0x19, 0x47, 0x19, 0x47, 0x19, 0x47, 0x19, 0x47, 0x19, 0x47, 0x19, 0x47, 0x19, 0x47, 0x19,
    0x47, 0x19, 0x47, 0x19, 0x47, 0x19, 0x47, 0x19, 0x47, 0x19, 0x47, 0x19, 0x47, 0x19, 0x47, 0x19,
    0x47, 0x19, 0x47, 0x19, 0x47, 0x19, 0x47, 0x19, 0x47, 0x19, 0x47, 0x19, 0x47, 0x19, 0x47, 0x19,
    0x47, 0x19, 0x47, 0x19, 0x47, 0x19, 0x47, 0x19, 0x47, 0x19, 0x47, 0x19, 0x47, 0x19, 0x47, 0x19,
    0x47, 0x19, 0x47, 0x19, 0x47, 0x19, 0x47, 0x19, 0x47, 0x19, 0x47, 0x19, 0x47, 0x19, 0x47, 0x19,
    0x47, 0x19, 0x47, 0x19, 0x47, 0x19, 0x47, 0x19, 0x47, 0x19, 0x47, 0x19, 0x47, 0x19, 0x47, 0x19,
    0x47, 0x19, 0x47, 0x19, 0x47, 0x19, 0x47, 0x19, 0x47, 0x19, 0x47, 0x19, 0x47, 0x19, 0x47, 0x19,
    0x47, 0x19, 0x47, 0x19, 0x47, 0x19, 0x47, 0x19, 0x06, 0x11, 0x56, 0xa5, 0x8c, 0x4a, 0xe6, 0x10,
    0x47, 0x21, 0x47, 0x19, 0x47, 0x19, 0x47, 0x19, 0x47, 0x19, 0x47, 0x19, 0x47, 0x19, 0x47, 0x19,
    0x47, 0x19, 0x47, 0x19, 0x47, 0x19, 0x27, 0x19, 0x88, 0x21, 0x96, 0xad, 0xa9, 0x29, 0x26, 0x19,
    0x47, 0x19, 0x47, 0x19, 0x47, 0x19, 0x47, 0x19, 0x47, 0x19, 0x47, 0x19, 0x47, 0x19, 0x47, 0x19,
    0x47, 0x21, 0xe6, 0x10, 0xf4, 0x9c, 0xcc, 0x52, 0xe6, 0x10, 0x47, 0x21, 0x47, 0x19, 0x47, 0x19,
    0x47, 0x19, 0x47, 0x19, 0x47, 0x19, 0x47, 0x19, 0x47, 0x19, 0x47, 0x19, 0x47, 0x19, 0x47, 0x19,
    0x47, 0x19, 0x47, 0x19, 0x47, 0x19, 0x47, 0x19, 0x47, 0x19, 0x47, 0x19, 0x47, 0x19, 0x47, 0x19,
    0x47, 0x21, 0xe6, 0x10, 0x35, 0xa5, 0xcc, 0x52, 0xe6, 0x10, 0x47, 0x21, 0x47, 0x19, 0x47, 0x19,
    0x47, 0x19, 0x47, 0x19, 0x47, 0x19, 0x47, 0x19, 0x47, 0x19, 0x67, 0x21, 0xc5, 0x08, 0x73, 0x8c,
    0x8f, 0x6b, 0xc5, 0x08, 0x67, 0x21, 0x47, 0x19, 0x47, 0x19, 0x47, 0x19, 0x47, 0x19, 0x47, 0x19,
    0x47, 0x19, 0x47, 0x19, 0x47, 0x19, 0x47, 0x19, 0x47, 0x19, 0x27, 0x19, 0x67, 0x21, 0x76, 0xad,
    0xc9, 0x31, 0x26, 0x19, 0x47, 0x19, 0x47, 0x19, 0x47, 0x19, 0x47, 0x19, 0x47, 0x19, 0x47, 0x19,
    0x47, 0x19, 0x47, 0x19, 0x47, 0x19, 0x47, 0x19, 0x47, 0x19, 0x47, 0x19, 0x47, 0x19, 0x47, 0x19,
    0x47, 0x19, 0x47, 0x19, 0x47, 0x19, 0x47, 0x19, 0x47, 0x19, 0x47, 0x19, 0x47, 0x19, 0x47, 0x19,
    0x47, 0x19, 0x47, 0x19, 0x47, 0x19, 0x47, 0x19, 0x47, 0x19, 0x47, 0x19, 0x47, 0x19, 0x47, 0x19,
    0x47, 0x19, 0x47, 0x19, 0x47, 0x19, 0x47, 0x19, 0x47, 0x19, 0x47, 0x19, 0x47, 0x19, 0x47, 0x19,
    0x47, 0x19, 0x47, 0x19, 0x47, 0x19, 0x47, 0x19, 0x47, 0x19, 0x47, 0x19, 0x47, 0x19, 0x47, 0x19,
    0x47, 0x19, 0x47, 0x19, 0x47, 0x19, 0x47, 0x19, 0x47, 0x19, 0x47, 0x19, 0x47, 0x19, 0x47, 0x19,
    0x47, 0x19, 0x47, 0x19, 0x47, 0x19, 0x47, 0x19, 0x47, 0x19, 0x47, 0x19, 0x47, 0x19, 0x47, 0x19,
    0x47, 0x19, 0x47, 0x19, 0x47, 0x19, 0x47, 0x19, 0x47, 0x19, 0x47, 0x19, 0x47, 0x19, 0x47, 0x19,
    0x47, 0x19, 0x47, 0x19, 0x47, 0x19, 0x47, 0x19, 0x47, 0x19, 0x47, 0x19, 0x47, 0x19, 0x47, 0x19,
    0x47, 0x19, 0x47, 0x19, 0x47, 0x19, 0x47, 0x19, 0x47, 0x19, 0x47, 0x19, 0x47, 0x19, 0x47, 0x19,
    0x47, 0x19, 0x47, 0x19, 0x47, 0x19, 0x47, 0x19, 0x47, 0x19, 0x47, 0x19, 0x47, 0x19, 0x47, 0x19,
    0x47, 0x19, 0x47, 0x19, 0x47, 0x19, 0x47, 0x19, 0x47, 0x19, 0x47, 0x19, 0x47, 0x19, 0x47, 0x19,
    0x47, 0x19, 0x47, 0x19, 0x47, 0x19, 0x47, 0x19, 0x47, 0x19, 0x47, 0x19, 0x47, 0x19, 0x47, 0x19,
    0x47, 0x19, 0x47, 0x19, 0x47, 0x19, 0x47, 0x19, 0x47, 0x19, 0x47, 0x19, 0x47, 0x19, 0x47, 0x19,
    0x47, 0x19, 0x47, 0x19, 0x47, 0x19, 0x47, 0x19, 0x47, 0x19, 0x47, 0x19, 0x47, 0x19, 0x47, 0x19,
    0x47, 0x19, 0x47, 0x19, 0x47, 0x19, 0x47, 0x19, 0x47, 0x19, 0x47, 0x19, 0x47, 0x19, 0x47, 0x19,
    0x47, 0x19, 0x47, 0x19, 0x47, 0x19, 0x47, 0x19, 0x47, 0x19, 0x47, 0x19, 0x47, 0x19, 0x47, 0x19,
    0x47, 0x19, 0x47, 0x19, 0x47, 0x19, 0x47, 0x19, 0x47, 0x19, 0x47, 0x19, 0x47, 0x19, 0x47, 0x19,
    0x47, 0x19, 0x47, 0x19, 0x47, 0x19, 0x47, 0x19, 0x47, 0x19, 0x47, 0x19, 0x47, 0x19, 0x47, 0x19,
    0x47, 0x19, 0x47, 0x19, 0x47, 0x19, 0x47, 0x19, 0x47, 0x19, 0x47, 0x19, 0x47, 0x19, 0x47, 0x19,
    0x47, 0x19, 0x47, 0x19, 0x47, 0x19, 0x47, 0x19, 0x47, 0x19, 0x47, 0x19, 0x47, 0x19, 0x47, 0x19,
    0x47, 0x19, 0x47, 0x19, 0x47, 0x19, 0x47, 0x19, 0x47, 0x19, 0x47, 0x19, 0x47, 0x19, 0x47, 0x19,
    0x47, 0x19, 0x47, 0x19, 0x47, 0x19, 0x47, 0x19, 0x47, 0x19, 0x47, 0x19, 0x47, 0x19, 0x47, 0x19,
    0x47, 0x19, 0x47, 0x19, 0x47, 0x19, 0x47, 0x19, 0xe6, 0x10, 0x35, 0xa5, 0xcd, 0x52, 0xe6, 0x10,
    0x47, 0x21, 0x47, 0x19, 0x47, 0x19, 0x47, 0x19, 0x47, 0x19, 0x47, 0x19, 0x47, 0x19, 0x47, 0x19,
    0x47, 0x19, 0x47, 0x19, 0x47, 0x19, 0x27, 0x19, 0xa8, 0x29, 0x76, 0xad, 0x88, 0x29, 0x27, 0x19,
    0x47, 0x19, 0x47, 0x19, 0x47, 0x19, 0x47, 0x19, 0x47, 0x19, 0x47, 0x19, 0x47, 0x19, 0x47, 0x19,
    0x47, 0x21, 0xe6, 0x10, 0xf4, 0x9c, 0xcc, 0x52, 0xe6, 0x10, 0x47, 0x21, 0x47, 0x19, 0x47, 0x19,
    0x47, 0x19, 0x47, 0x19, 0x47, 0x19, 0x47, 0x19, 0x47, 0x19, 0x47, 0x19, 0x47, 0x19, 0x47, 0x19,
    0x47, 0x19, 0x47, 0x19, 0x47, 0x19, 0x47, 0x19, 0x47, 0x19, 0x47, 0x19, 0x47, 0x19, 0x47, 0x19,
    0x47, 0x19, 0x06, 0x11, 0x35, 0xa5, 0x6b, 0x42, 0x06, 0x11, 0x47, 0x21, 0x47, 0x19, 0x47, 0x19,
    0x47, 0x19, 0x47, 0x19, 0x47, 0x19, 0x47, 0x19, 0x47, 0x19, 0x67, 0x21, 0xc5, 0x08, 0x32, 0x84,
    0xb0, 0x6b, 0xc5, 0x08, 0x67, 0x21, 0x47, 0x19, 0x47, 0x19, 0x47, 0x19, 0x47, 0x19, 0x47, 0x19,
    0x47, 0x19, 0x47, 0x19, 0x47, 0x19, 0x47, 0x19, 0x47, 0x19, 0x26, 0x19, 0xe9, 0x31, 0x96, 0xad,
    0x67, 0x21, 0x47, 0x19, 0x47, 0x19, 0x47, 0x19, 0x47, 0x19, 0x47, 0x19, 0x47, 0x19, 0x47, 0x19,
    0x47, 0x19, 0x47, 0x19, 0x47, 0x19, 0x47, 0x19, 0x47, 0x19, 0x47, 0x19, 0x47, 0x19, 0x47, 0x19,
    0x47, 0x19, 0x47, 0x19, 0x47, 0x19, 0x47, 0x19, 0x47, 0x19, 0x47, 0x19, 0x47, 0x19, 0x47, 0x19,
    0x47, 0x19, 0x47, 0x19, 0x47, 0x19, 0x47, 0x19, 0x47, 0x19, 0x47, 0x19, 0x47, 0x19, 0x47, 0x19,
    0x47, 0x19, 0x47, 0x19, 0x47, 0x19, 0x47, 0x19, 0x47, 0x19, 0x47, 0x19, 0x47, 0x19, 0x47, 0x19,
    0x47, 0x19, 0x47, 0x19, 0x47, 0x19, 0x47, 0x19, 0x47, 0x19, 0x47, 0x19, 0x47, 0x19, 0x47, 0x19,
    0x47, 0x19, 0x47, 0x19, 0x47, 0x19, 0x47, 0x19, 0x47, 0x19, 0x47, 0x19, 0x47, 0x19, 0x47, 0x19,
    0x47, 0x19, 0x47, 0x19, 0x47, 0x19, 0x47, 0x19, 0x47, 0x19, 0x47, 0x19, 0x47, 0x19, 0x47, 0x19,
    0x47, 0x19, 0x47, 0x19, 0x47, 0x19, 0x47, 0x19, 0x47, 0x19, 0x47, 0x19, 0x47, 0x19, 0x47, 0x19,
    0x47, 0x19, 0x47, 0x19, 0x47, 0x19, 0x47, 0x19, 0x47, 0x19, 0x47, 0x19, 0x47, 0x19, 0x47, 0x19,
    0x47, 0x19, 0x47, 0x19, 0x47, 0x19, 0x47, 0x19, 0x47, 0x19, 0x47, 0x19, 0x47, 0x19, 0x47, 0x19,
    0x47, 0x19, 0x47, 0x19, 0x47, 0x19, 0x47, 0x19, 0x47, 0x19, 0x47, 0x19, 0x47, 0x19, 0x47, 0x19,
    0x47, 0x19, 0x47, 0x19, 0x47, 0x19, 0x47, 0x19, 0x47, 0x19, 0x47, 0x19, 0x47, 0x19, 0x47, 0x19,
    0x47, 0x19, 0x47, 0x19, 0x47, 0x19, 0x47, 0x19, 0x47, 0x19, 0x47, 0x19, 0x47, 0x19, 0x47, 0x19,
    0x47, 0x19, 0x47, 0x19, 0x47, 0x19, 0x47, 0x19, 0x47, 0x19, 0x47, 0x19, 0x47, 0x19, 0x47, 0x19,
    0x47, 0x19, 0x47, 0x19, 0x47, 0x19, 0x47, 0x19, 0x47, 0x19, 0x47, 0x19, 0x47, 0x19, 0x47, 0x19,
    0x47, 0x19, 0x47, 0x19, 0x47, 0x19, 0x47, 0x19, 0x47, 0x19, 0x47, 0x19, 0x47, 0x19, 0x47, 0x19,
    0x47, 0x19, 0x47, 0x19, 0x47, 0x19, 0x47, 0x19, 0x47, 0x19, 0x47, 0x19, 0x47, 0x19, 0x47, 0x19,
    0x47, 0x19, 0x47, 0x19, 0x47, 0x19, 0x47, 0x19, 0x47, 0x19, 0x47, 0x19, 0x47, 0x19, 0x47, 0x19,
    0x47, 0x19, 0x47, 0x19, 0x47, 0x19, 0x47, 0x19, 0x47, 0x19, 0x47, 0x19, 0x47, 0x19, 0x47, 0x19,
    0x47, 0x19, 0x47, 0x19, 0x47, 0x19, 0x47, 0x19, 0x47, 0x19, 0x47, 0x19, 0x47, 0x19, 0x47, 0x19,
    0x47, 0x19, 0x47, 0x19, 0x47, 0x19, 0x47, 0x19, 0x47, 0x19, 0x47, 0x19, 0x47, 0x19, 0x47, 0x19,
    0x47, 0x19, 0x47, 0x19, 0x47, 0x19, 0x47, 0x19, 0x47, 0x19, 0x47, 0x19, 0x47, 0x19, 0x47, 0x19,
    0x47, 0x19, 0x47, 0x19, 0x47, 0x19, 0x47, 0x19, 0x47, 0x19, 0x47, 0x19, 0x47, 0x19, 0x47, 0x19,
    0x47, 0x19, 0x47, 0x19, 0x47, 0x19, 0x47, 0x21, 0xc5, 0x08, 0xb3, 0x94, 0x6f, 0x63, 0xc5, 0x08,
    0x67, 0x21, 0x47, 0x19, 0x47, 0x19, 0x47, 0x19, 0x47, 0x19, 0x47, 0x19, 0x47, 0x19, 0x47, 0x19,
    0x47, 0x19, 0x47, 0x19, 0x47, 0x19, 0x27, 0x19, 0xa8, 0x29, 0x76, 0xad, 0x88, 0x29, 0x27, 0x19,
    0x47, 0x19, 0x47, 0x19, 0x47, 0x19, 0x47, 0x19, 0x47, 0x19, 0x47, 0x19, 0x47, 0x19, 0x47, 0x19,
    0x47, 0x19, 0x06, 0x11, 0x56, 0xa5, 0xac, 0x4a, 0xe6, 0x10, 0x47, 0x21, 0x47, 0x19, 0x47, 0x19,
    0x47, 0x19, 0x47, 0x19, 0x47, 0x19, 0x47, 0x19, 0x47, 0x19, 0x47, 0x19, 0x47, 0x19, 0x47, 0x19,
    0x47, 0x19, 0x47, 0x19, 0x47, 0x19, 0x47, 0x19, 0x47, 0x19, 0x47, 0x19, 0x47, 0x19, 0x47, 0x19,
    0x47, 0x19, 0x26, 0x19, 0x15, 0x9d, 0x2a, 0x3a, 0x06, 0x11, 0x47, 0x21, 0x47, 0x19, 0x47, 0x19,
    0x47, 0x19, 0x47, 0x19, 0x47, 0x19, 0x47, 0x19, 0x47, 0x19, 0x67, 0x21, 0xc5, 0x08, 0x73, 0x8c,
    0xaf, 0x6b, 0xc5, 0x08, 0x67, 0x21, 0x47, 0x19, 0x47, 0x19, 0x47, 0x19, 0x47, 0x19, 0x47, 0x19,
    0x47, 0x19, 0x47, 0x19, 0x47, 0x19, 0x47, 0x19, 0x47, 0x21, 0xe6, 0x10, 0xed, 0x52, 0x35, 0xa5,
    0xe6, 0x10, 0x47, 0x21, 0x47, 0x19, 0x47, 0x19, 0x47, 0x19, 0x47, 0x19, 0x47, 0x19, 0x47, 0x19,
    0x47, 0x19, 0x47, 0x19, 0x47, 0x19, 0x47, 0x19, 0x47, 0x19, 0x47, 0x19, 0x47, 0x19, 0x47, 0x19,
    0x47, 0x19, 0x47, 0x19, 0x47, 0x19, 0x47, 0x19, 0x47, 0x19, 0x47, 0x19, 0x47, 0x19, 0x47, 0x19,
    0x47, 0x19, 0x47, 0x19, 0x47, 0x19, 0x47, 0x19, 0x47, 0x19, 0x47, 0x19, 0x47, 0x19, 0x47, 0x19,
    0x47, 0x19, 0x47, 0x19, 0x47, 0x19, 0x47, 0x19, 0x47, 0x19, 0x47, 0x19, 0x47, 0x19, 0x47, 0x19,
    0x47, 0x19, 0x47, 0x19, 0x47, 0x19, 0x47, 0x19, 0x47, 0x19, 0x47, 0x19, 0x47, 0x19, 0x47, 0x19,
    0x47, 0x19, 0x47, 0x19, 0x47, 0x19, 0x47, 0x19, 0x47, 0x19, 0x47, 0x19, 0x47, 0x19, 0x47, 0x19,
    0x47, 0x19, 0x47, 0x19, 0x47, 0x19, 0x47, 0x19, 0x47, 0x19, 0x47, 0x19, 0x47, 0x19, 0x47, 0x19,
    0x47, 0x19, 0x47, 0x19, 0x47, 0x19, 0x47, 0x19, 0x47, 0x19, 0x47, 0x19, 0x47, 0x19, 0x47, 0x19,
    0x47, 0x19, 0x47, 0x19, 0x47, 0x19, 0x47, 0x19, 0x47, 0x19, 0x47, 0x19, 0x47, 0x19, 0x47, 0x19,
    0x47, 0x19, 0x47, 0x19, 0x47, 0x19, 0x47, 0x19, 0x47, 0x19, 0x47, 0x19, 0x47, 0x19, 0x47, 0x19,
    0x47, 0x19, 0x47, 0x19, 0x47, 0x19, 0x47, 0x19, 0x47, 0x19, 0x47, 0x19, 0x47, 0x19, 0x47, 0x19,
    0x47, 0x19, 0x47, 0x19, 0x47, 0x19, 0x47, 0x19, 0x47, 0x19, 0x47, 0x19, 0x47, 0x19, 0x47, 0x19,
    0x47, 0x19, 0x47, 0x19, 0x47, 0x19, 0x47, 0x19, 0x47, 0x19, 0x47, 0x19, 0x47, 0x19, 0x47, 0x19,
    0x47, 0x19, 0x47, 0x19, 0x47, 0x19, 0x47, 0x19, 0x47, 0x19, 0x47, 0x19, 0x47, 0x19, 0x47, 0x19,
    0x47, 0x19, 0x47, 0x19, 0x47, 0x19, 0x47, 0x19, 0x47, 0x19, 0x47, 0x19, 0x47, 0x19, 0x47, 0x19,
    0x47, 0x19, 0x47, 0x19, 0x47, 0x19, 0x47, 0x19, 0x47, 0x19, 0x47, 0x19, 0x47, 0x19, 0x47, 0x19,
    0x47, 0x19, 0x47, 0x19, 0x47, 0x19, 0x47, 0x19, 0x47, 0x19, 0x47, 0x19, 0x47, 0x19, 0x47, 0x19,
    0x47, 0x19, 0x47, 0x19, 0x47, 0x19, 0x47, 0x19, 0x47, 0x19, 0x47, 0x19, 0x47, 0x19, 0x47, 0x19,
    0x47, 0x19, 0x47, 0x19, 0x47, 0x19, 0x47, 0x19, 0x47, 0x19, 0x47, 0x19, 0x47, 0x19, 0x47, 0x19,
    0x47, 0x19, 0x47, 0x19, 0x47, 0x19, 0x47, 0x19, 0x47, 0x19, 0x47, 0x19, 0x47, 0x19, 0x47, 0x19,
    0x47, 0x19, 0x47, 0x19, 0x47, 0x19, 0x47, 0x19, 0x47, 0x19, 0x47, 0x19, 0x47, 0x19, 0x47, 0x19,
    0x47, 0x19, 0x47, 0x19, 0x47, 0x19, 0x47, 0x19, 0x47, 0x19, 0x47, 0x19, 0x47, 0x19, 0x47, 0x19,
    0x47, 0x19, 0x47, 0x19, 0x47, 0x19, 0x47, 0x19, 0x47, 0x19, 0x47, 0x19, 0x47, 0x19, 0x47, 0x19,
    0x47, 0x19, 0x47, 0x19, 0x47, 0x19, 0x67, 0x21, 0xc5, 0x08, 0xf0, 0x73, 0x73, 0x8c, 0xc5, 0x08,
    0x67, 0x21, 0x47, 0x19, 0x47, 0x19, 0x47, 0x19, 0x47, 0x19, 0x47, 0x19, 0x47, 0x19, 0x47, 0x19,
    0x47, 0x19, 0x47, 0x19, 0x47, 0x19, 0x27, 0x19, 0x88, 0x21, 0x96, 0xad, 0xc9, 0x29, 0x26, 0x19,
    0x47, 0x19, 0x47, 0x19, 0x47, 0x19, 0x47, 0x19, 0x47, 0x19, 0x47, 0x19, 0x47, 0x19, 0x47, 0x19,
    0x47, 0x19, 0x27, 0x19, 0x76, 0xad, 0x2a, 0x3a, 0x06, 0x11, 0x47, 0x21, 0x47, 0x19, 0x47, 0x19,
    0x47, 0x19, 0x47, 0x19, 0x47, 0x19, 0x47, 0x19, 0x47, 0x19, 0x47, 0x19, 0x47, 0x19, 0x47, 0x19,
    0x47, 0x19, 0x47, 0x19, 0x47, 0x19, 0x47, 0x19, 0x47, 0x19, 0x47, 0x19, 0x47, 0x19, 0x47, 0x19,
    0x47, 0x19, 0x06, 0x11, 0x35, 0xa5, 0x6b, 0x42, 0x06, 0x11, 0x47, 0x21, 0x47, 0x19, 0x47, 0x19,
    0x47, 0x19, 0x47, 0x19, 0x47, 0x19, 0x47, 0x19, 0x47, 0x19, 0x67, 0x21, 0xc5, 0x08, 0xd4, 0x94,
    0x4e, 0x63, 0xe5, 0x10, 0x47, 0x21, 0x47, 0x19, 0x47, 0x19, 0x47, 0x19, 0x47, 0x19, 0x47, 0x19,
    0x47, 0x19, 0x47, 0x19, 0x47, 0x19, 0x47, 0x19, 0x67, 0x21, 0xc5, 0x08, 0x52, 0x84, 0x31, 0x7c,
    0xc5, 0x08, 0x67, 0x21, 0x47, 0x19, 0x47, 0x19, 0x47, 0x19, 0x47, 0x19, 0x47, 0x19, 0x47, 0x19,
    0x47, 0x19, 0x47, 0x19, 0x47, 0x19, 0x47, 0x19, 0x47, 0x19, 0x47, 0x19, 0x47, 0x19, 0x47, 0x19,
    0x47, 0x19, 0x47, 0x19, 0x47, 0x19, 0x47, 0x19, 0x47, 0x19, 0x47, 0x19, 0x47, 0x19, 0x47, 0x19,
    0x47, 0x19, 0x47, 0x19, 0x47, 0x19, 0x47, 0x19, 0x47, 0x19, 0x47, 0x19, 0x47, 0x19, 0x47, 0x19,
    0x47, 0x19, 0x47, 0x19, 0x47, 0x19, 0x47, 0x19, 0x47, 0x19, 0x47, 0x19, 0x47, 0x19, 0x47, 0x19,
    0x47, 0x19, 0x47, 0x19, 0x47, 0x19, 0x47, 0x19, 0x47, 0x19, 0x47, 0x19, 0x47, 0x19, 0x47, 0x19,
    0x47, 0x19, 0x47, 0x19, 0x47, 0x19, 0x47, 0x19, 0x47, 0x19, 0x47, 0x19, 0x47, 0x19, 0x47, 0x19,
    0x47, 0x19, 0x47, 0x19, 0x47, 0x19, 0x47, 0x19, 0x47, 0x19, 0x47, 0x19, 0x47, 0x19, 0x47, 0x19,
    0x47, 0x19, 0x47, 0x19, 0x47, 0x19, 0x47, 0x19, 0x47, 0x19, 0x47, 0x19, 0x47, 0x19, 0x47, 0x19,
    0x47, 0x19, 0x47, 0x19, 0x47, 0x19, 0x47, 0x19, 0x47, 0x19, 0x47, 0x19, 0x47, 0x19, 0x47, 0x19,
    0x47, 0x19, 0x47, 0x19, 0x47, 0x19, 0x47, 0x19, 0x47, 0x19, 0x47, 0x19, 0x47, 0x19, 0x47, 0x19,
    0x47, 0x19, 0x47, 0x19, 0x47, 0x19, 0x47, 0x19, 0x47, 0x19, 0x47, 0x19, 0x47, 0x19, 0x47, 0x19,
    0x47, 0x19, 0x47, 0x19, 0x47, 0x19, 0x47, 0x19, 0x47, 0x19, 0x47, 0x19, 0x47, 0x19, 0x47, 0x19,
    0x47, 0x19, 0x47, 0x19, 0x47, 0x19, 0x47, 0x19, 0x47, 0x19, 0x47, 0x19, 0x47, 0x19, 0x47, 0x19,
    0x47, 0x19, 0x47, 0x19, 0x47, 0x19, 0x47, 0x19, 0x47, 0x19, 0x47, 0x19, 0x47, 0x19, 0x47, 0x19,
    0x47, 0x19, 0x47, 0x19, 0x47, 0x19, 0x47, 0x19, 0x47, 0x19, 0x47, 0x19, 0x47, 0x19, 0x47, 0x19,
    0x47, 0x19, 0x47, 0x19, 0x47, 0x19, 0x47, 0x19, 0x47, 0x19, 0x47, 0x19, 0x47, 0x19, 0x47, 0x19,
    0x47, 0x19, 0x47, 0x19, 0x47, 0x19, 0x47, 0x19, 0x47, 0x19, 0x47, 0x19, 0x47, 0x19, 0x47, 0x19,
    0x47, 0x19, 0x47, 0x19, 0x47, 0x19, 0x47, 0x19, 0x47, 0x19, 0x47, 0x19, 0x47, 0x19, 0x47, 0x19,
    0x47, 0x19, 0x47, 0x19, 0x47, 0x19, 0x47, 0x19, 0x47, 0x19, 0x47, 0x19, 0x47, 0x19, 0x47, 0x19,
    0x47, 0x19, 0x47, 0x19, 0x47, 0x19, 0x47, 0x19, 0x47, 0x19, 0x47, 0x19, 0x47, 0x19, 0x47, 0x19,
    0x47, 0x19, 0x47, 0x19, 0x47, 0x19, 0x47, 0x19, 0x47, 0x19, 0x47, 0x19, 0x47, 0x19, 0x47, 0x19,
    0x47, 0x19, 0x47, 0x19, 0x47, 0x19, 0x47, 0x19, 0x47, 0x19, 0x47, 0x19, 0x47, 0x19, 0x47, 0x19,
    0x47, 0x19, 0x47, 0x19, 0x47, 0x19, 0x47, 0x19, 0x47, 0x19, 0x47, 0x19, 0x47, 0x19, 0x47, 0x19,
    0x47, 0x19, 0x47, 0x19, 0x47, 0x19, 0x47, 0x21, 0x06, 0x11, 0x8b, 0x4a, 0x76, 0xad, 0x06, 0x11,
    0x47, 0x19, 0x47, 0x19, 0x47, 0x19, 0x47, 0x19, 0x47, 0x19, 0x47, 0x19, 0x47, 0x19, 0x47, 0x19,
    0x47, 0x19, 0x47, 0x19, 0x47, 0x19, 0x47, 0x19, 0x27, 0x19, 0x76, 0xad, 0x2a, 0x3a, 0x06, 0x11,
    0x47, 0x19, 0x47, 0x19, 0x47, 0x19, 0x47, 0x19, 0x47, 0x19, 0x47, 0x19, 0x47, 0x19, 0x47, 0x19,
    0x26, 0x19, 0xa9, 0x29, 0x96, 0xad, 0x88, 0x21, 0x27, 0x19, 0x47, 0x19, 0x47, 0x19, 0x47, 0x19,
    0x47, 0x19, 0x47, 0x19, 0x47, 0x19, 0x47, 0x19, 0x47, 0x19, 0x47, 0x19, 0x47, 0x19, 0x47, 0x19,
    0x47, 0x19, 0x47, 0x19, 0x47, 0x19, 0x47, 0x19, 0x47, 0x19, 0x47, 0x19, 0x47, 0x19, 0x47, 0x19,
    0x47, 0x21, 0xe6, 0x10, 0x15, 0x9d, 0xed, 0x52, 0xe6, 0x10, 0x47, 0x21, 0x47, 0x19, 0x47, 0x19,
    0x47, 0x19, 0x47, 0x19, 0x47, 0x19, 0x47, 0x19, 0x47, 0x19, 0x47, 0x19, 0x06, 0x11, 0x56, 0xa5,
    0xac, 0x4a, 0xe6, 0x10, 0x47, 0x21, 0x47, 0x19, 0x47, 0x19, 0x47, 0x19, 0x47, 0x19, 0x47, 0x19,
    0x47, 0x19, 0x47, 0x19, 0x47, 0x19, 0x47, 0x19, 0x47, 0x19, 0x27, 0x19, 0xb7, 0xb5, 0x4b, 0x42,
    0x06, 0x11, 0x47, 0x21, 0x47, 0x19, 0x47, 0x19, 0x47, 0x19, 0x47, 0x19, 0x47, 0x19, 0x47, 0x19,
    0x47, 0x19, 0x47, 0x19, 0x47, 0x19, 0x47, 0x19, 0x47, 0x19, 0x47, 0x19, 0x47, 0x19, 0x47, 0x19,
    0x47, 0x19, 0x47, 0x19, 0x47, 0x19, 0x47, 0x19, 0x47, 0x19, 0x47, 0x19, 0x47, 0x19, 0x47, 0x19,
    0x47, 0x19, 0x47, 0x19, 0x47, 0x19, 0x47, 0x19, 0x47, 0x19, 0x47, 0x19, 0x47, 0x19, 0x47, 0x19,
    0x47, 0x19, 0x47, 0x19, 0x47, 0x19, 0x47, 0x19, 0x47, 0x19, 0x47, 0x19, 0x47, 0x19, 0x47, 0x19,
    0x47, 0x19, 0x47, 0x19, 0x47, 0x19, 0x47, 0x19, 0x47, 0x19, 0x47, 0x19, 0x47, 0x19, 0x47, 0x19,
    0x47, 0x19, 0x47, 0x19, 0x47, 0x19, 0x47, 0x19, 0x47, 0x19, 0x47, 0x19, 0x47, 0x19, 0x47, 0x19,
    0x47, 0x19, 0x47, 0x19, 0x47, 0x19, 0x47, 0x19, 0x47, 0x19, 0x47, 0x19, 0x47, 0x19, 0x47, 0x19,
    0x47, 0x19, 0x47, 0x19, 0x47, 0x19, 0x47, 0x19, 0x47, 0x19, 0x47, 0x19, 0x47, 0x19, 0x47, 0x19,
    0x47, 0x19, 0x47, 0x19, 0x47, 0x19, 0x47, 0x19, 0x47, 0x19, 0x47, 0x19, 0x47, 0x19, 0x47, 0x19,
    0x47, 0x19, 0x47, 0x19, 0x47, 0x19, 0x47, 0x19, 0x47, 0x19, 0x47, 0x19, 0x47, 0x19, 0x47, 0x19,
    0x47, 0x19, 0x47, 0x19, 0x47, 0x19, 0x47, 0x19, 0x47, 0x19, 0x47, 0x19, 0x47, 0x19, 0x47, 0x19,
    0x47, 0x19, 0x47, 0x19, 0x47, 0x19, 0x47, 0x19, 0x47, 0x19, 0x47, 0x19, 0x47, 0x19, 0x47, 0x19,
    0x47, 0x19, 0x47, 0x19, 0x47, 0x19, 0x47, 0x19, 0x47, 0x19, 0x47, 0x19, 0x47, 0x19, 0x47, 0x19,
    0x47, 0x19, 0x47, 0x19, 0x47, 0x19, 0x47, 0x19, 0x47, 0x19, 0x47, 0x19, 0x47, 0x19, 0x47, 0x19,
    0x47, 0x19, 0x47, 0x19, 0x47, 0x19, 0x47, 0x19, 0x47, 0x19, 0x47, 0x19, 0x47, 0x19, 0x47, 0x19,
    0x47, 0x19, 0x47, 0x19, 0x47, 0x19, 0x47, 0x19, 0x47, 0x19, 0x47, 0x19, 0x47, 0x19, 0x47, 0x19,
    0x47, 0x19, 0x47, 0x19, 0x47, 0x19, 0x47, 0x19, 0x47, 0x19, 0x47, 0x19, 0x47, 0x19, 0x47, 0x19,
    0x47, 0x19, 0x47, 0x19, 0x47, 0x19, 0x47, 0x19, 0x47, 0x19, 0x47, 0x19, 0x47, 0x19, 0x47, 0x19,
    0x47, 0x19, 0x47, 0x19, 0x47, 0x19, 0x47, 0x19, 0x47, 0x19, 0x47, 0x19, 0x47, 0x19, 0x47, 0x19,
    0x47, 0x19, 0x47, 0x19, 0x47, 0x19, 0x47, 0x19, 0x47, 0x19, 0x47, 0x19, 0x47, 0x19, 0x47, 0x19,
    0x47, 0x19, 0x47, 0x19, 0x47, 0x19, 0x47, 0x19, 0x47, 0x19, 0x47, 0x19, 0x47, 0x19, 0x47, 0x19,
    0x47, 0x19, 0x47, 0x19, 0x47, 0x19, 0x47, 0x19, 0x47, 0x19, 0x47, 0x19, 0x47, 0x19, 0x47, 0x19,
    0x47, 0x19, 0x47, 0x19, 0x47, 0x19, 0x47, 0x19, 0x47, 0x19, 0x47, 0x19, 0x47, 0x19, 0x47, 0x19,
    0x47, 0x19, 0x47, 0x19, 0x47, 0x19, 0x47, 0x19, 0x47, 0x19, 0x27, 0x19, 0x97, 0xb5, 0x4b, 0x3a,
    0x06, 0x11, 0x47, 0x21, 0x47, 0x19, 0x47, 0x19, 0x47, 0x19, 0x47, 0x19, 0x47, 0x19, 0x47, 0x19,
    0x47, 0x19, 0x47, 0x19, 0x47, 0x19, 0x47, 0x21, 0xe6, 0x10, 0x15, 0x9d, 0x0d, 0x5b, 0xe6, 0x10,
    0x47, 0x21, 0x47, 0x19, 0x47, 0x19, 0x47, 0x19, 0x47, 0x19, 0x47, 0x19, 0x47, 0x19, 0x47, 0x21,
    0xe6, 0x10, 0xac, 0x4a, 0x55, 0xa5, 0x06, 0x11, 0x47, 0x21, 0x47, 0x19, 0x47, 0x19, 0x47, 0x19,
    0x47, 0x19, 0x47, 0x19, 0x47, 0x19, 0x47, 0x19, 0x47, 0x19, 0x47, 0x19, 0x47, 0x19, 0x47, 0x19,
    0x47, 0x19, 0x47, 0x19, 0x47, 0x19, 0x47, 0x19, 0x47, 0x19, 0x47, 0x19, 0x47, 0x19, 0x47, 0x19,
    0x67, 0x21, 0xc5, 0x08, 0xb3, 0x8c, 0xb0, 0x6b, 0xc5, 0x08, 0x67, 0x21, 0x47, 0x19, 0x47, 0x19,
    0x47, 0x19, 0x47, 0x19, 0x47, 0x19, 0x47, 0x19, 0x47, 0x19, 0x27, 0x19, 0x88, 0x21, 0xb7, 0xb5,
    0xe9, 0x31, 0x26, 0x19, 0x47, 0x19, 0x47, 0x19, 0x47, 0x19, 0x47, 0x19, 0x47, 0x19, 0x47, 0x19,
    0x47, 0x19, 0x47, 0x19, 0x47, 0x19, 0x47, 0x21, 0xe6, 0x10, 0xed, 0x52, 0x76, 0xad, 0xe6, 0x10,
    0x47, 0x19, 0x47, 0x19, 0x47, 0x19, 0x47, 0x19, 0x47, 0x19, 0x47, 0x19, 0x47, 0x19, 0x47, 0x19,
    0x47, 0x19, 0x47, 0x19, 0x47, 0x19, 0x47, 0x19, 0x47, 0x19, 0x47, 0x19, 0x47, 0x19, 0x47, 0x19,
    0x47, 0x19, 0x47, 0x19, 0x47, 0x19, 0x47, 0x19, 0x47, 0x19, 0x47, 0x19, 0x47, 0x19, 0x47, 0x19,
    0x47, 0x19, 0x47, 0x19, 0x47, 0x19, 0x47, 0x19, 0x47, 0x19, 0x47, 0x19, 0x47, 0x19, 0x47, 0x19,
    0x47, 0x19, 0x47, 0x19, 0x47, 0x19, 0x47, 0x19, 0x47, 0x19, 0x47, 0x19, 0x47, 0x19, 0x47, 0x19,
    0x47, 0x19, 0x47, 0x19, 0x47, 0x19, 0x47, 0x19, 0x47, 0x19, 0x47, 0x19, 0x47, 0x19, 0x47, 0x19,
    0x47, 0x19, 0x47, 0x19, 0x47, 0x19, 0x47, 0x19, 0x47, 0x19, 0x47, 0x19, 0x47, 0x19, 0x47, 0x19,
    0x47, 0x19, 0x47, 0x19, 0x47, 0x19, 0x47, 0x19, 0x47, 0x19, 0x47, 0x19, 0x47, 0x19, 0x47, 0x19,
    0x47, 0x19, 0x47, 0x19, 0x47, 0x19, 0x47, 0x19, 0x47, 0x19, 0x47, 0x19, 0x47, 0x19, 0x47, 0x19,
    0x47, 0x19, 0x47, 0x19, 0x47, 0x19, 0x47, 0x19, 0x47, 0x19, 0x47, 0x19, 0x47, 0x19, 0x47, 0x19,
    0x47, 0x19, 0x47, 0x19, 0x47, 0x19, 0x47, 0x19, 0x47, 0x19, 0x47, 0x19, 0x47, 0x19, 0x47, 0x19,
    0x47, 0x19, 0x47, 0x19, 0x47, 0x19, 0x47, 0x19, 0x47, 0x19, 0x47, 0x19, 0x47, 0x19, 0x47, 0x19,
    0x47, 0x19, 0x47, 0x19, 0x47, 0x19, 0x47, 0x19, 0x47, 0x19, 0x47, 0x19, 0x47, 0x19, 0x47, 0x19,
    0x47, 0x19, 0x47, 0x19, 0x47, 0x19, 0x47, 0x19, 0x47, 0x19, 0x47, 0x19, 0x47, 0x19, 0x47, 0x19,
    0x47, 0x19, 0x47, 0x19, 0x47, 0x19, 0x47, 0x19, 0x47, 0x19, 0x47, 0x19, 0x47, 0x19, 0x47, 0x19,
    0x47, 0x19, 0x47, 0x19, 0x47, 0x19, 0x47, 0x19, 0x47, 0x19, 0x47, 0x19, 0x47, 0x19, 0x47, 0x19,
    0x47, 0x19, 0x47, 0x19, 0x47, 0x19, 0x47, 0x19, 0x47, 0x19, 0x47, 0x19, 0x47, 0x19, 0x47, 0x19,
    0x47, 0x19, 0x47, 0x19, 0x47, 0x19, 0x47, 0x19, 0x47, 0x19, 0x47, 0x19, 0x47, 0x19, 0x47, 0x19,
    0x47, 0x19, 0x47, 0x19, 0x47, 0x19, 0x47, 0x19, 0x47, 0x19, 0x47, 0x19, 0x47, 0x19, 0x47, 0x19,
    0x47, 0x19, 0x47, 0x19, 0x47, 0x19, 0x47, 0x19, 0x47, 0x19, 0x47, 0x19, 0x47, 0x19, 0x47, 0x19,
    0x47, 0x19, 0x47, 0x19, 0x47, 0x19, 0x47, 0x19, 0x47, 0x19, 0x47, 0x19, 0x47, 0x19, 0x47, 0x19,
    0x47, 0x19, 0x47, 0x19, 0x47, 0x19, 0x47, 0x19, 0x47, 0x19, 0x47, 0x19, 0x47, 0x19, 0x47, 0x19,
    0x47, 0x19, 0x47, 0x19, 0x47, 0x19, 0x47, 0x19, 0x47, 0x19, 0x47, 0x19, 0x47, 0x19, 0x47, 0x19,
    0x47, 0x19, 0x47, 0x19, 0x47, 0x19, 0x47, 0x19, 0x47, 0x19, 0x47, 0x19, 0x47, 0x19, 0x47, 0x19,
    0x47, 0x19, 0x47, 0x19, 0x47, 0x19, 0x47, 0x19, 0x67, 0x21, 0xc5, 0x08, 0x31, 0x7c, 0x93, 0x8c,
    0xc5, 0x08, 0x67, 0x21, 0x47, 0x19, 0x47, 0x19, 0x47, 0x19, 0x47, 0x19, 0x47, 0x19, 0x47, 0x19,
    0x47, 0x19, 0x47, 0x19, 0x47, 0x19, 0x67, 0x21, 0xc5, 0x08, 0xf1, 0x7b, 0x32, 0x84, 0xc5, 0x08,
    0x67, 0x21, 0x47, 0x19, 0x47, 0x19, 0x47, 0x19, 0x47, 0x19, 0x47, 0x19, 0x47, 0x19, 0x67, 0x21,
    0xc5, 0x08, 0x32, 0x7c, 0x52, 0x84, 0xc5, 0x08, 0x67, 0x21, 0x47, 0x19, 0x47, 0x19, 0x47, 0x19,
    0x47, 0x19, 0x47, 0x19, 0x47, 0x19, 0x47, 0x19, 0x47, 0x19, 0x47, 0x19, 0x47, 0x19, 0x47, 0x19,
    0x47, 0x19, 0x47, 0x19, 0x47, 0x19, 0x47, 0x19, 0x47, 0x19, 0x47, 0x19, 0x47, 0x19, 0x47, 0x19,
    0x67, 0x21, 0xc5, 0x08, 0xb0, 0x73, 0x93, 0x8c, 0xc5, 0x08, 0x67, 0x21, 0x47, 0x19, 0x47, 0x19,
    0x47, 0x19, 0x47, 0x19, 0x47, 0x19, 0x47, 0x19, 0x47, 0x21, 0x06, 0x11, 0x6b, 0x42, 0x76, 0xad,
    0x26, 0x19, 0x47, 0x19, 0x47, 0x19, 0x47, 0x19, 0x47, 0x19, 0x47, 0x19, 0x47, 0x19, 0x47, 0x19,
    0x47, 0x19, 0x47, 0x19, 0x47, 0x19, 0x47, 0x21, 0xe5, 0x10, 0x76, 0xad, 0x2e, 0x63, 0xe5, 0x10,
    0x67, 0x21, 0x47, 0x19, 0x47, 0x19, 0x47, 0x19, 0x47, 0x19, 0x47, 0x19, 0x47, 0x19, 0x47, 0x19,
    0x47, 0x19, 0x47, 0x19, 0x47, 0x19, 0x47, 0x19, 0x47, 0x19, 0x47, 0x19, 0x47, 0x19, 0x47, 0x19,
    0x47, 0x19, 0x47, 0x19, 0x47, 0x19, 0x47, 0x19, 0x47, 0x19, 0x47, 0x19, 0x47, 0x19, 0x47, 0x19,
    0x47, 0x19, 0x47, 0x19, 0x47, 0x19, 0x47, 0x19, 0x47, 0x19, 0x47, 0x19, 0x47, 0x19, 0x47, 0x19,
    0x47, 0x19, 0x47, 0x19, 0x47, 0x19, 0x47, 0x19, 0x47, 0x19, 0x47, 0x19, 0x47, 0x19, 0x47, 0x19,
    0x47, 0x19, 0x47, 0x19, 0x47, 0x19, 0x47, 0x19, 0x47, 0x19, 0x47, 0x19, 0x47, 0x19, 0x47, 0x19,
    0x47, 0x19, 0x47, 0x19, 0x47, 0x19, 0x47, 0x19, 0x47, 0x19, 0x47, 0x19, 0x47, 0x19, 0x47, 0x19,
    0x47, 0x19, 0x47, 0x19, 0x47, 0x19, 0x47, 0x19, 0x47, 0x19, 0x47, 0x19, 0x47, 0x19, 0x47, 0x19,
    0x47, 0x19, 0x47, 0x19, 0x47, 0x19, 0x47, 0x19, 0x47, 0x19, 0x47, 0x19, 0x47, 0x19, 0x47, 0x19,
    0x47, 0x19, 0x47, 0x19, 0x47, 0x19, 0x47, 0x19, 0x47, 0x19, 0x47, 0x19, 0x47, 0x19, 0x47, 0x19,
    0x47, 0x19, 0x47, 0x19, 0x47, 0x19, 0x47, 0x19, 0x47, 0x19, 0x47, 0x19, 0x47, 0x19, 0x47, 0x19,
    0x47, 0x19, 0x47, 0x19, 0x47, 0x19, 0x47, 0x19, 0x47, 0x19, 0x47, 0x19, 0x47, 0x19, 0x47, 0x19,
    0x47, 0x19, 0x47, 0x19, 0x47, 0x19, 0x47, 0x19, 0x47, 0x19, 0x47, 0x19, 0x47, 0x19, 0x47, 0x19,
    0x47, 0x19, 0x47, 0x19, 0x47, 0x19, 0x47, 0x19, 0x47, 0x19, 0x47, 0x19, 0x47, 0x19, 0x47, 0x19,
    0x47, 0x19, 0x47, 0x19, 0x47, 0x19, 0x47, 0x19, 0x47, 0x19, 0x47, 0x19, 0x47, 0x19, 0x47, 0x19,
    0x47, 0x19, 0x47, 0x19, 0x47, 0x19, 0x47, 0x19, 0x47, 0x19, 0x47, 0x19, 0x47, 0x19, 0x47, 0x19,
    0x47, 0x19, 0x47, 0x19, 0x47, 0x19, 0x47, 0x19, 0x47, 0x19, 0x47, 0x19, 0x47, 0x19, 0x47, 0x19,
    0x47, 0x19, 0x47, 0x19, 0x47, 0x19, 0x47, 0x19, 0x47, 0x19, 0x47, 0x19, 0x47, 0x19, 0x47, 0x19,
    0x47, 0x19, 0x47, 0x19, 0x47, 0x19, 0x47, 0x19, 0x47, 0x19, 0x47, 0x19, 0x47, 0x19, 0x47, 0x19,
    0x47, 0x19, 0x47, 0x19, 0x47, 0x19, 0x47, 0x19, 0x47, 0x19, 0x47, 0x19, 0x47, 0x19, 0x47, 0x19,
    0x47, 0x19, 0x47, 0x19, 0x47, 0x19, 0x47, 0x19, 0x47, 0x19, 0x47, 0x19, 0x47, 0x19, 0x47, 0x19,
    0x47, 0x19, 0x47, 0x19, 0x47, 0x19, 0x47, 0x19, 0x47, 0x19, 0x47, 0x19, 0x47, 0x19, 0x47, 0x19,
    0x47, 0x19, 0x47, 0x19, 0x47, 0x19, 0x47, 0x19, 0x47, 0x19, 0x47, 0x19, 0x47, 0x19, 0x47, 0x19,
    0x47, 0x19, 0x47, 0x19, 0x47, 0x19, 0x47, 0x19, 0x47, 0x19, 0x47, 0x19, 0x47, 0x19, 0x47, 0x19,
    0x47, 0x19, 0x47, 0x19, 0x47, 0x19, 0x47, 0x19, 0x47, 0x19, 0x26, 0x19, 0xc9, 0x29, 0xf8, 0xbd,
    0xa9, 0x29, 0x26, 0x19, 0x47, 0x19, 0x47, 0x19, 0x47, 0x19, 0x47, 0x19, 0x47, 0x19, 0x47, 0x19,
    0x47, 0x19, 0x47, 0x19, 0x47, 0x19, 0x47, 0x21, 0xe6, 0x10, 0x8c, 0x4a, 0x97, 0xad, 0x06, 0x11,
    0x47, 0x19, 0x47, 0x19, 0x47, 0x19, 0x47, 0x19, 0x47, 0x19, 0x47, 0x19, 0x47, 0x19, 0x47, 0x19,
    0x06, 0x19, 0x97, 0xad, 0x8b, 0x42, 0xe6, 0x10, 0x47, 0x21, 0x47, 0x19, 0x47, 0x19, 0x47, 0x19,
    0x47, 0x19, 0x47, 0x19, 0x47, 0x19, 0x47, 0x19, 0x47, 0x19, 0x47, 0x19, 0x47, 0x19, 0x47, 0x19,
    0x47, 0x19, 0x47, 0x19, 0x47, 0x19, 0x47, 0x19, 0x47, 0x19, 0x47, 0x19, 0x47, 0x19, 0x47, 0x19,
    0x47, 0x21, 0x06, 0x11, 0x6b, 0x42, 0x96, 0xad, 0x26, 0x19, 0x47, 0x19, 0x47, 0x19, 0x47, 0x19,
    0x47, 0x19, 0x47, 0x19, 0x47, 0x19, 0x47, 0x19, 0x67, 0x21, 0xc5, 0x08, 0x31, 0x7c, 0x52, 0x84,
    0xc5, 0x08, 0x67, 0x21, 0x47, 0x19, 0x47, 0x19, 0x47, 0x19, 0x47, 0x19, 0x47, 0x19, 0x47, 0x19,
    0x47, 0x19, 0x47, 0x19, 0x67, 0x21, 0xc5, 0x10, 0x0d, 0x5b, 0xb7, 0xb5, 0x06, 0x11, 0x47, 0x19,
    0x47, 0x19, 0x47, 0x19, 0x47, 0x19, 0x47, 0x19, 0x47, 0x19, 0x47, 0x19, 0x47, 0x19, 0x47, 0x19,
    0x47, 0x19, 0x47, 0x19, 0x47, 0x19, 0x47, 0x19, 0x47, 0x19, 0x47, 0x19, 0x47, 0x19, 0x47, 0x19,
    0x47, 0x19, 0x47, 0x19, 0x47, 0x19, 0x47, 0x19, 0x47, 0x19, 0x47, 0x19, 0x47, 0x19, 0x47, 0x19,
    0x47, 0x19, 0x47, 0x19, 0x47, 0x19, 0x47, 0x19, 0x47, 0x19, 0x47, 0x19, 0x47, 0x19, 0x47, 0x19,
    0x47, 0x19, 0x47, 0x19, 0x47, 0x19, 0x47, 0x19, 0x47, 0x19, 0x47, 0x19, 0x47, 0x19, 0x47, 0x19,
    0x47, 0x19, 0x47, 0x19, 0x47, 0x19, 0x47, 0x19, 0x47, 0x19, 0x47, 0x19, 0x47, 0x19, 0x47, 0x19,
    0x47, 0x19, 0x47, 0x19, 0x47, 0x19, 0x47, 0x19, 0x47, 0x19, 0x47, 0x19, 0x47, 0x19, 0x47, 0x19,
    0x47, 0x19, 0x47, 0x19, 0x47, 0x19, 0x47, 0x19, 0x47, 0x19, 0x47, 0x19, 0x47, 0x19, 0x47, 0x19,
    0x47, 0x19, 0x47, 0x19, 0x47, 0x19, 0x47, 0x19, 0x47, 0x19, 0x47, 0x19, 0x47, 0x19, 0x47, 0x19,
    0x47, 0x19, 0x47, 0x19, 0x47, 0x19, 0x47, 0x19, 0x47, 0x19, 0x47, 0x19, 0x47, 0x19, 0x47, 0x19,
    0x47, 0x19, 0x47, 0x19, 0x47, 0x19, 0x47, 0x19, 0x47, 0x19, 0x47, 0x19, 0x47, 0x19, 0x47, 0x19,
    0x47, 0x19, 0x47, 0x19, 0x47, 0x19, 0x47, 0x19, 0x47, 0x19, 0x47, 0x19, 0x47, 0x19, 0x47, 0x19,
    0x47, 0x19, 0x47, 0x19, 0x47, 0x19, 0x47, 0x19, 0x47, 0x19, 0x47, 0x19, 0x47, 0x19, 0x47, 0x19,
    0x47, 0x19, 0x47, 0x19, 0x47, 0x19, 0x47, 0x19, 0x47, 0x19, 0x47, 0x19, 0x47, 0x19, 0x47, 0x19,
    0x47, 0x19, 0x47, 0x19, 0x47, 0x19, 0x47, 0x19, 0x47, 0x19, 0x47, 0x19, 0x47, 0x19, 0x47, 0x19,
    0x47, 0x19, 0x47, 0x19, 0x47, 0x19, 0x47, 0x19, 0x47, 0x19, 0x47, 0x19, 0x47, 0x19, 0x47, 0x19,
    0x47, 0x19, 0x47, 0x19, 0x47, 0x19, 0x47, 0x19, 0x47, 0x19, 0x47, 0x19, 0x47, 0x19, 0x47, 0x19,
    0x47, 0x19, 0x47, 0x19, 0x47, 0x19, 0x47, 0x19, 0x47, 0x19, 0x47, 0x19, 0x47, 0x19, 0x47, 0x19,
    0x47, 0x19, 0x47, 0x19, 0x47, 0x19, 0x47, 0x19, 0x47, 0x19, 0x47, 0x19, 0x47, 0x19, 0x47, 0x19,
    0x47, 0x19, 0x47, 0x19, 0x47, 0x19, 0x47, 0x19, 0x47, 0x19, 0x47, 0x19, 0x47, 0x19, 0x47, 0x19,
    0x47, 0x19, 0x47, 0x19, 0x47, 0x19, 0x47, 0x19, 0x47, 0x19, 0x47, 0x19, 0x47, 0x19, 0x47, 0x19,
    0x47, 0x19, 0x47, 0x19, 0x47, 0x19, 0x47, 0x19, 0x47, 0x19, 0x47, 0x19, 0x47, 0x19, 0x47, 0x19,
    0x47, 0x19, 0x47, 0x19, 0x47, 0x19, 0x47, 0x19, 0x47, 0x19, 0x47, 0x19, 0x47, 0x19, 0x47, 0x19,
    0x47, 0x19, 0x47, 0x19, 0x47, 0x19, 0x47, 0x19, 0x47, 0x19, 0x47, 0x19, 0x47, 0x19, 0x47, 0x19,
    0x47, 0x19, 0x47, 0x19, 0x47, 0x19, 0x47, 0x19, 0x47, 0x19, 0x67, 0x21, 0xc5, 0x08, 0x52, 0x84,
    0xb3, 0x94, 0xa5, 0x08, 0x67, 0x21, 0x47, 0x19, 0x47, 0x19, 0x47, 0x19, 0x47, 0x19, 0x47, 0x19,
    0x47, 0x19, 0x47, 0x19, 0x47, 0x19, 0x47, 0x19, 0x47, 0x19, 0x27, 0x19, 0xb7, 0xb5, 0x6b, 0x42,
    0x06, 0x11, 0x47, 0x21, 0x47, 0x19, 0x47, 0x19, 0x47, 0x19, 0x47, 0x19, 0x67, 0x21, 0xe6, 0x10,
    0xcd, 0x52, 0x97, 0xad, 0x06, 0x11, 0x47, 0x19, 0x47, 0x19, 0x47, 0x19, 0x47, 0x19, 0x47, 0x19,
    0x47, 0x19, 0x47, 0x19, 0x47, 0x19, 0x47, 0x19, 0x47, 0x19, 0x47, 0x19, 0x47, 0x19, 0x47, 0x19,
    0x47, 0x19, 0x47, 0x19, 0x47, 0x19, 0x47, 0x19, 0x47, 0x19, 0x47, 0x19, 0x47, 0x19, 0x47, 0x19,
    0x47, 0x19, 0x47, 0x19, 0x26, 0x19, 0x97, 0xb5, 0x6b, 0x42, 0x06, 0x11, 0x47, 0x21, 0x47, 0x19,
    0x47, 0x19, 0x47, 0x19, 0x47, 0x19, 0x47, 0x19, 0x47, 0x19, 0x27, 0x19, 0xd7, 0xb5, 0x6b, 0x42,
    0x06, 0x11, 0x47, 0x21, 0x47, 0x19, 0x47, 0x19, 0x47, 0x19, 0x47, 0x19, 0x47, 0x19, 0x47, 0x19,
    0x47, 0x19, 0x47, 0x19, 0x27, 0x19, 0x47, 0x19, 0x18, 0xbe, 0x8b, 0x42, 0xe6, 0x10, 0x47, 0x21,
    0x47, 0x19, 0x47, 0x19, 0x47, 0x19, 0x47, 0x19, 0x47, 0x19, 0x47, 0x19, 0x47, 0x19, 0x47, 0x19,
    0x47, 0x19, 0x47, 0x19, 0x47, 0x19, 0x47, 0x19, 0x47, 0x19, 0x47, 0x19, 0x47, 0x19, 0x47, 0x19,
    0x47, 0x19, 0x47, 0x19, 0x47, 0x19, 0x47, 0x19, 0x47, 0x19, 0x47, 0x19, 0x47, 0x19, 0x47, 0x19,
    0x47, 0x19, 0x47, 0x19, 0x47, 0x19, 0x47, 0x19, 0x47, 0x19, 0x47, 0x19, 0x47, 0x19, 0x47, 0x19,
    0x47, 0x19, 0x47, 0x19, 0x47, 0x19, 0x47, 0x19, 0x47, 0x19, 0x47, 0x19, 0x47, 0x19, 0x47, 0x19,
    0x47, 0x19, 0x47, 0x19, 0x47, 0x19, 0x47, 0x19, 0x47, 0x19, 0x47, 0x19, 0x47, 0x19, 0x47, 0x19,
    0x47, 0x19, 0x47, 0x19, 0x47, 0x19, 0x47, 0x19, 0x47, 0x19, 0x47, 0x19, 0x47, 0x19, 0x47, 0x19,
    0x47, 0x19, 0x47, 0x19, 0x47, 0x19, 0x47, 0x19, 0x47, 0x19, 0x47, 0x19, 0x47, 0x19, 0x47, 0x19,
    0x47, 0x19, 0x47, 0x19, 0x47, 0x19, 0x47, 0x19, 0x47, 0x19, 0x47, 0x19, 0x47, 0x19, 0x47, 0x19,
    0x47, 0x19, 0x47, 0x19, 0x47, 0x19, 0x47, 0x19, 0x47, 0x19, 0x47, 0x19, 0x47, 0x19, 0x47, 0x19,
    0x47, 0x19, 0x47, 0x19, 0x47, 0x19, 0x47, 0x19, 0x47, 0x19, 0x47, 0x19, 0x47, 0x19, 0x47, 0x19,
    0x47, 0x19, 0x47, 0x19, 0x47, 0x19, 0x47, 0x19, 0x47, 0x19, 0x47, 0x19, 0x47, 0x19, 0x47, 0x19,
    0x47, 0x19, 0x47, 0x19, 0x47, 0x19, 0x47, 0x19, 0x47, 0x19, 0x47, 0x19, 0x47, 0x19, 0x47, 0x19,
    0x47, 0x19, 0x47, 0x19, 0x47, 0x19, 0x47, 0x19, 0x47, 0x19, 0x47, 0x19, 0x47, 0x19, 0x47, 0x19,
    0x47, 0x19, 0x47, 0x19, 0x47, 0x19, 0x47, 0x19, 0x47, 0x19, 0x47, 0x19, 0x47, 0x19, 0x47, 0x19,
    0x47, 0x19, 0x47, 0x19, 0x47, 0x19, 0x47, 0x19, 0x47, 0x19, 0x47, 0x19, 0x47, 0x19, 0x47, 0x19,
    0x47, 0x19, 0x47, 0x19, 0x47, 0x19, 0x47, 0x19, 0x47, 0x19, 0x47, 0x19, 0x47, 0x19, 0x47, 0x19,
    0x47, 0x19, 0x47, 0x19, 0x47, 0x19, 0x47, 0x19, 0x47, 0x19, 0x47, 0x19, 0x47, 0x19, 0x47, 0x19,
    0x47, 0x19, 0x47, 0x19, 0x47, 0x19, 0x47, 0x19, 0x47, 0x19, 0x47, 0x19, 0x47, 0x19, 0x47, 0x19,
    0x47, 0x19, 0x47, 0x19, 0x47, 0x19, 0x47, 0x19, 0x47, 0x19, 0x47, 0x19, 0x47, 0x19, 0x47, 0x19,
    0x47, 0x19, 0x47, 0x19, 0x47, 0x19, 0x47, 0x19, 0x47, 0x19, 0x47, 0x19, 0x47, 0x19, 0x47, 0x19,
    0x47, 0x19, 0x47, 0x19, 0x47, 0x19, 0x47, 0x19, 0x47, 0x19, 0x47, 0x19, 0x47, 0x19, 0x47, 0x19,
    0x47, 0x19, 0x47, 0x19, 0x47, 0x19, 0x47, 0x19, 0x47, 0x19, 0x47, 0x19, 0x47, 0x19, 0x47, 0x19,
    0x47, 0x19, 0x47, 0x19, 0x47, 0x19, 0x47, 0x19, 0x47, 0x19, 0x47, 0x19, 0x47, 0x19, 0x47, 0x19,
    0x47, 0x19, 0x47, 0x19, 0x47, 0x19, 0x47, 0x19, 0x47, 0x19, 0x47, 0x19, 0x47, 0x19, 0x47, 0x19,
    0xf8, 0xbd, 0xac, 0x4a, 0xe6, 0x10, 0x67, 0x21, 0x47, 0x19, 0x47, 0x19, 0x47, 0x19, 0x47, 0x19,
    0x47, 0x19, 0x47, 0x19, 0x47, 0x19, 0x47, 0x19, 0x67, 0x21, 0xc5, 0x08, 0xb0, 0x6b, 0x35, 0x9d,
    0xa5, 0x08, 0x67, 0x21, 0x47, 0x19, 0x47, 0x19, 0x47, 0x19, 0x47, 0x19, 0x47, 0x21, 0xe5, 0x10,
    0xb7, 0xb5, 0x2e, 0x5b, 0xe6, 0x10, 0x47, 0x21, 0x47, 0x19, 0x47, 0x19, 0x47, 0x19, 0x47, 0x19,
    0x47, 0x19, 0x47, 0x19, 0x47, 0x19, 0x47, 0x19, 0x47, 0x19, 0x47, 0x19, 0x47, 0x19, 0x47, 0x19,
    0x47, 0x19, 0x47, 0x19, 0x47, 0x19, 0x47, 0x19, 0x47, 0x19, 0x47, 0x19, 0x47, 0x19, 0x47, 0x19,
    0x47, 0x19, 0x67, 0x21, 0xc5, 0x08, 0x11, 0x7c, 0xd4, 0x94, 0xc5, 0x08, 0x67, 0x21, 0x47, 0x19,
    0x47, 0x19, 0x47, 0x19, 0x47, 0x19, 0x67, 0x21, 0xc5, 0x08, 0x4e, 0x63, 0x56, 0xa5, 0xe6, 0x10,
    0x47, 0x21, 0x47, 0x19, 0x47, 0x19, 0x47, 0x19, 0x47, 0x19, 0x47, 0x19, 0x47, 0x19, 0x47, 0x19,
    0x47, 0x19, 0x67, 0x21, 0xc5, 0x08, 0x15, 0x9d, 0x72, 0x84, 0xc5, 0x08, 0x67, 0x21, 0x47, 0x19,
    0x47, 0x19, 0x47, 0x19, 0x47, 0x19, 0x47, 0x19, 0x47, 0x19, 0x47, 0x19, 0x47, 0x19, 0x47, 0x19,
    0x47, 0x19, 0x47, 0x19, 0x47, 0x19, 0x47, 0x19, 0x47, 0x19, 0x47, 0x19, 0x47, 0x19, 0x47, 0x19,
    0x47, 0x19, 0x47, 0x19, 0x47, 0x19, 0x47, 0x19, 0x47, 0x19, 0x47, 0x19, 0x47, 0x19, 0x47, 0x19,
    0x47, 0x19, 0x47, 0x19, 0x47, 0x19, 0x47, 0x19, 0x47, 0x19, 0x47, 0x19, 0x47, 0x19, 0x47, 0x19,
    0x47, 0x19, 0x47, 0x19, 0x47, 0x19, 0x47, 0x19, 0x47, 0x19, 0x47, 0x19, 0x47, 0x19, 0x47, 0x19,
    0x47, 0x19, 0x47, 0x19, 0x47, 0x19, 0x47, 0x19, 0x47, 0x19, 0x47, 0x19, 0x47, 0x19, 0x47, 0x19,
    0x47, 0x19, 0x47, 0x19, 0x47, 0x19, 0x47, 0x19, 0x47, 0x19, 0x47, 0x19, 0x47, 0x19, 0x47, 0x19,
    0x47, 0x19, 0x47, 0x19, 0x47, 0x19, 0x47, 0x19, 0x47, 0x19, 0x47, 0x19, 0x47, 0x19, 0x47, 0x19,
    0x47, 0x19, 0x47, 0x19, 0x47, 0x19, 0x47, 0x19, 0x47, 0x19, 0x47, 0x19, 0x47, 0x19, 0x47, 0x19,
    0x47, 0x19, 0x47, 0x19, 0x47, 0x19, 0x47, 0x19, 0x47, 0x19, 0x47, 0x19, 0x47, 0x19, 0x47, 0x19,
    0x47, 0x19, 0x47, 0x19, 0x47, 0x19, 0x47, 0x19, 0x47, 0x19, 0x47, 0x19, 0x47, 0x19, 0x47, 0x19,
    0x47, 0x19, 0x47, 0x19, 0x47, 0x19, 0x47, 0x19, 0x47, 0x19, 0x47, 0x19, 0x47, 0x19, 0x47, 0x19,
    0x47, 0x19, 0x47, 0x19, 0x47, 0x19, 0x47, 0x19, 0x47, 0x19, 0x47, 0x19, 0x47, 0x19, 0x47, 0x19,
    0x47, 0x19, 0x47, 0x19, 0x47, 0x19, 0x47, 0x19, 0x47, 0x19, 0x47, 0x19, 0x47, 0x19, 0x47, 0x19,
    0x47, 0x19, 0x47, 0x19, 0x47, 0x19, 0x47, 0x19, 0x47, 0x19, 0x47, 0x19, 0x47, 0x19, 0x47, 0x19,
    0x47, 0x19, 0x47, 0x19, 0x47, 0x19, 0x47, 0x19, 0x47, 0x19, 0x47, 0x19, 0x47, 0x19, 0x47, 0x19,
    0x47, 0x19, 0x47, 0x19, 0x47, 0x19, 0x47, 0x19, 0x47, 0x19, 0x47, 0x19, 0x47, 0x19, 0x47, 0x19,
    0x47, 0x19, 0x47, 0x19, 0x47, 0x19, 0x47, 0x19, 0x47, 0x19, 0x47, 0x19, 0x47, 0x19, 0x47, 0x19,
    0x47, 0x19, 0x47, 0x19, 0x47, 0x19, 0x47, 0x19, 0x47, 0x19, 0x47, 0x19, 0x47, 0x19, 0x47, 0x19,
    0x47, 0x19, 0x47, 0x19, 0x47, 0x19, 0x47, 0x19, 0x47, 0x19, 0x47, 0x19, 0x47, 0x19, 0x47, 0x19,
    0x47, 0x19, 0x47, 0x19, 0x47, 0x19, 0x47, 0x19, 0x47, 0x19, 0x47, 0x19, 0x47, 0x19, 0x47, 0x19,
    0x47, 0x19, 0x47, 0x19, 0x47, 0x19, 0x47, 0x19, 0x47, 0x19, 0x47, 0x19, 0x47, 0x19, 0x47, 0x19,
    0x47, 0x19, 0x47, 0x19, 0x47, 0x19, 0x47, 0x19, 0x47, 0x19, 0x47, 0x19, 0x47, 0x19, 0x47, 0x19,
    0x47, 0x19, 0x47, 0x19, 0x47, 0x19, 0x47, 0x19, 0x47, 0x19, 0x47, 0x19, 0x47, 0x19, 0x47, 0x19,
    0x47, 0x19, 0x47, 0x19, 0x47, 0x19, 0x47, 0x19, 0x47, 0x19, 0x47, 0x19, 0x67, 0x21, 0xe6, 0x10,
    0xac, 0x4a, 0x19, 0xc6, 0x67, 0x21, 0x27, 0x19, 0x47, 0x21, 0x47, 0x19, 0x47, 0x19, 0x47, 0x19,
    0x47, 0x19, 0x47, 0x19, 0x47, 0x19, 0x47, 0x19, 0x47, 0x19, 0x47, 0x19, 0x27, 0x19, 0xf8, 0xbd,
    0x0e, 0x5b, 0xa5, 0x08, 0x68, 0x21, 0x67, 0x21, 0x67, 0x21, 0x67, 0x21, 0x84, 0x00, 0x31, 0x7c,
    0x56, 0xa5, 0xe6, 0x10, 0x47, 0x21, 0x47, 0x19, 0x47, 0x19, 0x47, 0x19, 0x47, 0x19, 0x47, 0x19,
    0x47, 0x19, 0x47, 0x19, 0x47, 0x19, 0x47, 0x19, 0x47, 0x19, 0x47, 0x19, 0x47, 0x19, 0x47, 0x19,
    0x47, 0x19, 0x47, 0x19, 0x47, 0x19, 0x47, 0x19, 0x47, 0x19, 0x47, 0x19, 0x47, 0x19, 0x47, 0x19,
    0x47, 0x19, 0x47, 0x19, 0x27, 0x19, 0x67, 0x21, 0x18, 0xbe, 0x4b, 0x42, 0xe6, 0x10, 0x67, 0x21,
    0x47, 0x19, 0x47, 0x19, 0x67, 0x21, 0x27, 0x19, 0x47, 0x19, 0x39, 0xc6, 0x6b, 0x42, 0x06, 0x11,
    0x47, 0x21, 0x47, 0x19, 0x47, 0x19, 0x47, 0x19, 0x47, 0x19, 0x47, 0x19, 0x47, 0x19, 0x47, 0x19,
    0x67, 0x21, 0xa5, 0x08, 0xf0, 0x73, 0x97, 0xb5, 0x06, 0x11, 0x47, 0x19, 0x47, 0x19, 0x47, 0x19,
    0x47, 0x19, 0x47, 0x19, 0x47, 0x19, 0x47, 0x19, 0x47, 0x19, 0x47, 0x19, 0x47, 0x19, 0x47, 0x19,
    0x47, 0x19, 0x47, 0x19, 0x47, 0x19, 0x47, 0x19, 0x47, 0x19, 0x47, 0x19, 0x47, 0x19, 0x47, 0x19,
    0x47, 0x19, 0x47, 0x19, 0x47, 0x19, 0x47, 0x19, 0x47, 0x19, 0x47, 0x19, 0x47, 0x19, 0x47, 0x19,
    0x47, 0x19, 0x47, 0x19, 0x47, 0x19, 0x47, 0x19, 0x47, 0x19, 0x47, 0x19, 0x47, 0x19, 0x47, 0x19,
    0x47, 0x19, 0x47, 0x19, 0x47, 0x19, 0x47, 0x19, 0x47, 0x19, 0x47, 0x19, 0x47, 0x19, 0x47, 0x19,
    0x47, 0x19, 0x47, 0x19, 0x47, 0x19, 0x47, 0x19, 0x47, 0x19, 0x47, 0x19, 0x47, 0x19, 0x47, 0x19,
    0x47, 0x19, 0x47, 0x19, 0x47, 0x19, 0x47, 0x19, 0x47, 0x19, 0x47, 0x19, 0x47, 0x19, 0x47, 0x19,
    0x47, 0x19, 0x47, 0x19, 0x47, 0x19, 0x47, 0x19, 0x47, 0x19, 0x47, 0x19, 0x47, 0x19, 0x47, 0x19,
    0x47, 0x19, 0x47, 0x19, 0x47, 0x19, 0x47, 0x19, 0x47, 0x19, 0x47, 0x19, 0x47, 0x19, 0x47, 0x19,
    0x47, 0x19, 0x47, 0x19, 0x47, 0x19, 0x47, 0x19, 0x47, 0x19, 0x47, 0x19, 0x47, 0x19, 0x47, 0x19,
    0x47, 0x19, 0x47, 0x19, 0x47, 0x19, 0x47, 0x19, 0x47, 0x19, 0x47, 0x19, 0x47, 0x19, 0x47, 0x19,
    0x47, 0x19, 0x47, 0x19, 0x47, 0x19, 0x47, 0x19, 0x47, 0x19, 0x47, 0x19, 0x47, 0x19, 0x47, 0x19,
    0x47, 0x19, 0x47, 0x19, 0x47, 0x19, 0x47, 0x19, 0x47, 0x19, 0x47, 0x19, 0x47, 0x19, 0x47, 0x19,
    0x47, 0x19, 0x47, 0x19, 0x47, 0x19, 0x47, 0x19, 0x47, 0x19, 0x47, 0x19, 0x47, 0x19, 0x47, 0x19,
    0x47, 0x19, 0x47, 0x19, 0x47, 0x19, 0x47, 0x19, 0x47, 0x19, 0x47, 0x19, 0x47, 0x19, 0x47, 0x19,
    0x47, 0x19, 0x47, 0x19, 0x47, 0x19, 0x47, 0x19, 0x47, 0x19, 0x47, 0x19, 0x47, 0x19, 0x47, 0x19,
    0x47, 0x19, 0x47, 0x19, 0x47, 0x19, 0x47, 0x19, 0x47, 0x19, 0x47, 0x19, 0x47, 0x19, 0x47, 0x19,
    0x47, 0x19, 0x47, 0x19, 0x47, 0x19, 0x47, 0x19, 0x47, 0x19, 0x47, 0x19, 0x47, 0x19, 0x47, 0x19,
    0x47, 0x19, 0x47, 0x19, 0x47, 0x19, 0x47, 0x19, 0x47, 0x19, 0x47, 0x19, 0x47, 0x19, 0x47, 0x19,
    0x47, 0x19, 0x47, 0x19, 0x47, 0x19, 0x47, 0x19, 0x47, 0x19, 0x47, 0x19, 0x47, 0x19, 0x47, 0x19,
    0x47, 0x19, 0x47, 0x19, 0x47, 0x19, 0x47, 0x19, 0x47, 0x19, 0x47, 0x19, 0x47, 0x19, 0x47, 0x19,
    0x47, 0x19, 0x47, 0x19, 0x47, 0x19, 0x47, 0x19, 0x47, 0x19, 0x47, 0x19, 0x47, 0x19, 0x47, 0x19,
    0x47, 0x19, 0x47, 0x19, 0x47, 0x19, 0x47, 0x19, 0x47, 0x19, 0x47, 0x19, 0x47, 0x19, 0x47, 0x19,
    0x47, 0x19, 0x47, 0x19, 0x47, 0x19, 0x47, 0x19, 0x47, 0x19, 0x47, 0x19, 0x47, 0x19, 0x47, 0x19,
    0x47, 0x19, 0x47, 0x19, 0x47, 0x19, 0x47, 0x19, 0x47, 0x19, 0x47, 0x19, 0x47, 0x19, 0x67, 0x21,
    0xc5, 0x08, 0xf1, 0x7b, 0x97, 0xad, 0xe6, 0x10, 0x47, 0x19, 0x47, 0x21, 0x47, 0x19, 0x47, 0x19,
    0x47, 0x19, 0x47, 0x19, 0x47, 0x19, 0x47, 0x19, 0x47, 0x19, 0x47, 0x21, 0x06, 0x11, 0x2a, 0x3a,
    0x7a, 0xce, 0xcc, 0x52, 0xa5, 0x08, 0xc5, 0x10, 0xc5, 0x08, 0xc5, 0x08, 0xd0, 0x73, 0x18, 0xbe,
    0x88, 0x21, 0x27, 0x19, 0x47, 0x19, 0x47, 0x19, 0x47, 0x19, 0x47, 0x19, 0x47, 0x19, 0x47, 0x19,
    0x47, 0x19, 0x47, 0x19, 0x47, 0x19, 0x47, 0x19, 0x47, 0x19, 0x47, 0x19, 0x47, 0x19, 0x47, 0x19,
    0x47, 0x19, 0x47, 0x19, 0x47, 0x19, 0x47, 0x19, 0x47, 0x19, 0x47, 0x19, 0x47, 0x19, 0x47, 0x19,
    0x47, 0x19, 0x47, 0x19, 0x67, 0x21, 0xe5, 0x10, 0x2e, 0x5b, 0x19, 0xc6, 0x47, 0x21, 0xc5, 0x08,
    0x47, 0x19, 0x47, 0x19, 0xe6, 0x10, 0xe6, 0x10, 0x97, 0xad, 0x32, 0x84, 0xc5, 0x08, 0x67, 0x21,
    0x47, 0x19, 0x47, 0x19, 0x47, 0x19, 0x47, 0x19, 0x47, 0x19, 0x47, 0x19, 0x47, 0x19, 0x67, 0x21,
    0xa5, 0x08, 0x4e, 0x63, 0x39, 0xc6, 0x88, 0x21, 0x26, 0x19, 0x47, 0x19, 0x47, 0x19, 0x47, 0x19,
    0x47, 0x19, 0x47, 0x19, 0x47, 0x19, 0x47, 0x19, 0x47, 0x19, 0x47, 0x19, 0x47, 0x19, 0x47, 0x19,
    0x47, 0x19, 0x47, 0x19, 0x47, 0x19, 0x47, 0x19, 0x47, 0x19, 0x47, 0x19, 0x47, 0x19, 0x47, 0x19,
    0x47, 0x19, 0x47, 0x19, 0x47, 0x19, 0x47, 0x19, 0x47, 0x19, 0x47, 0x19, 0x47, 0x19, 0x47, 0x19,
    0x47, 0x19, 0x47, 0x19, 0x47, 0x19, 0x47, 0x19, 0x47, 0x19, 0x47, 0x19, 0x47, 0x19, 0x47, 0x19,
    0x47, 0x19, 0x47, 0x19, 0x47, 0x19, 0x47, 0x19, 0x47, 0x19, 0x47, 0x19, 0x47, 0x19, 0x47, 0x19,
    0x47, 0x19, 0x47, 0x19, 0x47, 0x19, 0x47, 0x19, 0x47, 0x19, 0x47, 0x19, 0x47, 0x19, 0x47, 0x19,
    0x47, 0x19, 0x47, 0x19, 0x47, 0x19, 0x47, 0x19, 0x47, 0x19, 0x47, 0x19, 0x47, 0x19, 0x47, 0x19,
    0x47, 0x19, 0x47, 0x19, 0x47, 0x19, 0x47, 0x19, 0x47, 0x19, 0x47, 0x19, 0x47, 0x19, 0x47, 0x19,
    0x47, 0x19, 0x47, 0x19, 0x47, 0x19, 0x47, 0x19, 0x47, 0x19, 0x47, 0x19, 0x47, 0x19, 0x47, 0x19,
    0x47, 0x19, 0x47, 0x19, 0x47, 0x19, 0x47, 0x19, 0x47, 0x19, 0x47, 0x19, 0x47, 0x19, 0x47, 0x19,
    0x47, 0x19, 0x47, 0x19, 0x47, 0x19, 0x47, 0x19, 0x47, 0x19, 0x47, 0x19, 0x47, 0x19, 0x47, 0x19,
    0x47, 0x19, 0x47, 0x19, 0x47, 0x19, 0x47, 0x19, 0x47, 0x19, 0x47, 0x19, 0x47, 0x19, 0x47, 0x19,
    0x47, 0x19, 0x47, 0x19, 0x47, 0x19, 0x47, 0x19, 0x47, 0x19, 0x47, 0x19, 0x47, 0x19, 0x47, 0x19,
    0x47, 0x19, 0x47, 0x19, 0x47, 0x19, 0x47, 0x19, 0x47, 0x19, 0x47, 0x19, 0x47, 0x19, 0x47, 0x19,
    0x47, 0x19, 0x47, 0x19, 0x47, 0x19, 0x47, 0x19, 0x47, 0x19, 0x47, 0x19, 0x47, 0x19, 0x47, 0x19,
    0x47, 0x19, 0x47, 0x19, 0x47, 0x19, 0x47, 0x19, 0x47, 0x19, 0x47, 0x19, 0x47, 0x19, 0x47, 0x19,
    0x47, 0x19, 0x47, 0x19, 0x47, 0x19, 0x47, 0x19, 0x47, 0x19, 0x47, 0x19, 0x47, 0x19, 0x47, 0x19,
    0x47, 0x19, 0x47, 0x19, 0x47, 0x19, 0x47, 0x19, 0x47, 0x19, 0x47, 0x19, 0x47, 0x19, 0x47, 0x19,
    0x47, 0x19, 0x47, 0x19, 0x47, 0x19, 0x47, 0x19, 0x47, 0x19, 0x47, 0x19, 0x47, 0x19, 0x47, 0x19,
    0x47, 0x19, 0x47, 0x19, 0x47, 0x19, 0x47, 0x19, 0x47, 0x19, 0x47, 0x19, 0x47, 0x19, 0x47, 0x19,
    0x47, 0x19, 0x47, 0x19, 0x47, 0x19, 0x47, 0x19, 0x47, 0x19, 0x47, 0x19, 0x47, 0x19, 0x47, 0x19,
    0x47, 0x19, 0x47, 0x19, 0x47, 0x19, 0x47, 0x19, 0x47, 0x19, 0x47, 0x19, 0x47, 0x19, 0x47, 0x19,
    0x47, 0x19, 0x47, 0x19, 0x47, 0x19, 0x47, 0x19, 0x47, 0x19, 0x47, 0x19, 0x47, 0x19, 0x47, 0x19,
    0x47, 0x19, 0x47, 0x19, 0x47, 0x19, 0x47, 0x19, 0x47, 0x19, 0x47, 0x19, 0x47, 0x19, 0x47, 0x19,
    0x47, 0x19, 0x47, 0x19, 0x47, 0x19, 0x47, 0x19, 0x47, 0x19, 0x47, 0x19, 0x47, 0x19, 0x47, 0x19,
    0x47, 0x21, 0xc5, 0x08, 0xd4, 0x94, 0x35, 0xa5, 0xc5, 0x08, 0x47, 0x19, 0x47, 0x21, 0x47, 0x19,
    0x47, 0x19, 0x47, 0x19, 0x47, 0x19, 0x47, 0x19, 0x47, 0x19, 0x47, 0x19, 0x67, 0x21, 0xe6, 0x10,
    0x6b, 0x42, 0x19, 0xc6, 0xf4, 0x9c, 0x6f, 0x63, 0x8f, 0x6b, 0x76, 0xad, 0x97, 0xad, 0xa8, 0x29,
    0x06, 0x11, 0x47, 0x21, 0x47, 0x19, 0x47, 0x19, 0x47, 0x19, 0x47, 0x19, 0x47, 0x19, 0x47, 0x19,
    0x47, 0x19, 0x47, 0x19, 0x47, 0x19, 0x47, 0x19, 0x47, 0x19, 0x47, 0x19, 0x47, 0x19, 0x47, 0x19,
    0x47, 0x19, 0x47, 0x19, 0x47, 0x19, 0x47, 0x19, 0x47, 0x19, 0x47, 0x19, 0x47, 0x19, 0x47, 0x19,
    0x47, 0x19, 0x47, 0x19, 0x47, 0x19, 0x67, 0x21, 0xc5, 0x10, 0xf0, 0x73, 0x39, 0xc6, 0xac, 0x4a,
    0x47, 0x19, 0x47, 0x19, 0x6b, 0x42, 0xd7, 0xb5, 0xb3, 0x94, 0xe6, 0x10, 0x47, 0x19, 0x47, 0x19,
    0x47, 0x19, 0x47, 0x19, 0x47, 0x19, 0x47, 0x19, 0x47, 0x19, 0x47, 0x19, 0x67, 0x21, 0xa5, 0x08,
    0x2e, 0x5b, 0x59, 0xc6, 0xc9, 0x31, 0x06, 0x11, 0x47, 0x21, 0x47, 0x19, 0x47, 0x19, 0x47, 0x19,
    0x47, 0x19, 0x47, 0x19, 0x47, 0x19, 0x47, 0x19, 0x47, 0x19, 0x47, 0x19, 0x47, 0x19, 0x47, 0x19,
    0x47, 0x19, 0x47, 0x19, 0x47, 0x19, 0x47, 0x19, 0x47, 0x19, 0x47, 0x19, 0x47, 0x19, 0x47, 0x19,
    0x47, 0x19, 0x47, 0x19, 0x47, 0x19, 0x47, 0x19, 0x47, 0x19, 0x47, 0x19, 0x47, 0x19, 0x47, 0x19,
    0x47, 0x19, 0x47, 0x19, 0x47, 0x19, 0x47, 0x19, 0x47, 0x19, 0x47, 0x19, 0x47, 0x19, 0x47, 0x19,
    0x47, 0x19, 0x47, 0x19, 0x47, 0x19, 0x47, 0x19, 0x47, 0x19, 0x47, 0x19, 0x47, 0x19, 0x47, 0x19,
    0x47, 0x19, 0x47, 0x19, 0x47, 0x19, 0x47, 0x19, 0x47, 0x19, 0x47, 0x19, 0x47, 0x19, 0x47, 0x19,
    0x47, 0x19, 0x47, 0x19, 0x47, 0x19, 0x47, 0x19, 0x47, 0x19, 0x47, 0x19, 0x47, 0x19, 0x47, 0x19,
    0x47, 0x19, 0x47, 0x19, 0x47, 0x19, 0x47, 0x19, 0x47, 0x19, 0x47, 0x19, 0x47, 0x19, 0x47, 0x19,
    0x47, 0x19, 0x47, 0x19, 0x47, 0x19, 0x47, 0x19, 0x47, 0x19, 0x47, 0x19, 0x47, 0x19, 0x47, 0x19,
    0x47, 0x19, 0x47, 0x19, 0x47, 0x19, 0x47, 0x19, 0x47, 0x19, 0x47, 0x19, 0x47, 0x19, 0x47, 0x19,
    0x47, 0x19, 0x47, 0x19, 0x47, 0x19, 0x47, 0x19, 0x47, 0x19, 0x47, 0x19, 0x47, 0x19, 0x47, 0x19,
    0x47, 0x19, 0x47, 0x19, 0x47, 0x19, 0x47, 0x19, 0x47, 0x19, 0x47, 0x19, 0x47, 0x19, 0x47, 0x19,
    0x47, 0x19, 0x47, 0x19, 0x47, 0x19, 0x47, 0x19, 0x47, 0x19, 0x47, 0x19, 0x47, 0x19, 0x47, 0x19,
    0x47, 0x19, 0x47, 0x19, 0x47, 0x19, 0x47, 0x19, 0x47, 0x19, 0x47, 0x19, 0x47, 0x19, 0x47, 0x19,
    0x47, 0x19, 0x47, 0x19, 0x47, 0x19, 0x47, 0x19, 0x47, 0x19, 0x47, 0x19, 0x47, 0x19, 0x47, 0x19,
    0x47, 0x19, 0x47, 0x19, 0x47, 0x19, 0x47, 0x19, 0x47, 0x19, 0x47, 0x19, 0x47, 0x19, 0x47, 0x19,
    0x47, 0x19, 0x47, 0x19, 0x47, 0x19, 0x47, 0x19, 0x47, 0x19, 0x47, 0x19, 0x47, 0x19, 0x47, 0x19,
    0x47, 0x19, 0x47, 0x19, 0x47, 0x19, 0x47, 0x19, 0x47, 0x19, 0x47, 0x19, 0x47, 0x19, 0x47, 0x19,
    0x47, 0x19, 0x47, 0x19, 0x47, 0x19, 0x47, 0x19, 0x47, 0x19, 0x47, 0x19, 0x47, 0x19, 0x47, 0x19,
    0x47, 0x19, 0x47, 0x19, 0x47, 0x19, 0x47, 0x19, 0x47, 0x19, 0x47, 0x19, 0x47, 0x19, 0x47, 0x19,
    0x47, 0x19, 0x47, 0x19, 0x47, 0x19, 0x47, 0x19, 0x47, 0x19, 0x47, 0x19, 0x47, 0x19, 0x47, 0x19,
    0x47, 0x19, 0x47, 0x19, 0x47, 0x19, 0x47, 0x19, 0x47, 0x19, 0x47, 0x19, 0x47, 0x19, 0x47, 0x19,
    0x47, 0x19, 0x47, 0x19, 0x47, 0x19, 0x47, 0x19, 0x47, 0x19, 0x47, 0x19, 0x47, 0x19, 0x47, 0x19,
    0x47, 0x19, 0x47, 0x19, 0x47, 0x19, 0x47, 0x19, 0x47, 0x19, 0x47, 0x19, 0x47, 0x19, 0x47, 0x19,
    0x47, 0x19, 0x47, 0x19, 0x47, 0x19, 0x47, 0x19, 0x47, 0x19, 0x47, 0x19, 0x47, 0x19, 0x47, 0x19,
    0x47, 0x19, 0x47, 0x19, 0xe6, 0x10, 0x15, 0x9d, 0x35, 0xa5, 0xe6, 0x10, 0x26, 0x19, 0x67, 0x21,
    0x47, 0x19, 0x47, 0x19, 0x47, 0x19, 0x47, 0x19, 0x47, 0x19, 0x47, 0x19, 0x47, 0x19, 0x67, 0x21,
    0xe6, 0x10, 0x67, 0x21, 0xd0, 0x73, 0xd4, 0x94, 0xb3, 0x94, 0x2e, 0x5b, 0x06, 0x11, 0x26, 0x19,
    0x47, 0x21, 0x47, 0x19, 0x47, 0x19, 0x47, 0x19, 0x47, 0x19, 0x47, 0x19, 0x47, 0x19, 0x47, 0x19,
    0x47, 0x19, 0x47, 0x19, 0x47, 0x19, 0x47, 0x19, 0x47, 0x19, 0x47, 0x19, 0x47, 0x19, 0x47, 0x19,
    0x47, 0x19, 0x47, 0x19, 0x47, 0x19, 0x47, 0x19, 0x47, 0x19, 0x47, 0x19, 0x47, 0x19, 0x47, 0x19,
    0x47, 0x19, 0x47, 0x19, 0x47, 0x19, 0x47, 0x19, 0x47, 0x21, 0xe5, 0x10, 0xed, 0x52, 0xb7, 0xb5,
    0x97, 0xb5, 0x97, 0xad, 0xd7, 0xb5, 0x6f, 0x63, 0xe6, 0x10, 0x47, 0x19, 0x47, 0x19, 0x47, 0x19,
    0x47, 0x19, 0x47, 0x19, 0x47, 0x19, 0x47, 0x19, 0x47, 0x21, 0x47, 0x19, 0xa5, 0x08, 0xb0, 0x73,
    0x39, 0xc6, 0xc9, 0x31, 0xe6, 0x10, 0x67, 0x21, 0x47, 0x19, 0x47, 0x19, 0x47, 0x19, 0x47, 0x19,
    0x47, 0x19, 0x47, 0x19, 0x47, 0x19, 0x47, 0x19, 0x47, 0x19, 0x47, 0x19, 0x47, 0x19, 0x47, 0x19,
    0x47, 0x19, 0x47, 0x19, 0x47, 0x19, 0x47, 0x19, 0x47, 0x19, 0x47, 0x19, 0x47, 0x19, 0x47, 0x19,
    0x47, 0x19, 0x47, 0x19, 0x47, 0x19, 0x47, 0x19, 0x47, 0x19, 0x47, 0x19, 0x47, 0x19, 0x47, 0x19,
    0x47, 0x19, 0x47, 0x19, 0x47, 0x19, 0x47, 0x19, 0x47, 0x19, 0x47, 0x19, 0x47, 0x19, 0x47, 0x19,
    0x47, 0x19, 0x47, 0x19, 0x47, 0x19, 0x47, 0x19, 0x47, 0x19, 0x47, 0x19, 0x47, 0x19, 0x47, 0x19,
    0x47, 0x19, 0x47, 0x19, 0x47, 0x19, 0x47, 0x19, 0x47, 0x19, 0x47, 0x19, 0x47, 0x19, 0x47, 0x19,
    0x47, 0x19, 0x47, 0x19, 0x47, 0x19, 0x47, 0x19, 0x47, 0x19, 0x47, 0x19, 0x47, 0x19, 0x47, 0x19,
    0x47, 0x19, 0x47, 0x19, 0x47, 0x19, 0x47, 0x19, 0x47, 0x19, 0x47, 0x19, 0x47, 0x19, 0x47, 0x19,
    0x47, 0x19, 0x47, 0x19, 0x47, 0x19, 0x47, 0x19, 0x47, 0x19, 0x47, 0x19, 0x47, 0x19, 0x47, 0x19,
    0x47, 0x19, 0x47, 0x19, 0x47, 0x19, 0x47, 0x19, 0x47, 0x19, 0x47, 0x19, 0x47, 0x19, 0x47, 0x19,
    0x47, 0x19, 0x47, 0x19, 0x47, 0x19, 0x47, 0x19, 0x47, 0x19, 0x47, 0x19, 0x47, 0x19, 0x47, 0x19,
    0x47, 0x19, 0x47, 0x19, 0x47, 0x19, 0x47, 0x19, 0x47, 0x19, 0x47, 0x19, 0x47, 0x19, 0x47, 0x19,
    0x47, 0x19, 0x47, 0x19, 0x47, 0x19, 0x47, 0x19, 0x47, 0x19, 0x47, 0x19, 0x47, 0x19, 0x47, 0x19,
    0x47, 0x19, 0x47, 0x19, 0x47, 0x19, 0x47, 0x19, 0x47, 0x19, 0x47, 0x19, 0x47, 0x19, 0x47, 0x19,
    0x47, 0x19, 0x47, 0x19, 0x47, 0x19, 0x47, 0x19, 0x47, 0x19, 0x47, 0x19, 0x47, 0x19, 0x47, 0x19,
    0x47, 0x19, 0x47, 0x19, 0x47, 0x19, 0x47, 0x19, 0x47, 0x19, 0x47, 0x19, 0x47, 0x19, 0x47, 0x19,
    0x47, 0x19, 0x47, 0x19, 0x47, 0x19, 0x47, 0x19, 0x47, 0x19, 0x47, 0x19, 0x47, 0x19, 0x47, 0x19,
    0x47, 0x19, 0x47, 0x19, 0x47, 0x19, 0x47, 0x19, 0x47, 0x19, 0x47, 0x19, 0x47, 0x19, 0x47, 0x19,
    0x47, 0x19, 0x47, 0x19, 0x47, 0x19, 0x47, 0x19, 0x47, 0x19, 0x47, 0x19, 0x47, 0x19, 0x47, 0x19,
    0x47, 0x19, 0x47, 0x19, 0x47, 0x19, 0x47, 0x19, 0x47, 0x19, 0x47, 0x19, 0x47, 0x19, 0x47, 0x19,
    0x47, 0x19, 0x47, 0x19, 0x47, 0x19, 0x47, 0x19, 0x47, 0x19, 0x47, 0x19, 0x47, 0x19, 0x47, 0x19,
    0x47, 0x19, 0x47, 0x19, 0x47, 0x19, 0x47, 0x19, 0x47, 0x19, 0x47, 0x19, 0x47, 0x19, 0x47, 0x19,
    0x47, 0x19, 0x47, 0x19, 0x47, 0x19, 0x47, 0x19, 0x47, 0x19, 0x47, 0x19, 0x47, 0x19, 0x47, 0x19,
    0x47, 0x19, 0x47, 0x19, 0x47, 0x19, 0x47, 0x19, 0x47, 0x19, 0x47, 0x19, 0x47, 0x19, 0x47, 0x19,
    0x47, 0x19, 0x47, 0x19, 0x47, 0x19, 0x47, 0x19, 0x47, 0x19, 0x47, 0x19, 0x47, 0x19, 0x47, 0x19,
    0x47, 0x19, 0x47, 0x19, 0x47, 0x19, 0xe6, 0x10, 0xb3, 0x94, 0xb7, 0xb5, 0x67, 0x21, 0xe6, 0x10,
    0x67, 0x21, 0x47, 0x19, 0x47, 0x19, 0x47, 0x19, 0x47, 0x19, 0x47, 0x19, 0x47, 0x19, 0x47, 0x19,
    0x47, 0x21, 0x27, 0x19, 0xc5, 0x08, 0xc5, 0x08, 0xc5, 0x08, 0xe5, 0x10, 0x47, 0x19, 0x47, 0x19,
    0x47, 0x19, 0x47, 0x19, 0x47, 0x19, 0x47, 0x19, 0x47, 0x19, 0x47, 0x19, 0x47, 0x19, 0x47, 0x19,
    0x47, 0x19, 0x47, 0x19, 0x47, 0x19, 0x47, 0x19, 0x47, 0x19, 0x47, 0x19, 0x47, 0x19, 0x47, 0x19,
    0x47, 0x19, 0x47, 0x19, 0x47, 0x19, 0x47, 0x19, 0x47, 0x19, 0x47, 0x19, 0x47, 0x19, 0x47, 0x19,
    0x47, 0x19, 0x47, 0x19, 0x47, 0x19, 0x47, 0x19, 0x47, 0x19, 0x47, 0x21, 0xe6, 0x10, 0x06, 0x19,
    0x0a, 0x3a, 0x2a, 0x3a, 0x27, 0x19, 0xc5, 0x10, 0x47, 0x21, 0x47, 0x19, 0x47, 0x19, 0x47, 0x19,
    0x47, 0x19, 0x47, 0x19, 0x47, 0x19, 0x67, 0x21, 0x06, 0x11, 0x06, 0x11, 0xb4, 0x94, 0xd7, 0xb5,
    0x88, 0x21, 0x06, 0x11, 0x67, 0x21, 0x47, 0x19, 0x47, 0x19, 0x47, 0x19, 0x47, 0x19, 0x47, 0x19,
    0x47, 0x19, 0x47, 0x19, 0x47, 0x19, 0x47, 0x19, 0x47, 0x19, 0x47, 0x19, 0x47, 0x19, 0x47, 0x19,
    0x47, 0x19, 0x47, 0x19, 0x47, 0x19, 0x47, 0x19, 0x47, 0x19, 0x47, 0x19, 0x47, 0x19, 0x47, 0x19,
    0x47, 0x19, 0x47, 0x19, 0x47, 0x19, 0x47, 0x19, 0x47, 0x19, 0x47, 0x19, 0x47, 0x19, 0x47, 0x19,
    0x47, 0x19, 0x47, 0x19, 0x47, 0x19, 0x47, 0x19, 0x47, 0x19, 0x47, 0x19, 0x47, 0x19, 0x47, 0x19,
    0x47, 0x19, 0x47, 0x19, 0x47, 0x19, 0x47, 0x19, 0x47, 0x19, 0x47, 0x19, 0x47, 0x19, 0x47, 0x19,
    0x47, 0x19, 0x47, 0x19, 0x47, 0x19, 0x47, 0x19, 0x47, 0x19, 0x47, 0x19, 0x47, 0x19, 0x47, 0x19,
    0x47, 0x19, 0x47, 0x19, 0x47, 0x19, 0x47, 0x19, 0x47, 0x19, 0x47, 0x19, 0x47, 0x19, 0x47, 0x19,
    0x47, 0x19, 0x47, 0x19, 0x47, 0x19, 0x47, 0x19, 0x47, 0x19, 0x47, 0x19, 0x47, 0x19, 0x47, 0x19,
    0x47, 0x19, 0x47, 0x19, 0x47, 0x19, 0x47, 0x19, 0x47, 0x19, 0x47, 0x19, 0x47, 0x19, 0x47, 0x19,
    0x47, 0x19, 0x47, 0x19, 0x47, 0x19, 0x47, 0x19, 0x47, 0x19, 0x47, 0x19, 0x47, 0x19, 0x47, 0x19,
    0x47, 0x19, 0x47, 0x19, 0x47, 0x19, 0x47, 0x19, 0x47, 0x19, 0x47, 0x19, 0x47, 0x19, 0x47, 0x19,
    0x47, 0x19, 0x47, 0x19, 0x47, 0x19, 0x47, 0x19, 0x47, 0x19, 0x47, 0x19, 0x47, 0x19, 0x47, 0x19,
    0x47, 0x19, 0x47, 0x19, 0x47, 0x19, 0x47, 0x19, 0x47, 0x19, 0x47, 0x19, 0x47, 0x19, 0x47, 0x19,
    0x47, 0x19, 0x47, 0x19, 0x47, 0x19, 0x47, 0x19, 0x47, 0x19, 0x47, 0x19, 0x47, 0x19, 0x47, 0x19,
    0x47, 0x19, 0x47, 0x19, 0x47, 0x19, 0x47, 0x19, 0x47, 0x19, 0x47, 0x19, 0x47, 0x19, 0x47, 0x19,
    0x47, 0x19, 0x47, 0x19, 0x47, 0x19, 0x47, 0x19, 0x47, 0x19, 0x47, 0x19, 0x47, 0x19, 0x47, 0x19,
    0x47, 0x19, 0x47, 0x19, 0x47, 0x19, 0x47, 0x19, 0x47, 0x19, 0x47, 0x19, 0x47, 0x19, 0x47, 0x19,
    0x47, 0x19, 0x47, 0x19, 0x47, 0x19, 0x47, 0x19, 0x47, 0x19, 0x47, 0x19, 0x47, 0x19, 0x47, 0x19,
    0x47, 0x19, 0x47, 0x19, 0x47, 0x19, 0x47, 0x19, 0x47, 0x19, 0x47, 0x19, 0x47, 0x19, 0x47, 0x19,
    0x47, 0x19, 0x47, 0x19, 0x47, 0x19, 0x47, 0x19, 0x47, 0x19, 0x47, 0x19, 0x47, 0x19, 0x47, 0x19,
    0x47, 0x19, 0x47, 0x19, 0x47, 0x19, 0x47, 0x19, 0x47, 0x19, 0x47, 0x19, 0x47, 0x19, 0x47, 0x19,
    0x47, 0x19, 0x47, 0x19, 0x47, 0x19, 0x47, 0x19, 0x47, 0x19, 0x47, 0x19, 0x47, 0x19, 0x47, 0x19,
    0x47, 0x19, 0x47, 0x19, 0x47, 0x19, 0x47, 0x19, 0x47, 0x19, 0x47, 0x19, 0x47, 0x19, 0x47, 0x19,
    0x47, 0x19, 0x47, 0x19, 0x47, 0x19, 0x47, 0x19, 0x47, 0x19, 0x47, 0x19, 0x47, 0x19, 0x47, 0x19,
    0x47, 0x19, 0x47, 0x19, 0x47, 0x19, 0x47, 0x19, 0x47, 0x19, 0x47, 0x19, 0x47, 0x19, 0x47, 0x19,
    0x47, 0x19, 0x47, 0x19, 0x47, 0x19, 0x47, 0x19, 0xc5, 0x08, 0xf1, 0x73, 0x39, 0xc6, 0x6b, 0x42,
    0xa5, 0x08, 0x47, 0x19, 0x47, 0x21, 0x47, 0x19, 0x47, 0x19, 0x47, 0x19, 0x47, 0x19, 0x47, 0x19,
    0x47, 0x19, 0x47, 0x19, 0x67, 0x21, 0x67, 0x21, 0x67, 0x21, 0x47, 0x21, 0x47, 0x19, 0x47, 0x19,
    0x47, 0x19, 0x47, 0x19, 0x47, 0x19, 0x47, 0x19, 0x47, 0x19, 0x47, 0x19, 0x47, 0x19, 0x47, 0x19,
    0x47, 0x19, 0x47, 0x19, 0x47, 0x19, 0x47, 0x19, 0x47, 0x19, 0x47, 0x19, 0x47, 0x19, 0x47, 0x19,
    0x47, 0x19, 0x47, 0x19, 0x47, 0x19, 0x47, 0x19, 0x47, 0x19, 0x47, 0x19, 0x47, 0x19, 0x47, 0x19,
    0x47, 0x19, 0x47, 0x19, 0x47, 0x19, 0x47, 0x19, 0x47, 0x19, 0x47, 0x19, 0x47, 0x21, 0x47, 0x19,
    0x06, 0x11, 0x06, 0x11, 0x47, 0x19, 0x67, 0x21, 0x47, 0x19, 0x47, 0x19, 0x47, 0x19, 0x47, 0x19,
    0x47, 0x19, 0x47, 0x21, 0x47, 0x19, 0xc5, 0x08, 0x0a, 0x3a, 0xd7, 0xb5, 0xd4, 0x94, 0x26, 0x19,
    0x26, 0x19, 0x67, 0x21, 0x47, 0x19, 0x47, 0x19, 0x47, 0x19, 0x47, 0x19, 0x47, 0x19, 0x47, 0x19,
    0x47, 0x19, 0x47, 0x19, 0x47, 0x19, 0x47, 0x19, 0x47, 0x19, 0x47, 0x19, 0x47, 0x19, 0x47, 0x19,
    0x47, 0x19, 0x47, 0x19, 0x47, 0x19, 0x47, 0x19, 0x47, 0x19, 0x47, 0x19, 0x47, 0x19, 0x47, 0x19,
    0x47, 0x19, 0x47, 0x19, 0x47, 0x19, 0x47, 0x19, 0x47, 0x19, 0x47, 0x19, 0x47, 0x19, 0x47, 0x19,
    0x47, 0x19, 0x47, 0x19, 0x47, 0x19, 0x47, 0x19, 0x47, 0x19, 0x47, 0x19, 0x47, 0x19, 0x47, 0x19,
    0x47, 0x19, 0x47, 0x19, 0x47, 0x19, 0x47, 0x19, 0x47, 0x19, 0x47, 0x19, 0x47, 0x19, 0x47, 0x19,
    0x47, 0x19, 0x47, 0x19, 0x47, 0x19, 0x47, 0x19, 0x47, 0x19, 0x47, 0x19, 0x47, 0x19, 0x47, 0x19,
    0x47, 0x19, 0x47, 0x19, 0x47, 0x19, 0x47, 0x19, 0x47, 0x19, 0x47, 0x19, 0x47, 0x19, 0x47, 0x19,
    0x47, 0x19, 0x47, 0x19, 0x47, 0x19, 0x47, 0x19, 0x47, 0x19, 0x47, 0x19, 0x47, 0x19, 0x47, 0x19,
    0x47, 0x19, 0x47, 0x19, 0x47, 0x19, 0x47, 0x19, 0x47, 0x19, 0x47, 0x19, 0x47, 0x19, 0x47, 0x19,
    0x47, 0x19, 0x47, 0x19, 0x47, 0x19, 0x47, 0x19, 0x47, 0x19, 0x47, 0x19, 0x47, 0x19, 0x47, 0x19,
    0x47, 0x19, 0x47, 0x19, 0x47, 0x19, 0x47, 0x19, 0x47, 0x19, 0x47, 0x19, 0x47, 0x19, 0x47, 0x19,
    0x47, 0x19, 0x47, 0x19, 0x47, 0x19, 0x47, 0x19, 0x47, 0x19, 0x47, 0x19, 0x47, 0x19, 0x47, 0x19,
    0x47, 0x19, 0x47, 0x19, 0x47, 0x19, 0x47, 0x19, 0x47, 0x19, 0x47, 0x19, 0x47, 0x19, 0x47, 0x19,
    0x47, 0x19, 0x47, 0x19, 0x47, 0x19, 0x47, 0x19, 0x47, 0x19, 0x47, 0x19, 0x47, 0x19, 0x47, 0x19,
    0x47, 0x19, 0x47, 0x19, 0x47, 0x19, 0x47, 0x19, 0x47, 0x19, 0x47, 0x19, 0x47, 0x19, 0x47, 0x19,
    0x47, 0x19, 0x47, 0x19, 0x47, 0x19, 0x47, 0x19, 0x47, 0x19, 0x47, 0x19, 0x47, 0x19, 0x47, 0x19,
    0x47, 0x19, 0x47, 0x19, 0x47, 0x19, 0x47, 0x19, 0x47, 0x19, 0x47, 0x19, 0x47, 0x19, 0x47, 0x19,
    0x47, 0x19, 0x47, 0x19, 0x47, 0x19, 0x47, 0x19, 0x47, 0x19, 0x47, 0x19, 0x47, 0x19, 0x47, 0x19,
    0x47, 0x19, 0x47, 0x19, 0x47, 0x19, 0x47, 0x19, 0x47, 0x19, 0x47, 0x19, 0x47, 0x19, 0x47, 0x19,
    0x47, 0x19, 0x47, 0x19, 0x47, 0x19, 0x47, 0x19, 0x47, 0x19, 0x47, 0x19, 0x47, 0x19, 0x47, 0x19,
    0x47, 0x19, 0x47, 0x19, 0x47, 0x19, 0x47, 0x19, 0x47, 0x19, 0x47, 0x19, 0x47, 0x19, 0x47, 0x19,
    0x47, 0x19, 0x47, 0x19, 0x47, 0x19, 0x47, 0x19, 0x47, 0x19, 0x47, 0x19, 0x47, 0x19, 0x47, 0x19,
    0x47, 0x19, 0x47, 0x19, 0x47, 0x19, 0x47, 0x19, 0x47, 0x19, 0x47, 0x19, 0x47, 0x19, 0x47, 0x19,
    0x47, 0x19, 0x47, 0x19, 0x47, 0x19, 0x47, 0x19, 0x47, 0x19, 0x47, 0x19, 0x47, 0x19, 0x47, 0x19,
    0x47, 0x19, 0x47, 0x19, 0x47, 0x19, 0x47, 0x19, 0x47, 0x19, 0x47, 0x19, 0x47, 0x19, 0x47, 0x19,
    0x47, 0x19, 0x47, 0x19, 0x47, 0x19, 0x47, 0x19, 0x47, 0x21, 0xc5, 0x08, 0xac, 0x4a, 0x39, 0xc6,
    0x32, 0x84, 0x06, 0x11, 0xe6, 0x10, 0x67, 0x21, 0x47, 0x21, 0x47, 0x19, 0x47, 0x19, 0x47, 0x19,
    0x47, 0x19, 0x47, 0x19, 0x47, 0x19, 0x47, 0x19, 0x47, 0x19, 0x47, 0x19, 0x47, 0x19, 0x47, 0x19,
    0x47, 0x19, 0x47, 0x19, 0x47, 0x19, 0x47, 0x19, 0x47, 0x19, 0x47, 0x19, 0x47, 0x19, 0x47, 0x19,
    0x47, 0x19, 0x47, 0x19, 0x47, 0x19, 0x47, 0x19, 0x47, 0x19, 0x47, 0x19, 0x47, 0x19, 0x47, 0x19,
    0x47, 0x19, 0x47, 0x19, 0x47, 0x19, 0x47, 0x19, 0x47, 0x19, 0x47, 0x19, 0x47, 0x19, 0x47, 0x19,
    0x47, 0x19, 0x47, 0x19, 0x47, 0x19, 0x47, 0x19, 0x47, 0x19, 0x47, 0x19, 0x47, 0x19, 0x47, 0x19,
    0x47, 0x19, 0x47, 0x19, 0x47, 0x19, 0x47, 0x19, 0x47, 0x19, 0x47, 0x19, 0x47, 0x19, 0x47, 0x21,
    0x47, 0x21, 0xe6, 0x10, 0x06, 0x11, 0xf1, 0x73, 0x39, 0xc6, 0x4e, 0x63, 0xc5, 0x08, 0x47, 0x19,
    0x47, 0x21, 0x47, 0x19, 0x47, 0x19, 0x47, 0x19, 0x47, 0x19, 0x47, 0x19, 0x47, 0x19, 0x47, 0x19,
    0x47, 0x19, 0x47, 0x19, 0x47, 0x19, 0x47, 0x19, 0x47, 0x19, 0x47, 0x19, 0x47, 0x19, 0x47, 0x19,
    0x47, 0x19, 0x47, 0x19, 0x47, 0x19, 0x47, 0x19, 0x47, 0x19, 0x47, 0x19, 0x47, 0x19, 0x47, 0x19,
    0x47, 0x19, 0x47, 0x19, 0x47, 0x19, 0x47, 0x19, 0x47, 0x19, 0x47, 0x19, 0x47, 0x19, 0x47, 0x19,
    0x47, 0x19, 0x47, 0x19, 0x47, 0x19, 0x47, 0x19, 0x47, 0x19, 0x47, 0x19, 0x47, 0x19, 0x47, 0x19,
    0x47, 0x19, 0x47, 0x19, 0x47, 0x19, 0x47, 0x19, 0x47, 0x19, 0x47, 0x19, 0x47, 0x19, 0x47, 0x19,
    0x47, 0x19, 0x47, 0x19, 0x47, 0x19, 0x47, 0x19, 0x47, 0x19, 0x47, 0x19, 0x47, 0x19, 0x47, 0x19,
    0x47, 0x19, 0x47, 0x19, 0x47, 0x19, 0x47, 0x19, 0x47, 0x19, 0x47, 0x19, 0x47, 0x19, 0x47, 0x19,
    0x47, 0x19, 0x47, 0x19, 0x47, 0x19, 0x47, 0x19, 0x47, 0x19, 0x47, 0x19, 0x47, 0x19, 0x47, 0x19,
    0x47, 0x19, 0x47, 0x19, 0x47, 0x19, 0x47, 0x19, 0x47, 0x19, 0x47, 0x19, 0x47, 0x19, 0x47, 0x19,
    0x47, 0x19, 0x47, 0x19, 0x47, 0x19, 0x47, 0x19, 0x47, 0x19, 0x47, 0x19, 0x47, 0x19, 0x47, 0x19,
    0x47, 0x19, 0x47, 0x19, 0x47, 0x19, 0x47, 0x19, 0x47, 0x19, 0x47, 0x19, 0x47, 0x19, 0x47, 0x19,
    0x47, 0x19, 0x47, 0x19, 0x47, 0x19, 0x47, 0x19, 0x47, 0x19, 0x47, 0x19, 0x47, 0x19, 0x47, 0x19,
    0x47, 0x19, 0x47, 0x19, 0x47, 0x19, 0x47, 0x19, 0x47, 0x19, 0x47, 0x19, 0x47, 0x19, 0x47, 0x19,
    0x47, 0x19, 0x47, 0x19, 0x47, 0x19, 0x47, 0x19, 0x47, 0x19, 0x47, 0x19, 0x47, 0x19, 0x47, 0x19,
    0x47, 0x19, 0x47, 0x19, 0x47, 0x19, 0x47, 0x19, 0x47, 0x19, 0x47, 0x19, 0x47, 0x19, 0x47, 0x19,
    0x47, 0x19, 0x47, 0x19, 0x47, 0x19, 0x47, 0x19, 0x47, 0x19, 0x47, 0x19, 0x47, 0x19, 0x47, 0x19,
    0x47, 0x19, 0x47, 0x19, 0x47, 0x19, 0x47, 0x19, 0x47, 0x19, 0x47, 0x19, 0x47, 0x19, 0x47, 0x19,
    0x47, 0x19, 0x47, 0x19, 0x47, 0x19, 0x47, 0x19, 0x47, 0x19, 0x47, 0x19, 0x47, 0x19, 0x47, 0x19,
    0x47, 0x19, 0x47, 0x19, 0x47, 0x19, 0x47, 0x19, 0x47, 0x19, 0x47, 0x19, 0x47, 0x19, 0x47, 0x19,
    0x47, 0x19, 0x47, 0x19, 0x47, 0x19, 0x47, 0x19, 0x47, 0x19, 0x47, 0x19, 0x47, 0x19, 0x47, 0x19,
    0x47, 0x19, 0x47, 0x19, 0x47, 0x19, 0x47, 0x19, 0x47, 0x19, 0x47, 0x19, 0x47, 0x19, 0x47, 0x19,
    0x47, 0x19, 0x47, 0x19, 0x47, 0x19, 0x47, 0x19, 0x47, 0x19, 0x47, 0x19, 0x47, 0x19, 0x47, 0x19,
    0x47, 0x19, 0x47, 0x19, 0x47, 0x19, 0x47, 0x19, 0x47, 0x19, 0x47, 0x19, 0x47, 0x19, 0x47, 0x19,
    0x47, 0x19, 0x47, 0x19, 0x47, 0x19, 0x47, 0x19, 0x47, 0x19, 0x47, 0x19, 0x47, 0x19, 0x47, 0x19,
    0x47, 0x19, 0x47, 0x19, 0x47, 0x19, 0x47, 0x19, 0x47, 0x19, 0x47, 0x19, 0x47, 0x19, 0x47, 0x19,
    0x47, 0x19, 0x47, 0x19, 0x47, 0x19, 0x47, 0x19, 0x47, 0x19, 0x67, 0x21, 0xe6, 0x10, 0x68, 0x21,
    0xf4, 0x9c, 0xd8, 0xb5, 0xcc, 0x4a, 0xc5, 0x08, 0x06, 0x11, 0x67, 0x21, 0x47, 0x21, 0x47, 0x19,
    0x47, 0x19, 0x47, 0x19, 0x47, 0x19, 0x47, 0x19, 0x47, 0x19, 0x47, 0x19, 0x47, 0x19, 0x47, 0x19,
    0x47, 0x19, 0x47, 0x19, 0x47, 0x19, 0x47, 0x19, 0x47, 0x19, 0x47, 0x19, 0x47, 0x19, 0x47, 0x19,
    0x47, 0x19, 0x47, 0x19, 0x47, 0x19, 0x47, 0x19, 0x47, 0x19, 0x47, 0x19, 0x47, 0x19, 0x47, 0x19,
    0x47, 0x19, 0x47, 0x19, 0x47, 0x19, 0x47, 0x19, 0x47, 0x19, 0x47, 0x19, 0x47, 0x19, 0x47, 0x19,
    0x47, 0x19, 0x47, 0x19, 0x47, 0x19, 0x47, 0x19, 0x47, 0x19, 0x47, 0x19, 0x47, 0x19, 0x47, 0x19,
    0x47, 0x19, 0x47, 0x19, 0x47, 0x19, 0x47, 0x19, 0x47, 0x19, 0x47, 0x21, 0x47, 0x21, 0xe6, 0x10,
    0xe6, 0x10, 0xcd, 0x52, 0xd7, 0xb5, 0x15, 0x9d, 0xa8, 0x29, 0xc5, 0x08, 0x67, 0x21, 0x47, 0x19,
    0x47, 0x19, 0x47, 0x19, 0x47, 0x19, 0x47, 0x19, 0x47, 0x19, 0x47, 0x19, 0x47, 0x19, 0x47, 0x19,
    0x47, 0x19, 0x47, 0x19, 0x47, 0x19, 0x47, 0x19, 0x47, 0x19, 0x47, 0x19, 0x47, 0x19, 0x47, 0x19,
    0x47, 0x19, 0x47, 0x19, 0x47, 0x19, 0x47, 0x19, 0x47, 0x19, 0x47, 0x19, 0x47, 0x19, 0x47, 0x19,
    0x47, 0x19, 0x47, 0x19, 0x47, 0x19, 0x47, 0x19, 0x47, 0x19, 0x47, 0x19, 0x47, 0x19, 0x47, 0x19,
    0x47, 0x19, 0x47, 0x19, 0x47, 0x19, 0x47, 0x19, 0x47, 0x19, 0x47, 0x19, 0x47, 0x19, 0x47, 0x19,
    0x47, 0x19, 0x47, 0x19, 0x47, 0x19, 0x47, 0x19, 0x47, 0x19, 0x47, 0x19, 0x47, 0x19, 0x47, 0x19,
    0x47, 0x19, 0x47, 0x19, 0x47, 0x19, 0x47, 0x19, 0x47, 0x19, 0x47, 0x19, 0x47, 0x19, 0x47, 0x19,
    0x47, 0x19, 0x47, 0x19, 0x47, 0x19, 0x47, 0x19, 0x47, 0x19, 0x47, 0x19, 0x47, 0x19, 0x47, 0x19,
    0x47, 0x19, 0x47, 0x19, 0x47, 0x19, 0x47, 0x19, 0x47, 0x19, 0x47, 0x19, 0x47, 0x19, 0x47, 0x19,
    0x47, 0x19, 0x47, 0x19, 0x47, 0x19, 0x47, 0x19, 0x47, 0x19, 0x47, 0x19, 0x47, 0x19, 0x47, 0x19,
    0x47, 0x19, 0x47, 0x19, 0x47, 0x19, 0x47, 0x19, 0x47, 0x19, 0x47, 0x19, 0x47, 0x19, 0x47, 0x19,
    0x47, 0x19, 0x47, 0x19, 0x47, 0x19, 0x47, 0x19, 0x47, 0x19, 0x47, 0x19, 0x47, 0x19, 0x47, 0x19,
    0x47, 0x19, 0x47, 0x19, 0x47, 0x19, 0x47, 0x19, 0x47, 0x19, 0x47, 0x19, 0x47, 0x19, 0x47, 0x19,
    0x47, 0x19, 0x47, 0x19, 0x47, 0x19, 0x47, 0x19, 0x47, 0x19, 0x47, 0x19, 0x47, 0x19, 0x47, 0x19,
    0x47, 0x19, 0x47, 0x19, 0x47, 0x19, 0x47, 0x19, 0x47, 0x19, 0x47, 0x19, 0x47, 0x19, 0x47, 0x19,
    0x47, 0x19, 0x47, 0x19, 0x47, 0x19, 0x47, 0x19, 0x47, 0x19, 0x47, 0x19, 0x47, 0x19, 0x47, 0x19,
    0x47, 0x19, 0x47, 0x19, 0x47, 0x19, 0x47, 0x19, 0x47, 0x19, 0x47, 0x19, 0x47, 0x19, 0x47, 0x19,
    0x47, 0x19, 0x47, 0x19, 0x47, 0x19, 0x47, 0x19, 0x47, 0x19, 0x47, 0x19, 0x47, 0x19, 0x47, 0x19,
    0x47, 0x19, 0x47, 0x19, 0x47, 0x19, 0x47, 0x19, 0x47, 0x19, 0x47, 0x19, 0x47, 0x19, 0x47, 0x19,
    0x47, 0x19, 0x47, 0x19, 0x47, 0x19, 0x47, 0x19, 0x47, 0x19, 0x47, 0x19, 0x47, 0x19, 0x47, 0x19,
    0x47, 0x19, 0x47, 0x19, 0x47, 0x19, 0x47, 0x19, 0x47, 0x19, 0x47, 0x19, 0x47, 0x19, 0x47, 0x19,
    0x47, 0x19, 0x47, 0x19, 0x47, 0x19, 0x47, 0x19, 0x47, 0x19, 0x47, 0x19, 0x47, 0x19, 0x47, 0x19,
    0x47, 0x19, 0x47, 0x19, 0x47, 0x19, 0x47, 0x19, 0x47, 0x19, 0x47, 0x19, 0x47, 0x19, 0x47, 0x19,
    0x47, 0x19, 0x47, 0x19, 0x47, 0x19, 0x47, 0x19, 0x47, 0x19, 0x47, 0x19, 0x47, 0x19, 0x47, 0x19,
    0x47, 0x19, 0x47, 0x19, 0x47, 0x19, 0x47, 0x19, 0x47, 0x19, 0x47, 0x19, 0x47, 0x19, 0x47, 0x19,
    0x47, 0x19, 0x47, 0x19, 0x47, 0x19, 0x47, 0x19, 0x47, 0x19, 0x47, 0x19, 0x47, 0x19, 0x47, 0x19,
    0x47, 0x19, 0x47, 0x19, 0x47, 0x19, 0x47, 0x19, 0x47, 0x19, 0x47, 0x19, 0x67, 0x21, 0x27, 0x19,
    0xc5, 0x08, 0xcd, 0x52, 0xd7, 0xb5, 0x35, 0xa5, 0x4b, 0x42, 0xc5, 0x10, 0xe6, 0x10, 0x47, 0x19,
    0x67, 0x21, 0x47, 0x19, 0x47, 0x19, 0x47, 0x19, 0x47, 0x19, 0x47, 0x19, 0x47, 0x19, 0x47, 0x19,
    0x47, 0x19, 0x47, 0x19, 0x47, 0x19, 0x47, 0x19, 0x47, 0x19, 0x47, 0x19, 0x47, 0x19, 0x47, 0x19,
    0x47, 0x19, 0x47, 0x19, 0x47, 0x19, 0x47, 0x19, 0x47, 0x19, 0x47, 0x19, 0x47, 0x19, 0x47, 0x19,
    0x47, 0x19, 0x47, 0x19, 0x47, 0x19, 0x47, 0x19, 0x47, 0x19, 0x47, 0x19, 0x47, 0x19, 0x47, 0x19,
    0x47, 0x19, 0x47, 0x19, 0x47, 0x19, 0x47, 0x19, 0x47, 0x19, 0x47, 0x19, 0x47, 0x19, 0x47, 0x19,
    0x47, 0x19, 0x47, 0x19, 0x47, 0x19, 0x67, 0x21, 0x47, 0x19, 0xe6, 0x10, 0xe6, 0x10, 0x8c, 0x4a,
    0x56, 0xa5, 0xb7, 0xb5, 0xcd, 0x52, 0xc5, 0x08, 0x26, 0x19, 0x67, 0x21, 0x47, 0x19, 0x47, 0x19,
    0x47, 0x19, 0x47, 0x19, 0x47, 0x19, 0x47, 0x19, 0x47, 0x19, 0x47, 0x19, 0x47, 0x19, 0x47, 0x19,
    0x47, 0x19, 0x47, 0x19, 0x47, 0x19, 0x47, 0x19, 0x47, 0x19, 0x47, 0x19, 0x47, 0x19, 0x47, 0x19,
    0x47, 0x19, 0x47, 0x19, 0x47, 0x19, 0x47, 0x19, 0x47, 0x19, 0x47, 0x19, 0x47, 0x19, 0x47, 0x19,
    0x47, 0x19, 0x47, 0x19, 0x47, 0x19, 0x47, 0x19, 0x47, 0x19, 0x47, 0x19, 0x47, 0x19, 0x47, 0x19,
    0x47, 0x19, 0x47, 0x19, 0x47, 0x19, 0x47, 0x19, 0x47, 0x19, 0x47, 0x19, 0x47, 0x19, 0x47, 0x19,
    0x47, 0x19, 0x47, 0x19, 0x47, 0x19, 0x47, 0x19, 0x47, 0x19, 0x47, 0x19, 0x47, 0x19, 0x47, 0x19,
    0x47, 0x19, 0x47, 0x19, 0x47, 0x19, 0x47, 0x19, 0x47, 0x19, 0x47, 0x19, 0x47, 0x19, 0x47, 0x19,
    0x47, 0x19, 0x47, 0x19, 0x47, 0x19, 0x47, 0x19, 0x47, 0x19, 0x47, 0x19, 0x47, 0x19, 0x47, 0x19,
    0x47, 0x19, 0x47, 0x19, 0x47, 0x19, 0x47, 0x19, 0x47, 0x19, 0x47, 0x19, 0x47, 0x19, 0x47, 0x19,
    0x47, 0x19, 0x47, 0x19, 0x47, 0x19, 0x47, 0x19, 0x47, 0x19, 0x47, 0x19, 0x47, 0x19, 0x47, 0x19,
    0x47, 0x19, 0x47, 0x19, 0x47, 0x19, 0x47, 0x19, 0x47, 0x19, 0x47, 0x19, 0x47, 0x19, 0x47, 0x19,
    0x47, 0x19, 0x47, 0x19, 0x47, 0x19, 0x47, 0x19, 0x47, 0x19, 0x47, 0x19, 0x47, 0x19, 0x47, 0x19,
    0x47, 0x19, 0x47, 0x19, 0x47, 0x19, 0x47, 0x19, 0x47, 0x19, 0x47, 0x19, 0x47, 0x19, 0x47, 0x19,
    0x47, 0x19, 0x47, 0x19, 0x47, 0x19, 0x47, 0x19, 0x47, 0x19, 0x47, 0x19, 0x47, 0x19, 0x47, 0x19,
    0x47, 0x19, 0x47, 0x19, 0x47, 0x19, 0x47, 0x19, 0x47, 0x19, 0x47, 0x19, 0x47, 0x19, 0x47, 0x19,
    0x47, 0x19, 0x47, 0x19, 0x47, 0x19, 0x47, 0x19, 0x47, 0x19, 0x47, 0x19, 0x47, 0x19, 0x47, 0x19,
    0x47, 0x19, 0x47, 0x19, 0x47, 0x19, 0x47, 0x19, 0x47, 0x19, 0x47, 0x19, 0x47, 0x19, 0x47, 0x19,
    0x47, 0x19, 0x47, 0x19, 0x47, 0x19, 0x47, 0x19, 0x47, 0x19, 0x47, 0x19, 0x47, 0x19, 0x47, 0x19,
    0x47, 0x19, 0x47, 0x19, 0x47, 0x19, 0x47, 0x19, 0x47, 0x19, 0x47, 0x19, 0x47, 0x19, 0x47, 0x19,
    0x47, 0x19, 0x47, 0x19, 0x47, 0x19, 0x47, 0x19, 0x47, 0x19, 0x47, 0x19, 0x47, 0x19, 0x47, 0x19,
    0x47, 0x19, 0x47, 0x19, 0x47, 0x19, 0x47, 0x19, 0x47, 0x19, 0x47, 0x19, 0x47, 0x19, 0x47, 0x19,
    0x47, 0x19, 0x47, 0x19, 0x47, 0x19, 0x47, 0x19, 0x47, 0x19, 0x47, 0x19, 0x47, 0x19, 0x47, 0x19,
    0x47, 0x19, 0x47, 0x19, 0x47, 0x19, 0x47, 0x19, 0x47, 0x19, 0x47, 0x19, 0x47, 0x19, 0x47, 0x19,
    0x47, 0x19, 0x47, 0x19, 0x47, 0x19, 0x47, 0x19, 0x47, 0x19, 0x47, 0x19, 0x47, 0x19, 0x47, 0x19,
    0x47, 0x19, 0x47, 0x19, 0x47, 0x19, 0x47, 0x19, 0x47, 0x19, 0x47, 0x19, 0x47, 0x19, 0x47, 0x19,
    0x47, 0x19, 0x47, 0x19, 0x47, 0x19, 0x47, 0x19, 0x47, 0x19, 0x47, 0x19, 0x47, 0x19, 0x47, 0x19,
    0x47, 0x19, 0x47, 0x19, 0x47, 0x19, 0x47, 0x19, 0x47, 0x19, 0x47, 0x19, 0x47, 0x19, 0x47, 0x19,
    0x67, 0x21, 0xe6, 0x10, 0x26, 0x19, 0x8f, 0x6b, 0xd8, 0xbd, 0x15, 0x9d, 0xac, 0x4a, 0x06, 0x11,
    0xc5, 0x08, 0x27, 0x19, 0x47, 0x21, 0x67, 0x21, 0x47, 0x19, 0x47, 0x19, 0x47, 0x19, 0x47, 0x19,
    0x47, 0x19, 0x47, 0x19, 0x47, 0x19, 0x47, 0x19, 0x47, 0x19, 0x47, 0x19, 0x47, 0x19, 0x47, 0x19,
    0x47, 0x19, 0x47, 0x19, 0x47, 0x19, 0x47, 0x19, 0x47, 0x19, 0x47, 0x19, 0x47, 0x19, 0x47, 0x19,
    0x47, 0x19, 0x47, 0x19, 0x47, 0x19, 0x47, 0x19, 0x47, 0x19, 0x47, 0x19, 0x47, 0x19, 0x47, 0x19,
    0x47, 0x19, 0x47, 0x19, 0x47, 0x19, 0x47, 0x19, 0x47, 0x19, 0x47, 0x19, 0x47, 0x19, 0x47, 0x21,
    0x67, 0x21, 0x47, 0x21, 0x06, 0x11, 0xc5, 0x08, 0x27, 0x19, 0x0d, 0x5b, 0x56, 0xa5, 0xb7, 0xb5,
    0x4e, 0x63, 0x06, 0x11, 0xe6, 0x10, 0x67, 0x21, 0x47, 0x19, 0x47, 0x19, 0x47, 0x19, 0x47, 0x19,
    0x47, 0x19, 0x47, 0x19, 0x47, 0x19, 0x47, 0x19, 0x47, 0x19, 0x47, 0x19, 0x47, 0x19, 0x47, 0x19,
    0x47, 0x19, 0x47, 0x19, 0x47, 0x19, 0x47, 0x19, 0x47, 0x19, 0x47, 0x19, 0x47, 0x19, 0x47, 0x19,
    0x47, 0x19, 0x47, 0x19, 0x47, 0x19, 0x47, 0x19, 0x47, 0x19, 0x47, 0x19, 0x47, 0x19, 0x47, 0x19,
    0x47, 0x19, 0x47, 0x19, 0x47, 0x19, 0x47, 0x19, 0x47, 0x19, 0x47, 0x19, 0x47, 0x19, 0x47, 0x19,
    0x47, 0x19, 0x47, 0x19, 0x47, 0x19, 0x47, 0x19, 0x47, 0x19, 0x47, 0x19, 0x47, 0x19, 0x47, 0x19,
    0x47, 0x19, 0x47, 0x19, 0x47, 0x19, 0x47, 0x19, 0x47, 0x19, 0x47, 0x19, 0x47, 0x19, 0x47, 0x19,
    0x47, 0x19, 0x47, 0x19, 0x47, 0x19, 0x47, 0x19, 0x47, 0x19, 0x47, 0x19, 0x47, 0x19, 0x47, 0x19,
    0x47, 0x19, 0x47, 0x19, 0x47, 0x19, 0x47, 0x19, 0x47, 0x19, 0x47, 0x19, 0x47, 0x19, 0x47, 0x19,
    0x47, 0x19, 0x47, 0x19, 0x47, 0x19, 0x47, 0x19, 0x47, 0x19, 0x47, 0x19, 0x47, 0x19, 0x47, 0x19,
    0x47, 0x19, 0x47, 0x19, 0x47, 0x19, 0x47, 0x19, 0x47, 0x19, 0x47, 0x19, 0x47, 0x19, 0x47, 0x19,
    0x47, 0x19, 0x47, 0x19, 0x47, 0x19, 0x47, 0x19, 0x47, 0x19, 0x47, 0x19, 0x47, 0x19, 0x47, 0x19,
    0x47, 0x19, 0x47, 0x19, 0x47, 0x19, 0x47, 0x19, 0x47, 0x19, 0x47, 0x19, 0x47, 0x19, 0x47, 0x19,
    0x47, 0x19, 0x47, 0x19, 0x47, 0x19, 0x47, 0x19, 0x47, 0x19, 0x47, 0x19, 0x47, 0x19, 0x47, 0x19,
    0x47, 0x19, 0x47, 0x19, 0x47, 0x19, 0x47, 0x19, 0x47, 0x19, 0x47, 0x19, 0x47, 0x19, 0x47, 0x19,
    0x47, 0x19, 0x47, 0x19, 0x47, 0x19, 0x47, 0x19, 0x47, 0x19, 0x47, 0x19, 0x47, 0x19, 0x47, 0x19,
    0x47, 0x19, 0x47, 0x19, 0x47, 0x19, 0x47, 0x19, 0x47, 0x19, 0x47, 0x19, 0x47, 0x19, 0x47, 0x19,
    0x47, 0x19, 0x47, 0x19, 0x47, 0x19, 0x47, 0x19, 0x47, 0x19, 0x47, 0x19, 0x47, 0x19, 0x47, 0x19,
    0x47, 0x19, 0x47, 0x19, 0x47, 0x19, 0x47, 0x19, 0x47, 0x19, 0x47, 0x19, 0x47, 0x19, 0x47, 0x19,
    0x47, 0x19, 0x47, 0x19, 0x47, 0x19, 0x47, 0x19, 0x47, 0x19, 0x47, 0x19, 0x47, 0x19, 0x47, 0x19,
    0x47, 0x19, 0x47, 0x19, 0x47, 0x19, 0x47, 0x19, 0x47, 0x19, 0x47, 0x19, 0x47, 0x19, 0x47, 0x19,
    0x47, 0x19, 0x47, 0x19, 0x47, 0x19, 0x47, 0x19, 0x47, 0x19, 0x47, 0x19, 0x47, 0x19, 0x47, 0x19,
    0x47, 0x19, 0x47, 0x19, 0x47, 0x19, 0x47, 0x19, 0x47, 0x19, 0x47, 0x19, 0x47, 0x19, 0x47, 0x19,
    0x47, 0x19, 0x47, 0x19, 0x47, 0x19, 0x47, 0x19, 0x47, 0x19, 0x47, 0x19, 0x47, 0x19, 0x47, 0x19,
    0x47, 0x19, 0x47, 0x19, 0x47, 0x19, 0x47, 0x19, 0x47, 0x19, 0x47, 0x19, 0x47, 0x19, 0x47, 0x19,
    0x47, 0x19, 0x47, 0x19, 0x47, 0x19, 0x47, 0x19, 0x47, 0x19, 0x47, 0x19, 0x47, 0x19, 0x47, 0x19,
    0x47, 0x19, 0x47, 0x19, 0x47, 0x19, 0x47, 0x19, 0x47, 0x19, 0x47, 0x19, 0x47, 0x19, 0x47, 0x19,
    0x47, 0x19, 0x47, 0x19, 0x47, 0x19, 0x47, 0x19, 0x47, 0x19, 0x47, 0x19, 0x47, 0x19, 0x47, 0x19,
    0x47, 0x19, 0x47, 0x21, 0x47, 0x19, 0xc5, 0x08, 0x47, 0x19, 0x6f, 0x6b, 0xb7, 0xb5, 0x96, 0xad,
    0x8f, 0x6b, 0xc9, 0x29, 0xc5, 0x10, 0xc5, 0x10, 0x26, 0x19, 0x47, 0x21, 0x67, 0x21, 0x47, 0x21,
    0x47, 0x19, 0x47, 0x19, 0x47, 0x19, 0x47, 0x19, 0x47, 0x19, 0x47, 0x19, 0x47, 0x19, 0x47, 0x19,
    0x47, 0x19, 0x47, 0x19, 0x47, 0x19, 0x47, 0x19, 0x47, 0x19, 0x47, 0x19, 0x47, 0x19, 0x47, 0x19,
    0x47, 0x19, 0x47, 0x19, 0x47, 0x19, 0x47, 0x19, 0x47, 0x19, 0x47, 0x19, 0x47, 0x19, 0x47, 0x19,
    0x47, 0x19, 0x47, 0x19, 0x47, 0x19, 0x47, 0x19, 0x47, 0x21, 0x67, 0x21, 0x47, 0x19, 0x06, 0x11,
    0xc5, 0x08, 0x06, 0x11, 0x0a, 0x3a, 0x11, 0x7c, 0xb7, 0xb5, 0x56, 0xa5, 0x0d, 0x5b, 0x26, 0x19,
    0xc5, 0x10, 0x47, 0x19, 0x47, 0x21, 0x47, 0x19, 0x47, 0x19, 0x47, 0x19, 0x47, 0x19, 0x47, 0x19,
    0x47, 0x19, 0x47, 0x19, 0x47, 0x19, 0x47, 0x19, 0x47, 0x19, 0x47, 0x19, 0x47, 0x19, 0x47, 0x19,
    0x47, 0x19, 0x47, 0x19, 0x47, 0x19, 0x47, 0x19, 0x47, 0x19, 0x47, 0x19, 0x47, 0x19, 0x47, 0x19,
    0x47, 0x19, 0x47, 0x19, 0x47, 0x19, 0x47, 0x19, 0x47, 0x19, 0x47, 0x19, 0x47, 0x19, 0x47, 0x19,
    0x47, 0x19, 0x47, 0x19, 0x47, 0x19, 0x47, 0x19, 0x47, 0x19, 0x47, 0x19, 0x47, 0x19, 0x47, 0x19,
    0x47, 0x19, 0x47, 0x19, 0x47, 0x19, 0x47, 0x19, 0x47, 0x19, 0x47, 0x19, 0x47, 0x19, 0x47, 0x19,
    0x47, 0x19, 0x47, 0x19, 0x47, 0x19, 0x47, 0x19, 0x47, 0x19, 0x47, 0x19, 0x47, 0x19, 0x47, 0x19,
    0x47, 0x19, 0x47, 0x19, 0x47, 0x19, 0x47, 0x19, 0x47, 0x19, 0x47, 0x19, 0x47, 0x19, 0x47, 0x19,
    0x47, 0x19, 0x47, 0x19, 0x47, 0x19, 0x47, 0x19, 0x47, 0x19, 0x47, 0x19, 0x47, 0x19, 0x47, 0x19,
    0x47, 0x19, 0x47, 0x19, 0x47, 0x19, 0x47, 0x19, 0x47, 0x19, 0x47, 0x19, 0x47, 0x19, 0x47, 0x19,
    0x47, 0x19, 0x47, 0x19, 0x47, 0x19, 0x47, 0x19, 0x47, 0x19, 0x47, 0x19, 0x47, 0x19, 0x47, 0x19,
    0x47, 0x19, 0x47, 0x19, 0x47, 0x19, 0x47, 0x19, 0x47, 0x19, 0x47, 0x19, 0x47, 0x19, 0x47, 0x19,
    0x47, 0x19, 0x47, 0x19, 0x47, 0x19, 0x47, 0x19, 0x47, 0x19, 0x47, 0x19, 0x47, 0x19, 0x47, 0x19,
    0x47, 0x19, 0x47, 0x19, 0x47, 0x19, 0x47, 0x19, 0x47, 0x19, 0x47, 0x19, 0x47, 0x19, 0x47, 0x19,
    0x47, 0x19, 0x47, 0x19, 0x47, 0x19, 0x47, 0x19, 0x47, 0x19, 0x47, 0x19, 0x47, 0x19, 0x47, 0x19,
    0x47, 0x19, 0x47, 0x19, 0x47, 0x19, 0x47, 0x19, 0x47, 0x19, 0x47, 0x19, 0x47, 0x19, 0x47, 0x19,
    0x47, 0x19, 0x47, 0x19, 0x47, 0x19, 0x47, 0x19, 0x47, 0x19, 0x47, 0x19, 0x47, 0x19, 0x47, 0x19,
    0x47, 0x19, 0x47, 0x19, 0x47, 0x19, 0x47, 0x19, 0x47, 0x19, 0x47, 0x19, 0x47, 0x19, 0x47, 0x19,
    0x47, 0x19, 0x47, 0x19, 0x47, 0x19, 0x47, 0x19, 0x47, 0x19, 0x47, 0x19, 0x47, 0x19, 0x47, 0x19,
    0x47, 0x19, 0x47, 0x19, 0x47, 0x19, 0x47, 0x19, 0x47, 0x19, 0x47, 0x19, 0x47, 0x19, 0x47, 0x19,
    0x47, 0x19, 0x47, 0x19, 0x47, 0x19, 0x47, 0x19, 0x47, 0x19, 0x47, 0x19, 0x47, 0x19, 0x47, 0x19,
    0x47, 0x19, 0x47, 0x19, 0x47, 0x19, 0x47, 0x19, 0x47, 0x19, 0x47, 0x19, 0x47, 0x19, 0x47, 0x19,
    0x47, 0x19, 0x47, 0x19, 0x47, 0x19, 0x47, 0x19, 0x47, 0x19, 0x47, 0x19, 0x47, 0x19, 0x47, 0x19,
    0x47, 0x19, 0x47, 0x19, 0x47, 0x19, 0x47, 0x19, 0x47, 0x19, 0x47, 0x19, 0x47, 0x19, 0x47, 0x19,
    0x47, 0x19, 0x47, 0x19, 0x47, 0x19, 0x47, 0x19, 0x47, 0x19, 0x47, 0x19, 0x47, 0x19, 0x47, 0x19,
    0x47, 0x19, 0x47, 0x19, 0x47, 0x19, 0x47, 0x19, 0x47, 0x19, 0x47, 0x19, 0x47, 0x19, 0x47, 0x19,
    0x47, 0x19, 0x47, 0x19, 0x47, 0x19, 0x47, 0x19, 0x47, 0x19, 0x47, 0x19, 0x47, 0x19, 0x47, 0x19,
    0x47, 0x19, 0x47, 0x19, 0x47, 0x19, 0x47, 0x19, 0x47, 0x19, 0x47, 0x19, 0x47, 0x19, 0x47, 0x19,
    0x47, 0x19, 0x47, 0x19, 0x47, 0x19, 0x67, 0x21, 0x47, 0x19, 0xc5, 0x08, 0x26, 0x19, 0xcc, 0x4a,
    0xf4, 0x94, 0xd8, 0xb5, 0xf5, 0x9c, 0x4e, 0x63, 0xc9, 0x31, 0xe6, 0x10, 0xc5, 0x08, 0xe6, 0x10,
    0x26, 0x19, 0x47, 0x19, 0x67, 0x21, 0x67, 0x21, 0x47, 0x21, 0x47, 0x21, 0x47, 0x19, 0x47, 0x19,
    0x47, 0x19, 0x47, 0x19, 0x47, 0x19, 0x47, 0x19, 0x47, 0x19, 0x47, 0x19, 0x47, 0x19, 0x47, 0x19,
    0x47, 0x19, 0x47, 0x19, 0x47, 0x19, 0x47, 0x19, 0x47, 0x19, 0x47, 0x19, 0x47, 0x21, 0x47, 0x21,
    0x67, 0x21, 0x47, 0x21, 0x47, 0x19, 0x06, 0x11, 0xe5, 0x10, 0xc5, 0x08, 0x27, 0x19, 0x2a, 0x3a,
    0xd0, 0x73, 0x56, 0xa5, 0xb7, 0xb5, 0x72, 0x84, 0x4b, 0x42, 0xe6, 0x10, 0xe5, 0x10, 0x47, 0x19,
    0x67, 0x21, 0x47, 0x19, 0x47, 0x19, 0x47, 0x19, 0x47, 0x19, 0x47, 0x19, 0x47, 0x19, 0x47, 0x19,
    0x47, 0x19, 0x47, 0x19, 0x47, 0x19, 0x47, 0x19, 0x47, 0x19, 0x47, 0x19, 0x47, 0x19, 0x47, 0x19,
    0x47, 0x19, 0x47, 0x19, 0x47, 0x19, 0x47, 0x19, 0x47, 0x19, 0x47, 0x19, 0x47, 0x19, 0x47, 0x19,
    0x47, 0x19, 0x47, 0x19, 0x47, 0x19, 0x47, 0x19, 0x47, 0x19, 0x47, 0x19, 0x47, 0x19, 0x47, 0x19,
    0x47, 0x19, 0x47, 0x19, 0x47, 0x19, 0x47, 0x19, 0x47, 0x19, 0x47, 0x19, 0x47, 0x19, 0x47, 0x19,
    0x47, 0x19, 0x47, 0x19, 0x47, 0x19, 0x47, 0x19, 0x47, 0x19, 0x47, 0x19, 0x47, 0x19, 0x47, 0x19,
    0x47, 0x19, 0x47, 0x19, 0x47, 0x19, 0x47, 0x19, 0x47, 0x19, 0x47, 0x19, 0x47, 0x19, 0x47, 0x19,
    0x47, 0x19, 0x47, 0x19, 0x47, 0x19, 0x47, 0x19, 0x47, 0x19, 0x47, 0x19, 0x47, 0x19, 0x47, 0x19,
    0x47, 0x19, 0x47, 0x19, 0x47, 0x19, 0x47, 0x19, 0x47, 0x19, 0x47, 0x19, 0x47, 0x19, 0x47, 0x19,
    0x47, 0x19, 0x47, 0x19, 0x47, 0x19, 0x47, 0x19, 0x47, 0x19, 0x47, 0x19, 0x47, 0x19, 0x47, 0x19,
    0x47, 0x19, 0x47, 0x19, 0x47, 0x19, 0x47, 0x19, 0x47, 0x19, 0x47, 0x19, 0x47, 0x19, 0x47, 0x19,
    0x47, 0x19, 0x47, 0x19, 0x47, 0x19, 0x47, 0x19, 0x47, 0x19, 0x47, 0x19, 0x47, 0x19, 0x47, 0x19,
    0x47, 0x19, 0x47, 0x19, 0x47, 0x19, 0x47, 0x19, 0x47, 0x19, 0x47, 0x19, 0x47, 0x19, 0x47, 0x19,
    0x47, 0x19, 0x47, 0x19, 0x47, 0x19, 0x47, 0x19, 0x47, 0x19, 0x47, 0x19, 0x47, 0x19, 0x47, 0x19,
    0x47, 0x19, 0x47, 0x19, 0x47, 0x19, 0x47, 0x19, 0x47, 0x19, 0x47, 0x19, 0x47, 0x19, 0x47, 0x19,
    0x47, 0x19, 0x47, 0x19, 0x47, 0x19, 0x47, 0x19, 0x47, 0x19, 0x47, 0x19, 0x47, 0x19, 0x47, 0x19,
    0x47, 0x19, 0x47, 0x19, 0x47, 0x19, 0x47, 0x19, 0x47, 0x19, 0x47, 0x19, 0x47, 0x19, 0x47, 0x19,
    0x47, 0x19, 0x47, 0x19, 0x47, 0x19, 0x47, 0x19, 0x47, 0x19, 0x47, 0x19, 0x47, 0x19, 0x47, 0x19,
    0x47, 0x19, 0x47, 0x19, 0x47, 0x19, 0x47, 0x19, 0x47, 0x19, 0x47, 0x19, 0x47, 0x19, 0x47, 0x19,
    0x47, 0x19, 0x47, 0x19, 0x47, 0x19, 0x47, 0x19, 0x47, 0x19, 0x47, 0x19, 0x47, 0x19, 0x47, 0x19,
    0x47, 0x19, 0x47, 0x19, 0x47, 0x19, 0x47, 0x19, 0x47, 0x19, 0x47, 0x19, 0x47, 0x19, 0x47, 0x19,
    0x47, 0x19, 0x47, 0x19, 0x47, 0x19, 0x47, 0x19, 0x47, 0x19, 0x47, 0x19, 0x47, 0x19, 0x47, 0x19,
    0x47, 0x19, 0x47, 0x19, 0x47, 0x19, 0x47, 0x19, 0x47, 0x19, 0x47, 0x19, 0x47, 0x19, 0x47, 0x19,
    0x47, 0x19, 0x47, 0x19, 0x47, 0x19, 0x47, 0x19, 0x47, 0x19, 0x47, 0x19, 0x47, 0x19, 0x47, 0x19,
    0x47, 0x19, 0x47, 0x19, 0x47, 0x19, 0x47, 0x19, 0x47, 0x19, 0x47, 0x19, 0x47, 0x19, 0x47, 0x19,
    0x47, 0x19, 0x47, 0x19, 0x47, 0x19, 0x47, 0x19, 0x47, 0x19, 0x47, 0x19, 0x47, 0x19, 0x47, 0x19,
    0x47, 0x19, 0x47, 0x19, 0x47, 0x19, 0x47, 0x19, 0x47, 0x19, 0x47, 0x19, 0x47, 0x19, 0x47, 0x19,
    0x47, 0x19, 0x47, 0x19, 0x47, 0x19, 0x47, 0x19, 0x47, 0x19, 0x47, 0x19, 0x47, 0x19, 0x47, 0x19,
    0x47, 0x19, 0x47, 0x19, 0x47, 0x19, 0x47, 0x19, 0x47, 0x19, 0x67, 0x21, 0x47, 0x19, 0xe6, 0x10,
    0xc5, 0x08, 0xa8, 0x29, 0x4e, 0x63, 0x15, 0x9d, 0xb7, 0xb5, 0x56, 0xa5, 0x11, 0x7c, 0xcd, 0x52,
    0xc9, 0x29, 0x26, 0x19, 0xc5, 0x08, 0xc5, 0x08, 0xe6, 0x10, 0x06, 0x11, 0x26, 0x19, 0x27, 0x19,
    0x47, 0x19, 0x47, 0x19, 0x47, 0x21, 0x47, 0x21, 0x47, 0x21, 0x47, 0x21, 0x47, 0x21, 0x47, 0x21,
    0x47, 0x21, 0x47, 0x21, 0x47, 0x19, 0x47, 0x19, 0x27, 0x19, 0x06, 0x11, 0xe6, 0x10, 0xc5, 0x08,
    0xc5, 0x08, 0xe6, 0x10, 0x47, 0x21, 0x2a, 0x3a, 0x4e, 0x63, 0x93, 0x8c, 0x97, 0xad, 0x97, 0xad,
    0x93, 0x8c, 0xcc, 0x52, 0x47, 0x21, 0xc5, 0x08, 0x06, 0x11, 0x47, 0x21, 0x47, 0x21, 0x47, 0x19,
    0x47, 0x19, 0x47, 0x19, 0x47, 0x19, 0x47, 0x19, 0x47, 0x19, 0x47, 0x19, 0x47, 0x19, 0x47, 0x19,
    0x47, 0x19, 0x47, 0x19, 0x47, 0x19, 0x47, 0x19, 0x47, 0x19, 0x47, 0x19, 0x47, 0x19, 0x47, 0x19,
    0x47, 0x19, 0x47, 0x19, 0x47, 0x19, 0x47, 0x19, 0x47, 0x19, 0x47, 0x19, 0x47, 0x19, 0x47, 0x19,
    0x47, 0x19, 0x47, 0x19, 0x47, 0x19, 0x47, 0x19, 0x47, 0x19, 0x47, 0x19, 0x47, 0x19, 0x47, 0x19,
    0x47, 0x19, 0x47, 0x19, 0x47, 0x19, 0x47, 0x19, 0x47, 0x19, 0x47, 0x19, 0x47, 0x19, 0x47, 0x19,
    0x47, 0x19, 0x47, 0x19, 0x47, 0x19, 0x47, 0x19, 0x47, 0x19, 0x47, 0x19, 0x47, 0x19, 0x47, 0x19,
    0x47, 0x19, 0x47, 0x19, 0x47, 0x19, 0x47, 0x19, 0x47, 0x19, 0x47, 0x19, 0x47, 0x19, 0x47, 0x19,
    0x47, 0x19, 0x47, 0x19, 0x47, 0x19, 0x47, 0x19, 0x47, 0x19, 0x47, 0x19, 0x47, 0x19, 0x47, 0x19,
    0x47, 0x19, 0x47, 0x19, 0x47, 0x19, 0x47, 0x19, 0x47, 0x19, 0x47, 0x19, 0x47, 0x19, 0x47, 0x19,
    0x47, 0x19, 0x47, 0x19, 0x47, 0x19, 0x47, 0x19, 0x47, 0x19, 0x47, 0x19, 0x47, 0x19, 0x47, 0x19,
    0x47, 0x19, 0x47, 0x19, 0x47, 0x19, 0x47, 0x19, 0x47, 0x19, 0x47, 0x19, 0x47, 0x19, 0x47, 0x19,
    0x47, 0x19, 0x47, 0x19, 0x47, 0x19, 0x47, 0x19, 0x47, 0x19, 0x47, 0x19, 0x47, 0x19, 0x47, 0x19,
    0x47, 0x19, 0x47, 0x19, 0x47, 0x19, 0x47, 0x19, 0x47, 0x19, 0x47, 0x19, 0x47, 0x19, 0x47, 0x19,
    0x47, 0x19, 0x47, 0x19, 0x47, 0x19, 0x47, 0x19, 0x47, 0x19, 0x47, 0x19, 0x47, 0x19, 0x47, 0x19,
    0x47, 0x19, 0x47, 0x19, 0x47, 0x19, 0x47, 0x19, 0x47, 0x19, 0x47, 0x19, 0x47, 0x19, 0x47, 0x19,
    0x47, 0x19, 0x47, 0x19, 0x47, 0x19, 0x47, 0x19, 0x47, 0x19, 0x47, 0x19, 0x47, 0x19, 0x47, 0x19,
    0x47, 0x19, 0x47, 0x19, 0x47, 0x19, 0x47, 0x19, 0x47, 0x19, 0x47, 0x19, 0x47, 0x19, 0x47, 0x19,
    0x47, 0x19, 0x47, 0x19, 0x47, 0x19, 0x47, 0x19, 0x47, 0x19, 0x47, 0x19, 0x47, 0x19, 0x47, 0x19,
    0x47, 0x19, 0x47, 0x19, 0x47, 0x19, 0x47, 0x19, 0x47, 0x19, 0x47, 0x19, 0x47, 0x19, 0x47, 0x19,
    0x47, 0x19, 0x47, 0x19, 0x47, 0x19, 0x47, 0x19, 0x47, 0x19, 0x47, 0x19, 0x47, 0x19, 0x47, 0x19,
    0x47, 0x19, 0x47, 0x19, 0x47, 0x19, 0x47, 0x19, 0x47, 0x19, 0x47, 0x19, 0x47, 0x19, 0x47, 0x19,
    0x47, 0x19, 0x47, 0x19, 0x47, 0x19, 0x47, 0x19, 0x47, 0x19, 0x47, 0x19, 0x47, 0x19, 0x47, 0x19,
    0x47, 0x19, 0x47, 0x19, 0x47, 0x19, 0x47, 0x19, 0x47, 0x19, 0x47, 0x19, 0x47, 0x19, 0x47, 0x19,
    0x47, 0x19, 0x47, 0x19, 0x47, 0x19, 0x47, 0x19, 0x47, 0x19, 0x47, 0x19, 0x47, 0x19, 0x47, 0x19,
    0x47, 0x19, 0x47, 0x19, 0x47, 0x19, 0x47, 0x19, 0x47, 0x19, 0x47, 0x19, 0x47, 0x19, 0x47, 0x19,
    0x47, 0x19, 0x47, 0x19, 0x47, 0x19, 0x47, 0x19, 0x47, 0x19, 0x47, 0x19, 0x47, 0x19, 0x47, 0x19,
    0x47, 0x19, 0x47, 0x19, 0x47, 0x19, 0x47, 0x19, 0x47, 0x19, 0x47, 0x19, 0x47, 0x19, 0x47, 0x19,
    0x47, 0x19, 0x47, 0x19, 0x47, 0x19, 0x47, 0x19, 0x47, 0x19, 0x47, 0x19, 0x47, 0x19, 0x47, 0x19,
    0x47, 0x19, 0x47, 0x19, 0x47, 0x19, 0x47, 0x19, 0x47, 0x19, 0x47, 0x19, 0x47, 0x19, 0x47, 0x21,
    0x67, 0x21, 0x27, 0x19, 0xc5, 0x10, 0xc5, 0x08, 0x88, 0x21, 0xcc, 0x52, 0x32, 0x7c, 0x56, 0xa5,
    0xb7, 0xb5, 0x76, 0xad, 0xb4, 0x94, 0xf0, 0x73, 0x0e, 0x5b, 0x6b, 0x42, 0xe9, 0x31, 0x88, 0x21,
    0x27, 0x19, 0x06, 0x11, 0xe6, 0x10, 0xe6, 0x10, 0xe5, 0x10, 0xc5, 0x10, 0xe5, 0x10, 0xe5, 0x10,
    0xe6, 0x10, 0xe6, 0x10, 0x26, 0x19, 0x47, 0x21, 0xa8, 0x29, 0x2a, 0x3a, 0xac, 0x4a, 0x6f, 0x63,
    0x32, 0x84, 0x15, 0x9d, 0x97, 0xad, 0x97, 0xad, 0xf4, 0x9c, 0xb0, 0x6b, 0x4b, 0x42, 0x47, 0x19,
    0xc5, 0x08, 0xe6, 0x10, 0x47, 0x19, 0x67, 0x21, 0x47, 0x21, 0x47, 0x19, 0x47, 0x19, 0x47, 0x19,
    0x47, 0x19, 0x47, 0x19, 0x47, 0x19, 0x47, 0x19, 0x47, 0x19, 0x47, 0x19, 0x47, 0x19, 0x47, 0x19,
    0x47, 0x19, 0x47, 0x19, 0x47, 0x19, 0x47, 0x19, 0x47, 0x19, 0x47, 0x19, 0x47, 0x19, 0x47, 0x19,
    0x47, 0x19, 0x47, 0x19, 0x47, 0x19, 0x47, 0x19, 0x47, 0x19, 0x47, 0x19, 0x47, 0x19, 0x47, 0x19,
    0x47, 0x19, 0x47, 0x19, 0x47, 0x19, 0x47, 0x19, 0x47, 0x19, 0x47, 0x19, 0x47, 0x19, 0x47, 0x19,
    0x47, 0x19, 0x47, 0x19, 0x47, 0x19, 0x47, 0x19, 0x47, 0x19, 0x47, 0x19, 0x47, 0x19, 0x47, 0x19,
    0x47, 0x19, 0x47, 0x19, 0x47, 0x19, 0x47, 0x19, 0x47, 0x19, 0x47, 0x19, 0x47, 0x19, 0x47, 0x19,
    0x47, 0x19, 0x47, 0x19, 0x47, 0x19, 0x47, 0x19, 0x47, 0x19, 0x47, 0x19, 0x47, 0x19, 0x47, 0x19,
    0x47, 0x19, 0x47, 0x19, 0x47, 0x19, 0x47, 0x19, 0x47, 0x19, 0x47, 0x19, 0x47, 0x19, 0x47, 0x19,
    0x47, 0x19, 0x47, 0x19, 0x47, 0x19, 0x47, 0x19, 0x47, 0x19, 0x47, 0x19, 0x47, 0x19, 0x47, 0x19,
    0x47, 0x19, 0x47, 0x19, 0x47, 0x19, 0x47, 0x19, 0x47, 0x19, 0x47, 0x19, 0x47, 0x19, 0x47, 0x19,
    0x47, 0x19, 0x47, 0x19, 0x47, 0x19, 0x47, 0x19, 0x47, 0x19, 0x47, 0x19, 0x47, 0x19, 0x47, 0x19,
    0x47, 0x19, 0x47, 0x19, 0x47, 0x19, 0x47, 0x19, 0x47, 0x19, 0x47, 0x19, 0x47, 0x19, 0x47, 0x19,
    0x47, 0x19, 0x47, 0x19, 0x47, 0x19, 0x47, 0x19, 0x47, 0x19, 0x47, 0x19, 0x47, 0x19, 0x47, 0x19,
    0x47, 0x19, 0x47, 0x19, 0x47, 0x19, 0x47, 0x19, 0x47, 0x19, 0x47, 0x19, 0x47, 0x19, 0x47, 0x19,
    0x47, 0x19, 0x47, 0x19, 0x47, 0x19, 0x47, 0x19, 0x47, 0x19, 0x47, 0x19, 0x47, 0x19, 0x47, 0x19,
    0x47, 0x19, 0x47, 0x19, 0x47, 0x19, 0x47, 0x19, 0x47, 0x19, 0x47, 0x19, 0x47, 0x19, 0x47, 0x19,
    0x47, 0x19, 0x47, 0x19, 0x47, 0x19, 0x47, 0x19, 0x47, 0x19, 0x47, 0x19, 0x47, 0x19, 0x47, 0x19,
    0x47, 0x19, 0x47, 0x19, 0x47, 0x19, 0x47, 0x19, 0x47, 0x19, 0x47, 0x19, 0x47, 0x19, 0x47, 0x19,
    0x47, 0x19, 0x47, 0x19, 0x47, 0x19, 0x47, 0x19, 0x47, 0x19, 0x47, 0x19, 0x47, 0x19, 0x47, 0x19,
    0x47, 0x19, 0x47, 0x19, 0x47, 0x19, 0x47, 0x19, 0x47, 0x19, 0x47, 0x19, 0x47, 0x19, 0x47, 0x19,
    0x47, 0x19, 0x47, 0x19, 0x47, 0x19, 0x47, 0x19, 0x47, 0x19, 0x47, 0x19, 0x47, 0x19, 0x47, 0x19,
    0x47, 0x19, 0x47, 0x19, 0x47, 0x19, 0x47, 0x19, 0x47, 0x19, 0x47, 0x19, 0x47, 0x19, 0x47, 0x19,
    0x47, 0x19, 0x47, 0x19, 0x47, 0x19, 0x47, 0x19, 0x47, 0x19, 0x47, 0x19, 0x47, 0x19, 0x47, 0x19,
    0x47, 0x19, 0x47, 0x19, 0x47, 0x19, 0x47, 0x19, 0x47, 0x19, 0x47, 0x19, 0x47, 0x19, 0x47, 0x19,
    0x47, 0x19, 0x47, 0x19, 0x47, 0x19, 0x47, 0x19, 0x47, 0x19, 0x47, 0x19, 0x47, 0x19, 0x47, 0x19,
    0x47, 0x19, 0x47, 0x19, 0x47, 0x19, 0x47, 0x19, 0x47, 0x19, 0x47, 0x19, 0x47, 0x19, 0x47, 0x19,
    0x47, 0x19, 0x47, 0x19, 0x47, 0x19, 0x47, 0x19, 0x47, 0x19, 0x47, 0x19, 0x47, 0x19, 0x47, 0x19,
    0x47, 0x19, 0x47, 0x19, 0x47, 0x19, 0x47, 0x19, 0x47, 0x19, 0x47, 0x19, 0x47, 0x19, 0x47, 0x19,
    0x47, 0x19, 0x47, 0x19, 0x47, 0x19, 0x47, 0x19, 0x47, 0x19, 0x47, 0x19, 0x47, 0x19, 0x47, 0x19,
    0x47, 0x19, 0x47, 0x19, 0x67, 0x21, 0x47, 0x21, 0x27, 0x19, 0xe6, 0x10, 0xc5, 0x08, 0xe6, 0x10,
    0x88, 0x21, 0x6b, 0x42, 0x4e, 0x63, 0x52, 0x84, 0x15, 0x9d, 0x76, 0xad, 0x97, 0xad, 0x97, 0xad,
    0x76, 0xad, 0x35, 0xa5, 0x35, 0xa5, 0xd4, 0x94, 0xb3, 0x94, 0xb3, 0x94, 0xb3, 0x94, 0xd4, 0x94,
    0x14, 0x9d, 0x35, 0xa5, 0x55, 0xa5, 0x97, 0xad, 0x97, 0xad, 0x96, 0xad, 0x35, 0xa5, 0xb3, 0x94,
    0xd0, 0x73, 0xed, 0x52, 0x0a, 0x32, 0x47, 0x19, 0xe5, 0x08, 0xc5, 0x08, 0x06, 0x11, 0x47, 0x19,
    0x67, 0x21, 0x47, 0x21, 0x47, 0x19, 0x47, 0x19, 0x47, 0x19, 0x47, 0x19, 0x47, 0x19, 0x47, 0x19,
    0x47, 0x19, 0x47, 0x19, 0x47, 0x19, 0x47, 0x19, 0x47, 0x19, 0x47, 0x19, 0x47, 0x19, 0x47, 0x19,
    0x47, 0x19, 0x47, 0x19, 0x47, 0x19, 0x47, 0x19, 0x47, 0x19, 0x47, 0x19, 0x47, 0x19, 0x47, 0x19,
    0x47, 0x19, 0x47, 0x19, 0x47, 0x19, 0x47, 0x19, 0x47, 0x19, 0x47, 0x19, 0x47, 0x19, 0x47, 0x19,
    0x47, 0x19, 0x47, 0x19, 0x47, 0x19, 0x47, 0x19, 0x47, 0x19, 0x47, 0x19, 0x47, 0x19, 0x47, 0x19,
    0x47, 0x19, 0x47, 0x19, 0x47, 0x19, 0x47, 0x19, 0x47, 0x19, 0x47, 0x19, 0x47, 0x19, 0x47, 0x19,
    0x47, 0x19, 0x47, 0x19, 0x47, 0x19, 0x47, 0x19, 0x47, 0x19, 0x47, 0x19, 0x47, 0x19, 0x47, 0x19,
    0x47, 0x19, 0x47, 0x19, 0x47, 0x19, 0x47, 0x19, 0x47, 0x19, 0x47, 0x19, 0x47, 0x19, 0x47, 0x19,
    0x47, 0x19, 0x47, 0x19, 0x47, 0x19, 0x47, 0x19, 0x47, 0x19, 0x47, 0x19, 0x47, 0x19, 0x47, 0x19,
    0x47, 0x19, 0x47, 0x19, 0x47, 0x19, 0x47, 0x19, 0x47, 0x19, 0x47, 0x19, 0x47, 0x19, 0x47, 0x19,
    0x47, 0x19, 0x47, 0x19, 0x47, 0x19, 0x47, 0x19, 0x47, 0x19, 0x47, 0x19, 0x47, 0x19, 0x47, 0x19,
    0x47, 0x19, 0x47, 0x19, 0x47, 0x19, 0x47, 0x19, 0x47, 0x19, 0x47, 0x19, 0x47, 0x19, 0x47, 0x19,
    0x47, 0x19, 0x47, 0x19, 0x47, 0x19, 0x47, 0x19, 0x47, 0x19, 0x47, 0x19, 0x47, 0x19, 0x47, 0x19,
    0x47, 0x19, 0x47, 0x19, 0x47, 0x19, 0x47, 0x19, 0x47, 0x19, 0x47, 0x19, 0x47, 0x19, 0x47, 0x19,
    0x47, 0x19, 0x47, 0x19, 0x47, 0x19, 0x47, 0x19, 0x47, 0x19, 0x47, 0x19, 0x47, 0x19, 0x47, 0x19,
    0x47, 0x19, 0x47, 0x19, 0x47, 0x19, 0x47, 0x19, 0x47, 0x19, 0x47, 0x19, 0x47, 0x19, 0x47, 0x19,
    0x47, 0x19, 0x47, 0x19, 0x47, 0x19, 0x47, 0x19, 0x47, 0x19, 0x47, 0x19, 0x47, 0x19, 0x47, 0x19,
    0x47, 0x19, 0x47, 0x19, 0x47, 0x19, 0x47, 0x19, 0x47, 0x19, 0x47, 0x19, 0x47, 0x19, 0x47, 0x19,
    0x47, 0x19, 0x47, 0x19, 0x47, 0x19, 0x47, 0x19, 0x47, 0x19, 0x47, 0x19, 0x47, 0x19, 0x47, 0x19,
    0x47, 0x19, 0x47, 0x19, 0x47, 0x19, 0x47, 0x19, 0x47, 0x19, 0x47, 0x19, 0x47, 0x19, 0x47, 0x19,
    0x47, 0x19, 0x47, 0x19, 0x47, 0x19, 0x47, 0x19, 0x47, 0x19, 0x47, 0x19, 0x47, 0x19, 0x47, 0x19,
    0x47, 0x19, 0x47, 0x19, 0x47, 0x19, 0x47, 0x19, 0x47, 0x19, 0x47, 0x19, 0x47, 0x19, 0x47, 0x19,
    0x47, 0x19, 0x47, 0x19, 0x47, 0x19, 0x47, 0x19, 0x47, 0x19, 0x47, 0x19, 0x47, 0x19, 0x47, 0x19,
    0x47, 0x19, 0x47, 0x19, 0x47, 0x19, 0x47, 0x19, 0x47, 0x19, 0x47, 0x19, 0x47, 0x19, 0x47, 0x19,
    0x47, 0x19, 0x47, 0x19, 0x47, 0x19, 0x47, 0x19, 0x47, 0x19, 0x47, 0x19, 0x47, 0x19, 0x47, 0x19,
    0x47, 0x19, 0x47, 0x19, 0x47, 0x19, 0x47, 0x19, 0x47, 0x19, 0x47, 0x19, 0x47, 0x19, 0x47, 0x19,
    0x47, 0x19, 0x47, 0x19, 0x47, 0x19, 0x47, 0x19, 0x47, 0x19, 0x47, 0x19, 0x47, 0x19, 0x47, 0x19,
    0x47, 0x19, 0x47, 0x19, 0x47, 0x19, 0x47, 0x19, 0x47, 0x19, 0x47, 0x19, 0x47, 0x19, 0x47, 0x19,
    0x47, 0x19, 0x47, 0x19, 0x47, 0x19, 0x47, 0x19, 0x47, 0x19, 0x47, 0x19, 0x47, 0x19, 0x47, 0x19,
    0x47, 0x19, 0x47, 0x19, 0x47, 0x19, 0x47, 0x19, 0x47, 0x19, 0x47, 0x19, 0x47, 0x19, 0x47, 0x19,
    0x47, 0x19, 0x47, 0x19, 0x47, 0x19, 0x47, 0x19, 0x47, 0x19, 0x47, 0x21, 0x67, 0x21, 0x47, 0x19,
    0x27, 0x19, 0x06, 0x11, 0xc5, 0x08, 0xc5, 0x08, 0xe5, 0x10, 0x26, 0x19, 0x68, 0x21, 0xc9, 0x31,
    0x2a, 0x3a, 0x8b, 0x42, 0xcc, 0x52, 0xed, 0x52, 0x0d, 0x5b, 0x0e, 0x5b, 0x0e, 0x5b, 0x0d, 0x5b,
    0xed, 0x52, 0xac, 0x4a, 0x4b, 0x42, 0xea, 0x31, 0x88, 0x29, 0x47, 0x19, 0x06, 0x11, 0xc5, 0x08,
    0xc5, 0x08, 0xe6, 0x10, 0x06, 0x19, 0x47, 0x19, 0x47, 0x21, 0x67, 0x21, 0x47, 0x21, 0x47, 0x19,
    0x47, 0x19, 0x47, 0x19, 0x47, 0x19, 0x47, 0x19, 0x47, 0x19, 0x47, 0x19, 0x47, 0x19, 0x47, 0x19,
    0x47, 0x19, 0x47, 0x19, 0x47, 0x19, 0x47, 0x19, 0x47, 0x19, 0x47, 0x19, 0x47, 0x19, 0x47, 0x19,
    0x47, 0x19, 0x47, 0x19, 0x47, 0x19, 0x47, 0x19, 0x47, 0x19, 0x47, 0x19, 0x47, 0x19, 0x47, 0x19,
    0x47, 0x19, 0x47, 0x19, 0x47, 0x19, 0x47, 0x19, 0x47, 0x19, 0x47, 0x19, 0x47, 0x19, 0x47, 0x19,
    0x47, 0x19, 0x47, 0x19, 0x47, 0x19, 0x47, 0x19, 0x47, 0x19, 0x47, 0x19, 0x47, 0x19, 0x47, 0x19,
    0x47, 0x19, 0x47, 0x19, 0x47, 0x19, 0x47, 0x19, 0x47, 0x19, 0x47, 0x19, 0x47, 0x19, 0x47, 0x19,
    0x47, 0x19, 0x47, 0x19, 0x47, 0x19, 0x47, 0x19, 0x47, 0x19, 0x47, 0x19, 0x47, 0x19, 0x47, 0x19,
    0x47, 0x19, 0x47, 0x19, 0x47, 0x19, 0x47, 0x19, 0x47, 0x19, 0x47, 0x19, 0x47, 0x19, 0x47, 0x19,
    0x47, 0x19, 0x47, 0x19, 0x47, 0x19, 0x47, 0x19, 0x47, 0x19, 0x47, 0x19, 0x47, 0x19, 0x47, 0x19,
    0x47, 0x19, 0x47, 0x19, 0x47, 0x19, 0x47, 0x19, 0x47, 0x19, 0x47, 0x19, 0x47, 0x19, 0x47, 0x19,
    0x47, 0x19, 0x47, 0x19, 0x47, 0x19, 0x47, 0x19, 0x47, 0x19, 0x47, 0x19, 0x47, 0x19, 0x47, 0x19,
    0x47, 0x19, 0x47, 0x19, 0x47, 0x19, 0x47, 0x19, 0x47, 0x19, 0x47, 0x19, 0x47, 0x19, 0x47, 0x19,
    0x47, 0x19, 0x47, 0x19, 0x47, 0x19, 0x47, 0x19, 0x47, 0x19, 0x47, 0x19, 0x47, 0x19, 0x47, 0x19,
    0x47, 0x19, 0x47, 0x19, 0x47, 0x19, 0x47, 0x19, 0x47, 0x19, 0x47, 0x19, 0x47, 0x19, 0x47, 0x19,
    0x47, 0x19, 0x47, 0x19, 0x47, 0x19, 0x47, 0x19, 0x47, 0x19, 0x47, 0x19, 0x47, 0x19, 0x47, 0x19,
    0x47, 0x19, 0x47, 0x19, 0x47, 0x19, 0x47, 0x19, 0x47, 0x19, 0x47, 0x19, 0x47, 0x19, 0x47, 0x19,
    0x47, 0x19, 0x47, 0x19, 0x47, 0x19, 0x47, 0x19, 0x47, 0x19, 0x47, 0x19, 0x47, 0x19, 0x47, 0x19,
    0x47, 0x19, 0x47, 0x19, 0x47, 0x19, 0x47, 0x19, 0x47, 0x19, 0x47, 0x19, 0x47, 0x19, 0x47, 0x19,
    0x47, 0x19, 0x47, 0x19, 0x47, 0x19, 0x47, 0x19, 0x47, 0x19, 0x47, 0x19, 0x47, 0x19, 0x47, 0x19,
    0x47, 0x19, 0x47, 0x19, 0x47, 0x19, 0x47, 0x19, 0x47, 0x19, 0x47, 0x19, 0x47, 0x19, 0x47, 0x19,
    0x47, 0x19, 0x47, 0x19, 0x47, 0x19, 0x47, 0x19, 0x47, 0x19, 0x47, 0x19, 0x47, 0x19, 0x47, 0x19,
    0x47, 0x19, 0x47, 0x19, 0x47, 0x19, 0x47, 0x19, 0x47, 0x19, 0x47, 0x19, 0x47, 0x19, 0x47, 0x19,
    0x47, 0x19, 0x47, 0x19, 0x47, 0x19, 0x47, 0x19, 0x47, 0x19, 0x47, 0x19, 0x47, 0x19, 0x47, 0x19,
    0x47, 0x19, 0x47, 0x19, 0x47, 0x19, 0x47, 0x19, 0x47, 0x19, 0x47, 0x19, 0x47, 0x19, 0x47, 0x19,
    0x47, 0x19, 0x47, 0x19, 0x47, 0x19, 0x47, 0x19, 0x47, 0x19, 0x47, 0x19, 0x47, 0x19, 0x47, 0x19,
    0x47, 0x19, 0x47, 0x19, 0x47, 0x19, 0x47, 0x19, 0x47, 0x19, 0x47, 0x19, 0x47, 0x19, 0x47, 0x19,
    0x47, 0x19, 0x47, 0x19, 0x47, 0x19, 0x47, 0x19, 0x47, 0x19, 0x47, 0x19, 0x47, 0x19, 0x47, 0x19,
    0x47, 0x19, 0x47, 0x19, 0x47, 0x19, 0x47, 0x19, 0x47, 0x19, 0x47, 0x19, 0x47, 0x19, 0x47, 0x19,
    0x47, 0x19, 0x47, 0x19, 0x47, 0x19, 0x47, 0x19, 0x47, 0x19, 0x47, 0x19, 0x47, 0x19, 0x47, 0x19,
    0x47, 0x19, 0x47, 0x19, 0x47, 0x19, 0x47, 0x19, 0x47, 0x19, 0x47, 0x19, 0x47, 0x19, 0x47, 0x19,
    0x47, 0x19, 0x47, 0x19, 0x47, 0x19, 0x47, 0x19, 0x47, 0x19, 0x47, 0x19, 0x47, 0x19, 0x47, 0x19,
    0x47, 0x19, 0x47, 0x19, 0x67, 0x21, 0x67, 0x21, 0x47, 0x21, 0x47, 0x19, 0x27, 0x19, 0x26, 0x19,
    0x06, 0x11, 0x06, 0x11, 0xe6, 0x10, 0xe6, 0x10, 0xe6, 0x10, 0xe5, 0x10, 0xe6, 0x10, 0xe6, 0x10,
    0xe6, 0x10, 0xe6, 0x10, 0x06, 0x11, 0x06, 0x19, 0x27, 0x19, 0x47, 0x19, 0x47, 0x19, 0x67, 0x21,
    0x67, 0x21, 0x47, 0x21, 0x47, 0x19, 0x47, 0x19, 0x47, 0x19, 0x47, 0x19, 0x47, 0x19, 0x47, 0x19,
    0x47, 0x19, 0x47, 0x19, 0x47, 0x19, 0x47, 0x19, 0x47, 0x19, 0x47, 0x19, 0x47, 0x19, 0x47, 0x19,
    0x47, 0x19, 0x47, 0x19, 0x47, 0x19, 0x47, 0x19, 0x47, 0x19, 0x47, 0x19, 0x47, 0x19, 0x47, 0x19,
    0x47, 0x19, 0x47, 0x19, 0x47, 0x19, 0x47, 0x19, 0x47, 0x19, 0x47, 0x19, 0x47, 0x19, 0x47, 0x19,
    0x47, 0x19, 0x47, 0x19, 0x47, 0x19, 0x47, 0x19, 0x47, 0x19, 0x47, 0x19, 0x47, 0x19, 0x47, 0x19,
    0x47, 0x19, 0x47, 0x19, 0x47, 0x19, 0x47, 0x19, 0x47, 0x19, 0x47, 0x19, 0x47, 0x19, 0x47, 0x19,
    0x47, 0x19, 0x47, 0x19, 0x47, 0x19, 0x47, 0x19, 0x47, 0x19, 0x47, 0x19, 0x47, 0x19, 0x47, 0x19,
    0x47, 0x19, 0x47, 0x19, 0x47, 0x19, 0x47, 0x19, 0x47, 0x19, 0x47, 0x19, 0x47, 0x19, 0x47, 0x19,
    0x47, 0x19, 0x47, 0x19, 0x47, 0x19, 0x47, 0x19, 0x47, 0x19, 0x47, 0x19, 0x47, 0x19, 0x47, 0x19,
    0x47, 0x19, 0x47, 0x19, 0x47, 0x19, 0x47, 0x19, 0x47, 0x19, 0x47, 0x19, 0x47, 0x19, 0x47, 0x19,
    0x47, 0x19, 0x47, 0x19, 0x47, 0x19, 0x47, 0x19, 0x47, 0x19, 0x47, 0x19, 0x47, 0x19, 0x47, 0x19,
    0x47, 0x19, 0x47, 0x19, 0x47, 0x19, 0x47, 0x19, 0x47, 0x19, 0x47, 0x19, 0x47, 0x19, 0x47, 0x19,
    0x47, 0x19, 0x47, 0x19, 0x47, 0x19, 0x47, 0x19, 0x47, 0x19, 0x47, 0x19, 0x47, 0x19, 0x47, 0x19,
    0x47, 0x19, 0x47, 0x19, 0x47, 0x19, 0x47, 0x19, 0x47, 0x19, 0x47, 0x19, 0x47, 0x19, 0x47, 0x19,
    0x47, 0x19, 0x47, 0x19, 0x47, 0x19, 0x47, 0x19, 0x47, 0x19, 0x47, 0x19, 0x47, 0x19, 0x47, 0x19,
    0x47, 0x19, 0x47, 0x19, 0x47, 0x19, 0x47, 0x19, 0x47, 0x19, 0x47, 0x19, 0x47, 0x19, 0x47, 0x19,
    0x47, 0x19, 0x47, 0x19, 0x47, 0x19, 0x47, 0x19, 0x47, 0x19, 0x47, 0x19, 0x47, 0x19, 0x47, 0x19,
    0x47, 0x19, 0x47, 0x19, 0x47, 0x19, 0x47, 0x19, 0x47, 0x19, 0x47, 0x19, 0x47, 0x19, 0x47, 0x19,
    0x47, 0x19, 0x47, 0x19, 0x47, 0x19, 0x47, 0x19, 0x47, 0x19, 0x47, 0x19, 0x47, 0x19, 0x47, 0x19,
    0x47, 0x19, 0x47, 0x19, 0x47, 0x19, 0x47, 0x19, 0x47, 0x19, 0x47, 0x19, 0x47, 0x19, 0x47, 0x19,
    0x47, 0x19, 0x47, 0x19, 0x47, 0x19, 0x47, 0x19, 0x47, 0x19, 0x47, 0x19, 0x47, 0x19, 0x47, 0x19,
    0x47, 0x19, 0x47, 0x19, 0x47, 0x19, 0x47, 0x19, 0x47, 0x19, 0x47, 0x19, 0x47, 0x19, 0x47, 0x19,
    0x47, 0x19, 0x47, 0x19, 0x47, 0x19, 0x47, 0x19, 0x47, 0x19, 0x47, 0x19, 0x47, 0x19, 0x47, 0x19,
    0x47, 0x19, 0x47, 0x19, 0x47, 0x19, 0x47, 0x19, 0x47, 0x19, 0x47, 0x19, 0x47, 0x19, 0x47, 0x19,
    0x47, 0x19, 0x47, 0x19, 0x47, 0x19, 0x47, 0x19, 0x47, 0x19, 0x47, 0x19, 0x47, 0x19, 0x47, 0x19,
    0x47, 0x19, 0x47, 0x19, 0x47, 0x19, 0x47, 0x19, 0x47, 0x19, 0x47, 0x19, 0x47, 0x19, 0x47, 0x19,
    0x47, 0x19, 0x47, 0x19, 0x47, 0x19, 0x47, 0x19, 0x47, 0x19, 0x47, 0x19, 0x47, 0x19, 0x47, 0x19,
    0x47, 0x19, 0x47, 0x19, 0x47, 0x19, 0x47, 0x19, 0x47, 0x19, 0x47, 0x19, 0x47, 0x19, 0x47, 0x19,
    0x47, 0x19, 0x47, 0x19, 0x47, 0x19, 0x47, 0x19, 0x47, 0x19, 0x47, 0x19, 0x47, 0x19, 0x47, 0x19,
    0x47, 0x19, 0x47, 0x19, 0x47, 0x19, 0x47, 0x19, 0x47, 0x19, 0x47, 0x19, 0x47, 0x19, 0x47, 0x19,
    0x47, 0x19, 0x47, 0x19, 0x47, 0x19, 0x47, 0x19, 0x47, 0x19, 0x47, 0x19, 0x47, 0x19, 0x47, 0x19,
    0x47, 0x19, 0x47, 0x19, 0x47, 0x19, 0x47, 0x19, 0x47, 0x19, 0x47, 0x19, 0x47, 0x19, 0x47, 0x19,
    0x47, 0x19, 0x47, 0x19, 0x47, 0x19, 0x47, 0x19, 0x47, 0x19, 0x47, 0x19, 0x47, 0x19, 0x47, 0x19,
    0x47, 0x19, 0x47, 0x21, 0x47, 0x21, 0x47, 0x21, 0x47, 0x21, 0x47, 0x21, 0x47, 0x21, 0x47, 0x21,
    0x47, 0x21, 0x47, 0x21, 0x47, 0x19, 0x47, 0x19, 0x47, 0x19, 0x47, 0x19, 0x47, 0x19, 0x47, 0x19,
    0x47, 0x19, 0x47, 0x19, 0x47, 0x19, 0x47, 0x19, 0x47, 0x19, 0x47, 0x19, 0x47, 0x19, 0x47, 0x19,
    0x47, 0x19, 0x47, 0x19, 0x47, 0x19, 0x47, 0x19, 0x47, 0x19, 0x47, 0x19, 0x47, 0x19, 0x47, 0x19,
    0x47, 0x19, 0x47, 0x19, 0x47, 0x19, 0x47, 0x19, 0x47, 0x19, 0x47, 0x19, 0x47, 0x19, 0x47, 0x19,
    0x47, 0x19, 0x47, 0x19, 0x47, 0x19, 0x47, 0x19, 0x47, 0x19, 0x47, 0x19, 0x47, 0x19, 0x47, 0x19,
    0x47, 0x19, 0x47, 0x19, 0x47, 0x19, 0x47, 0x19, 0x47, 0x19, 0x47, 0x19, 0x47, 0x19, 0x47, 0x19,
    0x47, 0x19, 0x47, 0x19, 0x47, 0x19, 0x47, 0x19, 0x47, 0x19, 0x47, 0x19, 0x47, 0x19, 0x47, 0x19,
    0x47, 0x19, 0x47, 0x19, 0x47, 0x19, 0x47, 0x19, 0x47, 0x19, 0x47, 0x19, 0x47, 0x19, 0x47, 0x19,
    0x47, 0x19, 0x47, 0x19, 0x47, 0x19, 0x47, 0x19, 0x47, 0x19, 0x47, 0x19, 0x47, 0x19, 0x47, 0x19,
    0x47, 0x19, 0x47, 0x19, 0x47, 0x19, 0x47, 0x19, 0x47, 0x19, 0x47, 0x19, 0x47, 0x19, 0x47, 0x19,
    0x47, 0x19, 0x47, 0x19, 0x47, 0x19, 0x47, 0x19, 0x47, 0x19, 0x47, 0x19, 0x47, 0x19, 0x47, 0x19,
    0x47, 0x19, 0x47, 0x19, 0x47, 0x19, 0x47, 0x19, 0x47, 0x19, 0x47, 0x19, 0x47, 0x19, 0x47, 0x19,
    0x47, 0x19, 0x47, 0x19, 0x47, 0x19, 0x47, 0x19, 0x47, 0x19, 0x47, 0x19, 0x47, 0x19, 0x47, 0x19,
    0x47, 0x19, 0x47, 0x19, 0x47, 0x19, 0x47, 0x19, 0x47, 0x19, 0x47, 0x19, 0x47, 0x19, 0x47, 0x19,
    0x47, 0x19, 0x47, 0x19, 0x47, 0x19, 0x47, 0x19, 0x47, 0x19, 0x47, 0x19, 0x47, 0x19, 0x47, 0x19,
    0x47, 0x19, 0x47, 0x19, 0x47, 0x19, 0x47, 0x19, 0x47, 0x19, 0x47, 0x19, 0x47, 0x19, 0x47, 0x19,
    0x47, 0x19, 0x47, 0x19, 0x47, 0x19, 0x47, 0x19, 0x47, 0x19, 0x47, 0x19, 0x47, 0x19, 0x47, 0x19,
    0x47, 0x19, 0x47, 0x19, 0x47, 0x19, 0x47, 0x19, 0x47, 0x19, 0x47, 0x19, 0x47, 0x19, 0x47, 0x19,
    0x47, 0x19, 0x47, 0x19, 0x47, 0x19, 0x47, 0x19, 0x47, 0x19, 0x47, 0x19, 0x47, 0x19, 0x47, 0x19,
    0x47, 0x19, 0x47, 0x19, 0x47, 0x19, 0x47, 0x19, 0x47, 0x19, 0x47, 0x19, 0x47, 0x19, 0x47, 0x19,
    0x47, 0x19, 0x47, 0x19, 0x47, 0x19, 0x47, 0x19, 0x47, 0x19, 0x47, 0x19, 0x47, 0x19, 0x47, 0x19,
    0x47, 0x19, 0x47, 0x19, 0x47, 0x19, 0x47, 0x19, 0x47, 0x19, 0x47, 0x19, 0x47, 0x19, 0x47, 0x19,
    0x47, 0x19, 0x47, 0x19, 0x47, 0x19, 0x47, 0x19, 0x47, 0x19, 0x47, 0x19, 0x47, 0x19, 0x47, 0x19,
    0x47, 0x19, 0x47, 0x19, 0x47, 0x19, 0x47, 0x19, 0x47, 0x19, 0x47, 0x19, 0x47, 0x19, 0x47, 0x19,
    0x47, 0x19, 0x47, 0x19, 0x47, 0x19, 0x47, 0x19, 0x47, 0x19, 0x47, 0x19, 0x47, 0x19, 0x47, 0x19,
    0x47, 0x19, 0x47, 0x19, 0x47, 0x19, 0x47, 0x19, 0x47, 0x19, 0x47, 0x19, 0x47, 0x19, 0x47, 0x19,
    0x47, 0x19, 0x47, 0x19, 0x47, 0x19, 0x47, 0x19, 0x47, 0x19, 0x47, 0x19, 0x47, 0x19, 0x47, 0x19,
    0x47, 0x19, 0x47, 0x19, 0x47, 0x19, 0x47, 0x19, 0x47, 0x19, 0x47, 0x19, 0x47, 0x19, 0x47, 0x19,
    0x47, 0x19, 0x47, 0x19, 0x47, 0x19, 0x47, 0x19, 0x47, 0x19, 0x47, 0x19, 0x47, 0x19, 0x47, 0x19,
    0x47, 0x19, 0x47, 0x19, 0x47, 0x19, 0x47, 0x19, 0x47, 0x19, 0x47, 0x19, 0x47, 0x19, 0x47, 0x19,
    0x47, 0x19, 0x47, 0x19, 0x47, 0x19, 0x47, 0x19, 0x47, 0x19, 0x47, 0x19, 0x47, 0x19, 0x47, 0x19,
    0x47, 0x19, 0x47, 0x19, 0x47, 0x19, 0x47, 0x19, 0x47, 0x19, 0x47, 0x19, 0x47, 0x19, 0x47, 0x19,
    0x47, 0x19, 0x47, 0x19, 0x47, 0x19, 0x47, 0x19, 0x47, 0x19, 0x47, 0x19, 0x47, 0x19, 0x47, 0x19,
    0x47, 0x19, 0x47, 0x19, 0x47, 0x19, 0x47, 0x19, 0x47, 0x19, 0x47, 0x19, 0x47, 0x19, 0x47, 0x19,
    0x47, 0x19, 0x47, 0x19, 0x47, 0x19, 0x47, 0x19, 0x47, 0x19, 0x47, 0x19, 0x47, 0x19, 0x47, 0x19,
    0x47, 0x19, 0x47, 0x19, 0x47, 0x19, 0x47, 0x19, 0x47, 0x19, 0x47, 0x19, 0x47, 0x19, 0x47, 0x19,
    0x47, 0x19, 0x47, 0x19, 0x47, 0x19, 0x47, 0x19, 0x47, 0x19, 0x47, 0x19, 0x47, 0x19, 0x47, 0x19,
    0x47, 0x19, 0x47, 0x19, 0x47, 0x19, 0x47, 0x19, 0x47, 0x19, 0x47, 0x19, 0x47, 0x19, 0x47, 0x19,
    0x47, 0x19, 0x47, 0x19, 0x47, 0x19, 0x47, 0x19, 0x47, 0x19, 0x47, 0x19, 0x47, 0x19, 0x47, 0x19,
    0x47, 0x19, 0x47, 0x19, 0x47, 0x19, 0x47, 0x19, 0x47, 0x19, 0x47, 0x19, 0x47, 0x19, 0x47, 0x19,
    0x47, 0x19, 0x47, 0x19, 0x47, 0x19, 0x47, 0x19, 0x47, 0x19, 0x47, 0x19, 0x47, 0x19, 0x47, 0x19,
    0x47, 0x19, 0x47, 0x19, 0x47, 0x19, 0x47, 0x19, 0x47, 0x19, 0x47, 0x19, 0x47, 0x19, 0x47, 0x19,
    0x47, 0x19, 0x47, 0x19, 0x47, 0x19, 0x47, 0x19, 0x47, 0x19, 0x47, 0x19, 0x47, 0x19, 0x47, 0x19,
    0x47, 0x19, 0x47, 0x19, 0x47, 0x19, 0x47, 0x19, 0x47, 0x19, 0x47, 0x19, 0x47, 0x19, 0x47, 0x19,
    0x47, 0x19, 0x47, 0x19, 0x47, 0x19, 0x47, 0x19, 0x47, 0x19, 0x47, 0x19, 0x47, 0x19, 0x47, 0x19,
    0x47, 0x19, 0x47, 0x19, 0x47, 0x19, 0x47, 0x19, 0x47, 0x19, 0x47, 0x19, 0x47, 0x19, 0x47, 0x19,
    0x47, 0x19, 0x47, 0x19, 0x47, 0x19, 0x47, 0x19, 0x47, 0x19, 0x47, 0x19, 0x47, 0x19, 0x47, 0x19,
    0x47, 0x19, 0x47, 0x19, 0x47, 0x19, 0x47, 0x19, 0x47, 0x19, 0x47, 0x19, 0x47, 0x19, 0x47, 0x19,
    0x47, 0x19, 0x47, 0x19, 0x47, 0x19, 0x47, 0x19, 0x47, 0x19, 0x47, 0x19, 0x47, 0x19, 0x47, 0x19,
    0x47, 0x19, 0x47, 0x19, 0x47, 0x19, 0x47, 0x19, 0x47, 0x19, 0x47, 0x19, 0x47, 0x19, 0x47, 0x19,
    0x47, 0x19, 0x47, 0x19, 0x47, 0x19, 0x47, 0x19, 0x47, 0x19, 0x47, 0x19, 0x47, 0x19, 0x47, 0x19,
    0x47, 0x19, 0x47, 0x19, 0x47, 0x19, 0x47, 0x19, 0x47, 0x19, 0x47, 0x19, 0x47, 0x19, 0x47, 0x19,
    0x47, 0x19, 0x47, 0x19, 0x47, 0x19, 0x47, 0x19, 0x47, 0x19, 0x47, 0x19, 0x47, 0x19, 0x47, 0x19,
    0x47, 0x19, 0x47, 0x19, 0x47, 0x19, 0x47, 0x19, 0x47, 0x19, 0x47, 0x19, 0x47, 0x19, 0x47, 0x19,
    0x47, 0x19, 0x47, 0x19, 0x47, 0x19, 0x47, 0x19, 0x47, 0x19, 0x47, 0x19, 0x47, 0x19, 0x47, 0x19,
    0x47, 0x19, 0x47, 0x19, 0x47, 0x19, 0x47, 0x19, 0x47, 0x19, 0x47, 0x19, 0x47, 0x19, 0x47, 0x19,
    0x47, 0x19, 0x47, 0x19, 0x47, 0x19, 0x47, 0x19, 0x47, 0x19, 0x47, 0x19, 0x47, 0x19, 0x47, 0x19,
    0x47, 0x19, 0x47, 0x19, 0x47, 0x19, 0x47, 0x19, 0x47, 0x19, 0x47, 0x19, 0x47, 0x19, 0x47, 0x19,
    0x47, 0x19, 0x47, 0x19, 0x47, 0x19, 0x47, 0x19, 0x47, 0x19, 0x47, 0x19, 0x47, 0x19, 0x47, 0x19,
    0x47, 0x19, 0x47, 0x19, 0x47, 0x19, 0x47, 0x19, 0x47, 0x19, 0x47, 0x19, 0x47, 0x19, 0x47, 0x19,
    0x47, 0x19, 0x47, 0x19, 0x47, 0x19, 0x47, 0x19, 0x47, 0x19, 0x47, 0x19, 0x47, 0x19, 0x47, 0x19,
    0x47, 0x19, 0x47, 0x19, 0x47, 0x19, 0x47, 0x19, 0x47, 0x19, 0x47, 0x19, 0x47, 0x19, 0x47, 0x19,
    0x47, 0x19, 0x47, 0x19, 0x47, 0x19, 0x47, 0x19, 0x47, 0x19, 0x47, 0x19, 0x47, 0x19, 0x47, 0x19,
    0x47, 0x19, 0x47, 0x19, 0x47, 0x19, 0x47, 0x19, 0x47, 0x19, 0x47, 0x19, 0x47, 0x19, 0x47, 0x19,
    0x47, 0x19, 0x47, 0x19, 0x47, 0x19, 0x47, 0x19, 0x47, 0x19, 0x47, 0x19, 0x47, 0x19, 0x47, 0x19,
    0x47, 0x19, 0x47, 0x19, 0x47, 0x19, 0x47, 0x19, 0x47, 0x19, 0x47, 0x19, 0x47, 0x19, 0x47, 0x19,
    0x47, 0x19, 0x47, 0x19, 0x47, 0x19, 0x47, 0x19, 0x47, 0x19, 0x47, 0x19, 0x47, 0x19, 0x47, 0x19,
    0x47, 0x19, 0x47, 0x19, 0x47, 0x19, 0x47, 0x19, 0x47, 0x19, 0x47, 0x19, 0x47, 0x19, 0x47, 0x19,
    0x47, 0x19, 0x47, 0x19, 0x47, 0x19, 0x47, 0x19, 0x47, 0x19, 0x47, 0x19, 0x47, 0x19, 0x47, 0x19,
    0x47, 0x19, 0x47, 0x19, 0x47, 0x19, 0x47, 0x19, 0x47, 0x19, 0x47, 0x19, 0x47, 0x19, 0x47, 0x19,
    0x47, 0x19, 0x47, 0x19, 0x47, 0x19, 0x47, 0x19, 0x47, 0x19, 0x47, 0x19, 0x47, 0x19, 0x47, 0x19,
    0x47, 0x19, 0x47, 0x19, 0x47, 0x19, 0x47, 0x19, 0x47, 0x19, 0x47, 0x19, 0x47, 0x19, 0x47, 0x19,
    0x47, 0x19, 0x47, 0x19, 0x47, 0x19, 0x47, 0x19, 0x47, 0x19, 0x47, 0x19, 0x47, 0x19, 0x47, 0x19,
    0x47, 0x19, 0x47, 0x19, 0x47, 0x19, 0x47, 0x19, 0x47, 0x19, 0x47, 0x19, 0x47, 0x19, 0x47, 0x19,
    0x47, 0x19, 0x47, 0x19, 0x47, 0x19, 0x47, 0x19, 0x47, 0x19, 0x47, 0x19, 0x47, 0x19, 0x47, 0x19,
    0x47, 0x19, 0x47, 0x19, 0x47, 0x19, 0x47, 0x19, 0x47, 0x19, 0x47, 0x19, 0x47, 0x19, 0x47, 0x19,
    0x47, 0x19, 0x47, 0x19, 0x47, 0x19, 0x47, 0x19, 0x47, 0x19, 0x47, 0x19, 0x47, 0x19, 0x47, 0x19,
    0x47, 0x19, 0x47, 0x19, 0x47, 0x19, 0x47, 0x19, 0x47, 0x19, 0x47, 0x19, 0x47, 0x19, 0x47, 0x19,
    0x47, 0x19, 0x47, 0x19, 0x47, 0x19, 0x47, 0x19, 0x47, 0x19, 0x47, 0x19, 0x47, 0x19, 0x47, 0x19,
    0x47, 0x19, 0x47, 0x19, 0x47, 0x19, 0x47, 0x19, 0x47, 0x19, 0x47, 0x19, 0x47, 0x19, 0x47, 0x19,
    0x47, 0x19, 0x47, 0x19, 0x47, 0x19, 0x47, 0x19, 0x47, 0x19, 0x47, 0x19, 0x47, 0x19, 0x47, 0x19,
    0x47, 0x19, 0x47, 0x19, 0x47, 0x19, 0x47, 0x19, 0x47, 0x19, 0x47, 0x19, 0x47, 0x19, 0x47, 0x19,
    0x47, 0x19, 0x47, 0x19, 0x47, 0x19, 0x47, 0x19, 0x47, 0x19, 0x47, 0x19, 0x47, 0x19, 0x47, 0x19,
    0x47, 0x19, 0x47, 0x19, 0x47, 0x19, 0x47, 0x19, 0x47, 0x19, 0x47, 0x19, 0x47, 0x19, 0x47, 0x19,
    0x47, 0x19, 0x47, 0x19, 0x47, 0x19, 0x47, 0x19, 0x47, 0x19, 0x47, 0x19, 0x47, 0x19, 0x47, 0x19,
    0x47, 0x19, 0x47, 0x19, 0x47, 0x19, 0x47, 0x19, 0x47, 0x19, 0x47, 0x19, 0x47, 0x19, 0x47, 0x19,
    0x47, 0x19, 0x47, 0x19, 0x47, 0x19, 0x47, 0x19, 0x47, 0x19, 0x47, 0x19, 0x47, 0x19, 0x47, 0x19,
    0x47, 0x19, 0x47, 0x19, 0x47, 0x19, 0x47, 0x19, 0x47, 0x19, 0x47, 0x19, 0x47, 0x19, 0x47, 0x19,
    0x47, 0x19, 0x47, 0x19, 0x47, 0x19, 0x47, 0x19, 0x47, 0x19, 0x47, 0x19, 0x47, 0x19, 0x47, 0x19,
    0x47, 0x19, 0x47, 0x19, 0x47, 0x19, 0x47, 0x19, 0x47, 0x19, 0x47, 0x19, 0x47, 0x19, 0x47, 0x19,
    0x47, 0x19, 0x47, 0x19, 0x47, 0x19, 0x47, 0x19, 0x47, 0x19, 0x47, 0x19, 0x47, 0x19, 0x47, 0x19,
    0x47, 0x19, 0x47, 0x19, 0x47, 0x19, 0x47, 0x19, 0x47, 0x19, 0x47, 0x19, 0x47, 0x19, 0x47, 0x19,
    0x47, 0x19, 0x47, 0x19, 0x47, 0x19, 0x47, 0x19, 0x47, 0x19, 0x47, 0x19, 0x47, 0x19, 0x47, 0x19,
    0x47, 0x19, 0x47, 0x19, 0x47, 0x19, 0x47, 0x19, 0x47, 0x19, 0x47, 0x19, 0x47, 0x19, 0x47, 0x19,
    0x47, 0x19, 0x47, 0x19, 0x47, 0x19, 0x47, 0x19, 0x47, 0x19, 0x47, 0x19, 0x47, 0x19, 0x47, 0x19,
    0x47, 0x19, 0x47, 0x19, 0x47, 0x19, 0x47, 0x19, 0x47, 0x19, 0x47, 0x19, 0x47, 0x19, 0x47, 0x19,
    0x47, 0x19, 0x47, 0x19, 0x47, 0x19, 0x47, 0x19, 0x47, 0x19, 0x47, 0x19, 0x47, 0x19, 0x47, 0x19,
    0x47, 0x19, 0x47, 0x19, 0x47, 0x19, 0x47, 0x19, 0x47, 0x19, 0x47, 0x19, 0x47, 0x19, 0x47, 0x19,
    0x47, 0x19, 0x47, 0x19, 0x47, 0x19, 0x47, 0x19, 0x47, 0x19, 0x47, 0x19, 0x47, 0x19, 0x47, 0x19,
    0x47, 0x19, 0x47, 0x19, 0x47, 0x19, 0x47, 0x19, 0x47, 0x19, 0x47, 0x19, 0x47, 0x19, 0x47, 0x19,
    0x47, 0x19, 0x47, 0x19, 0x47, 0x19, 0x47, 0x19, 0x47, 0x19, 0x47, 0x19, 0x47, 0x19, 0x47, 0x19,
    0x47, 0x19, 0x47, 0x19, 0x47, 0x19, 0x47, 0x19, 0x47, 0x19, 0x47, 0x19, 0x47, 0x19, 0x47, 0x19,
    0x47, 0x19, 0x47, 0x19, 0x47, 0x19, 0x47, 0x19, 0x47, 0x19, 0x47, 0x19, 0x47, 0x19, 0x47, 0x19,
    0x47, 0x19, 0x47, 0x19, 0x47, 0x19, 0x47, 0x19, 0x47, 0x19, 0x47, 0x19, 0x47, 0x19, 0x47, 0x19,
    0x47, 0x19, 0x47, 0x19, 0x47, 0x19, 0x47, 0x19, 0x47, 0x19, 0x47, 0x19, 0x47, 0x19, 0x47, 0x19,
    0x47, 0x19, 0x47, 0x19, 0x47, 0x19, 0x47, 0x19, 0x47, 0x19, 0x47, 0x19, 0x47, 0x19, 0x47, 0x19,
    0x47, 0x19, 0x47, 0x19, 0x47, 0x19, 0x47, 0x19, 0x47, 0x19, 0x47, 0x19, 0x47, 0x19, 0x47, 0x19,
    0x47, 0x19, 0x47, 0x19, 0x47, 0x19, 0x47, 0x19, 0x47, 0x19, 0x47, 0x19, 0x47, 0x19, 0x47, 0x19,
    0x47, 0x19, 0x47, 0x19, 0x47, 0x19, 0x47, 0x19, 0x47, 0x19, 0x47, 0x19, 0x47, 0x19, 0x47, 0x19,
    0x47, 0x19, 0x47, 0x19, 0x47, 0x19, 0x47, 0x19, 0x47, 0x19, 0x47, 0x19, 0x47, 0x19, 0x47, 0x19,
    0x47, 0x19, 0x47, 0x19, 0x47, 0x19, 0x47, 0x19, 0x47, 0x19, 0x47, 0x19, 0x47, 0x19, 0x47, 0x19,
    0x47, 0x19, 0x47, 0x19, 0x47, 0x19, 0x47, 0x19, 0x47, 0x19, 0x47, 0x19, 0x47, 0x19, 0x47, 0x19,
    0x47, 0x19, 0x47, 0x19, 0x47, 0x19, 0x47, 0x19, 0x47, 0x19, 0x47, 0x19, 0x47, 0x19, 0x47, 0x19,
    0x47, 0x19, 0x47, 0x19, 0x47, 0x19, 0x47, 0x19, 0x47, 0x19, 0x47, 0x19, 0x47, 0x19, 0x47, 0x19,
    0x47, 0x19, 0x47, 0x19, 0x47, 0x19, 0x47, 0x19, 0x47, 0x19, 0x47, 0x19, 0x47, 0x19, 0x47, 0x19,
    0x47, 0x19, 0x47, 0x19, 0x47, 0x19, 0x47, 0x19, 0x47, 0x19, 0x47, 0x19, 0x47, 0x19, 0x47, 0x19,
    0x47, 0x19, 0x47, 0x19, 0x47, 0x19, 0x47, 0x19, 0x47, 0x19, 0x47, 0x19, 0x47, 0x19, 0x47, 0x19,
    0x47, 0x19, 0x47, 0x19, 0x47, 0x19, 0x47, 0x19, 0x47, 0x19, 0x47, 0x19, 0x47, 0x19, 0x47, 0x19,
    0x47, 0x19, 0x47, 0x19, 0x47, 0x19, 0x47, 0x19, 0x47, 0x19, 0x47, 0x19, 0x47, 0x19, 0x47, 0x19,
    0x47, 0x19, 0x47, 0x19, 0x47, 0x19, 0x47, 0x19, 0x47, 0x19, 0x47, 0x19, 0x47, 0x19, 0x47, 0x19,
    0x47, 0x19, 0x47, 0x19, 0x47, 0x19, 0x47, 0x19, 0x47, 0x19, 0x47, 0x19, 0x47, 0x19, 0x47, 0x19,
    0x47, 0x19, 0x47, 0x19, 0x47, 0x19, 0x47, 0x19, 0x47, 0x19, 0x47, 0x19, 0x47, 0x19, 0x47, 0x19,
    0x47, 0x19, 0x47, 0x19, 0x47, 0x19, 0x47, 0x19, 0x47, 0x19, 0x47, 0x19, 0x47, 0x19, 0x47, 0x19,
    0x47, 0x19, 0x47, 0x19, 0x47, 0x19, 0x47, 0x19, 0x47, 0x19, 0x47, 0x19, 0x47, 0x19, 0x47, 0x19,
    0x47, 0x19, 0x47, 0x19, 0x47, 0x19, 0x47, 0x19, 0x47, 0x19, 0x47, 0x19, 0x47, 0x19, 0x47, 0x19,
    0x47, 0x19, 0x47, 0x19, 0x47, 0x19, 0x47, 0x19, 0x47, 0x19, 0x47, 0x19, 0x47, 0x19, 0x47, 0x19,
    0x47, 0x19, 0x47, 0x19, 0x47, 0x19, 0x47, 0x19, 0x47, 0x19, 0x47, 0x19, 0x47, 0x19, 0x47, 0x19,
    0x47, 0x19, 0x47, 0x19, 0x47, 0x19, 0x47, 0x19, 0x47, 0x19, 0x47, 0x19, 0x47, 0x19, 0x47, 0x19,
    0x47, 0x19, 0x47, 0x19, 0x47, 0x19, 0x47, 0x19, 0x47, 0x19, 0x47, 0x19, 0x47, 0x19, 0x47, 0x19,
    0x47, 0x19, 0x47, 0x19, 0x47, 0x19, 0x47, 0x19, 0x47, 0x19, 0x47, 0x19, 0x47, 0x19, 0x47, 0x19,
    0x47, 0x19, 0x47, 0x19, 0x47, 0x19, 0x47, 0x19, 0x47, 0x19, 0x47, 0x19, 0x47, 0x19, 0x47, 0x19,
    0x47, 0x19, 0x47, 0x19, 0x47, 0x19, 0x47, 0x19, 0x47, 0x19, 0x47, 0x19, 0x47, 0x19, 0x47, 0x19,
    0x47, 0x19, 0x47, 0x19, 0x47, 0x19, 0x47, 0x19, 0x47, 0x19, 0x47, 0x19, 0x47, 0x19, 0x47, 0x19,
    0x47, 0x19, 0x47, 0x19, 0x47, 0x19, 0x47, 0x19, 0x47, 0x19, 0x47, 0x19, 0x47, 0x19, 0x47, 0x19,
    0x47, 0x19, 0x47, 0x19, 0x47, 0x19, 0x47, 0x19, 0x47, 0x19, 0x47, 0x19, 0x47, 0x19, 0x47, 0x19,
    0x47, 0x19, 0x47, 0x19, 0x47, 0x19, 0x47, 0x19, 0x47, 0x19, 0x47, 0x19, 0x47, 0x19, 0x47, 0x19,
    0x47, 0x19, 0x47, 0x19, 0x47, 0x19, 0x47, 0x19, 0x47, 0x19, 0x47, 0x19, 0x47, 0x19, 0x47, 0x19,
    0x47, 0x19, 0x47, 0x19, 0x47, 0x19, 0x47, 0x19, 0x47, 0x19, 0x47, 0x19, 0x47, 0x19, 0x47, 0x19,
    0x47, 0x19, 0x47, 0x19, 0x47, 0x19, 0x47, 0x19, 0x47, 0x19, 0x47, 0x19, 0x47, 0x19, 0x47, 0x19,
    0x47, 0x19, 0x47, 0x19, 0x47, 0x19, 0x47, 0x19, 0x47, 0x19, 0x47, 0x19, 0x47, 0x19, 0x47, 0x19,
    0x47, 0x19, 0x47, 0x19, 0x47, 0x19, 0x47, 0x19, 0x47, 0x19, 0x47, 0x19, 0x47, 0x19, 0x47, 0x19,
    0x47, 0x19, 0x47, 0x19, 0x47, 0x19, 0x47, 0x19, 0x47, 0x19, 0x47, 0x19, 0x47, 0x19, 0x47, 0x19,
    0x47, 0x19, 0x47, 0x19, 0x47, 0x19, 0x47, 0x19, 0x47, 0x19, 0x47, 0x19, 0x47, 0x19, 0x47, 0x19,
    0x47, 0x19, 0x47, 0x19, 0x47, 0x19, 0x47, 0x19, 0x47, 0x19, 0x47, 0x19, 0x47, 0x19, 0x47, 0x19,
    0x47, 0x19, 0x47, 0x19, 0x47, 0x19, 0x47, 0x19, 0x47, 0x19, 0x47, 0x19, 0x47, 0x19, 0x47, 0x19,
    0x47, 0x19, 0x47, 0x19, 0x47, 0x19, 0x47, 0x19, 0x47, 0x19, 0x47, 0x19, 0x47, 0x19, 0x47, 0x19,
    0x47, 0x19, 0x47, 0x19, 0x47, 0x19, 0x47, 0x19, 0x47, 0x19, 0x47, 0x19, 0x47, 0x19, 0x47, 0x19,
    0x47, 0x19, 0x47, 0x19, 0x47, 0x19, 0x47, 0x19, 0x47, 0x19, 0x47, 0x19, 0x47, 0x19, 0x47, 0x19,
    0x47, 0x19, 0x47, 0x19, 0x47, 0x19, 0x47, 0x19, 0x47, 0x19, 0x47, 0x19, 0x47, 0x19, 0x47, 0x19,
    0x47, 0x19, 0x47, 0x19, 0x47, 0x19, 0x47, 0x19, 0x47, 0x19, 0x47, 0x19, 0x47, 0x19, 0x47, 0x19,
    0x47, 0x19, 0x47, 0x19, 0x47, 0x19, 0x47, 0x19, 0x47, 0x19, 0x47, 0x19, 0x47, 0x19, 0x47, 0x19,
    0x47, 0x19, 0x47, 0x19, 0x47, 0x19, 0x47, 0x19, 0x47, 0x19, 0x47, 0x19, 0x47, 0x19, 0x47, 0x19,
    0x47, 0x19, 0x47, 0x19, 0x47, 0x19, 0x47, 0x19, 0x47, 0x19, 0x47, 0x19, 0x47, 0x19, 0x47, 0x19,
    0x47, 0x19, 0x47, 0x19, 0x47, 0x19, 0x47, 0x19, 0x47, 0x19, 0x47, 0x19, 0x47, 0x19, 0x47, 0x19,
    0x47, 0x19, 0x47, 0x19, 0x47, 0x19, 0x47, 0x19, 0x47, 0x19, 0x47, 0x19, 0x47, 0x19, 0x47, 0x19,
    0x47, 0x19, 0x47, 0x19, 0x47, 0x19, 0x47, 0x19, 0x47, 0x19, 0x47, 0x19, 0x47, 0x19, 0x47, 0x19,
    0x47, 0x19, 0x47, 0x19, 0x47, 0x19, 0x47, 0x19, 0x47, 0x19, 0x47, 0x19, 0x47, 0x19, 0x47, 0x19,
    0x47, 0x19, 0x47, 0x19, 0x47, 0x19, 0x47, 0x19, 0x47, 0x19, 0x47, 0x19, 0x47, 0x19, 0x47, 0x19,
    0x47, 0x19, 0x47, 0x19, 0x47, 0x19, 0x47, 0x19, 0x47, 0x19, 0x47, 0x19, 0x47, 0x19, 0x47, 0x19,
    0x47, 0x19, 0x47, 0x19, 0x47, 0x19, 0x47, 0x19, 0x47, 0x19, 0x47, 0x19, 0x47, 0x19, 0x47, 0x19,
    0x47, 0x19, 0x47, 0x19, 0x47, 0x19, 0x47, 0x19, 0x47, 0x19, 0x47, 0x19, 0x47, 0x19, 0x47, 0x19,
    0x47, 0x19, 0x47, 0x19, 0x47, 0x19, 0x47, 0x19, 0x47, 0x19, 0x47, 0x19, 0x47, 0x19, 0x47, 0x19,
    0x47, 0x19, 0x47, 0x19, 0x47, 0x19, 0x47, 0x19, 0x47, 0x19, 0x47, 0x19, 0x47, 0x19, 0x47, 0x19,
    0x47, 0x19, 0x47, 0x19, 0x47, 0x19, 0x47, 0x19, 0x47, 0x19, 0x47, 0x19, 0x47, 0x19, 0x47, 0x19,
    0x47, 0x19, 0x47, 0x19, 0x47, 0x19, 0x47, 0x19, 0x47, 0x19, 0x47, 0x19, 0x47, 0x19, 0x47, 0x19,
    0x47, 0x19, 0x47, 0x19, 0x47, 0x19, 0x47, 0x19, 0x47, 0x19, 0x47, 0x19, 0x47, 0x19, 0x47, 0x19,
    0x47, 0x19, 0x47, 0x19, 0x47, 0x19, 0x47, 0x19, 0x47, 0x19, 0x47, 0x19, 0x47, 0x19, 0x47, 0x19,
    0x47, 0x19, 0x47, 0x19, 0x47, 0x19, 0x47, 0x19, 0x47, 0x19, 0x47, 0x19, 0x47, 0x19, 0x47, 0x19,
    0x47, 0x19, 0x47, 0x19, 0x47, 0x19, 0x47, 0x19, 0x47, 0x19, 0x47, 0x19, 0x47, 0x19, 0x47, 0x19,
    0x47, 0x19, 0x47, 0x19, 0x47, 0x19, 0x47, 0x19, 0x47, 0x19, 0x47, 0x19, 0x47, 0x19, 0x47, 0x19,
    0x47, 0x19, 0x47, 0x19, 0x47, 0x19, 0x47, 0x19, 0x47, 0x19, 0x47, 0x19, 0x47, 0x19, 0x47, 0x19,
    0x47, 0x19, 0x47, 0x19, 0x47, 0x19, 0x47, 0x19, 0x47, 0x19, 0x47, 0x19, 0x47, 0x19, 0x47, 0x19,
    0x47, 0x19, 0x47, 0x19, 0x47, 0x19, 0x47, 0x19, 0x47, 0x19, 0x47, 0x19, 0x47, 0x19, 0x47, 0x19,
    0x47, 0x19, 0x47, 0x19, 0x47, 0x19, 0x47, 0x19, 0x47, 0x19, 0x47, 0x19, 0x47, 0x19, 0x47, 0x19,
    0x47, 0x19, 0x47, 0x19, 0x47, 0x19, 0x47, 0x19, 0x47, 0x19, 0x47, 0x19, 0x47, 0x19, 0x47, 0x19,
    0x47, 0x19, 0x47, 0x19, 0x47, 0x19, 0x47, 0x19, 0x47, 0x19, 0x47, 0x19, 0x47, 0x19, 0x47, 0x19,
    0x47, 0x19, 0x47, 0x19, 0x47, 0x19, 0x47, 0x19, 0x47, 0x19, 0x47, 0x19, 0x47, 0x19, 0x47, 0x19,
    0x47, 0x19, 0x47, 0x19, 0x47, 0x19, 0x47, 0x19, 0x47, 0x19, 0x47, 0x19, 0x47, 0x19, 0x47, 0x19,
    0x47, 0x19, 0x47, 0x19, 0x47, 0x19, 0x47, 0x19, 0x47, 0x19, 0x47, 0x19, 0x47, 0x19, 0x47, 0x19,
    0x47, 0x19, 0x47, 0x19, 0x47, 0x19, 0x47, 0x19, 0x47, 0x19, 0x47, 0x19, 0x47, 0x19, 0x47, 0x19,
    0x47, 0x19, 0x47, 0x19, 0x47, 0x19, 0x47, 0x19, 0x47, 0x19, 0x47, 0x19, 0x47, 0x19, 0x47, 0x19,
    0x47, 0x19, 0x47, 0x19, 0x47, 0x19, 0x47, 0x19, 0x47, 0x19, 0x47, 0x19, 0x47, 0x19, 0x47, 0x19,
    0x47, 0x19, 0x47, 0x19, 0x47, 0x19, 0x47, 0x19, 0x47, 0x19, 0x47, 0x19, 0x47, 0x19, 0x47, 0x19,
    0x47, 0x19, 0x47, 0x19, 0x47, 0x19, 0x47, 0x19, 0x47, 0x19, 0x47, 0x19, 0x47, 0x19, 0x47, 0x19,
    0x47, 0x19, 0x47, 0x19, 0x47, 0x19, 0x47, 0x19, 0x47, 0x19, 0x47, 0x19, 0x47, 0x19, 0x47, 0x19,
    0x47, 0x19, 0x47, 0x19, 0x47, 0x19, 0x47, 0x19, 0x47, 0x19, 0x47, 0x19, 0x47, 0x19, 0x47, 0x19,
    0x47, 0x19, 0x47, 0x19, 0x47, 0x19, 0x47, 0x19, 0x47, 0x19, 0x47, 0x19, 0x47, 0x19, 0x47, 0x19,
    0x47, 0x19, 0x47, 0x19, 0x47, 0x19, 0x47, 0x19, 0x47, 0x19, 0x47, 0x19, 0x47, 0x19, 0x47, 0x19,
    0x47, 0x19, 0x47, 0x19, 0x47, 0x19, 0x47, 0x19, 0x47, 0x19, 0x47, 0x19, 0x47, 0x19, 0x47, 0x19,
    0x47, 0x19, 0x47, 0x19, 0x47, 0x19, 0x47, 0x19, 0x47, 0x19, 0x47, 0x19, 0x47, 0x19, 0x47, 0x19,
    0x47, 0x19, 0x47, 0x19, 0x47, 0x19, 0x47, 0x19, 0x47, 0x19, 0x47, 0x19, 0x47, 0x19, 0x47, 0x19,
    0x47, 0x19, 0x47, 0x19, 0x47, 0x19, 0x47, 0x19, 0x47, 0x19, 0x47, 0x19, 0x47, 0x19, 0x47, 0x19,
    0x47, 0x19, 0x47, 0x19, 0x47, 0x19, 0x47, 0x19, 0x47, 0x19, 0x47, 0x19, 0x47, 0x19, 0x47, 0x19,
    0x47, 0x19, 0x47, 0x19, 0x47, 0x19, 0x47, 0x19, 0x47, 0x19, 0x47, 0x19, 0x47, 0x19, 0x47, 0x19,
    0x47, 0x19, 0x47, 0x19, 0x47, 0x19, 0x47, 0x19, 0x47, 0x19, 0x47, 0x19, 0x47, 0x19, 0x47, 0x19,
    0x47, 0x19, 0x47, 0x19, 0x47, 0x19, 0x47, 0x19, 0x47, 0x19, 0x47, 0x19, 0x47, 0x19, 0x47, 0x19,
    0x47, 0x19, 0x47, 0x19, 0x47, 0x19, 0x47, 0x19, 0x47, 0x19, 0x47, 0x19, 0x47, 0x19, 0x47, 0x19,
    0x47, 0x19, 0x47, 0x19, 0x47, 0x19, 0x47, 0x19, 0x47, 0x19, 0x47, 0x19, 0x47, 0x19, 0x47, 0x19,
    0x47, 0x19, 0x47, 0x19, 0x47, 0x19, 0x47, 0x19, 0x47, 0x19, 0x47, 0x19, 0x47, 0x19, 0x47, 0x19,
    0x47, 0x19, 0x47, 0x19, 0x47, 0x19, 0x47, 0x19, 0x47, 0x19, 0x47, 0x19, 0x47, 0x19, 0x47, 0x19,
    0x47, 0x19, 0x47, 0x19, 0x47, 0x19, 0x47, 0x19, 0x47, 0x19, 0x47, 0x19, 0x47, 0x19, 0x47, 0x19,
    0x47, 0x19, 0x47, 0x19, 0x47, 0x19, 0x47, 0x19, 0x47, 0x19, 0x47, 0x19, 0x47, 0x19, 0x47, 0x19,
    0x47, 0x19, 0x47, 0x19, 0x47, 0x19, 0x47, 0x19, 0x47, 0x19, 0x47, 0x19, 0x47, 0x19, 0x47, 0x19,
    0x47, 0x19, 0x47, 0x19, 0x47, 0x19, 0x47, 0x19, 0x47, 0x19, 0x47, 0x19, 0x47, 0x19, 0x47, 0x19,
    0x47, 0x19, 0x47, 0x19, 0x47, 0x19, 0x47, 0x19, 0x47, 0x19, 0x47, 0x19, 0x47, 0x19, 0x47, 0x19,
    0x47, 0x19, 0x47, 0x19, 0x47, 0x19, 0x47, 0x19, 0x47, 0x19, 0x47, 0x19, 0x47, 0x19, 0x47, 0x19,
    0x47, 0x19, 0x47, 0x19, 0x47, 0x19, 0x47, 0x19, 0x47, 0x19, 0x47, 0x19, 0x47, 0x19, 0x47, 0x19,
    0x47, 0x19, 0x47, 0x19, 0x47, 0x19, 0x47, 0x19, 0x47, 0x19, 0x47, 0x19, 0x47, 0x19, 0x47, 0x19,
    0x47, 0x19, 0x47, 0x19, 0x47, 0x19, 0x47, 0x19, 0x47, 0x19, 0x47, 0x19, 0x47, 0x19, 0x47, 0x19,
    0x47, 0x19, 0x47, 0x19, 0x47, 0x19, 0x47, 0x19, 0x47, 0x19, 0x47, 0x19, 0x47, 0x19, 0x47, 0x19,
    0x47, 0x19, 0x47, 0x19, 0x47, 0x19, 0x47, 0x19, 0x47, 0x19, 0x47, 0x19, 0x47, 0x19, 0x47, 0x19,
    0x47, 0x19, 0x47, 0x19, 0x47, 0x19, 0x47, 0x19, 0x47, 0x19, 0x47, 0x19, 0x47, 0x19, 0x47, 0x19,
    0x47, 0x19, 0x47, 0x19, 0x47, 0x19, 0x47, 0x19, 0x47, 0x19, 0x47, 0x19, 0x47, 0x19, 0x47, 0x19,
    0x47, 0x19, 0x47, 0x19, 0x47, 0x19, 0x47, 0x19, 0x47, 0x19, 0x47, 0x19, 0x47, 0x19, 0x47, 0x19,
    0x47, 0x19, 0x47, 0x19, 0x47, 0x19, 0x47, 0x19, 0x47, 0x19, 0x47, 0x19, 0x47, 0x19, 0x47, 0x19,
    0x47, 0x19, 0x47, 0x19, 0x47, 0x19, 0x47, 0x19, 0x47, 0x19, 0x47, 0x19, 0x47, 0x19, 0x47, 0x19,
    0x47, 0x19, 0x47, 0x19, 0x47, 0x19, 0x47, 0x19, 0x47, 0x19, 0x47, 0x19, 0x47, 0x19, 0x47, 0x19,
    0x47, 0x19, 0x47, 0x19, 0x47, 0x19, 0x47, 0x19, 0x47, 0x19, 0x47, 0x19, 0x47, 0x19, 0x47, 0x19,
    0x47, 0x19, 0x47, 0x19, 0x47, 0x19, 0x47, 0x19, 0x47, 0x19, 0x47, 0x19, 0x47, 0x19, 0x47, 0x19,
    0x47, 0x19, 0x47, 0x19, 0x47, 0x19, 0x47, 0x19, 0x47, 0x19, 0x47, 0x19, 0x47, 0x19, 0x47, 0x19,
    0x47, 0x19, 0x47, 0x19, 0x47, 0x19, 0x47, 0x19, 0x47, 0x19, 0x47, 0x19, 0x47, 0x19, 0x47, 0x19,
    0x47, 0x19, 0x47, 0x19, 0x47, 0x19, 0x47, 0x19, 0x47, 0x19, 0x47, 0x19, 0x47, 0x19, 0x47, 0x19,
    0x47, 0x19, 0x47, 0x19, 0x47, 0x19, 0x47, 0x19, 0x47, 0x19, 0x47, 0x19, 0x47, 0x19, 0x47, 0x19,
    0x47, 0x19, 0x47, 0x19, 0x47, 0x19, 0x47, 0x19, 0x47, 0x19, 0x47, 0x19, 0x47, 0x19, 0x47, 0x19,
    0x47, 0x19, 0x47, 0x19, 0x47, 0x19, 0x47, 0x19, 0x47, 0x19, 0x47, 0x19, 0x47, 0x19, 0x47, 0x19,
    0x47, 0x19, 0x47, 0x19, 0x47, 0x19, 0x47, 0x19, 0x47, 0x19, 0x47, 0x19, 0x47, 0x19, 0x47, 0x19,
    0x47, 0x19, 0x47, 0x19, 0x47, 0x19, 0x47, 0x19, 0x47, 0x19, 0x47, 0x19, 0x47, 0x19, 0x47, 0x19,
    0x47, 0x19, 0x47, 0x19, 0x47, 0x19, 0x47, 0x19, 0x47, 0x19, 0x47, 0x19, 0x47, 0x19, 0x47, 0x19,
    0x47, 0x19, 0x47, 0x19, 0x47, 0x19, 0x47, 0x19, 0x47, 0x19, 0x47, 0x19, 0x47, 0x19, 0x47, 0x19,
    0x47, 0x19, 0x47, 0x19, 0x47, 0x19, 0x47, 0x19, 0x47, 0x19, 0x47, 0x19, 0x47, 0x19, 0x47, 0x19,
    0x47, 0x19, 0x47, 0x19, 0x47, 0x19, 0x47, 0x19, 0x47, 0x19, 0x47, 0x19, 0x47, 0x19, 0x47, 0x19,
    0x47, 0x19, 0x47, 0x19, 0x47, 0x19, 0x47, 0x19, 0x47, 0x19, 0x47, 0x19, 0x47, 0x19, 0x47, 0x19,
    0x47, 0x19, 0x47, 0x19, 0x47, 0x19, 0x47, 0x19, 0x47, 0x19, 0x47, 0x19, 0x47, 0x19, 0x47, 0x19,
    0x47, 0x19, 0x47, 0x19, 0x47, 0x19, 0x47, 0x19, 0x47, 0x19, 0x47, 0x19, 0x47, 0x19, 0x47, 0x19,
    0x47, 0x19, 0x47, 0x19, 0x47, 0x19, 0x47, 0x19, 0x47, 0x19, 0x47, 0x19, 0x47, 0x19, 0x47, 0x19,
    0x47, 0x19, 0x47, 0x19, 0x47, 0x19, 0x47, 0x19, 0x47, 0x19, 0x47, 0x19, 0x47, 0x19, 0x47, 0x19,
    0x47, 0x19, 0x47, 0x19, 0x47, 0x19, 0x47, 0x19, 0x47, 0x19, 0x47, 0x19, 0x47, 0x19, 0x47, 0x19,
    0x47, 0x19, 0x47, 0x19, 0x47, 0x19, 0x47, 0x19, 0x47, 0x19, 0x47, 0x19, 0x47, 0x19, 0x47, 0x19,
    0x47, 0x19, 0x47, 0x19, 0x47, 0x19, 0x47, 0x19, 0x47, 0x19, 0x47, 0x19, 0x47, 0x19, 0x47, 0x19,
    0x47, 0x19, 0x47, 0x19, 0x47, 0x19, 0x47, 0x19, 0x47, 0x19, 0x47, 0x19, 0x47, 0x19, 0x47, 0x19,
    0x47, 0x19, 0x47, 0x19, 0x47, 0x19, 0x47, 0x19, 0x47, 0x19, 0x47, 0x19, 0x47, 0x19, 0x47, 0x19,
    0x47, 0x19, 0x47, 0x19, 0x47, 0x19, 0x47, 0x19, 0x47, 0x19, 0x47, 0x19, 0x47, 0x19, 0x47, 0x19,
    0x47, 0x19, 0x47, 0x19, 0x47, 0x19, 0x47, 0x19, 0x47, 0x19, 0x47, 0x19, 0x47, 0x19, 0x47, 0x19,
    0x47, 0x19, 0x47, 0x19, 0x47, 0x19, 0x47, 0x19, 0x47, 0x19, 0x47, 0x19, 0x47, 0x19, 0x47, 0x19,
    0x47, 0x19, 0x47, 0x19, 0x47, 0x19, 0x47, 0x19, 0x47, 0x19, 0x47, 0x19, 0x47, 0x19, 0x47, 0x19,
    0x47, 0x19, 0x47, 0x19, 0x47, 0x19, 0x47, 0x19, 0x47, 0x19, 0x47, 0x19, 0x47, 0x19, 0x47, 0x19,
    0x47, 0x19, 0x47, 0x19, 0x47, 0x19, 0x47, 0x19, 0x47, 0x19, 0x47, 0x19, 0x47, 0x19, 0x47, 0x19,
    0x47, 0x19, 0x47, 0x19, 0x47, 0x19, 0x47, 0x19, 0x47, 0x19, 0x47, 0x19, 0x47, 0x19, 0x47, 0x19,
    0x47, 0x19, 0x47, 0x19, 0x47, 0x19, 0x47, 0x19, 0x47, 0x19, 0x47, 0x19, 0x47, 0x19, 0x47, 0x19,
    0x47, 0x19, 0x47, 0x19, 0x47, 0x19, 0x47, 0x19, 0x47, 0x19, 0x47, 0x19, 0x47, 0x19, 0x47, 0x19,
    0x47, 0x19, 0x47, 0x19, 0x47, 0x19, 0x47, 0x19, 0x47, 0x19, 0x47, 0x19, 0x47, 0x19, 0x47, 0x19,
    0x47, 0x19, 0x47, 0x19, 0x47, 0x19, 0x47, 0x19, 0x47, 0x19, 0x47, 0x19, 0x47, 0x19, 0x47, 0x19,
    0x47, 0x19, 0x47, 0x19, 0x47, 0x19, 0x47, 0x19, 0x47, 0x19, 0x47, 0x19, 0x47, 0x19, 0x47, 0x19,
    0x47, 0x19, 0x47, 0x19, 0x47, 0x19, 0x47, 0x19, 0x47, 0x19, 0x47, 0x19, 0x47, 0x19, 0x47, 0x19,
    0x47, 0x19, 0x47, 0x19, 0x47, 0x19, 0x47, 0x19, 0x47, 0x19, 0x47, 0x19, 0x47, 0x19, 0x47, 0x19,
    0x47, 0x19, 0x47, 0x19, 0x47, 0x19, 0x47, 0x19, 0x47, 0x19, 0x47, 0x19, 0x47, 0x19, 0x47, 0x19,
    0x47, 0x19, 0x47, 0x19, 0x47, 0x19, 0x47, 0x19, 0x47, 0x19, 0x47, 0x19, 0x47, 0x19, 0x47, 0x19,
    0x47, 0x19, 0x47, 0x19, 0x47, 0x19, 0x47, 0x19, 0x47, 0x19, 0x47, 0x19, 0x47, 0x19, 0x47, 0x19,
    0x47, 0x19, 0x47, 0x19, 0x47, 0x19, 0x47, 0x19, 0x47, 0x19, 0x47, 0x19, 0x47, 0x19, 0x47, 0x19,
    0x47, 0x19, 0x47, 0x19, 0x47, 0x19, 0x47, 0x19, 0x47, 0x19, 0x47, 0x19, 0x47, 0x19, 0x47, 0x19,
    0x47, 0x19, 0x47, 0x19, 0x47, 0x19, 0x47, 0x19, 0x47, 0x19, 0x47, 0x19, 0x47, 0x19, 0x47, 0x19,
    0x47, 0x19, 0x47, 0x19, 0x47, 0x19, 0x47, 0x19, 0x47, 0x19, 0x47, 0x19, 0x47, 0x19, 0x47, 0x19,
    0x47, 0x19, 0x47, 0x19, 0x47, 0x19, 0x47, 0x19, 0x47, 0x19, 0x47, 0x19, 0x47, 0x19, 0x47, 0x19,
    0x47, 0x19, 0x47, 0x19, 0x47, 0x19, 0x47, 0x19, 0x47, 0x19, 0x47, 0x19, 0x47, 0x19, 0x47, 0x19,
    0x47, 0x19, 0x47, 0x19, 0x47, 0x19, 0x47, 0x19, 0x47, 0x19, 0x47, 0x19, 0x47, 0x19, 0x47, 0x19,
    0x47, 0x19, 0x47, 0x19, 0x47, 0x19, 0x47, 0x19, 0x47, 0x19, 0x47, 0x19, 0x47, 0x19, 0x47, 0x19,
    0x47, 0x19, 0x47, 0x19, 0x47, 0x19, 0x47, 0x19, 0x47, 0x19, 0x47, 0x19, 0x47, 0x19, 0x47, 0x19,
    0x47, 0x19, 0x47, 0x19, 0x47, 0x19, 0x47, 0x19, 0x47, 0x19, 0x47, 0x19, 0x47, 0x19, 0x47, 0x19,
    0x47, 0x19, 0x47, 0x19, 0x47, 0x19, 0x47, 0x19, 0x47, 0x19, 0x47, 0x19, 0x47, 0x19, 0x47, 0x19,
    0x47, 0x19, 0x47, 0x19, 0x47, 0x19, 0x47, 0x19, 0x47, 0x19, 0x47, 0x19, 0x47, 0x19, 0x47, 0x19,
    0x47, 0x19, 0x47, 0x19, 0x47, 0x19, 0x47, 0x19, 0x47, 0x19, 0x47, 0x19, 0x47, 0x19, 0x47, 0x19,
    0x47, 0x19, 0x47, 0x19, 0x47, 0x19, 0x47, 0x19, 0x47, 0x19, 0x47, 0x19, 0x47, 0x19, 0x47, 0x19,
    0x47, 0x19, 0x47, 0x19, 0x47, 0x19, 0x47, 0x19, 0x47, 0x19, 0x47, 0x21, 0x67, 0x21, 0x67, 0x21,
    0x67, 0x21, 0x47, 0x21, 0x47, 0x19, 0x47, 0x19, 0x47, 0x19, 0x47, 0x19, 0x47, 0x19, 0x47, 0x19,
    0x47, 0x19, 0x47, 0x19, 0x47, 0x19, 0x47, 0x19, 0x47, 0x19, 0x47, 0x19, 0x47, 0x19, 0x47, 0x19,
    0x47, 0x19, 0x47, 0x19, 0x47, 0x19, 0x47, 0x19, 0x47, 0x19, 0x47, 0x19, 0x47, 0x19, 0x47, 0x19,
    0x47, 0x19, 0x47, 0x19, 0x47, 0x19, 0x47, 0x19, 0x47, 0x19, 0x47, 0x19, 0x47, 0x19, 0x47, 0x19,
    0x47, 0x19, 0x47, 0x19, 0x47, 0x19, 0x47, 0x19, 0x47, 0x19, 0x47, 0x19, 0x47, 0x19, 0x47, 0x19,
    0x47, 0x19, 0x47, 0x19, 0x47, 0x19, 0x47, 0x19, 0x47, 0x19, 0x47, 0x19, 0x47, 0x19, 0x47, 0x19,
    0x47, 0x19, 0x47, 0x19, 0x47, 0x19, 0x47, 0x19, 0x47, 0x19, 0x47, 0x19, 0x47, 0x19, 0x47, 0x19,
    0x47, 0x19, 0x47, 0x19, 0x47, 0x19, 0x47, 0x19, 0x47, 0x19, 0x47, 0x19, 0x47, 0x19, 0x47, 0x19,
    0x47, 0x19, 0x47, 0x19, 0x47, 0x19, 0x47, 0x19, 0x47, 0x19, 0x47, 0x19, 0x47, 0x19, 0x47, 0x19,
    0x47, 0x19, 0x47, 0x19, 0x47, 0x19, 0x47, 0x19, 0x47, 0x19, 0x47, 0x19, 0x47, 0x19, 0x47, 0x19,
    0x47, 0x19, 0x47, 0x19, 0x47, 0x19, 0x47, 0x19, 0x47, 0x19, 0x47, 0x19, 0x47, 0x19, 0x47, 0x19,
    0x47, 0x19, 0x47, 0x19, 0x47, 0x19, 0x47, 0x19, 0x47, 0x19, 0x47, 0x19, 0x47, 0x19, 0x47, 0x19,
    0x47, 0x19, 0x47, 0x19, 0x47, 0x19, 0x47, 0x19, 0x47, 0x19, 0x47, 0x19, 0x47, 0x19, 0x47, 0x19,
    0x47, 0x19, 0x47, 0x19, 0x47, 0x19, 0x47, 0x19, 0x47, 0x19, 0x47, 0x19, 0x47, 0x19, 0x47, 0x19,
    0x47, 0x19, 0x47, 0x19, 0x47, 0x19, 0x47, 0x19, 0x47, 0x19, 0x47, 0x19, 0x47, 0x19, 0x47, 0x19,
    0x47, 0x19, 0x47, 0x19, 0x47, 0x19, 0x47, 0x19, 0x47, 0x19, 0x47, 0x19, 0x47, 0x19, 0x47, 0x19,
    0x47, 0x19, 0x47, 0x19, 0x47, 0x19, 0x47, 0x19, 0x47, 0x19, 0x47, 0x19, 0x47, 0x19, 0x47, 0x19,
    0x47, 0x19, 0x47, 0x19, 0x47, 0x19, 0x47, 0x19, 0x47, 0x19, 0x47, 0x19, 0x47, 0x19, 0x47, 0x19,
    0x47, 0x19, 0x47, 0x19, 0x47, 0x19, 0x47, 0x19, 0x47, 0x19, 0x47, 0x19, 0x47, 0x19, 0x47, 0x19,
    0x47, 0x19, 0x47, 0x19, 0x47, 0x19, 0x47, 0x19, 0x47, 0x19, 0x47, 0x19, 0x47, 0x19, 0x47, 0x19,
    0x47, 0x19, 0x47, 0x19, 0x47, 0x19, 0x47, 0x19, 0x47, 0x19, 0x47, 0x19, 0x47, 0x19, 0x47, 0x19,
    0x47, 0x19, 0x47, 0x19, 0x47, 0x19, 0x47, 0x19, 0x47, 0x19, 0x47, 0x19, 0x47, 0x19, 0x47, 0x19,
    0x47, 0x19, 0x47, 0x19, 0x47, 0x19, 0x47, 0x19, 0x47, 0x19, 0x47, 0x19, 0x47, 0x19, 0x47, 0x19,
    0x47, 0x19, 0x47, 0x19, 0x47, 0x19, 0x47, 0x19, 0x47, 0x19, 0x47, 0x19, 0x47, 0x19, 0x47, 0x19,
    0x47, 0x19, 0x47, 0x19, 0x47, 0x19, 0x47, 0x19, 0x47, 0x19, 0x47, 0x19, 0x47, 0x19, 0x47, 0x19,
    0x47, 0x19, 0x47, 0x19, 0x47, 0x19, 0x47, 0x19, 0x47, 0x19, 0x47, 0x19, 0x47, 0x19, 0x47, 0x19,
    0x47, 0x19, 0x47, 0x19, 0x47, 0x19, 0x47, 0x19, 0x47, 0x19, 0x47, 0x19, 0x47, 0x19, 0x47, 0x19,
    0x47, 0x19, 0x47, 0x19, 0x47, 0x19, 0x47, 0x19, 0x47, 0x19, 0x47, 0x19, 0x47, 0x19, 0x47, 0x19,
    0x47, 0x19, 0x47, 0x19, 0x47, 0x19, 0x47, 0x19, 0x47, 0x19, 0x47, 0x19, 0x47, 0x19, 0x47, 0x19,
    0x47, 0x19, 0x47, 0x19, 0x47, 0x19, 0x47, 0x19, 0x47, 0x19, 0x47, 0x19, 0x47, 0x19, 0x47, 0x19,
    0x47, 0x19, 0x47, 0x19, 0x47, 0x19, 0x47, 0x19, 0x47, 0x19, 0x47, 0x19, 0x47, 0x19, 0x47, 0x19,
    0x47, 0x19, 0x47, 0x19, 0x47, 0x19, 0x47, 0x19, 0x47, 0x19, 0x47, 0x19, 0x47, 0x19, 0x47, 0x19,
    0x47, 0x19, 0x47, 0x19, 0x47, 0x19, 0x47, 0x19, 0x47, 0x19, 0x47, 0x19, 0x47, 0x19, 0x47, 0x19,
    0x47, 0x19, 0x47, 0x19, 0x47, 0x19, 0x47, 0x19, 0x47, 0x19, 0x47, 0x19, 0x47, 0x19, 0x47, 0x19,
    0x47, 0x19, 0x47, 0x19, 0x47, 0x21, 0x67, 0x21, 0x27, 0x19, 0x06, 0x11, 0xe6, 0x10, 0xe5, 0x10,
    0xe6, 0x10, 0x06, 0x11, 0x27, 0x19, 0x47, 0x21, 0x47, 0x21, 0x47, 0x19, 0x47, 0x19, 0x47, 0x19,
    0x47, 0x19, 0x47, 0x19, 0x47, 0x19, 0x47, 0x19, 0x47, 0x19, 0x47, 0x19, 0x47, 0x19, 0x47, 0x19,
    0x47, 0x19, 0x47, 0x19, 0x47, 0x19, 0x47, 0x19, 0x47, 0x19, 0x47, 0x19, 0x47, 0x19, 0x47, 0x19,
    0x47, 0x19, 0x47, 0x19, 0x47, 0x19, 0x47, 0x19, 0x47, 0x19, 0x47, 0x19, 0x47, 0x19, 0x47, 0x19,
    0x47, 0x19, 0x47, 0x19, 0x47, 0x19, 0x47, 0x19, 0x47, 0x19, 0x47, 0x19, 0x47, 0x19, 0x47, 0x19,
    0x47, 0x19, 0x47, 0x19, 0x47, 0x19, 0x47, 0x19, 0x47, 0x19, 0x47, 0x19, 0x47, 0x19, 0x47, 0x19,
    0x47, 0x19, 0x47, 0x19, 0x47, 0x19, 0x47, 0x19, 0x47, 0x19, 0x47, 0x19, 0x47, 0x19, 0x47, 0x19,
    0x47, 0x19, 0x47, 0x19, 0x47, 0x19, 0x47, 0x19, 0x47, 0x19, 0x47, 0x19, 0x47, 0x19, 0x47, 0x19,
    0x47, 0x19, 0x47, 0x19, 0x47, 0x19, 0x47, 0x19, 0x47, 0x19, 0x47, 0x19, 0x47, 0x19, 0x47, 0x19,
    0x47, 0x19, 0x47, 0x19, 0x47, 0x19, 0x47, 0x19, 0x47, 0x19, 0x47, 0x19, 0x47, 0x19, 0x47, 0x19,
    0x47, 0x19, 0x47, 0x19, 0x47, 0x19, 0x47, 0x19, 0x47, 0x19, 0x47, 0x19, 0x47, 0x19, 0x47, 0x19,
    0x47, 0x19, 0x47, 0x19, 0x47, 0x19, 0x47, 0x19, 0x47, 0x19, 0x47, 0x19, 0x47, 0x19, 0x47, 0x19,
    0x47, 0x19, 0x47, 0x19, 0x47, 0x19, 0x47, 0x19, 0x47, 0x19, 0x47, 0x19, 0x47, 0x19, 0x47, 0x19,
    0x47, 0x19, 0x47, 0x19, 0x47, 0x19, 0x47, 0x19, 0x47, 0x19, 0x47, 0x19, 0x47, 0x19, 0x47, 0x19,
    0x47, 0x19, 0x47, 0x19, 0x47, 0x19, 0x47, 0x19, 0x47, 0x19, 0x47, 0x19, 0x47, 0x19, 0x47, 0x19,
    0x47, 0x19, 0x47, 0x19, 0x47, 0x19, 0x47, 0x19, 0x47, 0x19, 0x47, 0x19, 0x47, 0x19, 0x47, 0x19,
    0x47, 0x19, 0x47, 0x19, 0x47, 0x19, 0x47, 0x19, 0x47, 0x19, 0x47, 0x19, 0x47, 0x19, 0x47, 0x19,
    0x47, 0x19, 0x47, 0x19, 0x47, 0x19, 0x47, 0x19, 0x47, 0x19, 0x47, 0x19, 0x47, 0x19, 0x47, 0x19,
    0x47, 0x19, 0x47, 0x19, 0x47, 0x19, 0x47, 0x19, 0x47, 0x19, 0x47, 0x19, 0x47, 0x19, 0x47, 0x19,
    0x47, 0x19, 0x47, 0x19, 0x47, 0x19, 0x47, 0x19, 0x47, 0x19, 0x47, 0x19, 0x47, 0x19, 0x47, 0x19,
    0x47, 0x19, 0x47, 0x19, 0x47, 0x19, 0x47, 0x19, 0x47, 0x19, 0x47, 0x19, 0x47, 0x19, 0x47, 0x19,
    0x47, 0x19, 0x47, 0x19, 0x47, 0x19, 0x47, 0x19, 0x47, 0x19, 0x47, 0x19, 0x47, 0x19, 0x47, 0x19,
    0x47, 0x19, 0x47, 0x19, 0x47, 0x19, 0x47, 0x19, 0x47, 0x19, 0x47, 0x19, 0x47, 0x19, 0x47, 0x19,
    0x47, 0x19, 0x47, 0x19, 0x47, 0x19, 0x47, 0x19, 0x47, 0x19, 0x47, 0x19, 0x47, 0x19, 0x47, 0x19,
    0x47, 0x19, 0x47, 0x19, 0x47, 0x19, 0x47, 0x19, 0x47, 0x19, 0x47, 0x19, 0x47, 0x19, 0x47, 0x19,
    0x47, 0x19, 0x47, 0x19, 0x47, 0x19, 0x47, 0x19, 0x47, 0x19, 0x47, 0x19, 0x47, 0x19, 0x47, 0x19,
    0x47, 0x19, 0x47, 0x19, 0x47, 0x19, 0x47, 0x19, 0x47, 0x19, 0x47, 0x19, 0x47, 0x19, 0x47, 0x19,
    0x47, 0x19, 0x47, 0x19, 0x47, 0x19, 0x47, 0x19, 0x47, 0x19, 0x47, 0x19, 0x47, 0x19, 0x47, 0x19,
    0x47, 0x19, 0x47, 0x19, 0x47, 0x19, 0x47, 0x19, 0x47, 0x19, 0x47, 0x19, 0x47, 0x19, 0x47, 0x19,
    0x47, 0x19, 0x47, 0x19, 0x47, 0x19, 0x47, 0x19, 0x47, 0x19, 0x47, 0x19, 0x47, 0x19, 0x47, 0x19,
    0x47, 0x19, 0x47, 0x19, 0x47, 0x19, 0x47, 0x19, 0x47, 0x19, 0x47, 0x19, 0x47, 0x19, 0x47, 0x19,
    0x47, 0x19, 0x47, 0x19, 0x47, 0x19, 0x47, 0x19, 0x47, 0x19, 0x47, 0x19, 0x47, 0x19, 0x47, 0x19,
    0x47, 0x19, 0x47, 0x19, 0x47, 0x19, 0x47, 0x19, 0x47, 0x19, 0x47, 0x19, 0x47, 0x19, 0x47, 0x19,
    0x47, 0x19, 0x47, 0x19, 0x47, 0x19, 0x47, 0x19, 0x47, 0x19, 0x47, 0x19, 0x47, 0x19, 0x47, 0x19,
    0x47, 0x19, 0x47, 0x21, 0x06, 0x11, 0xe5, 0x10, 0x68, 0x21, 0x6b, 0x42, 0x2e, 0x5b, 0x6f, 0x63,
    0x2e, 0x5b, 0x8c, 0x4a, 0xa8, 0x29, 0xe6, 0x10, 0x06, 0x11, 0x47, 0x21, 0x47, 0x19, 0x47, 0x19,
    0x47, 0x19, 0x47, 0x19, 0x47, 0x19, 0x47, 0x19, 0x47, 0x19, 0x47, 0x19, 0x47, 0x19, 0x47, 0x19,
    0x47, 0x19, 0x47, 0x19, 0x47, 0x19, 0x47, 0x19, 0x47, 0x19, 0x47, 0x19, 0x47, 0x19, 0x47, 0x19,
    0x47, 0x19, 0x47, 0x19, 0x47, 0x19, 0x47, 0x19, 0x47, 0x19, 0x47, 0x19, 0x47, 0x19, 0x47, 0x19,
    0x47, 0x19, 0x47, 0x19, 0x47, 0x19, 0x47, 0x19, 0x47, 0x19, 0x47, 0x19, 0x47, 0x19, 0x47, 0x19,
    0x47, 0x19, 0x47, 0x19, 0x47, 0x19, 0x47, 0x19, 0x47, 0x19, 0x47, 0x19, 0x47, 0x19, 0x47, 0x19,
    0x47, 0x19, 0x47, 0x19, 0x47, 0x19, 0x47, 0x19, 0x47, 0x19, 0x47, 0x19, 0x47, 0x19, 0x47, 0x19,
    0x47, 0x19, 0x47, 0x19, 0x47, 0x19, 0x47, 0x19, 0x47, 0x19, 0x47, 0x19, 0x47, 0x19, 0x47, 0x19,
    0x47, 0x19, 0x47, 0x19, 0x47, 0x19, 0x47, 0x19, 0x47, 0x19, 0x47, 0x19, 0x47, 0x19, 0x47, 0x19,
    0x47, 0x19, 0x47, 0x19, 0x47, 0x19, 0x47, 0x19, 0x47, 0x19, 0x47, 0x19, 0x47, 0x19, 0x47, 0x19,
    0x47, 0x19, 0x47, 0x19, 0x47, 0x19, 0x47, 0x19, 0x47, 0x19, 0x47, 0x19, 0x47, 0x19, 0x47, 0x19,
    0x47, 0x19, 0x47, 0x19, 0x47, 0x19, 0x47, 0x19, 0x47, 0x19, 0x47, 0x19, 0x47, 0x19, 0x47, 0x19,
    0x47, 0x19, 0x47, 0x19, 0x47, 0x19, 0x47, 0x19, 0x47, 0x19, 0x47, 0x19, 0x47, 0x19, 0x47, 0x19,
    0x47, 0x19, 0x47, 0x19, 0x47, 0x19, 0x47, 0x19, 0x47, 0x19, 0x47, 0x19, 0x47, 0x19, 0x47, 0x19,
    0x47, 0x19, 0x47, 0x19, 0x47, 0x19, 0x47, 0x19, 0x47, 0x19, 0x47, 0x19, 0x47, 0x19, 0x47, 0x19,
    0x47, 0x19, 0x47, 0x19, 0x47, 0x19, 0x47, 0x19, 0x47, 0x19, 0x47, 0x19, 0x47, 0x19, 0x47, 0x19,
    0x47, 0x19, 0x47, 0x19, 0x47, 0x19, 0x47, 0x19, 0x47, 0x19, 0x47, 0x19, 0x47, 0x19, 0x47, 0x19,
    0x47, 0x19, 0x47, 0x19, 0x47, 0x19, 0x47, 0x19, 0x47, 0x19, 0x47, 0x19, 0x47, 0x19, 0x47, 0x19,
    0x47, 0x19, 0x47, 0x19, 0x47, 0x19, 0x47, 0x19, 0x47, 0x19, 0x47, 0x19, 0x47, 0x19, 0x47, 0x19,
    0x47, 0x19, 0x47, 0x19, 0x47, 0x19, 0x47, 0x19, 0x47, 0x19, 0x47, 0x19, 0x47, 0x19, 0x47, 0x19,
    0x47, 0x19, 0x47, 0x19, 0x47, 0x19, 0x47, 0x19, 0x47, 0x19, 0x47, 0x19, 0x47, 0x19, 0x47, 0x19,
    0x47, 0x19, 0x47, 0x19, 0x47, 0x19, 0x47, 0x19, 0x47, 0x19, 0x47, 0x19, 0x47, 0x19, 0x47, 0x19,
    0x47, 0x19, 0x47, 0x19, 0x47, 0x19, 0x47, 0x19, 0x47, 0x19, 0x47, 0x19, 0x47, 0x19, 0x47, 0x19,
    0x47, 0x19, 0x47, 0x19, 0x47, 0x19, 0x47, 0x19, 0x47, 0x19, 0x47, 0x19, 0x47, 0x19, 0x47, 0x19,
    0x47, 0x19, 0x47, 0x19, 0x47, 0x19, 0x47, 0x19, 0x47, 0x19, 0x47, 0x19, 0x47, 0x19, 0x47, 0x19,
    0x47, 0x19, 0x47, 0x19, 0x47, 0x19, 0x47, 0x19, 0x47, 0x19, 0x47, 0x19, 0x47, 0x19, 0x47, 0x19,
    0x47, 0x19, 0x47, 0x19, 0x47, 0x19, 0x47, 0x19, 0x47, 0x19, 0x47, 0x19, 0x47, 0x19, 0x47, 0x19,
    0x47, 0x19, 0x47, 0x19, 0x47, 0x19, 0x47, 0x19, 0x47, 0x19, 0x47, 0x19, 0x47, 0x19, 0x47, 0x19,
    0x47, 0x19, 0x47, 0x19, 0x47, 0x19, 0x47, 0x19, 0x47, 0x19, 0x47, 0x19, 0x47, 0x19, 0x47, 0x19,
    0x47, 0x19, 0x47, 0x19, 0x47, 0x19, 0x47, 0x19, 0x47, 0x19, 0x47, 0x19, 0x47, 0x19, 0x47, 0x19,
    0x47, 0x19, 0x47, 0x19, 0x47, 0x19, 0x47, 0x19, 0x47, 0x19, 0x47, 0x19, 0x47, 0x19, 0x47, 0x19,
    0x47, 0x19, 0x47, 0x19, 0x47, 0x19, 0x47, 0x19, 0x47, 0x19, 0x47, 0x19, 0x47, 0x19, 0x47, 0x19,
    0x47, 0x19, 0x47, 0x19, 0x47, 0x19, 0x47, 0x19, 0x47, 0x19, 0x47, 0x19, 0x47, 0x19, 0x47, 0x19,
    0x47, 0x19, 0x47, 0x19, 0x47, 0x19, 0x47, 0x19, 0x47, 0x19, 0x47, 0x19, 0x47, 0x19, 0x67, 0x21,
    0x27, 0x19, 0xe6, 0x10, 0x4b, 0x42, 0xd4, 0x94, 0xdb, 0xde, 0xbe, 0xf7, 0xff, 0xff, 0xff, 0xff,
    0xff, 0xff, 0xbe, 0xf7, 0x1c, 0xe7, 0x56, 0xa5, 0xac, 0x4a, 0xe6, 0x10, 0x27, 0x19, 0x47, 0x21,
    0x47, 0x19, 0x47, 0x19, 0x47, 0x19, 0x47, 0x19, 0x47, 0x19, 0x47, 0x19, 0x47, 0x19, 0x47, 0x19,
    0x47, 0x19, 0x47, 0x19, 0x47, 0x19, 0x47, 0x19, 0x47, 0x19, 0x47, 0x19, 0x47, 0x19, 0x47, 0x19,
    0x47, 0x19, 0x47, 0x19, 0x47, 0x19, 0x47, 0x19, 0x47, 0x19, 0x47, 0x19, 0x47, 0x19, 0x47, 0x19,
    0x47, 0x19, 0x47, 0x19, 0x47, 0x19, 0x47, 0x19, 0x47, 0x19, 0x47, 0x19, 0x47, 0x19, 0x47, 0x19,
    0x47, 0x19, 0x47, 0x19, 0x47, 0x19, 0x47, 0x19, 0x47, 0x19, 0x47, 0x19, 0x47, 0x19, 0x47, 0x19,
    0x47, 0x19, 0x47, 0x19, 0x47, 0x19, 0x47, 0x19, 0x47, 0x19, 0x47, 0x19, 0x47, 0x19, 0x47, 0x19,
    0x47, 0x19, 0x47, 0x19, 0x47, 0x19, 0x47, 0x19, 0x47, 0x19, 0x47, 0x19, 0x47, 0x19, 0x47, 0x19,
    0x47, 0x19, 0x47, 0x19, 0x47, 0x19, 0x47, 0x19, 0x47, 0x19, 0x47, 0x19, 0x47, 0x19, 0x47, 0x19,
    0x47, 0x19, 0x47, 0x19, 0x47, 0x19, 0x47, 0x19, 0x47, 0x19, 0x47, 0x19, 0x47, 0x19, 0x47, 0x19,
    0x47, 0x19, 0x47, 0x19, 0x47, 0x19, 0x47, 0x19, 0x47, 0x19, 0x47, 0x19, 0x47, 0x19, 0x47, 0x19,
    0x47, 0x19, 0x47, 0x19, 0x47, 0x19, 0x47, 0x19, 0x47, 0x19, 0x47, 0x19, 0x47, 0x19, 0x47, 0x19,
    0x47, 0x19, 0x47, 0x19, 0x47, 0x19, 0x47, 0x19, 0x47, 0x21, 0x67, 0x21, 0x47, 0x19, 0x27, 0x19,
    0x26, 0x19, 0x26, 0x19, 0x27, 0x19, 0x47, 0x19, 0x67, 0x21, 0x47, 0x21, 0x47, 0x19, 0x47, 0x19,
    0x47, 0x19, 0x47, 0x19, 0x47, 0x19, 0x47, 0x19, 0x47, 0x19, 0x47, 0x19, 0x47, 0x19, 0x47, 0x19,
    0x47, 0x19, 0x47, 0x19, 0x47, 0x19, 0x47, 0x19, 0x47, 0x19, 0x47, 0x19, 0x47, 0x19, 0x47, 0x19,
    0x47, 0x19, 0x47, 0x19, 0x47, 0x19, 0x47, 0x19, 0x47, 0x19, 0x47, 0x19, 0x47, 0x19, 0x47, 0x19,
    0x47, 0x19, 0x47, 0x19, 0x47, 0x19, 0x47, 0x19, 0x47, 0x19, 0x47, 0x19, 0x47, 0x19, 0x47, 0x19,
    0x47, 0x19, 0x47, 0x19, 0x47, 0x19, 0x47, 0x19, 0x47, 0x19, 0x47, 0x19, 0x47, 0x19, 0x47, 0x19,
    0x47, 0x19, 0x47, 0x19, 0x47, 0x19, 0x47, 0x19, 0x47, 0x19, 0x47, 0x19, 0x47, 0x19, 0x47, 0x19,
    0x47, 0x19, 0x47, 0x19, 0x47, 0x19, 0x47, 0x19, 0x47, 0x19, 0x47, 0x19, 0x47, 0x19, 0x47, 0x19,
    0x47, 0x19, 0x47, 0x19, 0x47, 0x19, 0x47, 0x19, 0x47, 0x19, 0x47, 0x19, 0x47, 0x19, 0x47, 0x19,
    0x47, 0x19, 0x47, 0x19, 0x47, 0x19, 0x47, 0x19, 0x47, 0x19, 0x47, 0x19, 0x47, 0x19, 0x47, 0x19,
    0x47, 0x19, 0x47, 0x19, 0x47, 0x19, 0x47, 0x19, 0x47, 0x19, 0x47, 0x19, 0x47, 0x19, 0x47, 0x19,
    0x47, 0x19, 0x47, 0x19, 0x47, 0x19, 0x47, 0x19, 0x47, 0x19, 0x47, 0x19, 0x47, 0x19, 0x47, 0x19,
    0x47, 0x19, 0x47, 0x19, 0x47, 0x19, 0x47, 0x19, 0x47, 0x19, 0x47, 0x19, 0x47, 0x19, 0x47, 0x19,
    0x47, 0x19, 0x47, 0x19, 0x47, 0x19, 0x47, 0x19, 0x47, 0x19, 0x47, 0x19, 0x47, 0x19, 0x47, 0x19,
    0x47, 0x19, 0x47, 0x19, 0x47, 0x19, 0x47, 0x19, 0x47, 0x19, 0x47, 0x19, 0x47, 0x19, 0x47, 0x19,
    0x47, 0x19, 0x47, 0x19, 0x47, 0x19, 0x47, 0x19, 0x47, 0x19, 0x47, 0x19, 0x47, 0x19, 0x47, 0x19,
    0x47, 0x19, 0x47, 0x19, 0x47, 0x19, 0x47, 0x19, 0x47, 0x19, 0x47, 0x19, 0x47, 0x19, 0x47, 0x19,
    0x47, 0x19, 0x47, 0x19, 0x47, 0x19, 0x47, 0x19, 0x47, 0x19, 0x47, 0x19, 0x47, 0x19, 0x47, 0x19,
    0x47, 0x19, 0x47, 0x19, 0x47, 0x19, 0x47, 0x19, 0x47, 0x19, 0x47, 0x19, 0x47, 0x19, 0x47, 0x19,
    0x47, 0x19, 0x47, 0x19, 0x47, 0x19, 0x47, 0x19, 0x47, 0x19, 0x47, 0x19, 0x47, 0x19, 0x47, 0x19,
    0x47, 0x19, 0x47, 0x19, 0x47, 0x19, 0x47, 0x19, 0x47, 0x19, 0x47, 0x19, 0x67, 0x21, 0xe6, 0x10,
    0x88, 0x29, 0xf4, 0x9c, 0x9e, 0xf7, 0xff, 0xff, 0xff, 0xff, 0xdf, 0xff, 0xbe, 0xf7, 0xbe, 0xf7,
    0xbe, 0xf7, 0xdf, 0xff, 0xff, 0xff, 0xff, 0xff, 0xbf, 0xf7, 0x15, 0x9d, 0x68, 0x21, 0x06, 0x11,
    0x67, 0x21, 0x47, 0x19, 0x47, 0x19, 0x47, 0x19, 0x47, 0x19, 0x47, 0x19, 0x47, 0x19, 0x47, 0x19,
    0x47, 0x19, 0x47, 0x19, 0x47, 0x19, 0x47, 0x19, 0x47, 0x19, 0x47, 0x19, 0x47, 0x19, 0x47, 0x19,
    0x47, 0x19, 0x47, 0x19, 0x47, 0x19, 0x47, 0x19, 0x47, 0x19, 0x47, 0x19, 0x47, 0x19, 0x47, 0x19,
    0x47, 0x19, 0x47, 0x19, 0x47, 0x19, 0x47, 0x19, 0x47, 0x19, 0x47, 0x19, 0x47, 0x19, 0x47, 0x19,
    0x47, 0x19, 0x47, 0x19, 0x47, 0x19, 0x47, 0x19, 0x47, 0x19, 0x47, 0x19, 0x47, 0x19, 0x47, 0x19,
    0x47, 0x19, 0x47, 0x19, 0x47, 0x19, 0x47, 0x19, 0x47, 0x19, 0x47, 0x19, 0x47, 0x19, 0x47, 0x19,
    0x47, 0x19, 0x47, 0x19, 0x47, 0x19, 0x47, 0x19, 0x47, 0x19, 0x47, 0x19, 0x47, 0x19, 0x47, 0x19,
    0x47, 0x19, 0x47, 0x19, 0x47, 0x19, 0x47, 0x19, 0x47, 0x19, 0x47, 0x19, 0x47, 0x19, 0x47, 0x19,
    0x47, 0x19, 0x47, 0x19, 0x47, 0x19, 0x47, 0x19, 0x47, 0x19, 0x47, 0x19, 0x47, 0x19, 0x47, 0x19,
    0x47, 0x19, 0x47, 0x19, 0x47, 0x19, 0x47, 0x19, 0x47, 0x19, 0x47, 0x19, 0x47, 0x19, 0x47, 0x19,
    0x47, 0x19, 0x47, 0x19, 0x47, 0x19, 0x47, 0x19, 0x47, 0x19, 0x47, 0x19, 0x47, 0x19, 0x47, 0x19,
    0x47, 0x19, 0x47, 0x19, 0x67, 0x21, 0x27, 0x19, 0xe6, 0x10, 0xc5, 0x08, 0x26, 0x19, 0x88, 0x21,
    0xe9, 0x31, 0xc9, 0x31, 0x88, 0x21, 0x06, 0x19, 0xc5, 0x08, 0x06, 0x11, 0x47, 0x19, 0x67, 0x21,
    0x47, 0x19, 0x47, 0x19, 0x47, 0x19, 0x47, 0x19, 0x47, 0x19, 0x47, 0x19, 0x47, 0x19, 0x47, 0x19,
    0x47, 0x19, 0x47, 0x19, 0x47, 0x19, 0x47, 0x19, 0x47, 0x19, 0x47, 0x19, 0x47, 0x19, 0x47, 0x19,
    0x47, 0x19, 0x47, 0x19, 0x47, 0x19, 0x47, 0x19, 0x47, 0x19, 0x47, 0x19, 0x47, 0x19, 0x47, 0x19,
    0x47, 0x19, 0x47, 0x19, 0x47, 0x19, 0x47, 0x19, 0x47, 0x19, 0x47, 0x19, 0x47, 0x19, 0x47, 0x19,
    0x47, 0x19, 0x47, 0x19, 0x47, 0x19, 0x47, 0x19, 0x47, 0x19, 0x47, 0x19, 0x47, 0x19, 0x47, 0x19,
    0x47, 0x19, 0x47, 0x19, 0x47, 0x19, 0x47, 0x19, 0x47, 0x19, 0x47, 0x19, 0x47, 0x19, 0x47, 0x19,
    0x47, 0x19, 0x47, 0x19, 0x47, 0x19, 0x47, 0x19, 0x47, 0x19, 0x47, 0x19, 0x47, 0x19, 0x47, 0x19,
    0x47, 0x19, 0x47, 0x19, 0x47, 0x19, 0x47, 0x19, 0x47, 0x19, 0x47, 0x19, 0x47, 0x19, 0x47, 0x19,
    0x47, 0x19, 0x47, 0x19, 0x47, 0x19, 0x47, 0x19, 0x47, 0x19, 0x47, 0x19, 0x47, 0x19, 0x47, 0x19,
    0x47, 0x19, 0x47, 0x19, 0x47, 0x19, 0x47, 0x19, 0x47, 0x19, 0x47, 0x19, 0x47, 0x19, 0x47, 0x19,
    0x47, 0x19, 0x47, 0x19, 0x47, 0x19, 0x47, 0x19, 0x47, 0x19, 0x47, 0x19, 0x47, 0x19, 0x47, 0x19,
    0x47, 0x19, 0x47, 0x19, 0x47, 0x19, 0x47, 0x19, 0x47, 0x19, 0x47, 0x19, 0x47, 0x19, 0x47, 0x19,
    0x47, 0x19, 0x47, 0x19, 0x47, 0x19, 0x47, 0x19, 0x47, 0x19, 0x47, 0x19, 0x47, 0x19, 0x47, 0x19,
    0x47, 0x19, 0x47, 0x19, 0x47, 0x19, 0x47, 0x19, 0x47, 0x19, 0x47, 0x19, 0x47, 0x19, 0x47, 0x19,
    0x47, 0x19, 0x47, 0x19, 0x47, 0x19, 0x47, 0x19, 0x47, 0x19, 0x47, 0x19, 0x47, 0x19, 0x47, 0x19,
    0x47, 0x19, 0x47, 0x19, 0x47, 0x19, 0x47, 0x19, 0x47, 0x19, 0x47, 0x19, 0x47, 0x19, 0x47, 0x19,
    0x47, 0x19, 0x47, 0x19, 0x47, 0x19, 0x47, 0x19, 0x47, 0x19, 0x47, 0x19, 0x47, 0x19, 0x47, 0x19,
    0x47, 0x19, 0x47, 0x19, 0x47, 0x19, 0x47, 0x19, 0x47, 0x19, 0x47, 0x19, 0x47, 0x19, 0x47, 0x19,
    0x47, 0x19, 0x47, 0x19, 0x47, 0x19, 0x47, 0x19, 0x47, 0x19, 0x47, 0x19, 0x47, 0x19, 0x47, 0x19,
    0x47, 0x19, 0x47, 0x19, 0x47, 0x19, 0x47, 0x19, 0x47, 0x19, 0x67, 0x21, 0xe5, 0x10, 0xac, 0x4a,
    0xdb, 0xde, 0xff, 0xff, 0xdf, 0xff, 0xbe, 0xf7, 0xbe, 0xf7, 0xbe, 0xf7, 0xdf, 0xff, 0xdf, 0xff,
    0xdf, 0xff, 0xbe, 0xf7, 0xbe, 0xf7, 0xbe, 0xf7, 0xdf, 0xff, 0xff, 0xff, 0x7a, 0xce, 0xc9, 0x31,
    0x06, 0x11, 0x47, 0x21, 0x47, 0x19, 0x47, 0x19, 0x47, 0x19, 0x47, 0x19, 0x47, 0x19, 0x47, 0x19,
    0x47, 0x19, 0x47, 0x19, 0x47, 0x19, 0x47, 0x19, 0x47, 0x19, 0x47, 0x19, 0x47, 0x19, 0x47, 0x19,
    0x47, 0x19, 0x47, 0x19, 0x47, 0x19, 0x47, 0x19, 0x67, 0x21, 0x67, 0x21, 0x47, 0x19, 0x47, 0x19,
    0x47, 0x19, 0x47, 0x21, 0x67, 0x21, 0x47, 0x19, 0x47, 0x19, 0x47, 0x19, 0x47, 0x19, 0x47, 0x19,
    0x47, 0x19, 0x47, 0x19, 0x47, 0x19, 0x47, 0x19, 0x47, 0x19, 0x47, 0x19, 0x47, 0x19, 0x47, 0x19,
    0x47, 0x19, 0x47, 0x19, 0x47, 0x19, 0x47, 0x19, 0x47, 0x19, 0x47, 0x19, 0x47, 0x19, 0x47, 0x19,
    0x47, 0x19, 0x67, 0x21, 0x26, 0x19, 0x27, 0x19, 0x47, 0x19, 0x47, 0x19, 0x47, 0x19, 0x47, 0x19,
    0x47, 0x19, 0x47, 0x19, 0x47, 0x19, 0x47, 0x19, 0x47, 0x19, 0x47, 0x19, 0x47, 0x19, 0x47, 0x19,
    0x47, 0x19, 0x47, 0x19, 0x47, 0x19, 0x47, 0x19, 0x47, 0x19, 0x47, 0x19, 0x47, 0x19, 0x47, 0x19,
    0x47, 0x19, 0x47, 0x19, 0x47, 0x19, 0x47, 0x19, 0x47, 0x19, 0x67, 0x21, 0x47, 0x19, 0x27, 0x19,
    0x47, 0x19, 0x47, 0x19, 0x47, 0x19, 0x47, 0x19, 0x47, 0x19, 0x47, 0x19, 0x47, 0x19, 0x47, 0x19,
    0x67, 0x21, 0x27, 0x19, 0xc5, 0x08, 0x67, 0x21, 0xed, 0x52, 0xd4, 0x94, 0x18, 0xc6, 0xfc, 0xde,
    0x5d, 0xe7, 0x3d, 0xe7, 0xfc, 0xde, 0x18, 0xbe, 0xb3, 0x8c, 0xac, 0x4a, 0x26, 0x19, 0xe6, 0x10,
    0x47, 0x19, 0x47, 0x21, 0x47, 0x19, 0x47, 0x19, 0x47, 0x19, 0x47, 0x19, 0x47, 0x19, 0x47, 0x19,
    0x47, 0x19, 0x47, 0x19, 0x47, 0x19, 0x47, 0x19, 0x47, 0x19, 0x47, 0x19, 0x47, 0x19, 0x47, 0x19,
    0x47, 0x19, 0x47, 0x19, 0x47, 0x19, 0x47, 0x19, 0x47, 0x19, 0x47, 0x19, 0x47, 0x19, 0x47, 0x19,
    0x47, 0x19, 0x47, 0x19, 0x47, 0x19, 0x47, 0x19, 0x47, 0x19, 0x47, 0x19, 0x47, 0x19, 0x47, 0x19,
    0x47, 0x19, 0x47, 0x19, 0x47, 0x19, 0x47, 0x19, 0x47, 0x19, 0x47, 0x19, 0x47, 0x19, 0x47, 0x19,
    0x47, 0x19, 0x47, 0x19, 0x47, 0x19, 0x47, 0x19, 0x47, 0x19, 0x47, 0x19, 0x47, 0x19, 0x47, 0x19,
    0x47, 0x19, 0x47, 0x19, 0x47, 0x19, 0x47, 0x19, 0x47, 0x19, 0x47, 0x19, 0x47, 0x19, 0x47, 0x19,
    0x47, 0x19, 0x47, 0x19, 0x47, 0x19, 0x47, 0x19, 0x47, 0x19, 0x47, 0x19, 0x47, 0x19, 0x47, 0x19,
    0x47, 0x19, 0x47, 0x19, 0x47, 0x19, 0x47, 0x19, 0x47, 0x19, 0x47, 0x19, 0x47, 0x19, 0x47, 0x19,
    0x47, 0x19, 0x47, 0x19, 0x47, 0x19, 0x47, 0x19, 0x47, 0x19, 0x47, 0x19, 0x47, 0x19, 0x47, 0x19,
    0x47, 0x19, 0x47, 0x19, 0x47, 0x19, 0x47, 0x19, 0x47, 0x19, 0x47, 0x19, 0x47, 0x19, 0x47, 0x19,
    0x47, 0x19, 0x47, 0x19, 0x47, 0x19, 0x47, 0x19, 0x47, 0x19, 0x47, 0x19, 0x47, 0x19, 0x47, 0x19,
    0x47, 0x19, 0x47, 0x19, 0x47, 0x19, 0x47, 0x19, 0x47, 0x19, 0x47, 0x19, 0x47, 0x19, 0x47, 0x19,
    0x47, 0x19, 0x47, 0x19, 0x47, 0x19, 0x47, 0x19, 0x47, 0x19, 0x47, 0x19, 0x47, 0x19, 0x47, 0x19,
    0x47, 0x19, 0x47, 0x19, 0x47, 0x19, 0x47, 0x19, 0x47, 0x19, 0x47, 0x19, 0x47, 0x19, 0x47, 0x19,
    0x47, 0x19, 0x47, 0x19, 0x47, 0x19, 0x47, 0x19, 0x47, 0x19, 0x47, 0x19, 0x47, 0x19, 0x47, 0x19,
    0x47, 0x19, 0x47, 0x19, 0x47, 0x19, 0x47, 0x19, 0x47, 0x19, 0x47, 0x19, 0x47, 0x19, 0x47, 0x19,
    0x47, 0x19, 0x47, 0x19, 0x47, 0x19, 0x47, 0x19, 0x47, 0x19, 0x47, 0x19, 0x47, 0x19, 0x47, 0x19,
    0x47, 0x19, 0x47, 0x19, 0x47, 0x19, 0x47, 0x19, 0x47, 0x19, 0x47, 0x19, 0x47, 0x19, 0x47, 0x19,
    0x47, 0x19, 0x47, 0x19, 0x47, 0x19, 0x47, 0x19, 0x67, 0x21, 0xe5, 0x10, 0x6f, 0x63, 0x9e, 0xf7,
    0xff, 0xff, 0xbe, 0xf7, 0xbe, 0xf7, 0xdf, 0xff, 0xdf, 0xff, 0xdf, 0xff, 0xdf, 0xff, 0xdf, 0xff,
    0xdf, 0xff, 0xdf, 0xff, 0xdf, 0xff, 0xdf, 0xff, 0xbe, 0xf7, 0xbe, 0xf7, 0xff, 0xff, 0x7a, 0xce,
    0x68, 0x21, 0x27, 0x19, 0x47, 0x19, 0x47, 0x19, 0x47, 0x19, 0x47, 0x19, 0x47, 0x19, 0x47, 0x19,
    0x47, 0x19, 0x47, 0x19, 0x47, 0x19, 0x47, 0x19, 0x47, 0x19, 0x47, 0x19, 0x47, 0x19, 0x47, 0x19,
    0x47, 0x19, 0x47, 0x19, 0x67, 0x21, 0x26, 0x19, 0xe5, 0x10, 0xe5, 0x10, 0x06, 0x11, 0x06, 0x11,
    0x06, 0x11, 0xe5, 0x10, 0xe5, 0x10, 0x27, 0x19, 0x67, 0x21, 0x47, 0x19, 0x47, 0x19, 0x47, 0x19,
    0x47, 0x19, 0x47, 0x19, 0x47, 0x19, 0x47, 0x19, 0x47, 0x19, 0x47, 0x19, 0x47, 0x19, 0x47, 0x19,
    0x47, 0x19, 0x47, 0x19, 0x47, 0x19, 0x47, 0x19, 0x47, 0x19, 0x47, 0x19, 0x47, 0x19, 0x67, 0x21,
    0x27, 0x19, 0xc5, 0x10, 0xc9, 0x31, 0xa8, 0x29, 0x27, 0x19, 0x47, 0x19, 0x47, 0x19, 0x47, 0x19,
    0x47, 0x19, 0x47, 0x19, 0x47, 0x19, 0x47, 0x19, 0x47, 0x19, 0x47, 0x19, 0x47, 0x19, 0x47, 0x19,
    0x47, 0x19, 0x47, 0x19, 0x47, 0x19, 0x47, 0x19, 0x47, 0x19, 0x47, 0x19, 0x47, 0x19, 0x47, 0x19,
    0x47, 0x19, 0x47, 0x19, 0x47, 0x19, 0x67, 0x21, 0x47, 0x19, 0xc5, 0x10, 0x47, 0x21, 0x88, 0x29,
    0x27, 0x19, 0x47, 0x19, 0x47, 0x19, 0x47, 0x19, 0x47, 0x19, 0x47, 0x19, 0x47, 0x19, 0x47, 0x21,
    0xe6, 0x10, 0x68, 0x21, 0x11, 0x7c, 0xba, 0xd6, 0xff, 0xff, 0xff, 0xff, 0xff, 0xff, 0xff, 0xff,
    0xff, 0xff, 0xff, 0xff, 0xff, 0xff, 0xff, 0xff, 0xff, 0xff, 0xdf, 0xff, 0x39, 0xc6, 0x0e, 0x5b,
    0x06, 0x11, 0x06, 0x11, 0x67, 0x21, 0x47, 0x19, 0x47, 0x19, 0x47, 0x19, 0x47, 0x19, 0x47, 0x19,
    0x47, 0x19, 0x47, 0x19, 0x47, 0x19, 0x47, 0x19, 0x47, 0x19, 0x47, 0x19, 0x47, 0x19, 0x47, 0x19,
    0x47, 0x19, 0x47, 0x19, 0x47, 0x19, 0x47, 0x19, 0x47, 0x19, 0x47, 0x19, 0x47, 0x19, 0x47, 0x19,
    0x47, 0x19, 0x47, 0x19, 0x47, 0x19, 0x47, 0x19, 0x47, 0x19, 0x47, 0x19, 0x47, 0x19, 0x47, 0x19,
    0x47, 0x19, 0x47, 0x19, 0x47, 0x19, 0x47, 0x19, 0x47, 0x19, 0x47, 0x19, 0x47, 0x19, 0x47, 0x19,
    0x47, 0x19, 0x47, 0x19, 0x47, 0x19, 0x47, 0x19, 0x47, 0x19, 0x47, 0x19, 0x47, 0x19, 0x47, 0x19,
    0x47, 0x19, 0x47, 0x19, 0x47, 0x19, 0x47, 0x19, 0x47, 0x19, 0x47, 0x19, 0x47, 0x19, 0x47, 0x19,
    0x47, 0x19, 0x47, 0x19, 0x47, 0x19, 0x47, 0x19, 0x47, 0x19, 0x47, 0x19, 0x47, 0x19, 0x47, 0x19,
    0x47, 0x19, 0x47, 0x19, 0x47, 0x19, 0x47, 0x19, 0x47, 0x19, 0x47, 0x19, 0x47, 0x19, 0x47, 0x19,
    0x47, 0x19, 0x47, 0x19, 0x47, 0x19, 0x47, 0x19, 0x47, 0x19, 0x47, 0x19, 0x47, 0x19, 0x47, 0x19,
    0x47, 0x19, 0x47, 0x19, 0x47, 0x19, 0x47, 0x19, 0x47, 0x19, 0x47, 0x19, 0x47, 0x19, 0x47, 0x19,
    0x47, 0x19, 0x47, 0x19, 0x47, 0x19, 0x47, 0x19, 0x47, 0x19, 0x47, 0x19, 0x47, 0x19, 0x47, 0x19,
    0x47, 0x19, 0x47, 0x19, 0x47, 0x19, 0x47, 0x19, 0x47, 0x19, 0x47, 0x19, 0x47, 0x19, 0x47, 0x19,
    0x47, 0x19, 0x47, 0x19, 0x47, 0x19, 0x47, 0x19, 0x47, 0x19, 0x47, 0x19, 0x47, 0x19, 0x47, 0x19,
    0x47, 0x19, 0x47, 0x19, 0x47, 0x19, 0x47, 0x19, 0x47, 0x19, 0x47, 0x19, 0x47, 0x19, 0x47, 0x19,
    0x47, 0x19, 0x47, 0x19, 0x47, 0x19, 0x47, 0x19, 0x47, 0x19, 0x47, 0x19, 0x47, 0x19, 0x47, 0x19,
    0x47, 0x19, 0x47, 0x19, 0x47, 0x19, 0x47, 0x19, 0x47, 0x19, 0x47, 0x19, 0x47, 0x19, 0x47, 0x19,
    0x47, 0x19, 0x47, 0x19, 0x47, 0x19, 0x47, 0x19, 0x47, 0x19, 0x47, 0x19, 0x47, 0x19, 0x47, 0x19,
    0x47, 0x19, 0x47, 0x19, 0x47, 0x19, 0x47, 0x19, 0x47, 0x19, 0x47, 0x19, 0x47, 0x19, 0x47, 0x19,
    0x47, 0x19, 0x47, 0x19, 0x47, 0x19, 0x67, 0x21, 0xe5, 0x10, 0x6f, 0x63, 0xdf, 0xff, 0xdf, 0xff,
    0xbe, 0xf7, 0xdf, 0xff, 0xdf, 0xff, 0xdf, 0xff, 0xdf, 0xff, 0xdf, 0xff, 0xdf, 0xff, 0xdf, 0xff,
    0xdf, 0xff, 0xdf, 0xff, 0xdf, 0xff, 0xdf, 0xff, 0xdf, 0xff, 0xdf, 0xff, 0xbe, 0xf7, 0xff, 0xff,
    0x14, 0x9d, 0xe6, 0x10, 0x47, 0x21, 0x47, 0x19, 0x47, 0x19, 0x47, 0x19, 0x47, 0x19, 0x47, 0x19,
    0x47, 0x19, 0x47, 0x19, 0x47, 0x19, 0x47, 0x19, 0x47, 0x19, 0x47, 0x19, 0x47, 0x19, 0x47, 0x19,
    0x47, 0x21, 0x47, 0x19, 0xe5, 0x10, 0xa9, 0x29, 0x8f, 0x6b, 0xd4, 0x94, 0xb7, 0xb5, 0xf8, 0xbd,
    0xb7, 0xb5, 0xf4, 0x9c, 0x6f, 0x63, 0x68, 0x21, 0xe6, 0x10, 0x47, 0x19, 0x47, 0x21, 0x47, 0x19,
    0x47, 0x19, 0x47, 0x19, 0x47, 0x19, 0x47, 0x19, 0x47, 0x19, 0x47, 0x19, 0x47, 0x19, 0x47, 0x19,
    0x47, 0x19, 0x47, 0x19, 0x47, 0x19, 0x47, 0x19, 0x47, 0x19, 0x67, 0x21, 0x47, 0x19, 0xe5, 0x10,
    0x68, 0x21, 0x52, 0x84, 0x5d, 0xef, 0xf8, 0xbd, 0x27, 0x19, 0x47, 0x19, 0x47, 0x19, 0x47, 0x19,
    0x47, 0x19, 0x47, 0x19, 0x47, 0x19, 0x47, 0x19, 0x47, 0x19, 0x47, 0x19, 0x47, 0x19, 0x47, 0x19,
    0x47, 0x19, 0x47, 0x19, 0x47, 0x19, 0x47, 0x19, 0x47, 0x19, 0x47, 0x19, 0x47, 0x19, 0x47, 0x19,
    0x47, 0x19, 0x67, 0x21, 0x27, 0x19, 0xc5, 0x10, 0x47, 0x21, 0xaf, 0x6b, 0x9a, 0xce, 0x9a, 0xce,
    0x88, 0x29, 0x27, 0x19, 0x47, 0x19, 0x47, 0x19, 0x47, 0x19, 0x47, 0x19, 0x47, 0x19, 0xe5, 0x10,
    0x0d, 0x5b, 0xbb, 0xd6, 0xff, 0xff, 0xff, 0xff, 0xbe, 0xf7, 0xbe, 0xf7, 0xbe, 0xf7, 0xbe, 0xf7,
    0xbe, 0xf7, 0xbe, 0xf7, 0xbe, 0xf7, 0xbe, 0xf7, 0xbe, 0xf7, 0xdf, 0xff, 0xff, 0xff, 0xff, 0xff,
    0xb7, 0xb5, 0x0a, 0x3a, 0xe6, 0x10, 0x47, 0x21, 0x47, 0x19, 0x47, 0x19, 0x47, 0x19, 0x47, 0x19,
    0x47, 0x19, 0x47, 0x19, 0x47, 0x19, 0x47, 0x19, 0x47, 0x19, 0x47, 0x19, 0x47, 0x19, 0x47, 0x19,
    0x47, 0x19, 0x47, 0x19, 0x47, 0x19, 0x47, 0x19, 0x47, 0x19, 0x47, 0x19, 0x47, 0x19, 0x47, 0x19,
    0x47, 0x19, 0x47, 0x19, 0x47, 0x19, 0x47, 0x19, 0x47, 0x19, 0x47, 0x19, 0x47, 0x19, 0x47, 0x19,
    0x47, 0x19, 0x47, 0x19, 0x47, 0x19, 0x47, 0x19, 0x47, 0x19, 0x47, 0x19, 0x47, 0x19, 0x47, 0x19,
    0x47, 0x19, 0x47, 0x19, 0x47, 0x19, 0x47, 0x19, 0x47, 0x19, 0x47, 0x19, 0x47, 0x19, 0x47, 0x19,
    0x47, 0x19, 0x47, 0x19, 0x47, 0x19, 0x47, 0x19, 0x47, 0x19, 0x47, 0x19, 0x47, 0x19, 0x47, 0x19,
    0x47, 0x19, 0x47, 0x19, 0x47, 0x19, 0x47, 0x19, 0x47, 0x19, 0x47, 0x19, 0x47, 0x19, 0x47, 0x19,
    0x47, 0x19, 0x47, 0x19, 0x47, 0x19, 0x47, 0x19, 0x47, 0x19, 0x47, 0x19, 0x47, 0x19, 0x47, 0x19,
    0x47, 0x19, 0x47, 0x19, 0x47, 0x19, 0x47, 0x19, 0x47, 0x19, 0x47, 0x19, 0x47, 0x19, 0x47, 0x19,
    0x47, 0x19, 0x47, 0x19, 0x47, 0x19, 0x47, 0x19, 0x47, 0x19, 0x47, 0x19, 0x47, 0x19, 0x47, 0x19,
    0x47, 0x19, 0x47, 0x19, 0x47, 0x19, 0x47, 0x19, 0x47, 0x19, 0x47, 0x19, 0x47, 0x19, 0x47, 0x19,
    0x47, 0x19, 0x47, 0x19, 0x47, 0x19, 0x47, 0x19, 0x47, 0x19, 0x47, 0x19, 0x47, 0x19, 0x47, 0x19,
    0x47, 0x19, 0x47, 0x19, 0x47, 0x19, 0x47, 0x19, 0x47, 0x19, 0x47, 0x19, 0x47, 0x19, 0x47, 0x19,
    0x47, 0x19, 0x47, 0x19, 0x47, 0x19, 0x47, 0x19, 0x47, 0x19, 0x47, 0x19, 0x47, 0x19, 0x47, 0x19,
    0x47, 0x19, 0x47, 0x19, 0x47, 0x19, 0x47, 0x19, 0x47, 0x19, 0x47, 0x19, 0x47, 0x19, 0x47, 0x19,
    0x47, 0x19, 0x47, 0x19, 0x47, 0x19, 0x47, 0x19, 0x47, 0x19, 0x47, 0x19, 0x47, 0x19, 0x47, 0x19,
    0x47, 0x19, 0x47, 0x19, 0x47, 0x19, 0x47, 0x19, 0x47, 0x19, 0x47, 0x19, 0x47, 0x19, 0x47, 0x19,
    0x47, 0x19, 0x47, 0x19, 0x47, 0x19, 0x47, 0x19, 0x47, 0x19, 0x47, 0x19, 0x47, 0x19, 0x47, 0x19,
    0x47, 0x19, 0x47, 0x19, 0x67, 0x21, 0xe6, 0x10, 0x8c, 0x4a, 0x9e, 0xf7, 0xdf, 0xff, 0xbe, 0xf7,
    0xdf, 0xff, 0xdf, 0xff, 0xdf, 0xff, 0xdf, 0xff, 0xdf, 0xff, 0xdf, 0xff, 0xdf, 0xff, 0xdf, 0xff,
    0xdf, 0xff, 0xdf, 0xff, 0xdf, 0xff, 0xdf, 0xff, 0xdf, 0xff, 0xdf, 0xff, 0xbe, 0xf7, 0xdf, 0xff,
    0xbe, 0xf7, 0x6b, 0x42, 0x06, 0x11, 0x47, 0x21, 0x47, 0x19, 0x47, 0x19, 0x47, 0x19, 0x47, 0x19,
    0x47, 0x19, 0x47, 0x19, 0x47, 0x19, 0x47, 0x19, 0x47, 0x19, 0x47, 0x19, 0x47, 0x19, 0x47, 0x21,
    0x27, 0x19, 0x06, 0x11, 0x11, 0x7c, 0x3c, 0xe7, 0xff, 0xff, 0xff, 0xff, 0xff, 0xff, 0xff, 0xff,
    0xff, 0xff, 0xff, 0xff, 0xff, 0xff, 0xbb, 0xd6, 0x8f, 0x6b, 0x06, 0x11, 0x26, 0x19, 0x67, 0x21,
    0x47, 0x19, 0x47, 0x19, 0x47, 0x19, 0x47, 0x19, 0x47, 0x19, 0x47, 0x19, 0x47, 0x19, 0x47, 0x19,
    0x47, 0x19, 0x47, 0x19, 0x47, 0x19, 0x47, 0x21, 0x67, 0x21, 0x06, 0x11, 0x06, 0x11, 0x6f, 0x63,
    0xdb, 0xd6, 0xff, 0xff, 0xff, 0xff, 0xdf, 0xff, 0x8b, 0x42, 0x06, 0x11, 0x47, 0x21, 0x47, 0x19,
    0x47, 0x19, 0x47, 0x19, 0x47, 0x19, 0x47, 0x19, 0x47, 0x19, 0x47, 0x19, 0x47, 0x19, 0x47, 0x19,
    0x47, 0x19, 0x47, 0x19, 0x47, 0x19, 0x47, 0x19, 0x47, 0x19, 0x47, 0x19, 0x47, 0x19, 0x67, 0x21,
    0x27, 0x19, 0xc5, 0x10, 0x67, 0x21, 0xb0, 0x73, 0xba, 0xd6, 0xff, 0xff, 0xff, 0xff, 0xff, 0xff,
    0x8c, 0x4a, 0x06, 0x11, 0x47, 0x21, 0x47, 0x19, 0x47, 0x19, 0x47, 0x19, 0x06, 0x11, 0x72, 0x84,
    0xff, 0xff, 0xff, 0xff, 0xbe, 0xf7, 0xbe, 0xf7, 0xdf, 0xff, 0xdf, 0xff, 0xdf, 0xff, 0xdf, 0xff,
    0xdf, 0xff, 0xdf, 0xff, 0xdf, 0xff, 0xdf, 0xff, 0xdf, 0xff, 0xdf, 0xff, 0xbe, 0xf7, 0xbe, 0xf7,
    0xff, 0xff, 0x7d, 0xef, 0x8f, 0x6b, 0xe6, 0x10, 0x47, 0x19, 0x47, 0x21, 0x47, 0x19, 0x47, 0x19,
    0x47, 0x19, 0x47, 0x19, 0x47, 0x19, 0x47, 0x19, 0x47, 0x19, 0x47, 0x19, 0x47, 0x19, 0x47, 0x19,
    0x47, 0x19, 0x47, 0x19, 0x47, 0x19, 0x47, 0x19, 0x47, 0x19, 0x47, 0x19, 0x47, 0x19, 0x47, 0x19,
    0x47, 0x19, 0x47, 0x19, 0x47, 0x19, 0x47, 0x19, 0x47, 0x19, 0x47, 0x19, 0x47, 0x19, 0x47, 0x19,
    0x47, 0x19, 0x47, 0x19, 0x47, 0x19, 0x47, 0x19, 0x47, 0x19, 0x47, 0x19, 0x47, 0x19, 0x47, 0x19,
    0x47, 0x19, 0x47, 0x19, 0x47, 0x19, 0x47, 0x19, 0x47, 0x19, 0x47, 0x19, 0x47, 0x19, 0x47, 0x19,
    0x47, 0x19, 0x47, 0x19, 0x47, 0x19, 0x47, 0x19, 0x47, 0x19, 0x47, 0x19, 0x47, 0x19, 0x47, 0x19,
    0x47, 0x19, 0x47, 0x19, 0x47, 0x19, 0x47, 0x19, 0x47, 0x19, 0x47, 0x19, 0x47, 0x19, 0x47, 0x19,
    0x47, 0x19, 0x47, 0x19, 0x47, 0x19, 0x47, 0x19, 0x47, 0x19, 0x47, 0x19, 0x47, 0x19, 0x47, 0x19,
    0x47, 0x19, 0x47, 0x19, 0x47, 0x19, 0x47, 0x19, 0x47, 0x19, 0x47, 0x19, 0x47, 0x19, 0x47, 0x19,
    0x47, 0x19, 0x47, 0x19, 0x47, 0x19, 0x47, 0x19, 0x47, 0x19, 0x47, 0x19, 0x47, 0x19, 0x47, 0x19,
    0x47, 0x19, 0x47, 0x19, 0x47, 0x19, 0x47, 0x19, 0x47, 0x19, 0x47, 0x19, 0x47, 0x19, 0x47, 0x19,
    0x47, 0x19, 0x47, 0x19, 0x47, 0x19, 0x47, 0x19, 0x47, 0x19, 0x47, 0x19, 0x47, 0x19, 0x47, 0x19,
    0x47, 0x19, 0x47, 0x19, 0x47, 0x19, 0x47, 0x19, 0x47, 0x19, 0x47, 0x19, 0x47, 0x19, 0x47, 0x19,
    0x47, 0x19, 0x47, 0x19, 0x47, 0x19, 0x47, 0x19, 0x47, 0x19, 0x47, 0x19, 0x47, 0x19, 0x47, 0x19,
    0x47, 0x19, 0x47, 0x19, 0x47, 0x19, 0x47, 0x19, 0x47, 0x19, 0x47, 0x19, 0x47, 0x19, 0x47, 0x19,
    0x47, 0x19, 0x47, 0x19, 0x47, 0x19, 0x47, 0x19, 0x47, 0x19, 0x47, 0x19, 0x47, 0x19, 0x47, 0x19,
    0x47, 0x19, 0x47, 0x19, 0x47, 0x19, 0x47, 0x19, 0x47, 0x19, 0x47, 0x19, 0x47, 0x19, 0x47, 0x19,
    0x47, 0x19, 0x47, 0x19, 0x47, 0x19, 0x47, 0x19, 0x47, 0x19, 0x47, 0x19, 0x47, 0x19, 0x47, 0x19,
    0x47, 0x19, 0x47, 0x21, 0x26, 0x19, 0xa8, 0x29, 0xfc, 0xde, 0xff, 0xff, 0xbe, 0xf7, 0xdf, 0xff,
    0xdf, 0xff, 0xdf, 0xff, 0xdf, 0xff, 0xdf, 0xff, 0xdf, 0xff, 0xdf, 0xff, 0xdf, 0xff, 0xdf, 0xff,
    0xdf, 0xff, 0xdf, 0xff, 0xdf, 0xff, 0xdf, 0xff, 0xdf, 0xff, 0xdf, 0xff, 0xdf, 0xff, 0xbe, 0xf7,
    0xff, 0xff, 0xf4, 0x9c, 0xe5, 0x10, 0x67, 0x21, 0x47, 0x19, 0x47, 0x19, 0x47, 0x19, 0x47, 0x19,
    0x47, 0x19, 0x47, 0x19, 0x47, 0x19, 0x47, 0x19, 0x47, 0x19, 0x47, 0x19, 0x67, 0x21, 0x26, 0x19,
    0x47, 0x21, 0x96, 0xad, 0xff, 0xff, 0xff, 0xff, 0xbe, 0xf7, 0xbe, 0xf7, 0xbe, 0xf7, 0xbe, 0xf7,
    0xbe, 0xf7, 0xbe, 0xf7, 0xbe, 0xf7, 0xff, 0xff, 0xff, 0xff, 0xb7, 0xb5, 0xa8, 0x29, 0x06, 0x11,
    0x67, 0x21, 0x47, 0x19, 0x47, 0x19, 0x47, 0x19, 0x47, 0x19, 0x47, 0x19, 0x47, 0x19, 0x47, 0x19,
    0x47, 0x19, 0x47, 0x19, 0x67, 0x21, 0x26, 0x19, 0xe6, 0x10, 0x8c, 0x4a, 0xf8, 0xbd, 0xff, 0xff,
    0xff, 0xff, 0xbe, 0xf7, 0xbe, 0xf7, 0xff, 0xff, 0x32, 0x84, 0xc5, 0x08, 0x67, 0x21, 0x47, 0x19,
    0x47, 0x19, 0x47, 0x19, 0x47, 0x19, 0x47, 0x19, 0x47, 0x19, 0x47, 0x19, 0x47, 0x19, 0x47, 0x19,
    0x47, 0x19, 0x47, 0x19, 0x47, 0x19, 0x47, 0x19, 0x47, 0x19, 0x67, 0x21, 0x27, 0x19, 0xc5, 0x08,
    0x67, 0x21, 0xd0, 0x73, 0xbb, 0xd6, 0xff, 0xff, 0xff, 0xff, 0xbe, 0xf7, 0xbe, 0xf7, 0xff, 0xff,
    0x4e, 0x63, 0xe6, 0x10, 0x67, 0x21, 0x47, 0x19, 0x47, 0x21, 0xe6, 0x10, 0xb3, 0x8c, 0xff, 0xff,
    0xbf, 0xff, 0xbe, 0xf7, 0xdf, 0xff, 0xdf, 0xff, 0xdf, 0xff, 0xdf, 0xff, 0xdf, 0xff, 0xdf, 0xff,
    0xdf, 0xff, 0xdf, 0xff, 0xdf, 0xff, 0xdf, 0xff, 0xdf, 0xff, 0xdf, 0xff, 0xdf, 0xff, 0xdf, 0xff,
    0xbe, 0xf7, 0xdf, 0xff, 0xff, 0xff, 0xd4, 0x94, 0x26, 0x19, 0x27, 0x19, 0x47, 0x21, 0x47, 0x19,
    0x47, 0x19, 0x47, 0x19, 0x47, 0x19, 0x47, 0x19, 0x47, 0x19, 0x47, 0x19, 0x47, 0x19, 0x47, 0x19,
    0x47, 0x19, 0x47, 0x19, 0x47, 0x19, 0x47, 0x19, 0x47, 0x19, 0x47, 0x19, 0x47, 0x19, 0x47, 0x19,
    0x47, 0x19, 0x47, 0x19, 0x47, 0x19, 0x47, 0x19, 0x47, 0x19, 0x47, 0x19, 0x47, 0x19, 0x47, 0x19,
    0x47, 0x19, 0x47, 0x19, 0x47, 0x19, 0x47, 0x19, 0x47, 0x19, 0x47, 0x19, 0x47, 0x19, 0x47, 0x19,
    0x47, 0x19, 0x47, 0x19, 0x47, 0x19, 0x47, 0x19, 0x47, 0x19, 0x47, 0x19, 0x47, 0x19, 0x47, 0x19,
    0x47, 0x19, 0x47, 0x19, 0x47, 0x19, 0x47, 0x19, 0x47, 0x19, 0x47, 0x19, 0x47, 0x19, 0x47, 0x19,
    0x47, 0x19, 0x47, 0x19, 0x47, 0x19, 0x47, 0x19, 0x47, 0x19, 0x47, 0x19, 0x47, 0x19, 0x47, 0x19,
    0x47, 0x19, 0x47, 0x19, 0x47, 0x19, 0x47, 0x19, 0x47, 0x19, 0x47, 0x19, 0x47, 0x19, 0x47, 0x19,
    0x47, 0x19, 0x47, 0x19, 0x47, 0x19, 0x47, 0x19, 0x47, 0x19, 0x47, 0x19, 0x47, 0x19, 0x47, 0x19,
    0x47, 0x19, 0x47, 0x19, 0x47, 0x19, 0x47, 0x19, 0x47, 0x19, 0x47, 0x19, 0x47, 0x19, 0x47, 0x19,
    0x47, 0x19, 0x47, 0x19, 0x47, 0x19, 0x47, 0x19, 0x47, 0x19, 0x47, 0x19, 0x47, 0x19, 0x47, 0x19,
    0x47, 0x19, 0x47, 0x19, 0x47, 0x19, 0x47, 0x19, 0x47, 0x19, 0x47, 0x19, 0x47, 0x19, 0x47, 0x19,
    0x47, 0x19, 0x47, 0x19, 0x47, 0x19, 0x47, 0x19, 0x47, 0x19, 0x47, 0x19, 0x47, 0x19, 0x47, 0x19,
    0x47, 0x19, 0x47, 0x19, 0x47, 0x19, 0x47, 0x19, 0x47, 0x19, 0x47, 0x19, 0x47, 0x19, 0x47, 0x19,
    0x47, 0x19, 0x47, 0x19, 0x47, 0x19, 0x47, 0x19, 0x47, 0x19, 0x47, 0x19, 0x47, 0x19, 0x47, 0x19,
    0x47, 0x19, 0x47, 0x19, 0x47, 0x19, 0x47, 0x19, 0x47, 0x19, 0x47, 0x19, 0x47, 0x19, 0x47, 0x19,
    0x47, 0x19, 0x47, 0x19, 0x47, 0x19, 0x47, 0x19, 0x47, 0x19, 0x47, 0x19, 0x47, 0x19, 0x47, 0x19,
    0x47, 0x19, 0x47, 0x19, 0x47, 0x19, 0x47, 0x19, 0x47, 0x19, 0x47, 0x19, 0x47, 0x19, 0x47, 0x19,
    0x47, 0x19, 0x47, 0x21, 0xe6, 0x10, 0x55, 0xa5, 0xff, 0xff, 0xbe, 0xf7, 0xdf, 0xff, 0xdf, 0xff,
    0xdf, 0xff, 0xdf, 0xff, 0xdf, 0xff, 0xdf, 0xff, 0xdf, 0xff, 0xdf, 0xff, 0xdf, 0xff, 0xdf, 0xff,
    0xdf, 0xff, 0xdf, 0xff, 0xdf, 0xff, 0xdf, 0xff, 0xdf, 0xff, 0xdf, 0xff, 0xdf, 0xff, 0xbe, 0xf7,
    0xff, 0xff, 0xdb, 0xde, 0x68, 0x21, 0x27, 0x19, 0x47, 0x19, 0x47, 0x19, 0x47, 0x19, 0x47, 0x19,
    0x47, 0x19, 0x47, 0x19, 0x47, 0x19, 0x47, 0x19, 0x47, 0x19, 0x47, 0x21, 0x26, 0x19, 0x88, 0x21,
    0x18, 0xbe, 0xff, 0xff, 0xbe, 0xf7, 0xbe, 0xf7, 0xdf, 0xff, 0xdf, 0xff, 0xdf, 0xff, 0xdf, 0xff,
    0xdf, 0xff, 0xdf, 0xff, 0xdf, 0xff, 0xbe, 0xf7, 0xbe, 0xf7, 0xff, 0xff, 0xbb, 0xd6, 0x0a, 0x32,
    0xe6, 0x10, 0x67, 0x21, 0x47, 0x19, 0x47, 0x19, 0x47, 0x19, 0x47, 0x19, 0x47, 0x19, 0x47, 0x19,
    0x67, 0x21, 0x27, 0x19, 0xc5, 0x08, 0xe9, 0x31, 0x15, 0x9d, 0xbe, 0xf7, 0xff, 0xff, 0xbe, 0xf7,
    0xbe, 0xf7, 0xdf, 0xff, 0xbe, 0xf7, 0xff, 0xff, 0xd7, 0xb5, 0xe6, 0x10, 0x47, 0x21, 0x47, 0x19,
    0x47, 0x19, 0x47, 0x19, 0x47, 0x19, 0x47, 0x19, 0x47, 0x19, 0x47, 0x19, 0x47, 0x19, 0x47, 0x19,
    0x47, 0x19, 0x47, 0x19, 0x47, 0x19, 0x67, 0x21, 0x27, 0x19, 0xc5, 0x08, 0x88, 0x21, 0xf0, 0x73,
    0xbb, 0xd6, 0xff, 0xff, 0xff, 0xff, 0xbe, 0xf7, 0xbe, 0xf7, 0xdf, 0xff, 0xbe, 0xf7, 0xff, 0xff,
    0xb0, 0x6b, 0xc5, 0x08, 0x67, 0x21, 0x67, 0x21, 0xe5, 0x10, 0xb0, 0x73, 0xff, 0xff, 0xbe, 0xf7,
    0xbe, 0xf7, 0xdf, 0xff, 0xdf, 0xff, 0xdf, 0xff, 0xdf, 0xff, 0xdf, 0xff, 0xdf, 0xff, 0xdf, 0xff,
    0xdf, 0xff, 0xdf, 0xff, 0xdf, 0xff, 0xdf, 0xff, 0xdf, 0xff, 0xdf, 0xff, 0xdf, 0xff, 0xdf, 0xff,
    0xdf, 0xff, 0xbe, 0xf7, 0xbe, 0xf7, 0xff, 0xff, 0x97, 0xad, 0x47, 0x19, 0x26, 0x19, 0x67, 0x21,
    0x47, 0x19, 0x47, 0x19, 0x47, 0x19, 0x47, 0x19, 0x47, 0x19, 0x47, 0x19, 0x47, 0x19, 0x47, 0x19,
    0x47, 0x19, 0x47, 0x19, 0x47, 0x19, 0x47, 0x19, 0x47, 0x19, 0x47, 0x19, 0x47, 0x19, 0x47, 0x19,
    0x47, 0x19, 0x47, 0x19, 0x47, 0x19, 0x47, 0x19, 0x47, 0x19, 0x47, 0x19, 0x47, 0x19, 0x47, 0x19,
    0x47, 0x19, 0x47, 0x19, 0x47, 0x19, 0x47, 0x19, 0x47, 0x19, 0x47, 0x19, 0x47, 0x19, 0x47, 0x19,
    0x47, 0x19, 0x47, 0x19, 0x47, 0x19, 0x47, 0x19, 0x47, 0x19, 0x47, 0x19, 0x47, 0x19, 0x47, 0x19,
    0x47, 0x19, 0x47, 0x19, 0x47, 0x19, 0x47, 0x19, 0x47, 0x19, 0x47, 0x19, 0x47, 0x19, 0x47, 0x19,
    0x47, 0x19, 0x47, 0x19, 0x47, 0x19, 0x47, 0x19, 0x47, 0x19, 0x47, 0x19, 0x47, 0x19, 0x47, 0x19,
    0x47, 0x19, 0x47, 0x19, 0x47, 0x19, 0x47, 0x19, 0x47, 0x19, 0x47, 0x19, 0x47, 0x19, 0x47, 0x19,
    0x47, 0x19, 0x47, 0x19, 0x47, 0x19, 0x47, 0x19, 0x47, 0x19, 0x47, 0x19, 0x47, 0x19, 0x47, 0x19,
    0x47, 0x19, 0x47, 0x19, 0x47, 0x19, 0x47, 0x19, 0x47, 0x19, 0x47, 0x19, 0x47, 0x19, 0x47, 0x19,
    0x47, 0x19, 0x47, 0x19, 0x47, 0x19, 0x47, 0x19, 0x47, 0x19, 0x47, 0x19, 0x47, 0x19, 0x47, 0x19,
    0x47, 0x19, 0x47, 0x19, 0x47, 0x19, 0x47, 0x19, 0x47, 0x19, 0x47, 0x19, 0x47, 0x19, 0x47, 0x19,
    0x47, 0x19, 0x47, 0x19, 0x47, 0x19, 0x47, 0x19, 0x47, 0x19, 0x47, 0x19, 0x47, 0x19, 0x47, 0x19,
    0x47, 0x19, 0x47, 0x19, 0x47, 0x19, 0x47, 0x19, 0x47, 0x19, 0x47, 0x19, 0x47, 0x19, 0x47, 0x19,
    0x47, 0x19, 0x47, 0x19, 0x47, 0x19, 0x47, 0x19, 0x47, 0x19, 0x47, 0x19, 0x47, 0x19, 0x47, 0x19,
    0x47, 0x19, 0x47, 0x19, 0x47, 0x19, 0x47, 0x19, 0x47, 0x19, 0x47, 0x19, 0x47, 0x19, 0x47, 0x19,
    0x47, 0x19, 0x47, 0x19, 0x47, 0x19, 0x47, 0x19, 0x47, 0x19, 0x47, 0x19, 0x47, 0x19, 0x47, 0x19,
    0x47, 0x19, 0x47, 0x19, 0x47, 0x19, 0x47, 0x19, 0x47, 0x19, 0x47, 0x19, 0x47, 0x19, 0x47, 0x19,
    0x67, 0x21, 0xe6, 0x10, 0x2e, 0x5b, 0xff, 0xff, 0xbe, 0xf7, 0xdf, 0xff, 0xdf, 0xff, 0xdf, 0xff,
    0xdf, 0xff, 0xdf, 0xff, 0xdf, 0xff, 0xdf, 0xff, 0xdf, 0xff, 0xdf, 0xff, 0xdf, 0xff, 0xdf, 0xff,
    0xdf, 0xff, 0xdf, 0xff, 0xdf, 0xff, 0xdf, 0xff, 0xdf, 0xff, 0xdf, 0xff, 0xdf, 0xff, 0xbe, 0xf7,
    0xdf, 0xff, 0xbe, 0xf7, 0x8b, 0x42, 0x06, 0x11, 0x47, 0x21, 0x47, 0x19, 0x47, 0x19, 0x47, 0x19,
    0x47, 0x19, 0x47, 0x19, 0x47, 0x19, 0x47, 0x19, 0x47, 0x21, 0x27, 0x19, 0x47, 0x19, 0x18, 0xbe,
    0xff, 0xff, 0xbe, 0xf7, 0xdf, 0xff, 0xdf, 0xff, 0xdf, 0xff, 0xdf, 0xff, 0xdf, 0xff, 0xdf, 0xff,
    0xdf, 0xff, 0xdf, 0xff, 0xdf, 0xff, 0xdf, 0xff, 0xdf, 0xff, 0xbe, 0xf7, 0xff, 0xff, 0xfb, 0xde,
    0x0a, 0x3a, 0x06, 0x11, 0x67, 0x21, 0x47, 0x19, 0x47, 0x19, 0x47, 0x19, 0x47, 0x19, 0x47, 0x19,
    0xe5, 0x10, 0x67, 0x21, 0x31, 0x7c, 0x3d, 0xe7, 0xff, 0xff, 0xdf, 0xff, 0xbe, 0xf7, 0xdf, 0xff,
    0xdf, 0xff, 0xdf, 0xff, 0xbe, 0xf7, 0xff, 0xff, 0x1c, 0xdf, 0xa8, 0x29, 0x27, 0x19, 0x47, 0x19,
    0x47, 0x19, 0x47, 0x19, 0x47, 0x19, 0x47, 0x19, 0x47, 0x19, 0x47, 0x19, 0x47, 0x19, 0x47, 0x19,
    0x47, 0x19, 0x47, 0x21, 0x27, 0x19, 0xc5, 0x08, 0x88, 0x29, 0x11, 0x7c, 0xdb, 0xde, 0xff, 0xff,
    0xff, 0xff, 0xbe, 0xf7, 0xbe, 0xf7, 0xdf, 0xff, 0xdf, 0xff, 0xdf, 0xff, 0xbe, 0xf7, 0xff, 0xff,
    0x11, 0x7c, 0xc5, 0x08, 0x68, 0x21, 0x06, 0x11, 0x0a, 0x3a, 0x7d, 0xef, 0xdf, 0xff, 0xbe, 0xf7,
    0xdf, 0xff, 0xdf, 0xff, 0xdf, 0xff, 0xdf, 0xff, 0xdf, 0xff, 0xdf, 0xff, 0xdf, 0xff, 0xdf, 0xff,
    0xdf, 0xff, 0xdf, 0xff, 0xdf, 0xff, 0xdf, 0xff, 0xdf, 0xff, 0xdf, 0xff, 0xdf, 0xff, 0xdf, 0xff,
    0xdf, 0xff, 0xdf, 0xff, 0xbe, 0xf7, 0xbe, 0xf7, 0xff, 0xff, 0x18, 0xbe, 0x67, 0x21, 0x26, 0x19,
    0x47, 0x21, 0x47, 0x19, 0x47, 0x19, 0x47, 0x19, 0x47, 0x19, 0x47, 0x19, 0x47, 0x19, 0x47, 0x19,
    0x47, 0x19, 0x47, 0x19, 0x47, 0x19, 0x47, 0x19, 0x47, 0x19, 0x47, 0x19, 0x47, 0x19, 0x47, 0x19,
    0x47, 0x19, 0x47, 0x19, 0x47, 0x19, 0x47, 0x19, 0x47, 0x19, 0x47, 0x19, 0x47, 0x19, 0x47, 0x19,
    0x47, 0x19, 0x47, 0x19, 0x47, 0x19, 0x47, 0x19, 0x47, 0x19, 0x47, 0x19, 0x47, 0x19, 0x47, 0x19,
    0x47, 0x19, 0x47, 0x19, 0x47, 0x19, 0x47, 0x19, 0x47, 0x19, 0x47, 0x19, 0x47, 0x19, 0x47, 0x19,
    0x47, 0x19, 0x47, 0x19, 0x47, 0x19, 0x47, 0x19, 0x47, 0x19, 0x47, 0x19, 0x47, 0x19, 0x47, 0x19,
    0x47, 0x19, 0x47, 0x19, 0x47, 0x19, 0x47, 0x19, 0x47, 0x19, 0x47, 0x19, 0x47, 0x19, 0x47, 0x19,
    0x47, 0x19, 0x47, 0x19, 0x47, 0x19, 0x47, 0x19, 0x47, 0x19, 0x47, 0x19, 0x47, 0x19, 0x47, 0x19,
    0x47, 0x19, 0x47, 0x19, 0x47, 0x19, 0x47, 0x19, 0x47, 0x19, 0x47, 0x19, 0x47, 0x19, 0x47, 0x19,
    0x47, 0x19, 0x47, 0x19, 0x47, 0x19, 0x47, 0x19, 0x47, 0x19, 0x47, 0x19, 0x47, 0x19, 0x47, 0x19,
    0x47, 0x19, 0x47, 0x19, 0x47, 0x19, 0x47, 0x19, 0x47, 0x19, 0x47, 0x19, 0x47, 0x19, 0x47, 0x19,
    0x47, 0x19, 0x47, 0x19, 0x47, 0x19, 0x47, 0x19, 0x47, 0x19, 0x47, 0x19, 0x47, 0x19, 0x47, 0x19,
    0x47, 0x19, 0x47, 0x19, 0x47, 0x19, 0x47, 0x19, 0x47, 0x19, 0x47, 0x19, 0x47, 0x19, 0x47, 0x19,
    0x47, 0x19, 0x47, 0x19, 0x47, 0x19, 0x47, 0x19, 0x47, 0x19, 0x47, 0x19, 0x47, 0x19, 0x47, 0x19,
    0x47, 0x19, 0x47, 0x19, 0x47, 0x19, 0x47, 0x19, 0x47, 0x19, 0x47, 0x19, 0x47, 0x19, 0x47, 0x19,
    0x47, 0x19, 0x47, 0x19, 0x47, 0x19, 0x47, 0x19, 0x47, 0x19, 0x47, 0x19, 0x47, 0x19, 0x47, 0x19,
    0x47, 0x19, 0x47, 0x19, 0x47, 0x19, 0x47, 0x19, 0x47, 0x19, 0x47, 0x19, 0x47, 0x19, 0x47, 0x19,
    0x47, 0x19, 0x47, 0x19, 0x47, 0x19, 0x47, 0x19, 0x47, 0x19, 0x47, 0x19, 0x47, 0x19, 0x47, 0x19,
    0x47, 0x19, 0x27, 0x19, 0x7a, 0xce, 0xff, 0xff, 0xbe, 0xf7, 0xdf, 0xff, 0xdf, 0xff, 0xdf, 0xff,
    0xdf, 0xff, 0xdf, 0xff, 0xdf, 0xff, 0xdf, 0xff, 0xdf, 0xff, 0xdf, 0xff, 0xdf, 0xff, 0xdf, 0xff,
    0xdf, 0xff, 0xdf, 0xff, 0xdf, 0xff, 0xdf, 0xff, 0xdf, 0xff, 0xdf, 0xff, 0xdf, 0xff, 0xdf, 0xff,
    0xbe, 0xf7, 0xff, 0xff, 0x8f, 0x6b, 0xc5, 0x10, 0x67, 0x21, 0x47, 0x19, 0x47, 0x19, 0x47, 0x19,
    0x47, 0x19, 0x47, 0x19, 0x47, 0x19, 0x47, 0x19, 0x47, 0x19, 0x06, 0x11, 0x76, 0xad, 0xff, 0xff,
    0xbe, 0xf7, 0xdf, 0xff, 0xdf, 0xff, 0xdf, 0xff, 0xdf, 0xff, 0xdf, 0xff, 0xdf, 0xff, 0xdf, 0xff,
    0xdf, 0xff, 0xdf, 0xff, 0xdf, 0xff, 0xdf, 0xff, 0xdf, 0xff, 0xdf, 0xff, 0xbe, 0xf7, 0xff, 0xff,
    0xfc, 0xde, 0xe9, 0x31, 0x06, 0x11, 0x47, 0x21, 0x47, 0x19, 0x47, 0x19, 0x27, 0x19, 0x06, 0x19,
    0x4e, 0x63, 0xbb, 0xd6, 0xff, 0xff, 0xff, 0xff, 0xbe, 0xf7, 0xbe, 0xf7, 0xdf, 0xff, 0xdf, 0xff,
    0xdf, 0xff, 0xdf, 0xff, 0xdf, 0xff, 0xdf, 0xff, 0xdf, 0xff, 0xac, 0x4a, 0xe6, 0x10, 0x67, 0x21,
    0x47, 0x19, 0x47, 0x19, 0x47, 0x19, 0x47, 0x19, 0x47, 0x19, 0x47, 0x19, 0x47, 0x19, 0x47, 0x19,
    0x47, 0x19, 0x06, 0x11, 0x88, 0x21, 0x32, 0x84, 0xfc, 0xde, 0xff, 0xff, 0xff, 0xff, 0xbe, 0xf7,
    0xbe, 0xf7, 0xdf, 0xff, 0xdf, 0xff, 0xdf, 0xff, 0xdf, 0xff, 0xdf, 0xff, 0xbe, 0xf7, 0xff, 0xff,
    0x72, 0x84, 0xc5, 0x08, 0x68, 0x21, 0xe6, 0x10, 0x56, 0xa5, 0xff, 0xff, 0xbe, 0xf7, 0xdf, 0xff,
    0xdf, 0xff, 0xdf, 0xff, 0xdf, 0xff, 0xdf, 0xff, 0xdf, 0xff, 0xdf, 0xff, 0xdf, 0xff, 0xdf, 0xff,
    0xdf, 0xff, 0xdf, 0xff, 0xdf, 0xff, 0xdf, 0xff, 0xdf, 0xff, 0xdf, 0xff, 0xdf, 0xff, 0xdf, 0xff,
    0xdf, 0xff, 0xdf, 0xff, 0xdf, 0xff, 0xdf, 0xff, 0xbe, 0xf7, 0xff, 0xff, 0xf8, 0xbd, 0x47, 0x21,
    0x27, 0x19, 0x47, 0x21, 0x47, 0x19, 0x47, 0x19, 0x47, 0x19, 0x47, 0x19, 0x47, 0x19, 0x47, 0x19,
    0x47, 0x19, 0x47, 0x19, 0x47, 0x19, 0x47, 0x19, 0x47, 0x19, 0x47, 0x19, 0x47, 0x19, 0x47, 0x19,
    0x47, 0x19, 0x47, 0x19, 0x47, 0x19, 0x47, 0x19, 0x47, 0x19, 0x47, 0x19, 0x47, 0x19, 0x47, 0x19,
    0x47, 0x19, 0x47, 0x19, 0x47, 0x19, 0x47, 0x19, 0x47, 0x19, 0x47, 0x19, 0x47, 0x19, 0x47, 0x19,
    0x47, 0x19, 0x47, 0x19, 0x47, 0x19, 0x47, 0x19, 0x47, 0x19, 0x47, 0x19, 0x47, 0x19, 0x47, 0x19,
    0x47, 0x19, 0x47, 0x19, 0x47, 0x19, 0x47, 0x19, 0x47, 0x19, 0x47, 0x19, 0x47, 0x19, 0x47, 0x19,
    0x47, 0x19, 0x47, 0x19, 0x47, 0x19, 0x47, 0x19, 0x47, 0x19, 0x47, 0x19, 0x47, 0x19, 0x47, 0x19,
    0x47, 0x19, 0x47, 0x19, 0x47, 0x19, 0x47, 0x19, 0x47, 0x19, 0x47, 0x19, 0x47, 0x19, 0x47, 0x19,
    0x47, 0x19, 0x47, 0x19, 0x47, 0x19, 0x47, 0x19, 0x47, 0x19, 0x47, 0x19, 0x47, 0x19, 0x47, 0x19,
    0x47, 0x19, 0x47, 0x19, 0x47, 0x19, 0x47, 0x19, 0x47, 0x19, 0x47, 0x19, 0x47, 0x19, 0x47, 0x19,
    0x47, 0x19, 0x47, 0x19, 0x47, 0x19, 0x47, 0x19, 0x47, 0x19, 0x47, 0x19, 0x47, 0x19, 0x47, 0x19,
    0x47, 0x19, 0x47, 0x19, 0x47, 0x19, 0x47, 0x19, 0x47, 0x19, 0x47, 0x19, 0x47, 0x19, 0x47, 0x19,
    0x47, 0x19, 0x47, 0x19, 0x47, 0x19, 0x47, 0x19, 0x47, 0x19, 0x47, 0x19, 0x47, 0x19, 0x47, 0x19,
    0x47, 0x19, 0x47, 0x19, 0x47, 0x19, 0x47, 0x19, 0x47, 0x19, 0x47, 0x19, 0x47, 0x19, 0x47, 0x19,
    0x47, 0x19, 0x47, 0x19, 0x47, 0x19, 0x47, 0x19, 0x47, 0x19, 0x47, 0x19, 0x47, 0x19, 0x47, 0x19,
    0x47, 0x19, 0x47, 0x19, 0x47, 0x19, 0x47, 0x19, 0x47, 0x19, 0x47, 0x19, 0x47, 0x19, 0x47, 0x19,
    0x47, 0x19, 0x47, 0x19, 0x47, 0x19, 0x47, 0x19, 0x47, 0x19, 0x47, 0x19, 0x47, 0x19, 0x47, 0x19,
    0x47, 0x19, 0x47, 0x19, 0x47, 0x19, 0x47, 0x19, 0x47, 0x19, 0x47, 0x19, 0x47, 0x19, 0x67, 0x21,
    0xe6, 0x10, 0x8f, 0x6b, 0xff, 0xff, 0xbe, 0xf7, 0xdf, 0xff, 0xdf, 0xff, 0xdf, 0xff, 0xdf, 0xff,
    0xdf, 0xff, 0xdf, 0xff, 0xdf, 0xff, 0xdf, 0xff, 0xdf, 0xff, 0xdf, 0xff, 0xdf, 0xff, 0xdf, 0xff,
    0xdf, 0xff, 0xdf, 0xff, 0xdf, 0xff, 0xdf, 0xff, 0xdf, 0xff, 0xdf, 0xff, 0xdf, 0xff, 0xdf, 0xff,
    0xbe, 0xf7, 0xff, 0xff, 0x11, 0x7c, 0xc5, 0x10, 0x67, 0x21, 0x47, 0x19, 0x47, 0x19, 0x47, 0x19,
    0x47, 0x19, 0x47, 0x19, 0x47, 0x19, 0x67, 0x21, 0xe5, 0x10, 0x11, 0x7c, 0xff, 0xff, 0xbe, 0xf7,
    0xdf, 0xff, 0xdf, 0xff, 0xdf, 0xff, 0xdf, 0xff, 0xdf, 0xff, 0xdf, 0xff, 0xdf, 0xff, 0xdf, 0xff,
    0xdf, 0xff, 0xdf, 0xff, 0xdf, 0xff, 0xdf, 0xff, 0xdf, 0xff, 0xdf, 0xff, 0xdf, 0xff, 0xbe, 0xf7,
    0xff, 0xff, 0x7a, 0xce, 0x67, 0x21, 0x27, 0x19, 0x47, 0x21, 0x47, 0x19, 0x67, 0x21, 0x76, 0xad,
    0xff, 0xff, 0xff, 0xff, 0xbe, 0xf7, 0xbe, 0xf7, 0xdf, 0xff, 0xdf, 0xff, 0xdf, 0xff, 0xdf, 0xff,
    0xdf, 0xff, 0xdf, 0xff, 0xdf, 0xff, 0xbe, 0xf7, 0xff, 0xff, 0x31, 0x7c, 0xe5, 0x10, 0x67, 0x21,
    0x47, 0x19, 0x47, 0x19, 0x47, 0x19, 0x47, 0x19, 0x47, 0x19, 0x47, 0x19, 0x47, 0x19, 0x47, 0x21,
    0x06, 0x11, 0x6b, 0x42, 0xdb, 0xd6, 0xff, 0xff, 0xff, 0xff, 0xbe, 0xf7, 0xbe, 0xf7, 0xdf, 0xff,
    0xdf, 0xff, 0xdf, 0xff, 0xdf, 0xff, 0xdf, 0xff, 0xdf, 0xff, 0xdf, 0xff, 0xbe, 0xf7, 0xff, 0xff,
    0xb3, 0x94, 0xe5, 0x10, 0x27, 0x19, 0x2a, 0x3a, 0x9e, 0xf7, 0xdf, 0xff, 0xbe, 0xf7, 0xdf, 0xff,
    0xdf, 0xff, 0xdf, 0xff, 0xdf, 0xff, 0xdf, 0xff, 0xdf, 0xff, 0xdf, 0xff, 0xdf, 0xff, 0xdf, 0xff,
    0xdf, 0xff, 0xdf, 0xff, 0xdf, 0xff, 0xdf, 0xff, 0xdf, 0xff, 0xdf, 0xff, 0xdf, 0xff, 0xdf, 0xff,
    0xdf, 0xff, 0xdf, 0xff, 0xdf, 0xff, 0xdf, 0xff, 0xdf, 0xff, 0xbe, 0xf7, 0xff, 0xff, 0xd7, 0xb5,
    0x26, 0x19, 0x47, 0x19, 0x47, 0x19, 0x47, 0x19, 0x47, 0x19, 0x47, 0x19, 0x47, 0x19, 0x47, 0x19,
    0x47, 0x19, 0x47, 0x19, 0x47, 0x19, 0x47, 0x19, 0x47, 0x19, 0x47, 0x19, 0x47, 0x19, 0x47, 0x19,
    0x47, 0x19, 0x47, 0x19, 0x47, 0x19, 0x47, 0x19, 0x47, 0x19, 0x47, 0x19, 0x47, 0x19, 0x47, 0x19,
    0x47, 0x19, 0x47, 0x19, 0x47, 0x19, 0x47, 0x19, 0x47, 0x19, 0x47, 0x19, 0x47, 0x19, 0x47, 0x19,
    0x47, 0x19, 0x47, 0x19, 0x47, 0x19, 0x47, 0x19, 0x47, 0x19, 0x47, 0x19, 0x47, 0x19, 0x47, 0x19,
    0x47, 0x19, 0x47, 0x19, 0x47, 0x19, 0x47, 0x19, 0x47, 0x19, 0x47, 0x19, 0x47, 0x19, 0x47, 0x19,
    0x47, 0x19, 0x47, 0x19, 0x47, 0x19, 0x47, 0x19, 0x47, 0x19, 0x47, 0x19, 0x47, 0x19, 0x47, 0x19,
    0x47, 0x19, 0x47, 0x19, 0x47, 0x19, 0x47, 0x19, 0x47, 0x19, 0x47, 0x19, 0x47, 0x19, 0x47, 0x19,
    0x47, 0x19, 0x47, 0x19, 0x47, 0x19, 0x47, 0x19, 0x47, 0x19, 0x47, 0x19, 0x47, 0x19, 0x47, 0x19,
    0x47, 0x19, 0x47, 0x19, 0x47, 0x19, 0x47, 0x19, 0x47, 0x19, 0x47, 0x19, 0x47, 0x19, 0x47, 0x19,
    0x47, 0x19, 0x47, 0x19, 0x47, 0x19, 0x47, 0x19, 0x47, 0x19, 0x47, 0x19, 0x47, 0x19, 0x47, 0x19,
    0x47, 0x19, 0x47, 0x19, 0x47, 0x19, 0x47, 0x19, 0x47, 0x19, 0x47, 0x19, 0x47, 0x19, 0x47, 0x19,
    0x47, 0x19, 0x47, 0x19, 0x47, 0x19, 0x47, 0x19, 0x47, 0x19, 0x47, 0x19, 0x47, 0x19, 0x47, 0x19,
    0x47, 0x19, 0x47, 0x19, 0x47, 0x19, 0x47, 0x19, 0x47, 0x19, 0x47, 0x19, 0x47, 0x19, 0x47, 0x19,
    0x47, 0x19, 0x47, 0x19, 0x47, 0x19, 0x47, 0x19, 0x47, 0x19, 0x47, 0x19, 0x47, 0x19, 0x47, 0x19,
    0x47, 0x19, 0x47, 0x19, 0x47, 0x19, 0x47, 0x19, 0x47, 0x19, 0x47, 0x19, 0x47, 0x19, 0x47, 0x19,
    0x47, 0x19, 0x47, 0x19, 0x47, 0x19, 0x47, 0x19, 0x47, 0x19, 0x47, 0x19, 0x47, 0x19, 0x47, 0x19,
    0x47, 0x19, 0x47, 0x19, 0x47, 0x19, 0x47, 0x19, 0x47, 0x19, 0x47, 0x19, 0x47, 0x19, 0x47, 0x19,
    0x47, 0x19, 0x7a, 0xce, 0xff, 0xff, 0xbe, 0xf7, 0xdf, 0xff, 0xdf, 0xff, 0xdf, 0xff, 0xdf, 0xff,
    0xdf, 0xff, 0xdf, 0xff, 0xdf, 0xff, 0xdf, 0xff, 0xdf, 0xff, 0xdf, 0xff, 0xdf, 0xff, 0xdf, 0xff,
    0xdf, 0xff, 0xdf, 0xff, 0xdf, 0xff, 0xdf, 0xff, 0xdf, 0xff, 0xdf, 0xff, 0xdf, 0xff, 0xdf, 0xff,
    0xbe, 0xf7, 0xff, 0xff, 0xb3, 0x8c, 0xe5, 0x10, 0x67, 0x21, 0x47, 0x19, 0x47, 0x19, 0x47, 0x19,
    0x47, 0x19, 0x47, 0x19, 0x47, 0x21, 0x06, 0x11, 0x4b, 0x42, 0x9e, 0xf7, 0xdf, 0xff, 0xbe, 0xf7,
    0xdf, 0xff, 0xdf, 0xff, 0xdf, 0xff, 0xdf, 0xff, 0xdf, 0xff, 0xdf, 0xff, 0xdf, 0xff, 0xdf, 0xff,
    0xdf, 0xff, 0xdf, 0xff, 0xdf, 0xff, 0xdf, 0xff, 0xdf, 0xff, 0xdf, 0xff, 0xdf, 0xff, 0xdf, 0xff,
    0xbe, 0xf7, 0xff, 0xff, 0x15, 0x9d, 0xe5, 0x10, 0x68, 0x21, 0xe6, 0x10, 0x2e, 0x63, 0xff, 0xff,
    0xbe, 0xf7, 0xbe, 0xf7, 0xdf, 0xff, 0xdf, 0xff, 0xdf, 0xff, 0xdf, 0xff, 0xdf, 0xff, 0xdf, 0xff,
    0xdf, 0xff, 0xdf, 0xff, 0xdf, 0xff, 0xbe, 0xf7, 0xff, 0xff, 0xb7, 0xb5, 0x06, 0x11, 0x47, 0x21,
    0x47, 0x19, 0x47, 0x19, 0x47, 0x19, 0x47, 0x19, 0x47, 0x19, 0x47, 0x19, 0x47, 0x19, 0x67, 0x21,
    0xc5, 0x08, 0x15, 0x9d, 0xff, 0xff, 0x9e, 0xf7, 0xbe, 0xf7, 0xdf, 0xff, 0xdf, 0xff, 0xdf, 0xff,
    0xdf, 0xff, 0xdf, 0xff, 0xdf, 0xff, 0xdf, 0xff, 0xdf, 0xff, 0xdf, 0xff, 0xbe, 0xf7, 0xff, 0xff,
    0xf4, 0x9c, 0xe6, 0x10, 0xe6, 0x10, 0x52, 0x84, 0xff, 0xff, 0xbe, 0xf7, 0xdf, 0xff, 0xdf, 0xff,
    0xdf, 0xff, 0xdf, 0xff, 0xdf, 0xff, 0xdf, 0xff, 0xdf, 0xff, 0xdf, 0xff, 0xdf, 0xff, 0xdf, 0xff,
    0xdf, 0xff, 0xdf, 0xff, 0xdf, 0xff, 0xdf, 0xff, 0xdf, 0xff, 0xdf, 0xff, 0xdf, 0xff, 0xdf, 0xff,
    0xdf, 0xff, 0xdf, 0xff, 0xdf, 0xff, 0xdf, 0xff, 0xdf, 0xff, 0xdf, 0xff, 0xbe, 0xf7, 0xff, 0xff,
    0x35, 0xa5, 0xe6, 0x10, 0x47, 0x19, 0x47, 0x19, 0x47, 0x19, 0x47, 0x19, 0x47, 0x19, 0x47, 0x19,
    0x47, 0x19, 0x47, 0x19, 0x47, 0x19, 0x47, 0x19, 0x47, 0x19, 0x47, 0x19, 0x47, 0x19, 0x47, 0x19,
    0x47, 0x19, 0x47, 0x19, 0x47, 0x19, 0x47, 0x19, 0x47, 0x19, 0x47, 0x19, 0x47, 0x19, 0x47, 0x19,
    0x47, 0x19, 0x47, 0x19, 0x47, 0x19, 0x47, 0x19, 0x47, 0x19, 0x47, 0x19, 0x47, 0x19, 0x47, 0x19,
    0x47, 0x19, 0x47, 0x19, 0x47, 0x19, 0x47, 0x19, 0x47, 0x19, 0x47, 0x19, 0x47, 0x19, 0x47, 0x19,
    0x47, 0x19, 0x47, 0x19, 0x47, 0x19, 0x47, 0x19, 0x47, 0x19, 0x47, 0x19, 0x47, 0x19, 0x47, 0x19,
    0x47, 0x19, 0x47, 0x19, 0x47, 0x19, 0x47, 0x19, 0x47, 0x19, 0x47, 0x19, 0x47, 0x19, 0x47, 0x19,
    0x47, 0x19, 0x47, 0x19, 0x47, 0x19, 0x47, 0x19, 0x47, 0x19, 0x47, 0x19, 0x47, 0x19, 0x47, 0x19,
    0x47, 0x19, 0x47, 0x19, 0x47, 0x19, 0x47, 0x19, 0x47, 0x19, 0x47, 0x19, 0x47, 0x19, 0x47, 0x19,
    0x47, 0x19, 0x47, 0x19, 0x47, 0x19, 0x47, 0x19, 0x47, 0x19, 0x47, 0x19, 0x47, 0x19, 0x47, 0x19,
    0x47, 0x19, 0x47, 0x19, 0x47, 0x19, 0x47, 0x19, 0x47, 0x19, 0x47, 0x19, 0x47, 0x19, 0x47, 0x19,
    0x47, 0x19, 0x47, 0x19, 0x47, 0x19, 0x47, 0x19, 0x47, 0x19, 0x47, 0x19, 0x47, 0x19, 0x47, 0x19,
    0x47, 0x19, 0x47, 0x19, 0x47, 0x19, 0x47, 0x19, 0x47, 0x19, 0x47, 0x19, 0x47, 0x19, 0x47, 0x19,
    0x47, 0x19, 0x47, 0x19, 0x47, 0x19, 0x47, 0x19, 0x47, 0x19, 0x47, 0x19, 0x47, 0x19, 0x47, 0x19,
    0x47, 0x19, 0x47, 0x19, 0x47, 0x19, 0x47, 0x19, 0x47, 0x19, 0x47, 0x19, 0x47, 0x19, 0x47, 0x19,
    0x47, 0x19, 0x47, 0x19, 0x47, 0x19, 0x47, 0x19, 0x47, 0x19, 0x47, 0x19, 0x47, 0x19, 0x47, 0x19,
    0x47, 0x19, 0x47, 0x19, 0x47, 0x19, 0x47, 0x19, 0x47, 0x19, 0x47, 0x19, 0x47, 0x19, 0x47, 0x19,
    0x47, 0x19, 0x47, 0x19, 0x47, 0x19, 0x47, 0x19, 0x47, 0x19, 0x47, 0x19, 0x47, 0x21, 0xe6, 0x10,
    0xed, 0x52, 0xdf, 0xff, 0xdf, 0xff, 0xdf, 0xff, 0xdf, 0xff, 0xdf, 0xff, 0xdf, 0xff, 0xdf, 0xff,
    0xdf, 0xff, 0xdf, 0xff, 0xdf, 0xff, 0xdf, 0xff, 0xdf, 0xff, 0xdf, 0xff, 0xdf, 0xff, 0xdf, 0xff,
    0xdf, 0xff, 0xdf, 0xff, 0xdf, 0xff, 0xdf, 0xff, 0xdf, 0xff, 0xdf, 0xff, 0xdf, 0xff, 0xdf, 0xff,
    0xbe, 0xf7, 0xff, 0xff, 0x35, 0xa5, 0xe5, 0x10, 0x47, 0x21, 0x47, 0x19, 0x47, 0x19, 0x47, 0x19,
    0x47, 0x19, 0x47, 0x19, 0x47, 0x19, 0x06, 0x11, 0xf8, 0xbd, 0xff, 0xff, 0xbe, 0xf7, 0xdf, 0xff,
    0xdf, 0xff, 0xdf, 0xff, 0xdf, 0xff, 0xdf, 0xff, 0xdf, 0xff, 0xdf, 0xff, 0xdf, 0xff, 0xdf, 0xff,
    0xdf, 0xff, 0xdf, 0xff, 0xdf, 0xff, 0xdf, 0xff, 0xdf, 0xff, 0xdf, 0xff, 0xdf, 0xff, 0xdf, 0xff,
    0xbf, 0xf7, 0xbe, 0xf7, 0xdf, 0xff, 0xed, 0x52, 0x06, 0x11, 0xe6, 0x10, 0x4e, 0x63, 0xff, 0xff,
    0xbe, 0xf7, 0xdf, 0xff, 0xdf, 0xff, 0xdf, 0xff, 0xdf, 0xff, 0xdf, 0xff, 0xdf, 0xff, 0xdf, 0xff,
    0xdf, 0xff, 0xdf, 0xff, 0xdf, 0xff, 0xbe, 0xf7, 0xff, 0xff, 0x1c, 0xdf, 0xa8, 0x29, 0x27, 0x19,
    0x47, 0x19, 0x47, 0x19, 0x47, 0x19, 0x47, 0x19, 0x47, 0x19, 0x47, 0x19, 0x47, 0x19, 0x67, 0x21,
    0xc5, 0x08, 0x73, 0x8c, 0xff, 0xff, 0xbe, 0xf7, 0xdf, 0xff, 0xdf, 0xff, 0xdf, 0xff, 0xdf, 0xff,
    0xdf, 0xff, 0xdf, 0xff, 0xdf, 0xff, 0xdf, 0xff, 0xdf, 0xff, 0xdf, 0xff, 0xbe, 0xf7, 0xff, 0xff,
    0x35, 0xa5, 0xe6, 0x10, 0x26, 0x19, 0x18, 0xbe, 0xff, 0xff, 0xbe, 0xf7, 0xdf, 0xff, 0xdf, 0xff,
    0xdf, 0xff, 0xdf, 0xff, 0xdf, 0xff, 0xdf, 0xff, 0xdf, 0xff, 0xdf, 0xff, 0xdf, 0xff, 0xdf, 0xff,
    0xdf, 0xff, 0xdf, 0xff, 0xdf, 0xff, 0xdf, 0xff, 0xdf, 0xff, 0xdf, 0xff, 0xdf, 0xff, 0xdf, 0xff,
    0xdf, 0xff, 0xdf, 0xff, 0xdf, 0xff, 0xdf, 0xff, 0xdf, 0xff, 0xdf, 0xff, 0xbf, 0xf7, 0xbe, 0xf7,
    0xff, 0xff, 0x52, 0x84, 0xc5, 0x08, 0x67, 0x21, 0x47, 0x19, 0x47, 0x19, 0x47, 0x19, 0x47, 0x19,
    0x47, 0x19, 0x47, 0x19, 0x47, 0x19, 0x47, 0x19, 0x47, 0x19, 0x47, 0x19, 0x47, 0x19, 0x47, 0x19,
    0x47, 0x19, 0x47, 0x19, 0x47, 0x19, 0x47, 0x19, 0x47, 0x19, 0x47, 0x19, 0x47, 0x19, 0x47, 0x19,
    0x47, 0x19, 0x47, 0x19, 0x47, 0x19, 0x47, 0x19, 0x47, 0x19, 0x47, 0x19, 0x47, 0x19, 0x47, 0x19,
    0x47, 0x19, 0x47, 0x19, 0x47, 0x19, 0x47, 0x19, 0x47, 0x19, 0x47, 0x19, 0x47, 0x19, 0x47, 0x19,
    0x47, 0x19, 0x47, 0x19, 0x47, 0x19, 0x47, 0x19, 0x47, 0x19, 0x47, 0x19, 0x47, 0x19, 0x47, 0x19,
    0x47, 0x19, 0x47, 0x19, 0x47, 0x19, 0x47, 0x19, 0x47, 0x19, 0x47, 0x19, 0x47, 0x19, 0x47, 0x19,
    0x47, 0x19, 0x47, 0x19, 0x47, 0x19, 0x47, 0x19, 0x47, 0x19, 0x47, 0x19, 0x47, 0x19, 0x47, 0x19,
    0x47, 0x19, 0x47, 0x19, 0x47, 0x19, 0x47, 0x19, 0x47, 0x19, 0x47, 0x19, 0x47, 0x19, 0x47, 0x19,
    0x47, 0x19, 0x47, 0x19, 0x47, 0x19, 0x47, 0x19, 0x47, 0x19, 0x47, 0x19, 0x47, 0x19, 0x47, 0x19,
    0x47, 0x19, 0x47, 0x19, 0x47, 0x19, 0x47, 0x19, 0x47, 0x19, 0x47, 0x19, 0x47, 0x19, 0x47, 0x19,
    0x47, 0x19, 0x47, 0x19, 0x47, 0x19, 0x47, 0x19, 0x47, 0x19, 0x47, 0x19, 0x47, 0x19, 0x47, 0x19,
    0x47, 0x19, 0x47, 0x19, 0x47, 0x19, 0x47, 0x19, 0x47, 0x19, 0x47, 0x19, 0x47, 0x19, 0x47, 0x19,
    0x47, 0x19, 0x47, 0x19, 0x47, 0x19, 0x47, 0x19, 0x47, 0x19, 0x47, 0x19, 0x47, 0x19, 0x47, 0x19,
    0x47, 0x19, 0x47, 0x19, 0x47, 0x19, 0x47, 0x19, 0x47, 0x19, 0x47, 0x19, 0x47, 0x19, 0x47, 0x19,
    0x47, 0x19, 0x47, 0x19, 0x47, 0x19, 0x47, 0x19, 0x47, 0x19, 0x47, 0x19, 0x47, 0x19, 0x47, 0x19,
    0x47, 0x19, 0x47, 0x19, 0x47, 0x19, 0x47, 0x19, 0x47, 0x19, 0x47, 0x19, 0x47, 0x19, 0x47, 0x19,
    0x47, 0x19, 0x47, 0x19, 0x47, 0x19, 0x47, 0x19, 0x47, 0x19, 0x47, 0x19, 0x47, 0x21, 0xe6, 0x10,
    0x76, 0xad, 0xff, 0xff, 0xbe, 0xf7, 0xdf, 0xff, 0xdf, 0xff, 0xdf, 0xff, 0xdf, 0xff, 0xdf, 0xff,
    0xdf, 0xff, 0xdf, 0xff, 0xdf, 0xff, 0xdf, 0xff, 0xdf, 0xff, 0xdf, 0xff, 0xdf, 0xff, 0xdf, 0xff,
    0xdf, 0xff, 0xdf, 0xff, 0xdf, 0xff, 0xdf, 0xff, 0xdf, 0xff, 0xdf, 0xff, 0xdf, 0xff, 0xdf, 0xff,
    0xbe, 0xf7, 0xff, 0xff, 0x97, 0xad, 0x06, 0x11, 0x47, 0x21, 0x47, 0x19, 0x47, 0x19, 0x47, 0x19,
    0x47, 0x19, 0x67, 0x21, 0xe6, 0x10, 0x2e, 0x5b, 0xff, 0xff, 0xbe, 0xf7, 0xdf, 0xff, 0xdf, 0xff,
    0xdf, 0xff, 0xdf, 0xff, 0xdf, 0xff, 0xdf, 0xff, 0xdf, 0xff, 0xdf, 0xff, 0xdf, 0xff, 0xdf, 0xff,
    0xdf, 0xff, 0xdf, 0xff, 0xdf, 0xff, 0xdf, 0xff, 0xdf, 0xff, 0xdf, 0xff, 0xdf, 0xff, 0xdf, 0xff,
    0xdf, 0xff, 0xbe, 0xf7, 0xff, 0xff, 0x7a, 0xce, 0x47, 0x19, 0x06, 0x11, 0x4b, 0x42, 0xbe, 0xf7,
    0xdf, 0xff, 0xbe, 0xf7, 0xdf, 0xff, 0xdf, 0xff, 0xdf, 0xff, 0xdf, 0xff, 0xdf, 0xff, 0xdf, 0xff,
    0xdf, 0xff, 0xdf, 0xff, 0xdf, 0xff, 0xbe, 0xf7, 0xdf, 0xff, 0xdf, 0xff, 0xcc, 0x4a, 0xe6, 0x10,
    0x47, 0x21, 0x47, 0x19, 0x47, 0x19, 0x47, 0x19, 0x47, 0x19, 0x47, 0x19, 0x47, 0x19, 0x47, 0x21,
    0xe6, 0x10, 0xed, 0x52, 0xff, 0xff, 0xbe, 0xf7, 0xdf, 0xff, 0xdf, 0xff, 0xdf, 0xff, 0xdf, 0xff,
    0xdf, 0xff, 0xdf, 0xff, 0xdf, 0xff, 0xdf, 0xff, 0xdf, 0xff, 0xdf, 0xff, 0xbe, 0xf7, 0xff, 0xff,
    0x76, 0xad, 0xc5, 0x10, 0xa8, 0x29, 0xfc, 0xde, 0xff, 0xff, 0xbe, 0xf7, 0xdf, 0xff, 0xdf, 0xff,
    0xdf, 0xff, 0xdf, 0xff, 0xdf, 0xff, 0xdf, 0xff, 0xdf, 0xff, 0xdf, 0xff, 0xdf, 0xff, 0xdf, 0xff,
    0xdf, 0xff, 0xdf, 0xff, 0xdf, 0xff, 0xdf, 0xff, 0xdf, 0xff, 0xdf, 0xff, 0xdf, 0xff, 0xdf, 0xff,
    0xdf, 0xff, 0xdf, 0xff, 0xdf, 0xff, 0xdf, 0xff, 0xdf, 0xff, 0xdf, 0xff, 0xdf, 0xff, 0xbe, 0xf7,
    0xdf, 0xff, 0xff, 0xff, 0x2e, 0x5b, 0xe5, 0x10, 0x67, 0x21, 0x47, 0x19, 0x47, 0x19, 0x47, 0x19,
    0x47, 0x19, 0x47, 0x19, 0x47, 0x19, 0x47, 0x19, 0x47, 0x19, 0x47, 0x19, 0x47, 0x19, 0x47, 0x19,
    0x47, 0x19, 0x47, 0x19, 0x47, 0x19, 0x47, 0x19, 0x47, 0x19, 0x47, 0x19, 0x47, 0x19, 0x47, 0x19,
    0x47, 0x19, 0x47, 0x19, 0x47, 0x19, 0x47, 0x19, 0x47, 0x19, 0x47, 0x19, 0x47, 0x19, 0x47, 0x19,
    0x47, 0x19, 0x47, 0x19, 0x47, 0x19, 0x47, 0x19, 0x47, 0x19, 0x47, 0x19, 0x47, 0x19, 0x47, 0x19,
    0x47, 0x19, 0x47, 0x19, 0x47, 0x19, 0x47, 0x19, 0x47, 0x19, 0x47, 0x19, 0x47, 0x19, 0x47, 0x19,
    0x47, 0x19, 0x47, 0x19, 0x47, 0x19, 0x47, 0x19, 0x47, 0x19, 0x47, 0x19, 0x47, 0x19, 0x47, 0x19,
    0x47, 0x19, 0x47, 0x19, 0x47, 0x19, 0x47, 0x19, 0x47, 0x19, 0x47, 0x19, 0x47, 0x19, 0x47, 0x19,
    0x47, 0x19, 0x47, 0x19, 0x47, 0x19, 0x47, 0x19, 0x47, 0x19, 0x47, 0x19, 0x47, 0x19, 0x47, 0x19,
    0x47, 0x19, 0x47, 0x19, 0x47, 0x19, 0x47, 0x19, 0x47, 0x19, 0x47, 0x19, 0x47, 0x19, 0x47, 0x19,
    0x47, 0x19, 0x47, 0x19, 0x47, 0x19, 0x47, 0x19, 0x47, 0x19, 0x47, 0x19, 0x47, 0x19, 0x47, 0x19,
    0x47, 0x19, 0x47, 0x19, 0x47, 0x19, 0x47, 0x19, 0x47, 0x19, 0x47, 0x19, 0x47, 0x19, 0x47, 0x19,
    0x47, 0x19, 0x47, 0x19, 0x47, 0x19, 0x47, 0x19, 0x47, 0x19, 0x47, 0x19, 0x47, 0x19, 0x47, 0x19,
    0x47, 0x19, 0x47, 0x19, 0x47, 0x19, 0x47, 0x19, 0x47, 0x19, 0x47, 0x19, 0x47, 0x19, 0x47, 0x19,
    0x47, 0x19, 0x47, 0x19, 0x47, 0x19, 0x47, 0x19, 0x47, 0x19, 0x47, 0x19, 0x47, 0x19, 0x47, 0x19,
    0x47, 0x19, 0x47, 0x19, 0x47, 0x19, 0x47, 0x19, 0x47, 0x19, 0x47, 0x19, 0x47, 0x19, 0x47, 0x19,
    0x47, 0x19, 0x47, 0x19, 0x47, 0x19, 0x47, 0x19, 0x47, 0x19, 0x47, 0x19, 0x47, 0x19, 0x47, 0x19,
    0x47, 0x19, 0x47, 0x19, 0x47, 0x19, 0x47, 0x19, 0x47, 0x19, 0x47, 0x19, 0x26, 0x19, 0xa9, 0x29,
    0x3c, 0xe7, 0xff, 0xff, 0xbe, 0xf7, 0xdf, 0xff, 0xdf, 0xff, 0xdf, 0xff, 0xdf, 0xff, 0xdf, 0xff,
    0xdf, 0xff, 0xdf, 0xff, 0xdf, 0xff, 0xdf, 0xff, 0xdf, 0xff, 0xdf, 0xff, 0xdf, 0xff, 0xdf, 0xff,
    0xdf, 0xff, 0xdf, 0xff, 0xdf, 0xff, 0xdf, 0xff, 0xdf, 0xff, 0xdf, 0xff, 0xdf, 0xff, 0xdf, 0xff,
    0xbe, 0xf7, 0xff, 0xff, 0x18, 0xbe, 0x06, 0x19, 0x47, 0x19, 0x47, 0x19, 0x47, 0x19, 0x47, 0x19,
    0x47, 0x19, 0x47, 0x19, 0x06, 0x19, 0x18, 0xbe, 0xff, 0xff, 0xbe, 0xf7, 0xdf, 0xff, 0xdf, 0xff,
    0xdf, 0xff, 0xdf, 0xff, 0xdf, 0xff, 0xdf, 0xff, 0xdf, 0xff, 0xdf, 0xff, 0xdf, 0xff, 0xdf, 0xff,
    0xdf, 0xff, 0xdf, 0xff, 0xdf, 0xff, 0xdf, 0xff, 0xdf, 0xff, 0xdf, 0xff, 0xdf, 0xff, 0xdf, 0xff,
    0xdf, 0xff, 0xdf, 0xff, 0xbe, 0xf7, 0xff, 0xff, 0xd0, 0x73, 0xc5, 0x08, 0x88, 0x21, 0xdb, 0xd6,
    0xff, 0xff, 0xbe, 0xf7, 0xdf, 0xff, 0xdf, 0xff, 0xdf, 0xff, 0xdf, 0xff, 0xdf, 0xff, 0xdf, 0xff,
    0xdf, 0xff, 0xdf, 0xff, 0xdf, 0xff, 0xdf, 0xff, 0xbe, 0xf7, 0xff, 0xff, 0x32, 0x84, 0xc5, 0x10,
    0x67, 0x21, 0x47, 0x19, 0x47, 0x19, 0x47, 0x19, 0x47, 0x19, 0x47, 0x19, 0x47, 0x19, 0x47, 0x19,
    0x27, 0x19, 0x88, 0x29, 0xfc, 0xde, 0xff, 0xff, 0xbe, 0xf7, 0xdf, 0xff, 0xdf, 0xff, 0xdf, 0xff,
    0xdf, 0xff, 0xdf, 0xff, 0xdf, 0xff, 0xdf, 0xff, 0xdf, 0xff, 0xdf, 0xff, 0xbe, 0xf7, 0xff, 0xff,
    0xd7, 0xb5, 0xc5, 0x08, 0x2a, 0x3a, 0x7e, 0xef, 0xdf, 0xff, 0xbe, 0xf7, 0xdf, 0xff, 0xdf, 0xff,
    0xdf, 0xff, 0xdf, 0xff, 0xdf, 0xff, 0xdf, 0xff, 0xdf, 0xff, 0xdf, 0xff, 0xdf, 0xff, 0xdf, 0xff,
    0xdf, 0xff, 0xdf, 0xff, 0xdf, 0xff, 0xdf, 0xff, 0xdf, 0xff, 0xdf, 0xff, 0xdf, 0xff, 0xdf, 0xff,
    0xdf, 0xff, 0xdf, 0xff, 0xdf, 0xff, 0xdf, 0xff, 0xdf, 0xff, 0xdf, 0xff, 0xdf, 0xff, 0xdf, 0xff,
    0xbe, 0xf7, 0xdf, 0xff, 0x5d, 0xef, 0x0a, 0x3a, 0x06, 0x11, 0x47, 0x21, 0x47, 0x19, 0x47, 0x19,
    0x47, 0x19, 0x47, 0x19, 0x47, 0x19, 0x47, 0x19, 0x47, 0x19, 0x47, 0x19, 0x47, 0x19, 0x47, 0x19,
    0x47, 0x19, 0x47, 0x19, 0x47, 0x19, 0x47, 0x19, 0x47, 0x19, 0x47, 0x19, 0x47, 0x19, 0x47, 0x19,
    0x47, 0x19, 0x47, 0x19, 0x47, 0x19, 0x47, 0x19, 0x47, 0x19, 0x47, 0x19, 0x47, 0x19, 0x47, 0x19,
    0x47, 0x19, 0x47, 0x19, 0x47, 0x19, 0x47, 0x19, 0x47, 0x19, 0x47, 0x19, 0x47, 0x19, 0x47, 0x19,
    0x47, 0x19, 0x47, 0x19, 0x47, 0x19, 0x47, 0x19, 0x47, 0x19, 0x47, 0x19, 0x47, 0x19, 0x47, 0x19,
    0x47, 0x19, 0x47, 0x19, 0x47, 0x19, 0x47, 0x19, 0x47, 0x19, 0x47, 0x19, 0x47, 0x19, 0x47, 0x19,
    0x47, 0x19, 0x47, 0x19, 0x47, 0x19, 0x47, 0x19, 0x47, 0x19, 0x47, 0x19, 0x47, 0x19, 0x47, 0x19,
    0x47, 0x19, 0x47, 0x19, 0x47, 0x19, 0x47, 0x19, 0x47, 0x19, 0x47, 0x19, 0x47, 0x19, 0x47, 0x19,
    0x47, 0x19, 0x47, 0x19, 0x47, 0x19, 0x47, 0x19, 0x47, 0x19, 0x47, 0x19, 0x47, 0x19, 0x47, 0x19,
    0x47, 0x19, 0x47, 0x19, 0x47, 0x19, 0x47, 0x19, 0x47, 0x19, 0x47, 0x19, 0x47, 0x19, 0x47, 0x19,
    0x47, 0x19, 0x47, 0x19, 0x47, 0x19, 0x47, 0x19, 0x47, 0x19, 0x47, 0x19, 0x47, 0x19, 0x47, 0x19,
    0x47, 0x19, 0x47, 0x19, 0x47, 0x19, 0x47, 0x19, 0x47, 0x19, 0x47, 0x19, 0x47, 0x19, 0x47, 0x19,
    0x47, 0x19, 0x47, 0x19, 0x47, 0x19, 0x47, 0x19, 0x47, 0x19, 0x47, 0x19, 0x47, 0x19, 0x47, 0x19,
    0x47, 0x19, 0x47, 0x19, 0x47, 0x19, 0x47, 0x19, 0x47, 0x19, 0x47, 0x19, 0x47, 0x19, 0x47, 0x19,
    0x47, 0x19, 0x47, 0x19, 0x47, 0x19, 0x47, 0x19, 0x47, 0x19, 0x47, 0x19, 0x47, 0x19, 0x47, 0x19,
    0x47, 0x19, 0x47, 0x19, 0x47, 0x19, 0x47, 0x19, 0x47, 0x19, 0x47, 0x19, 0x47, 0x19, 0x47, 0x19,
    0x47, 0x19, 0x47, 0x19, 0x47, 0x19, 0x47, 0x19, 0x47, 0x19, 0x67, 0x21, 0xe6, 0x10, 0x4e, 0x63,
    0xff, 0xff, 0xbe, 0xf7, 0xdf, 0xff, 0xdf, 0xff, 0xdf, 0xff, 0xdf, 0xff, 0xdf, 0xff, 0xdf, 0xff,
    0xdf, 0xff, 0xdf, 0xff, 0xdf, 0xff, 0xdf, 0xff, 0xdf, 0xff, 0xdf, 0xff, 0xdf, 0xff, 0xdf, 0xff,
    0xdf, 0xff, 0xdf, 0xff, 0xdf, 0xff, 0xdf, 0xff, 0xdf, 0xff, 0xdf, 0xff, 0xdf, 0xff, 0xdf, 0xff,
    0xbe, 0xf7, 0xff, 0xff, 0x7a, 0xce, 0x27, 0x19, 0x47, 0x19, 0x47, 0x19, 0x47, 0x19, 0x47, 0x19,
    0x67, 0x21, 0x06, 0x11, 0xac, 0x4a, 0xdf, 0xff, 0xdf, 0xff, 0xdf, 0xff, 0xdf, 0xff, 0xdf, 0xff,
    0xdf, 0xff, 0xdf, 0xff, 0xdf, 0xff, 0xdf, 0xff, 0xdf, 0xff, 0xdf, 0xff, 0xdf, 0xff, 0xdf, 0xff,
    0xdf, 0xff, 0xdf, 0xff, 0xdf, 0xff, 0xdf, 0xff, 0xdf, 0xff, 0xdf, 0xff, 0xdf, 0xff, 0xdf, 0xff,
    0xdf, 0xff, 0xdf, 0xff, 0xbe, 0xf7, 0xff, 0xff, 0x59, 0xc6, 0x27, 0x19, 0xe6, 0x10, 0x76, 0xa5,
    0xff, 0xff, 0xbe, 0xf7, 0xdf, 0xff, 0xdf, 0xff, 0xdf, 0xff, 0xdf, 0xff, 0xdf, 0xff, 0xdf, 0xff,
    0xdf, 0xff, 0xdf, 0xff, 0xdf, 0xff, 0xdf, 0xff, 0xbe, 0xf7, 0xff, 0xff, 0xd7, 0xb5, 0x06, 0x11,
    0x47, 0x21, 0x47, 0x19, 0x47, 0x19, 0x47, 0x19, 0x47, 0x19, 0x47, 0x19, 0x47, 0x19, 0x47, 0x19,
    0x47, 0x21, 0xe6, 0x10, 0x55, 0xa5, 0xff, 0xff, 0xbe, 0xf7, 0xdf, 0xff, 0xdf, 0xff, 0xdf, 0xff,
    0xdf, 0xff, 0xdf, 0xff, 0xdf, 0xff, 0xdf, 0xff, 0xdf, 0xff, 0xdf, 0xff, 0xbe, 0xf7, 0xff, 0xff,
    0xf8, 0xbd, 0xc5, 0x08, 0x4b, 0x3a, 0x9e, 0xf7, 0xdf, 0xff, 0xbe, 0xf7, 0xdf, 0xff, 0xdf, 0xff,
    0xdf, 0xff, 0xdf, 0xff, 0xdf, 0xff, 0xdf, 0xff, 0xdf, 0xff, 0xdf, 0xff, 0xdf, 0xff, 0xdf, 0xff,
    0xdf, 0xff, 0xdf, 0xff, 0xdf, 0xff, 0xdf, 0xff, 0xdf, 0xff, 0xdf, 0xff, 0xdf, 0xff, 0xdf, 0xff,
    0xdf, 0xff, 0xdf, 0xff, 0xdf, 0xff, 0xdf, 0xff, 0xdf, 0xff, 0xdf, 0xff, 0xdf, 0xff, 0xdf, 0xff,
    0xdf, 0xff, 0xbe, 0xf7, 0xff, 0xff, 0x39, 0xc6, 0x27, 0x19, 0x47, 0x19, 0x47, 0x19, 0x47, 0x19,
    0x47, 0x19, 0x47, 0x19, 0x47, 0x19, 0x47, 0x19, 0x47, 0x19, 0x47, 0x19, 0x47, 0x19, 0x47, 0x19,
    0x47, 0x19, 0x47, 0x19, 0x47, 0x19, 0x47, 0x19, 0x47, 0x19, 0x47, 0x19, 0x47, 0x19, 0x47, 0x19,
    0x47, 0x19, 0x47, 0x19, 0x47, 0x19, 0x47, 0x19, 0x47, 0x19, 0x47, 0x19, 0x47, 0x19, 0x47, 0x19,
    0x47, 0x19, 0x47, 0x19, 0x47, 0x19, 0x47, 0x19, 0x47, 0x19, 0x47, 0x19, 0x47, 0x19, 0x47, 0x19,
    0x47, 0x19, 0x47, 0x19, 0x47, 0x19, 0x47, 0x19, 0x47, 0x19, 0x47, 0x19, 0x47, 0x19, 0x47, 0x19,
    0x47, 0x19, 0x47, 0x19, 0x47, 0x19, 0x47, 0x19, 0x47, 0x19, 0x47, 0x19, 0x47, 0x19, 0x47, 0x19,
    0x47, 0x19, 0x47, 0x19, 0x47, 0x19, 0x47, 0x19, 0x47, 0x19, 0x47, 0x19, 0x47, 0x19, 0x47, 0x19,
    0x47, 0x19, 0x47, 0x19, 0x47, 0x19, 0x47, 0x19, 0x47, 0x19, 0x47, 0x19, 0x47, 0x19, 0x47, 0x19,
    0x47, 0x19, 0x47, 0x19, 0x47, 0x19, 0x47, 0x19, 0x47, 0x19, 0x47, 0x19, 0x47, 0x19, 0x47, 0x19,
    0x47, 0x19, 0x47, 0x19, 0x47, 0x19, 0x47, 0x19, 0x47, 0x19, 0x47, 0x19, 0x47, 0x19, 0x47, 0x19,
    0x47, 0x19, 0x47, 0x19, 0x47, 0x19, 0x47, 0x19, 0x47, 0x19, 0x47, 0x19, 0x47, 0x19, 0x47, 0x19,
    0x47, 0x19, 0x47, 0x19, 0x47, 0x19, 0x47, 0x19, 0x47, 0x19, 0x47, 0x19, 0x47, 0x19, 0x47, 0x19,
    0x47, 0x19, 0x47, 0x19, 0x47, 0x19, 0x47, 0x19, 0x47, 0x19, 0x47, 0x19, 0x47, 0x19, 0x47, 0x19,
    0x47, 0x19, 0x47, 0x19, 0x47, 0x19, 0x47, 0x19, 0x47, 0x19, 0x47, 0x19, 0x47, 0x19, 0x47, 0x19,
    0x47, 0x19, 0x47, 0x19, 0x47, 0x19, 0x47, 0x19, 0x47, 0x19, 0x47, 0x19, 0x47, 0x19, 0x47, 0x19,
    0x47, 0x19, 0x47, 0x19, 0x47, 0x19, 0x47, 0x19, 0x47, 0x19, 0x47, 0x19, 0x47, 0x19, 0x47, 0x19,
    0x47, 0x19, 0x47, 0x19, 0x47, 0x19, 0x47, 0x19, 0x47, 0x19, 0x67, 0x21, 0xe6, 0x10, 0x15, 0x9d,
    0xff, 0xff, 0xbe, 0xf7, 0xdf, 0xff, 0xdf, 0xff, 0xdf, 0xff, 0xdf, 0xff, 0xdf, 0xff, 0xdf, 0xff,
    0xdf, 0xff, 0xdf, 0xff, 0xdf, 0xff, 0xdf, 0xff, 0xdf, 0xff, 0xdf, 0xff, 0xdf, 0xff, 0xdf, 0xff,
    0xdf, 0xff, 0xdf, 0xff, 0xdf, 0xff, 0xdf, 0xff, 0xdf, 0xff, 0xdf, 0xff, 0xdf, 0xff, 0xdf, 0xff,
    0xbe, 0xf7, 0xff, 0xff, 0x9a, 0xd6, 0x47, 0x19, 0x47, 0x19, 0x47, 0x19, 0x47, 0x19, 0x47, 0x19,
    0x67, 0x21, 0xe5, 0x10, 0xf4, 0x9c, 0xff, 0xff, 0xbe, 0xf7, 0xdf, 0xff, 0xdf, 0xff, 0xdf, 0xff,
    0xdf, 0xff, 0xdf, 0xff, 0xdf, 0xff, 0xdf, 0xff, 0xdf, 0xff, 0xdf, 0xff, 0xdf, 0xff, 0xdf, 0xff,
    0xdf, 0xff, 0xdf, 0xff, 0xdf, 0xff, 0xdf, 0xff, 0xdf, 0xff, 0xdf, 0xff, 0xdf, 0xff, 0xdf, 0xff,
    0xdf, 0xff, 0xdf, 0xff, 0xdf, 0xff, 0xdf, 0xff, 0xdf, 0xff, 0xac, 0x4a, 0x84, 0x00, 0xd0, 0x73,
    0xff, 0xff, 0xbe, 0xf7, 0xdf, 0xff, 0xdf, 0xff, 0xdf, 0xff, 0xdf, 0xff, 0xdf, 0xff, 0xdf, 0xff,
    0xdf, 0xff, 0xdf, 0xff, 0xdf, 0xff, 0xdf, 0xff, 0xbe, 0xf7, 0xff, 0xff, 0x1c, 0xe7, 0xa8, 0x29,
    0x27, 0x19, 0x47, 0x19, 0x47, 0x19, 0x47, 0x19, 0x47, 0x19, 0x47, 0x19, 0x47, 0x19, 0x47, 0x19,
    0x67, 0x21, 0xe6, 0x10, 0x4e, 0x63, 0xff, 0xff, 0xbe, 0xf7, 0xdf, 0xff, 0xdf, 0xff, 0xdf, 0xff,
    0xdf, 0xff, 0xdf, 0xff, 0xdf, 0xff, 0xdf, 0xff, 0xdf, 0xff, 0xdf, 0xff, 0xbe, 0xf7, 0xff, 0xff,
    0x39, 0xc6, 0xe6, 0x10, 0xe9, 0x31, 0x5d, 0xef, 0xff, 0xff, 0xbe, 0xf7, 0xdf, 0xff, 0xdf, 0xff,
    0xdf, 0xff, 0xdf, 0xff, 0xdf, 0xff, 0xdf, 0xff, 0xdf, 0xff, 0xdf, 0xff, 0xdf, 0xff, 0xdf, 0xff,
    0xdf, 0xff, 0xdf, 0xff, 0xdf, 0xff, 0xdf, 0xff, 0xdf, 0xff, 0xdf, 0xff, 0xdf, 0xff, 0xdf, 0xff,
    0xdf, 0xff, 0xdf, 0xff, 0xdf, 0xff, 0xdf, 0xff, 0xdf, 0xff, 0xdf, 0xff, 0xdf, 0xff, 0xdf, 0xff,
    0xdf, 0xff, 0xdf, 0xff, 0xbe, 0xf7, 0xff, 0xff, 0x73, 0x8c, 0xc5, 0x08, 0x67, 0x21, 0x47, 0x19,
    0x47, 0x19, 0x47, 0x19, 0x47, 0x19, 0x47, 0x19, 0x47, 0x19, 0x47, 0x19, 0x47, 0x19, 0x47, 0x19,
    0x47, 0x19, 0x47, 0x19, 0x47, 0x19, 0x47, 0x19, 0x47, 0x19, 0x47, 0x19, 0x47, 0x19, 0x47, 0x19,
    0x47, 0x19, 0x47, 0x19, 0x47, 0x19, 0x47, 0x19, 0x47, 0x19, 0x47, 0x19, 0x47, 0x19, 0x47, 0x19,
    0x47, 0x19, 0x47, 0x19, 0x47, 0x19, 0x47, 0x19, 0x47, 0x19, 0x47, 0x19, 0x47, 0x19, 0x47, 0x19,
    0x47, 0x19, 0x47, 0x19, 0x47, 0x19, 0x47, 0x19, 0x47, 0x19, 0x47, 0x19, 0x47, 0x19, 0x47, 0x19,
    0x47, 0x19, 0x47, 0x19, 0x47, 0x19, 0x47, 0x19, 0x47, 0x19, 0x47, 0x19, 0x47, 0x19, 0x47, 0x19,
    0x47, 0x19, 0x47, 0x19, 0x47, 0x19, 0x47, 0x19, 0x47, 0x19, 0x47, 0x19, 0x47, 0x19, 0x47, 0x19,
    0x47, 0x19, 0x47, 0x19, 0x47, 0x19, 0x47, 0x19, 0x47, 0x19, 0x47, 0x19, 0x47, 0x19, 0x47, 0x19,
    0x47, 0x19, 0x47, 0x19, 0x47, 0x19, 0x47, 0x19, 0x47, 0x19, 0x47, 0x19, 0x47, 0x19, 0x47, 0x19,
    0x47, 0x19, 0x47, 0x19, 0x47, 0x19, 0x47, 0x19, 0x47, 0x19, 0x47, 0x19, 0x47, 0x19, 0x47, 0x19,
    0x47, 0x19, 0x47, 0x19, 0x47, 0x19, 0x47, 0x19, 0x47, 0x19, 0x47, 0x19, 0x47, 0x19, 0x47, 0x19,
    0x47, 0x19, 0x47, 0x19, 0x47, 0x19, 0x47, 0x19, 0x47, 0x19, 0x47, 0x19, 0x47, 0x19, 0x47, 0x19,
    0x47, 0x19, 0x47, 0x19, 0x47, 0x19, 0x47, 0x19, 0x47, 0x19, 0x47, 0x19, 0x47, 0x19, 0x47, 0x19,
    0x47, 0x19, 0x47, 0x19, 0x47, 0x19, 0x47, 0x19, 0x47, 0x19, 0x47, 0x19, 0x47, 0x19, 0x47, 0x19,
    0x47, 0x19, 0x47, 0x19, 0x47, 0x19, 0x47, 0x19, 0x47, 0x19, 0x47, 0x19, 0x47, 0x19, 0x47, 0x19,
    0x47, 0x19, 0x47, 0x19, 0x47, 0x19, 0x47, 0x19, 0x47, 0x19, 0x47, 0x19, 0x47, 0x19, 0x47, 0x19,
    0x47, 0x19, 0x47, 0x19, 0x47, 0x19, 0x47, 0x19, 0x47, 0x19, 0x47, 0x19, 0x47, 0x19, 0x7a, 0xce,
    0xff, 0xff, 0xbe, 0xf7, 0xdf, 0xff, 0xdf, 0xff, 0xdf, 0xff, 0xdf, 0xff, 0xdf, 0xff, 0xdf, 0xff,
    0xdf, 0xff, 0xdf, 0xff, 0xdf, 0xff, 0xdf, 0xff, 0xdf, 0xff, 0xbe, 0xf7, 0xbe, 0xf7, 0xbe, 0xf7,
    0xdf, 0xff, 0xdf, 0xff, 0xdf, 0xff, 0xdf, 0xff, 0xdf, 0xff, 0xdf, 0xff, 0xdf, 0xff, 0xdf, 0xff,
    0xbe, 0xf7, 0xff, 0xff, 0x9a, 0xd6, 0x47, 0x19, 0x47, 0x19, 0x47, 0x19, 0x47, 0x19, 0x47, 0x19,
    0x27, 0x19, 0x68, 0x21, 0xdb, 0xde, 0xff, 0xff, 0xbe, 0xf7, 0xdf, 0xff, 0xdf, 0xff, 0xdf, 0xff,
    0xdf, 0xff, 0xdf, 0xff, 0xdf, 0xff, 0xdf, 0xff, 0xdf, 0xff, 0xdf, 0xff, 0xdf, 0xff, 0xdf, 0xff,
    0xdf, 0xff, 0xdf, 0xff, 0xdf, 0xff, 0xdf, 0xff, 0xdf, 0xff, 0xdf, 0xff, 0xdf, 0xff, 0xdf, 0xff,
    0xdf, 0xff, 0xdf, 0xff, 0xdf, 0xff, 0xbe, 0xf7, 0xff, 0xff, 0x93, 0x8c, 0xa4, 0x00, 0x4b, 0x42,
    0x9e, 0xf7, 0xdf, 0xff, 0xbe, 0xf7, 0xdf, 0xff, 0xdf, 0xff, 0xdf, 0xff, 0xdf, 0xff, 0xdf, 0xff,
    0xdf, 0xff, 0xdf, 0xff, 0xdf, 0xff, 0xdf, 0xff, 0xbf, 0xf7, 0xbf, 0xf7, 0xff, 0xff, 0xcd, 0x52,
    0xe6, 0x10, 0x47, 0x21, 0x47, 0x19, 0x47, 0x19, 0x47, 0x19, 0x47, 0x19, 0x47, 0x19, 0x47, 0x19,
    0x47, 0x19, 0x27, 0x19, 0xa8, 0x29, 0x3c, 0xe7, 0xff, 0xff, 0xbe, 0xf7, 0xdf, 0xff, 0xdf, 0xff,
    0xdf, 0xff, 0xdf, 0xff, 0xdf, 0xff, 0xdf, 0xff, 0xdf, 0xff, 0xdf, 0xff, 0xbe, 0xf7, 0xff, 0xff,
    0x7a, 0xce, 0x27, 0x19, 0x47, 0x21, 0xbb, 0xd6, 0xff, 0xff, 0xbe, 0xf7, 0xdf, 0xff, 0xdf, 0xff,
    0xdf, 0xff, 0xdf, 0xff, 0xdf, 0xff, 0xdf, 0xff, 0xdf, 0xff, 0xdf, 0xff, 0xdf, 0xff, 0xdf, 0xff,
    0xdf, 0xff, 0xdf, 0xff, 0xdf, 0xff, 0xdf, 0xff, 0xdf, 0xff, 0xdf, 0xff, 0xdf, 0xff, 0xdf, 0xff,
    0xdf, 0xff, 0xdf, 0xff, 0xdf, 0xff, 0xdf, 0xff, 0xdf, 0xff, 0xdf, 0xff, 0xdf, 0xff, 0xdf, 0xff,
    0xdf, 0xff, 0xdf, 0xff, 0xbe, 0xf7, 0xdf, 0xff, 0x9e, 0xf7, 0x6b, 0x42, 0x06, 0x11, 0x47, 0x21,
    0x47, 0x19, 0x47, 0x19, 0x47, 0x19, 0x47, 0x19, 0x47, 0x19, 0x47, 0x19, 0x47, 0x19, 0x47, 0x19,
    0x47, 0x19, 0x47, 0x19, 0x47, 0x19, 0x47, 0x19, 0x47, 0x19, 0x47, 0x19, 0x47, 0x19, 0x47, 0x19,
    0x47, 0x19, 0x47, 0x19, 0x47, 0x19, 0x47, 0x19, 0x47, 0x19, 0x47, 0x19, 0x47, 0x19, 0x47, 0x19,
    0x47, 0x19, 0x47, 0x19, 0x47, 0x19, 0x47, 0x19, 0x47, 0x19, 0x47, 0x19, 0x47, 0x19, 0x47, 0x19,
    0x47, 0x19, 0x47, 0x19, 0x47, 0x19, 0x47, 0x19, 0x47, 0x19, 0x47, 0x19, 0x47, 0x19, 0x47, 0x19,
    0x47, 0x19, 0x47, 0x19, 0x47, 0x19, 0x47, 0x19, 0x47, 0x19, 0x47, 0x19, 0x47, 0x19, 0x47, 0x19,
    0x47, 0x19, 0x47, 0x19, 0x47, 0x19, 0x47, 0x19, 0x47, 0x19, 0x47, 0x19, 0x47, 0x19, 0x47, 0x19,
    0x47, 0x19, 0x47, 0x19, 0x47, 0x19, 0x47, 0x19, 0x47, 0x19, 0x47, 0x19, 0x47, 0x19, 0x47, 0x19,
    0x47, 0x19, 0x47, 0x19, 0x47, 0x19, 0x47, 0x19, 0x47, 0x19, 0x47, 0x19, 0x47, 0x19, 0x47, 0x19,
    0x47, 0x19, 0x47, 0x19, 0x47, 0x19, 0x47, 0x19, 0x47, 0x19, 0x47, 0x19, 0x47, 0x19, 0x47, 0x19,
    0x47, 0x19, 0x47, 0x19, 0x47, 0x19, 0x47, 0x19, 0x47, 0x19, 0x47, 0x19, 0x47, 0x19, 0x47, 0x19,
    0x47, 0x19, 0x47, 0x19, 0x47, 0x19, 0x47, 0x19, 0x47, 0x19, 0x47, 0x19, 0x47, 0x19, 0x47, 0x19,
    0x47, 0x19, 0x47, 0x19, 0x47, 0x19, 0x47, 0x19, 0x47, 0x19, 0x47, 0x19, 0x47, 0x19, 0x47, 0x19,
    0x47, 0x19, 0x47, 0x19, 0x47, 0x19, 0x47, 0x19, 0x47, 0x19, 0x47, 0x19, 0x47, 0x19, 0x47, 0x19,
    0x47, 0x19, 0x47, 0x19, 0x47, 0x19, 0x47, 0x19, 0x47, 0x19, 0x47, 0x19, 0x47, 0x19, 0x47, 0x19,
    0x47, 0x19, 0x47, 0x19, 0x47, 0x19, 0x47, 0x19, 0x47, 0x19, 0x47, 0x19, 0x47, 0x19, 0x47, 0x19,
    0x47, 0x19, 0x47, 0x19, 0x47, 0x19, 0x47, 0x19, 0x47, 0x21, 0x06, 0x11, 0x0a, 0x3a, 0x7d, 0xef,
    0xdf, 0xff, 0xbe, 0xf7, 0xdf, 0xff, 0xdf, 0xff, 0xdf, 0xff, 0xdf, 0xff, 0xdf, 0xff, 0xdf, 0xff,
    0xdf, 0xff, 0xdf, 0xff, 0xdf, 0xff, 0xdf, 0xff, 0xbe, 0xf7, 0xdf, 0xff, 0xff, 0xff, 0xff, 0xff,
    0xbe, 0xf7, 0xdf, 0xff, 0xdf, 0xff, 0xdf, 0xff, 0xdf, 0xff, 0xdf, 0xff, 0xdf, 0xff, 0xdf, 0xff,
    0xbe, 0xf7, 0xff, 0xff, 0x9a, 0xd6, 0x47, 0x21, 0x47, 0x19, 0x47, 0x19, 0x47, 0x19, 0x47, 0x21,
    0xe6, 0x10, 0xcc, 0x4a, 0xdf, 0xff, 0xdf, 0xff, 0xbf, 0xf7, 0xdf, 0xff, 0xdf, 0xff, 0xdf, 0xff,
    0xdf, 0xff, 0xdf, 0xff, 0xdf, 0xff, 0xdf, 0xff, 0xdf, 0xff, 0xdf, 0xff, 0xdf, 0xff, 0xdf, 0xff,
    0xdf, 0xff, 0xdf, 0xff, 0xdf, 0xff, 0xdf, 0xff, 0xdf, 0xff, 0xdf, 0xff, 0xdf, 0xff, 0xdf, 0xff,
    0xdf, 0xff, 0xdf, 0xff, 0xdf, 0xff, 0xbe, 0xf7, 0xff, 0xff, 0x19, 0xc6, 0x26, 0x19, 0x47, 0x19,
    0x9a, 0xce, 0xff, 0xff, 0xbe, 0xf7, 0xdf, 0xff, 0xdf, 0xff, 0xdf, 0xff, 0xdf, 0xff, 0xdf, 0xff,
    0xdf, 0xff, 0xdf, 0xff, 0xdf, 0xff, 0xdf, 0xff, 0xdf, 0xff, 0xbe, 0xf7, 0xff, 0xff, 0x52, 0x84,
    0xc5, 0x08, 0x67, 0x21, 0x47, 0x19, 0x47, 0x19, 0x47, 0x19, 0x47, 0x19, 0x47, 0x19, 0x47, 0x19,
    0x47, 0x19, 0x47, 0x21, 0xe6, 0x10, 0x76, 0xad, 0xff, 0xff, 0xbe, 0xf7, 0xdf, 0xff, 0xdf, 0xff,
    0xdf, 0xff, 0xdf, 0xff, 0xdf, 0xff, 0xdf, 0xff, 0xdf, 0xff, 0xdf, 0xff, 0xbe, 0xf7, 0xff, 0xff,
    0x9a, 0xce, 0x67, 0x21, 0xc5, 0x08, 0x15, 0x9d, 0xff, 0xff, 0xbe, 0xf7, 0xdf, 0xff, 0xdf, 0xff,
    0xdf, 0xff, 0xdf, 0xff, 0xdf, 0xff, 0xdf, 0xff, 0xdf, 0xff, 0xdf, 0xff, 0xdf, 0xff, 0xdf, 0xff,
    0xdf, 0xff, 0xdf, 0xff, 0xbe, 0xf7, 0xbe, 0xf7, 0xbe, 0xf7, 0xbe, 0xf7, 0xdf, 0xff, 0xdf, 0xff,
    0xdf, 0xff, 0xdf, 0xff, 0xdf, 0xff, 0xdf, 0xff, 0xdf, 0xff, 0xdf, 0xff, 0xdf, 0xff, 0xdf, 0xff,
    0xdf, 0xff, 0xdf, 0xff, 0xdf, 0xff, 0x9e, 0xf7, 0xff, 0xff, 0x31, 0x7c, 0xc5, 0x08, 0x67, 0x21,
    0x47, 0x19, 0x47, 0x19, 0x47, 0x19, 0x47, 0x19, 0x47, 0x19, 0x47, 0x19, 0x47, 0x19, 0x47, 0x19,
    0x47, 0x19, 0x47, 0x19, 0x47, 0x19, 0x47, 0x19, 0x47, 0x19, 0x47, 0x19, 0x47, 0x19, 0x47, 0x19,
    0x47, 0x19, 0x47, 0x19, 0x47, 0x19, 0x47, 0x19, 0x47, 0x19, 0x47, 0x19, 0x47, 0x19, 0x47, 0x19,
    0x47, 0x19, 0x47, 0x19, 0x47, 0x19, 0x47, 0x19, 0x47, 0x19, 0x47, 0x19, 0x47, 0x19, 0x47, 0x19,
    0x47, 0x19, 0x47, 0x19, 0x47, 0x19, 0x47, 0x19, 0x47, 0x19, 0x47, 0x19, 0x47, 0x19, 0x47, 0x19,
    0x47, 0x19, 0x47, 0x19, 0x47, 0x19, 0x47, 0x19, 0x47, 0x19, 0x47, 0x19, 0x47, 0x19, 0x47, 0x19,
    0x47, 0x19, 0x47, 0x19, 0x47, 0x19, 0x47, 0x19, 0x47, 0x19, 0x47, 0x19, 0x47, 0x19, 0x47, 0x19,
    0x47, 0x19, 0x47, 0x19, 0x47, 0x19, 0x47, 0x19, 0x47, 0x19, 0x47, 0x19, 0x47, 0x19, 0x47, 0x19,
    0x47, 0x19, 0x47, 0x19, 0x47, 0x19, 0x47, 0x19, 0x47, 0x19, 0x47, 0x19, 0x47, 0x19, 0x47, 0x19,
    0x47, 0x19, 0x47, 0x19, 0x47, 0x19, 0x47, 0x19, 0x47, 0x19, 0x47, 0x19, 0x47, 0x19, 0x47, 0x19,
    0x47, 0x19, 0x47, 0x19, 0x47, 0x19, 0x47, 0x19, 0x47, 0x19, 0x47, 0x19, 0x47, 0x19, 0x47, 0x19,
    0x47, 0x19, 0x47, 0x19, 0x47, 0x19, 0x47, 0x19, 0x47, 0x19, 0x47, 0x19, 0x47, 0x19, 0x47, 0x19,
    0x47, 0x19, 0x47, 0x19, 0x47, 0x19, 0x47, 0x19, 0x47, 0x19, 0x47, 0x19, 0x47, 0x19, 0x47, 0x19,
    0x47, 0x19, 0x47, 0x19, 0x47, 0x19, 0x47, 0x19, 0x47, 0x19, 0x47, 0x19, 0x47, 0x19, 0x47, 0x19,
    0x47, 0x19, 0x47, 0x19, 0x47, 0x19, 0x47, 0x19, 0x47, 0x19, 0x47, 0x19, 0x47, 0x19, 0x47, 0x19,
    0x47, 0x19, 0x47, 0x19, 0x47, 0x19, 0x47, 0x19, 0x47, 0x19, 0x47, 0x19, 0x47, 0x19, 0x47, 0x19,
    0x47, 0x19, 0x47, 0x19, 0x47, 0x19, 0x47, 0x19, 0x67, 0x21, 0xe6, 0x10, 0x2e, 0x5b, 0xff, 0xff,
    0xbe, 0xf7, 0xdf, 0xff, 0xdf, 0xff, 0xdf, 0xff, 0xdf, 0xff, 0xdf, 0xff, 0xdf, 0xff, 0xdf, 0xff,
    0xdf, 0xff, 0xdf, 0xff, 0xdf, 0xff, 0xbe, 0xf7, 0xff, 0xff, 0x7d, 0xef, 0xb7, 0xb5, 0x3c, 0xe7,
    0xff, 0xff, 0xbe, 0xf7, 0xdf, 0xff, 0xdf, 0xff, 0xdf, 0xff, 0xdf, 0xff, 0xdf, 0xff, 0xbe, 0xf7,
    0x9e, 0xf7, 0xff, 0xff, 0xbb, 0xd6, 0x27, 0x19, 0x47, 0x19, 0x47, 0x19, 0x47, 0x19, 0x67, 0x21,
    0xc5, 0x10, 0x52, 0x84, 0xff, 0xff, 0xbe, 0xf7, 0xdf, 0xff, 0xdf, 0xff, 0xdf, 0xff, 0xdf, 0xff,
    0xdf, 0xff, 0xdf, 0xff, 0xdf, 0xff, 0xdf, 0xff, 0xdf, 0xff, 0xdf, 0xff, 0xdf, 0xff, 0xdf, 0xff,
    0xdf, 0xff, 0xdf, 0xff, 0xdf, 0xff, 0xdf, 0xff, 0xdf, 0xff, 0xdf, 0xff, 0xdf, 0xff, 0xdf, 0xff,
    0xdf, 0xff, 0xdf, 0xff, 0xdf, 0xff, 0xbe, 0xf7, 0xff, 0xff, 0x5d, 0xef, 0xe9, 0x31, 0xa5, 0x08,
    0xf4, 0x9c, 0xff, 0xff, 0xbe, 0xf7, 0xdf, 0xff, 0xdf, 0xff, 0xdf, 0xff, 0xdf, 0xff, 0xdf, 0xff,
    0xdf, 0xff, 0xdf, 0xff, 0xdf, 0xff, 0xdf, 0xff, 0xdf, 0xff, 0xbe, 0xf7, 0xff, 0xff, 0xf8, 0xbd,
    0x06, 0x11, 0x47, 0x19, 0x47, 0x19, 0x47, 0x19, 0x47, 0x19, 0x47, 0x19, 0x47, 0x19, 0x47, 0x19,
    0x47, 0x19, 0x67, 0x21, 0xe5, 0x10, 0x6f, 0x6b, 0xff, 0xff, 0xbe, 0xf7, 0xdf, 0xff, 0xdf, 0xff,
    0xdf, 0xff, 0xdf, 0xff, 0xdf, 0xff, 0xdf, 0xff, 0xdf, 0xff, 0xdf, 0xff, 0xbe, 0xf7, 0xff, 0xff,
    0xbb, 0xd6, 0x88, 0x21, 0xe5, 0x10, 0xcd, 0x52, 0xdf, 0xff, 0xdf, 0xff, 0xdf, 0xff, 0xdf, 0xff,
    0xdf, 0xff, 0xdf, 0xff, 0xdf, 0xff, 0xdf, 0xff, 0xdf, 0xff, 0xdf, 0xff, 0xdf, 0xff, 0xdf, 0xff,
    0xdf, 0xff, 0xbe, 0xf7, 0xdf, 0xff, 0xff, 0xff, 0xff, 0xff, 0xff, 0xff, 0xdf, 0xff, 0xbf, 0xf7,
    0xdf, 0xff, 0xdf, 0xff, 0xdf, 0xff, 0xdf, 0xff, 0xdf, 0xff, 0xdf, 0xff, 0xdf, 0xff, 0xdf, 0xff,
    0xdf, 0xff, 0xdf, 0xff, 0xbe, 0xf7, 0xff, 0xff, 0x9a, 0xd6, 0xe9, 0x31, 0x26, 0x19, 0x47, 0x19,
    0x47, 0x19, 0x47, 0x19, 0x47, 0x19, 0x47, 0x19, 0x47, 0x19, 0x47, 0x19, 0x47, 0x19, 0x47, 0x19,
    0x47, 0x19, 0x47, 0x19, 0x47, 0x19, 0x47, 0x19, 0x47, 0x19, 0x47, 0x19, 0x47, 0x19, 0x47, 0x19,
    0x47, 0x19, 0x47, 0x19, 0x47, 0x19, 0x47, 0x19, 0x47, 0x19, 0x47, 0x19, 0x47, 0x19, 0x47, 0x19,
    0x47, 0x19, 0x47, 0x19, 0x47, 0x19, 0x47, 0x19, 0x47, 0x19, 0x47, 0x19, 0x47, 0x19, 0x47, 0x19,
    0x47, 0x19, 0x47, 0x19, 0x47, 0x19, 0x47, 0x19, 0x47, 0x19, 0x47, 0x19, 0x47, 0x19, 0x47, 0x19,
    0x47, 0x19, 0x47, 0x19, 0x47, 0x19, 0x47, 0x19, 0x47, 0x19, 0x47, 0x19, 0x47, 0x19, 0x47, 0x19,
    0x47, 0x19, 0x47, 0x19, 0x47, 0x19, 0x47, 0x19, 0x47, 0x19, 0x47, 0x19, 0x47, 0x19, 0x47, 0x19,
    0x47, 0x19, 0x47, 0x19, 0x47, 0x19, 0x47, 0x19, 0x47, 0x19, 0x47, 0x19, 0x47, 0x19, 0x47, 0x19,
    0x47, 0x19, 0x47, 0x19, 0x47, 0x19, 0x47, 0x19, 0x47, 0x19, 0x47, 0x19, 0x47, 0x19, 0x47, 0x19,
    0x47, 0x19, 0x47, 0x19, 0x47, 0x19, 0x47, 0x19, 0x47, 0x19, 0x47, 0x19, 0x47, 0x19, 0x47, 0x19,
    0x47, 0x19, 0x47, 0x19, 0x47, 0x19, 0x47, 0x19, 0x47, 0x19, 0x47, 0x19, 0x47, 0x19, 0x47, 0x19,
    0x47, 0x19, 0x47, 0x19, 0x47, 0x19, 0x47, 0x19, 0x47, 0x19, 0x47, 0x19, 0x47, 0x19, 0x47, 0x19,
    0x47, 0x19, 0x47, 0x19, 0x47, 0x19, 0x47, 0x19, 0x47, 0x19, 0x47, 0x19, 0x47, 0x19, 0x47, 0x19,
    0x47, 0x19, 0x47, 0x19, 0x47, 0x19, 0x47, 0x19, 0x47, 0x19, 0x47, 0x19, 0x47, 0x19, 0x47, 0x19,
    0x47, 0x19, 0x47, 0x19, 0x47, 0x19, 0x47, 0x19, 0x47, 0x19, 0x47, 0x19, 0x47, 0x19, 0x47, 0x19,
    0x47, 0x19, 0x47, 0x19, 0x47, 0x19, 0x47, 0x19, 0x47, 0x19, 0x47, 0x19, 0x47, 0x19, 0x47, 0x19,
    0x47, 0x19, 0x47, 0x19, 0x47, 0x19, 0x47, 0x19, 0x67, 0x21, 0xc5, 0x08, 0x11, 0x7c, 0xff, 0xff,
    0xbe, 0xf7, 0xdf, 0xff, 0xdf, 0xff, 0xdf, 0xff, 0xdf, 0xff, 0xdf, 0xff, 0xdf, 0xff, 0xdf, 0xff,
    0xdf, 0xff, 0xdf, 0xff, 0xbe, 0xf7, 0xff, 0xff, 0xbb, 0xd6, 0x4a, 0x3a, 0xa5, 0x08, 0x8b, 0x42,
    0x9e, 0xf7, 0xdf, 0xff, 0xbe, 0xf7, 0xdf, 0xff, 0xbf, 0xf7, 0xbe, 0xf7, 0xbe, 0xf7, 0xff, 0xff,
    0xff, 0xff, 0x9e, 0xf7, 0xf0, 0x73, 0x06, 0x11, 0x47, 0x21, 0x47, 0x19, 0x47, 0x19, 0x47, 0x19,
    0x06, 0x11, 0xd7, 0xb5, 0xff, 0xff, 0xbe, 0xf7, 0xdf, 0xff, 0xdf, 0xff, 0xdf, 0xff, 0xdf, 0xff,
    0xdf, 0xff, 0xdf, 0xff, 0xdf, 0xff, 0xdf, 0xff, 0xdf, 0xff, 0xdf, 0xff, 0xbe, 0xf7, 0xbe, 0xf7,
    0xdf, 0xff, 0xdf, 0xff, 0xdf, 0xff, 0xdf, 0xff, 0xdf, 0xff, 0xdf, 0xff, 0xdf, 0xff, 0xdf, 0xff,
    0xdf, 0xff, 0xdf, 0xff, 0xdf, 0xff, 0xdf, 0xff, 0xdf, 0xff, 0xdf, 0xff, 0xed, 0x52, 0x84, 0x00,
    0x6e, 0x63, 0xff, 0xff, 0xbe, 0xf7, 0xdf, 0xff, 0xdf, 0xff, 0xdf, 0xff, 0xdf, 0xff, 0xdf, 0xff,
    0xdf, 0xff, 0xdf, 0xff, 0xdf, 0xff, 0xdf, 0xff, 0xdf, 0xff, 0xbe, 0xf7, 0xff, 0xff, 0x3c, 0xe7,
    0xa8, 0x29, 0x27, 0x19, 0x47, 0x19, 0x47, 0x19, 0x47, 0x19, 0x27, 0x19, 0x47, 0x19, 0x47, 0x19,
    0x47, 0x21, 0x67, 0x21, 0x26, 0x19, 0xc9, 0x31, 0x5d, 0xef, 0xff, 0xff, 0xbe, 0xf7, 0xdf, 0xff,
    0xdf, 0xff, 0xdf, 0xff, 0xdf, 0xff, 0xdf, 0xff, 0xdf, 0xff, 0xdf, 0xff, 0xbe, 0xf7, 0xff, 0xff,
    0xfb, 0xde, 0x88, 0x21, 0x27, 0x19, 0x27, 0x19, 0x39, 0xc6, 0xff, 0xff, 0xbe, 0xf7, 0xdf, 0xff,
    0xdf, 0xff, 0xdf, 0xff, 0xdf, 0xff, 0xdf, 0xff, 0xdf, 0xff, 0xdf, 0xff, 0xdf, 0xff, 0xdf, 0xff,
    0xbe, 0xf7, 0xdf, 0xff, 0xbe, 0xf7, 0x72, 0x84, 0xed, 0x52, 0x56, 0xa5, 0xff, 0xff, 0xdf, 0xff,
    0xdf, 0xf7, 0xdf, 0xff, 0xdf, 0xff, 0xdf, 0xff, 0xdf, 0xff, 0xdf, 0xff, 0xdf, 0xff, 0xdf, 0xff,
    0xbe, 0xf7, 0xbe, 0xf7, 0xff, 0xff, 0x18, 0xbe, 0xa8, 0x29, 0x06, 0x11, 0x47, 0x21, 0x47, 0x19,
    0x47, 0x19, 0x47, 0x19, 0x47, 0x19, 0x47, 0x19, 0x47, 0x19, 0x47, 0x19, 0x47, 0x19, 0x47, 0x19,
    0x47, 0x19, 0x47, 0x19, 0x47, 0x19, 0x47, 0x19, 0x47, 0x19, 0x47, 0x19, 0x47, 0x19, 0x47, 0x19,
    0x47, 0x19, 0x47, 0x19, 0x47, 0x19, 0x47, 0x19, 0x47, 0x19, 0x47, 0x19, 0x47, 0x19, 0x47, 0x19,
    0x47, 0x19, 0x47, 0x19, 0x47, 0x19, 0x47, 0x19, 0x47, 0x19, 0x47, 0x19, 0x47, 0x19, 0x47, 0x19,
    0x47, 0x19, 0x47, 0x19, 0x47, 0x19, 0x47, 0x19, 0x47, 0x19, 0x47, 0x19, 0x47, 0x19, 0x47, 0x19,
    0x47, 0x19, 0x47, 0x19, 0x47, 0x19, 0x47, 0x19, 0x47, 0x19, 0x47, 0x19, 0x47, 0x19, 0x47, 0x19,
    0x47, 0x19, 0x47, 0x19, 0x47, 0x19, 0x47, 0x19, 0x47, 0x19, 0x47, 0x19, 0x47, 0x19, 0x47, 0x19,
    0x47, 0x19, 0x47, 0x19, 0x47, 0x19, 0x47, 0x19, 0x47, 0x19, 0x47, 0x19, 0x47, 0x19, 0x47, 0x19,
    0x47, 0x19, 0x47, 0x19, 0x47, 0x19, 0x47, 0x19, 0x47, 0x19, 0x47, 0x19, 0x47, 0x19, 0x47, 0x19,
    0x47, 0x19, 0x47, 0x19, 0x47, 0x19, 0x47, 0x19, 0x47, 0x19, 0x47, 0x19, 0x47, 0x19, 0x47, 0x19,
    0x47, 0x19, 0x47, 0x19, 0x47, 0x19, 0x47, 0x19, 0x47, 0x19, 0x47, 0x19, 0x47, 0x19, 0x47, 0x19,
    0x47, 0x19, 0x47, 0x19, 0x47, 0x19, 0x47, 0x19, 0x47, 0x19, 0x47, 0x19, 0x47, 0x19, 0x47, 0x19,
    0x47, 0x19, 0x47, 0x19, 0x47, 0x19, 0x47, 0x19, 0x47, 0x19, 0x47, 0x19, 0x47, 0x19, 0x47, 0x19,
    0x47, 0x19, 0x47, 0x19, 0x47, 0x19, 0x47, 0x19, 0x47, 0x19, 0x47, 0x19, 0x47, 0x19, 0x47, 0x19,
    0x47, 0x19, 0x47, 0x19, 0x47, 0x19, 0x47, 0x19, 0x47, 0x19, 0x47, 0x19, 0x47, 0x19, 0x47, 0x19,
    0x47, 0x19, 0x47, 0x19, 0x47, 0x19, 0x47, 0x19, 0x47, 0x19, 0x47, 0x19, 0x47, 0x19, 0x47, 0x19,
    0x47, 0x19, 0x47, 0x19, 0x47, 0x19, 0x47, 0x19, 0x47, 0x21, 0xe6, 0x10, 0x35, 0xa5, 0xff, 0xff,
    0xbe, 0xf7, 0xdf, 0xff, 0xdf, 0xff, 0xdf, 0xff, 0xdf, 0xff, 0xdf, 0xff, 0xdf, 0xff, 0xdf, 0xff,
    0xdf, 0xff, 0xbe, 0xf7, 0xdf, 0xff, 0x5d, 0xef, 0x0a, 0x3a, 0xe5, 0x10, 0x68, 0x21, 0xc5, 0x08,
    0x73, 0x8c, 0xff, 0xff, 0x9e, 0xf7, 0xbe, 0xf7, 0xdf, 0xff, 0xff, 0xff, 0xff, 0xff, 0x3d, 0xe7,
    0xd4, 0x94, 0x0a, 0x3a, 0x06, 0x11, 0x47, 0x19, 0x47, 0x19, 0x47, 0x19, 0x47, 0x19, 0x27, 0x19,
    0x68, 0x21, 0xdb, 0xd6, 0xff, 0xff, 0xbe, 0xf7, 0xdf, 0xff, 0xdf, 0xff, 0xdf, 0xff, 0xdf, 0xff,
    0xdf, 0xff, 0xdf, 0xff, 0xdf, 0xff, 0xdf, 0xff, 0xdf, 0xff, 0xbe, 0xf7, 0xff, 0xff, 0xdf, 0xff,
    0xbe, 0xf7, 0xdf, 0xff, 0xdf, 0xff, 0xdf, 0xff, 0xdf, 0xff, 0xdf, 0xff, 0xdf, 0xff, 0xdf, 0xff,
    0xdf, 0xff, 0xdf, 0xff, 0xdf, 0xff, 0xdf, 0xff, 0xbe, 0xf7, 0xff, 0xff, 0xf1, 0x7b, 0xa5, 0x08,
    0x0a, 0x32, 0x5d, 0xef, 0xff, 0xff, 0xbe, 0xf7, 0xdf, 0xff, 0xdf, 0xff, 0xdf, 0xff, 0xdf, 0xff,
    0xdf, 0xff, 0xdf, 0xff, 0xdf, 0xff, 0xdf, 0xff, 0xdf, 0xff, 0xdf, 0xff, 0xdf, 0xff, 0xff, 0xff,
    0xed, 0x52, 0xe6, 0x10, 0x67, 0x21, 0x47, 0x19, 0x47, 0x21, 0x88, 0x21, 0x47, 0x19, 0x06, 0x11,
    0xe6, 0x10, 0xe6, 0x10, 0x47, 0x19, 0x06, 0x11, 0xb7, 0xb5, 0xff, 0xff, 0xbe, 0xf7, 0xdf, 0xff,
    0xdf, 0xff, 0xdf, 0xff, 0xdf, 0xff, 0xdf, 0xff, 0xdf, 0xff, 0xdf, 0xff, 0xbe, 0xf7, 0xff, 0xff,
    0x1c, 0xdf, 0xa8, 0x29, 0x47, 0x19, 0xe6, 0x10, 0x2e, 0x5b, 0xff, 0xff, 0xbe, 0xf7, 0xdf, 0xff,
    0xdf, 0xff, 0xdf, 0xff, 0xdf, 0xff, 0xdf, 0xff, 0xdf, 0xff, 0xdf, 0xff, 0xdf, 0xff, 0xdf, 0xff,
    0xbe, 0xf7, 0xff, 0xff, 0x76, 0xad, 0xa5, 0x08, 0xe6, 0x10, 0xc5, 0x08, 0x52, 0x84, 0xff, 0xff,
    0xbe, 0xf7, 0xdf, 0xff, 0xdf, 0xff, 0xdf, 0xff, 0xdf, 0xff, 0xdf, 0xff, 0xdf, 0xff, 0xbe, 0xf7,
    0xdf, 0xff, 0xff, 0xff, 0x35, 0x9d, 0x27, 0x19, 0x06, 0x19, 0x47, 0x21, 0x47, 0x19, 0x47, 0x19,
    0x47, 0x19, 0x47, 0x19, 0x47, 0x19, 0x47, 0x19, 0x47, 0x19, 0x47, 0x19, 0x47, 0x19, 0x47, 0x19,
    0x47, 0x19, 0x47, 0x19, 0x47, 0x19, 0x47, 0x19, 0x47, 0x19, 0x47, 0x19, 0x47, 0x19, 0x47, 0x19,
    0x47, 0x19, 0x47, 0x19, 0x47, 0x19, 0x47, 0x19, 0x47, 0x19, 0x47, 0x19, 0x47, 0x19, 0x47, 0x19,
    0x47, 0x19, 0x47, 0x19, 0x47, 0x19, 0x47, 0x19, 0x47, 0x19, 0x47, 0x19, 0x47, 0x19, 0x47, 0x19,
    0x47, 0x19, 0x47, 0x19, 0x47, 0x19, 0x47, 0x19, 0x47, 0x19, 0x47, 0x19, 0x47, 0x19, 0x47, 0x19,
    0x47, 0x19, 0x47, 0x19, 0x47, 0x19, 0x47, 0x19, 0x47, 0x19, 0x47, 0x19, 0x47, 0x19, 0x47, 0x19,
    0x47, 0x19, 0x47, 0x19, 0x47, 0x19, 0x47, 0x19, 0x47, 0x19, 0x47, 0x19, 0x47, 0x19, 0x47, 0x19,
    0x47, 0x19, 0x47, 0x19, 0x47, 0x19, 0x47, 0x19, 0x47, 0x19, 0x47, 0x19, 0x47, 0x19, 0x47, 0x19,
    0x47, 0x19, 0x47, 0x19, 0x47, 0x19, 0x47, 0x19, 0x47, 0x19, 0x47, 0x19, 0x47, 0x19, 0x47, 0x19,
    0x47, 0x19, 0x47, 0x19, 0x47, 0x19, 0x47, 0x19, 0x47, 0x19, 0x47, 0x19, 0x47, 0x19, 0x47, 0x19,
    0x47, 0x19, 0x47, 0x19, 0x47, 0x19, 0x47, 0x19, 0x47, 0x19, 0x47, 0x19, 0x47, 0x19, 0x47, 0x19,
    0x47, 0x19, 0x47, 0x19, 0x47, 0x19, 0x47, 0x19, 0x47, 0x19, 0x47, 0x19, 0x47, 0x19, 0x47, 0x19,
    0x47, 0x19, 0x47, 0x19, 0x47, 0x19, 0x47, 0x19, 0x47, 0x19, 0x47, 0x19, 0x47, 0x19, 0x47, 0x19,
    0x47, 0x19, 0x47, 0x19, 0x47, 0x19, 0x47, 0x19, 0x47, 0x19, 0x47, 0x19, 0x47, 0x19, 0x47, 0x19,
    0x47, 0x19, 0x47, 0x19, 0x47, 0x19, 0x47, 0x19, 0x47, 0x19, 0x47, 0x19, 0x47, 0x19, 0x47, 0x19,
    0x47, 0x19, 0x47, 0x19, 0x47, 0x19, 0x47, 0x19, 0x47, 0x19, 0x47, 0x19, 0x47, 0x19, 0x47, 0x19,
    0x47, 0x19, 0x47, 0x19, 0x47, 0x19, 0x47, 0x19, 0x47, 0x19, 0x06, 0x19, 0x18, 0xbe, 0xff, 0xff,
    0xbe, 0xf7, 0xdf, 0xff, 0xdf, 0xff, 0xdf, 0xff, 0xdf, 0xff, 0xdf, 0xff, 0xdf, 0xff, 0xdf, 0xff,
    0xdf, 0xff, 0xbe, 0xf7, 0xff, 0xff, 0x31, 0x7c, 0xc5, 0x08, 0x68, 0x21, 0x47, 0x19, 0x47, 0x19,
    0x47, 0x21, 0xbb, 0xd6, 0xff, 0xff, 0xff, 0xff, 0xbe, 0xf7, 0x59, 0xc6, 0x11, 0x7c, 0xc9, 0x31,
    0xe5, 0x10, 0x06, 0x11, 0x47, 0x21, 0x47, 0x19, 0x47, 0x19, 0x47, 0x19, 0x47, 0x19, 0x06, 0x11,
    0x2a, 0x3a, 0x9e, 0xf7, 0xdf, 0xff, 0xde, 0xf7, 0xdf, 0xff, 0xdf, 0xff, 0xdf, 0xff, 0xdf, 0xff,
    0xdf, 0xff, 0xdf, 0xff, 0xdf, 0xff, 0xdf, 0xff, 0xbe, 0xf7, 0xff, 0xff, 0x5d, 0xef, 0x7d, 0xef,
    0xff, 0xff, 0xbe, 0xf7, 0xdf, 0xff, 0xdf, 0xff, 0xdf, 0xff, 0xdf, 0xff, 0xdf, 0xff, 0xdf, 0xff,
    0xdf, 0xff, 0xdf, 0xff, 0xdf, 0xff, 0xdf, 0xff, 0xbe, 0xf7, 0xff, 0xff, 0xf4, 0x9c, 0xe5, 0x10,
    0x27, 0x19, 0x18, 0xc6, 0xff, 0xff, 0xbe, 0xf7, 0xdf, 0xff, 0xdf, 0xff, 0xdf, 0xff, 0xdf, 0xff,
    0xdf, 0xff, 0xdf, 0xff, 0xdf, 0xff, 0xdf, 0xff, 0xdf, 0xff, 0xdf, 0xff, 0xbe, 0xf7, 0xff, 0xff,
    0x52, 0x84, 0xc5, 0x08, 0x68, 0x21, 0xe6, 0x10, 0x72, 0x84, 0x1c, 0xe7, 0x79, 0xce, 0x18, 0xbe,
    0x97, 0xad, 0x93, 0x8c, 0x88, 0x21, 0xc5, 0x08, 0xd0, 0x73, 0xff, 0xff, 0xbe, 0xf7, 0xdf, 0xff,
    0xdf, 0xff, 0xdf, 0xff, 0xdf, 0xff, 0xdf, 0xff, 0xdf, 0xff, 0xdf, 0xff, 0xbe, 0xf7, 0xff, 0xff,
    0x3c, 0xe7, 0xc9, 0x29, 0x26, 0x19, 0x67, 0x21, 0x06, 0x11, 0x97, 0xad, 0xff, 0xff, 0xbe, 0xf7,
    0xdf, 0xff, 0xdf, 0xff, 0xdf, 0xff, 0xdf, 0xff, 0xdf, 0xff, 0xdf, 0xff, 0xdf, 0xff, 0xdf, 0xff,
    0xbe, 0xf7, 0xff, 0xff, 0x76, 0xad, 0xe6, 0x10, 0x88, 0x21, 0x47, 0x19, 0x06, 0x11, 0x19, 0xc6,
    0xff, 0xff, 0xbe, 0xf7, 0xdf, 0xff, 0xdf, 0xff, 0xdf, 0xff, 0xdf, 0xff, 0xbe, 0xf7, 0xff, 0xff,
    0xdf, 0xff, 0x32, 0x7c, 0xe6, 0x10, 0x47, 0x19, 0x47, 0x21, 0x47, 0x19, 0x47, 0x19, 0x47, 0x19,
    0x47, 0x19, 0x47, 0x19, 0x47, 0x19, 0x47, 0x19, 0x47, 0x19, 0x47, 0x19, 0x47, 0x19, 0x47, 0x19,
    0x47, 0x19, 0x47, 0x19, 0x47, 0x19, 0x47, 0x19, 0x47, 0x19, 0x47, 0x19, 0x47, 0x19, 0x47, 0x19,
    0x47, 0x19, 0x47, 0x19, 0x47, 0x19, 0x47, 0x19, 0x47, 0x19, 0x47, 0x19, 0x47, 0x19, 0x47, 0x19,
    0x47, 0x19, 0x47, 0x19, 0x47, 0x19, 0x47, 0x19, 0x47, 0x19, 0x47, 0x19, 0x47, 0x19, 0x47, 0x19,
    0x47, 0x19, 0x47, 0x19, 0x47, 0x19, 0x47, 0x19, 0x47, 0x19, 0x47, 0x19, 0x47, 0x19, 0x47, 0x19,
    0x47, 0x19, 0x47, 0x19, 0x47, 0x19, 0x47, 0x19, 0x47, 0x19, 0x47, 0x19, 0x47, 0x19, 0x47, 0x19,
    0x47, 0x19, 0x47, 0x19, 0x47, 0x19, 0x47, 0x19, 0x47, 0x19, 0x47, 0x19, 0x47, 0x19, 0x47, 0x19,
    0x47, 0x19, 0x47, 0x19, 0x47, 0x19, 0x47, 0x19, 0x47, 0x19, 0x47, 0x19, 0x47, 0x19, 0x47, 0x19,
    0x47, 0x19, 0x47, 0x19, 0x47, 0x19, 0x47, 0x19, 0x47, 0x19, 0x47, 0x19, 0x47, 0x19, 0x47, 0x19,
    0x47, 0x19, 0x47, 0x19, 0x47, 0x19, 0x47, 0x19, 0x47, 0x19, 0x47, 0x19, 0x47, 0x19, 0x47, 0x19,
    0x47, 0x19, 0x47, 0x19, 0x47, 0x19, 0x47, 0x19, 0x47, 0x19, 0x47, 0x19, 0x47, 0x19, 0x47, 0x19,
    0x47, 0x19, 0x47, 0x19, 0x47, 0x19, 0x47, 0x19, 0x47, 0x19, 0x47, 0x19, 0x47, 0x19, 0x47, 0x19,
    0x47, 0x19, 0x47, 0x19, 0x47, 0x19, 0x47, 0x19, 0x47, 0x19, 0x47, 0x19, 0x47, 0x19, 0x47, 0x19,
    0x47, 0x19, 0x47, 0x19, 0x47, 0x19, 0x47, 0x19, 0x47, 0x19, 0x47, 0x19, 0x47, 0x19, 0x47, 0x19,
    0x47, 0x19, 0x47, 0x19, 0x47, 0x19, 0x47, 0x19, 0x47, 0x19, 0x47, 0x19, 0x47, 0x19, 0x47, 0x19,
    0x47, 0x19, 0x47, 0x19, 0x47, 0x19, 0x47, 0x19, 0x47, 0x19, 0x47, 0x19, 0x47, 0x19, 0x47, 0x19,
    0x47, 0x19, 0x47, 0x19, 0x47, 0x19, 0x47, 0x19, 0x47, 0x19, 0x47, 0x19, 0x9a, 0xd6, 0xff, 0xff,
    0xbe, 0xf7, 0xdf, 0xff, 0xdf, 0xff, 0xdf, 0xff, 0xdf, 0xff, 0xdf, 0xff, 0xdf, 0xff, 0xdf, 0xff,
    0xdf, 0xf7, 0xdf, 0xff, 0xbe, 0xf7, 0x4a, 0x3a, 0x06, 0x11, 0x47, 0x21, 0x47, 0x19, 0x47, 0x21,
    0x06, 0x11, 0x8c, 0x4a, 0x76, 0xad, 0x52, 0x84, 0x6b, 0x42, 0x27, 0x19, 0xc5, 0x10, 0x26, 0x19,
    0x67, 0x21, 0x47, 0x21, 0x47, 0x19, 0x47, 0x19, 0x47, 0x19, 0x47, 0x19, 0x47, 0x21, 0xe6, 0x10,
    0xed, 0x52, 0xff, 0xff, 0xdf, 0xff, 0xdf, 0xff, 0xdf, 0xff, 0xdf, 0xff, 0xdf, 0xff, 0xdf, 0xff,
    0xdf, 0xff, 0xdf, 0xff, 0xdf, 0xff, 0xbe, 0xf7, 0xdf, 0xff, 0x3d, 0xe7, 0x0a, 0x3a, 0xcc, 0x52,
    0xbe, 0xf7, 0xdf, 0xff, 0xbe, 0xf7, 0xdf, 0xff, 0xdf, 0xff, 0xdf, 0xff, 0xdf, 0xff, 0xdf, 0xff,
    0xdf, 0xff, 0xdf, 0xff, 0xdf, 0xff, 0xdf, 0xff, 0xbe, 0xf7, 0xff, 0xff, 0x96, 0xad, 0x06, 0x11,
    0xe6, 0x10, 0x72, 0x8c, 0xff, 0xff, 0xbe, 0xf7, 0xdf, 0xff, 0xdf, 0xff, 0xdf, 0xff, 0xdf, 0xff,
    0xdf, 0xff, 0xdf, 0xff, 0xdf, 0xff, 0xdf, 0xff, 0xdf, 0xff, 0xdf, 0xff, 0xbe, 0xf7, 0xff, 0xff,
    0xf8, 0xbd, 0x06, 0x11, 0x47, 0x21, 0x06, 0x11, 0xf8, 0xbd, 0xff, 0xff, 0xff, 0xff, 0xff, 0xff,
    0xff, 0xff, 0xff, 0xff, 0xf0, 0x73, 0xa5, 0x08, 0x2a, 0x3a, 0x7d, 0xef, 0xff, 0xff, 0xbe, 0xf7,
    0xdf, 0xff, 0xdf, 0xff, 0xdf, 0xff, 0xdf, 0xff, 0xdf, 0xff, 0xdf, 0xff, 0xbe, 0xf7, 0xff, 0xff,
    0x5d, 0xef, 0xe9, 0x31, 0x26, 0x19, 0x67, 0x21, 0x26, 0x19, 0xc9, 0x29, 0x1c, 0xdf, 0xff, 0xff,
    0xbe, 0xf7, 0xdf, 0xff, 0xdf, 0xff, 0xdf, 0xff, 0xdf, 0xff, 0xdf, 0xff, 0xdf, 0xff, 0xdf, 0xff,
    0xbe, 0xf7, 0xdf, 0xff, 0x7e, 0xef, 0x2a, 0x3a, 0xe6, 0x10, 0x88, 0x21, 0xe6, 0x10, 0xed, 0x52,
    0xff, 0xff, 0xbe, 0xf7, 0xdf, 0xff, 0xdf, 0xff, 0xdf, 0xff, 0xbe, 0xf7, 0xff, 0xff, 0x7d, 0xef,
    0x2e, 0x5b, 0xc5, 0x08, 0x47, 0x21, 0x47, 0x19, 0x47, 0x19, 0x47, 0x19, 0x47, 0x19, 0x47, 0x19,
    0x47, 0x19, 0x47, 0x19, 0x47, 0x19, 0x47, 0x19, 0x47, 0x19, 0x47, 0x19, 0x47, 0x19, 0x47, 0x19,
    0x47, 0x19, 0x47, 0x19, 0x47, 0x19, 0x47, 0x19, 0x47, 0x19, 0x47, 0x19, 0x47, 0x19, 0x47, 0x19,
    0x47, 0x19, 0x47, 0x19, 0x47, 0x19, 0x47, 0x19, 0x47, 0x19, 0x47, 0x19, 0x47, 0x19, 0x47, 0x19,
    0x47, 0x19, 0x47, 0x19, 0x47, 0x19, 0x47, 0x19, 0x47, 0x19, 0x47, 0x19, 0x47, 0x19, 0x47, 0x19,
    0x47, 0x19, 0x47, 0x19, 0x47, 0x19, 0x47, 0x19, 0x47, 0x19, 0x47, 0x19, 0x47, 0x19, 0x47, 0x19,
    0x47, 0x19, 0x47, 0x19, 0x47, 0x19, 0x47, 0x19, 0x47, 0x19, 0x47, 0x19, 0x47, 0x19, 0x47, 0x19,
    0x47, 0x19, 0x47, 0x19, 0x47, 0x19, 0x47, 0x19, 0x47, 0x19, 0x47, 0x19, 0x47, 0x19, 0x47, 0x19,
    0x47, 0x19, 0x47, 0x19, 0x47, 0x19, 0x47, 0x19, 0x47, 0x19, 0x47, 0x19, 0x47, 0x19, 0x47, 0x19,
    0x47, 0x19, 0x47, 0x19, 0x47, 0x19, 0x47, 0x19, 0x47, 0x19, 0x47, 0x19, 0x47, 0x19, 0x47, 0x19,
    0x47, 0x19, 0x47, 0x19, 0x47, 0x19, 0x47, 0x19, 0x47, 0x19, 0x47, 0x19, 0x47, 0x19, 0x47, 0x19,
    0x47, 0x19, 0x47, 0x19, 0x47, 0x19, 0x47, 0x19, 0x47, 0x19, 0x47, 0x19, 0x47, 0x19, 0x47, 0x19,
    0x47, 0x19, 0x47, 0x19, 0x47, 0x19, 0x47, 0x19, 0x47, 0x19, 0x47, 0x19, 0x47, 0x19, 0x47, 0x19,
    0x47, 0x19, 0x47, 0x19, 0x47, 0x19, 0x47, 0x19, 0x47, 0x19, 0x47, 0x19, 0x47, 0x19, 0x47, 0x19,
    0x47, 0x19, 0x47, 0x19, 0x47, 0x19, 0x47, 0x19, 0x47, 0x19, 0x47, 0x19, 0x47, 0x19, 0x47, 0x19,
    0x47, 0x19, 0x47, 0x19, 0x47, 0x19, 0x47, 0x19, 0x47, 0x19, 0x47, 0x19, 0x47, 0x19, 0x47, 0x19,
    0x47, 0x19, 0x47, 0x19, 0x47, 0x19, 0x47, 0x19, 0x47, 0x19, 0x47, 0x19, 0x47, 0x19, 0x47, 0x19,
    0x47, 0x19, 0x47, 0x19, 0x47, 0x19, 0x47, 0x19, 0x27, 0x19, 0x88, 0x29, 0x1c, 0xdf, 0xff, 0xff,
    0xbe, 0xf7, 0xdf, 0xff, 0xdf, 0xff, 0xdf, 0xff, 0xdf, 0xff, 0xdf, 0xff, 0xdf, 0xff, 0xdf, 0xff,
    0xbe, 0xf7, 0xff, 0xff, 0xfc, 0xde, 0x88, 0x29, 0x27, 0x19, 0x47, 0x19, 0x47, 0x19, 0x47, 0x19,
    0x47, 0x21, 0x06, 0x19, 0xe5, 0x10, 0xc5, 0x10, 0x06, 0x11, 0x47, 0x19, 0x67, 0x21, 0x47, 0x19,
    0x47, 0x19, 0x47, 0x19, 0x47, 0x19, 0x47, 0x19, 0x47, 0x19, 0x47, 0x19, 0x67, 0x21, 0xe5, 0x10,
    0x8f, 0x6b, 0xff, 0xff, 0xbe, 0xf7, 0xdf, 0xff, 0xdf, 0xff, 0xdf, 0xff, 0xdf, 0xff, 0xdf, 0xff,
    0xdf, 0xff, 0xdf, 0xff, 0xdf, 0xff, 0xbe, 0xf7, 0xff, 0xff, 0xb0, 0x73, 0xc5, 0x08, 0xc5, 0x10,
    0x76, 0xad, 0xff, 0xff, 0xbe, 0xf7, 0xdf, 0xff, 0xdf, 0xff, 0xdf, 0xff, 0xdf, 0xff, 0xdf, 0xff,
    0xdf, 0xff, 0xdf, 0xff, 0xdf, 0xff, 0xdf, 0xff, 0xbe, 0xf7, 0xff, 0xff, 0x39, 0xc6, 0x27, 0x19,
    0xe6, 0x10, 0xcd, 0x52, 0xff, 0xff, 0xdf, 0xff, 0xdf, 0xff, 0xdf, 0xff, 0xdf, 0xff, 0xdf, 0xff,
    0xdf, 0xff, 0xdf, 0xff, 0xdf, 0xff, 0xdf, 0xff, 0xdf, 0xff, 0xdf, 0xff, 0xbe, 0xf7, 0xff, 0xff,
    0x3c, 0xe7, 0xc9, 0x29, 0x26, 0x19, 0x47, 0x19, 0x59, 0xc6, 0xff, 0xff, 0xbe, 0xf7, 0xbe, 0xf7,
    0x9e, 0xf7, 0xff, 0xff, 0xdb, 0xde, 0x88, 0x21, 0x06, 0x11, 0x18, 0xbe, 0xff, 0xff, 0xbe, 0xf7,
    0xdf, 0xff, 0xdf, 0xff, 0xdf, 0xff, 0xdf, 0xff, 0xdf, 0xff, 0xdf, 0xff, 0xbe, 0xf7, 0xdf, 0xff,
    0x7d, 0xef, 0x0a, 0x32, 0x06, 0x11, 0x47, 0x21, 0x67, 0x21, 0xe6, 0x10, 0xac, 0x4a, 0x9e, 0xf7,
    0xdf, 0xff, 0xbe, 0xf7, 0xdf, 0xff, 0xdf, 0xff, 0xdf, 0xff, 0xdf, 0xff, 0xdf, 0xff, 0xdf, 0xff,
    0xdf, 0xff, 0xbe, 0xf7, 0xff, 0xff, 0x7a, 0xce, 0xa8, 0x29, 0xe6, 0x10, 0x68, 0x21, 0x06, 0x11,
    0xf8, 0xbd, 0xff, 0xff, 0x9e, 0xf7, 0xbe, 0xf7, 0xbe, 0xf7, 0xff, 0xff, 0xbb, 0xd6, 0x4b, 0x42,
    0xe5, 0x10, 0x67, 0x21, 0x47, 0x19, 0x47, 0x19, 0x47, 0x19, 0x47, 0x19, 0x47, 0x19, 0x47, 0x19,
    0x47, 0x19, 0x47, 0x19, 0x47, 0x19, 0x47, 0x19, 0x47, 0x19, 0x47, 0x19, 0x47, 0x19, 0x47, 0x19,
    0x47, 0x19, 0x47, 0x19, 0x47, 0x19, 0x47, 0x19, 0x47, 0x19, 0x47, 0x19, 0x47, 0x19, 0x47, 0x19,
    0x47, 0x19, 0x47, 0x19, 0x47, 0x19, 0x47, 0x19, 0x47, 0x19, 0x47, 0x19, 0x47, 0x19, 0x47, 0x19,
    0x47, 0x19, 0x47, 0x19, 0x47, 0x19, 0x47, 0x19, 0x47, 0x19, 0x47, 0x19, 0x47, 0x19, 0x47, 0x19,
    0x47, 0x19, 0x47, 0x19, 0x47, 0x19, 0x47, 0x19, 0x47, 0x19, 0x47, 0x19, 0x47, 0x19, 0x47, 0x19,
    0x47, 0x19, 0x47, 0x19, 0x47, 0x19, 0x47, 0x19, 0x47, 0x19, 0x47, 0x19, 0x47, 0x19, 0x47, 0x19,
    0x47, 0x19, 0x47, 0x19, 0x47, 0x19, 0x47, 0x19, 0x47, 0x19, 0x47, 0x19, 0x47, 0x19, 0x47, 0x19,
    0x47, 0x19, 0x47, 0x19, 0x47, 0x19, 0x47, 0x19, 0x47, 0x19, 0x47, 0x19, 0x47, 0x19, 0x47, 0x19,
    0x47, 0x19, 0x47, 0x19, 0x47, 0x19, 0x47, 0x19, 0x47, 0x19, 0x47, 0x19, 0x47, 0x19, 0x47, 0x19,
    0x47, 0x19, 0x47, 0x19, 0x47, 0x19, 0x47, 0x19, 0x47, 0x19, 0x47, 0x19, 0x47, 0x19, 0x47, 0x19,
    0x47, 0x19, 0x47, 0x19, 0x47, 0x19, 0x47, 0x19, 0x47, 0x19, 0x47, 0x19, 0x47, 0x19, 0x47, 0x19,
    0x47, 0x19, 0x47, 0x19, 0x47, 0x19, 0x47, 0x19, 0x47, 0x19, 0x47, 0x19, 0x47, 0x19, 0x47, 0x19,
    0x47, 0x19, 0x47, 0x19, 0x47, 0x19, 0x47, 0x19, 0x47, 0x19, 0x47, 0x19, 0x47, 0x19, 0x47, 0x19,
    0x47, 0x19, 0x47, 0x19, 0x47, 0x19, 0x47, 0x19, 0x47, 0x19, 0x47, 0x19, 0x47, 0x19, 0x47, 0x19,
    0x47, 0x19, 0x47, 0x19, 0x47, 0x19, 0x47, 0x19, 0x47, 0x19, 0x47, 0x19, 0x47, 0x19, 0x47, 0x19,
    0x47, 0x19, 0x47, 0x19, 0x47, 0x19, 0x47, 0x19, 0x47, 0x19, 0x47, 0x19, 0x47, 0x19, 0x47, 0x19,
    0x47, 0x19, 0x47, 0x19, 0x47, 0x19, 0x47, 0x19, 0x06, 0x19, 0xe9, 0x31, 0x7d, 0xef, 0xff, 0xff,
    0xbe, 0xf7, 0xdf, 0xff, 0xdf, 0xff, 0xdf, 0xff, 0xdf, 0xff, 0xdf, 0xff, 0xdf, 0xff, 0xdf, 0xff,
    0xbe, 0xf7, 0xff, 0xff, 0x59, 0xce, 0x27, 0x19, 0x47, 0x19, 0x47, 0x19, 0x47, 0x19, 0x47, 0x19,
    0x47, 0x19, 0x47, 0x21, 0x67, 0x21, 0x67, 0x21, 0x47, 0x21, 0x47, 0x19, 0x47, 0x19, 0x47, 0x19,
    0x47, 0x19, 0x47, 0x19, 0x47, 0x19, 0x47, 0x19, 0x47, 0x19, 0x47, 0x19, 0x67, 0x21, 0xc5, 0x08,
    0x11, 0x7c, 0xff, 0xff, 0xbe, 0xf7, 0xdf, 0xff, 0xdf, 0xff, 0xdf, 0xff, 0xdf, 0xff, 0xdf, 0xff,
    0xdf, 0xff, 0xdf, 0xff, 0xbe, 0xf7, 0xff, 0xff, 0xbb, 0xd6, 0x67, 0x21, 0x47, 0x21, 0xe6, 0x10,
    0x8f, 0x6b, 0xff, 0xff, 0xbe, 0xf7, 0xdf, 0xff, 0xdf, 0xff, 0xdf, 0xff, 0xdf, 0xff, 0xdf, 0xff,
    0xdf, 0xff, 0xdf, 0xff, 0xdf, 0xff, 0xdf, 0xff, 0xbe, 0xf7, 0xff, 0xff, 0xbb, 0xd6, 0x67, 0x21,
    0x26, 0x19, 0xa8, 0x29, 0x1c, 0xdf, 0xff, 0xff, 0xbe, 0xf7, 0xdf, 0xff, 0xdf, 0xff, 0xdf, 0xff,
    0xdf, 0xff, 0xdf, 0xff, 0xdf, 0xff, 0xdf, 0xff, 0xdf, 0xff, 0xdf, 0xff, 0xdf, 0xff, 0xde, 0xf7,
    0xff, 0xff, 0x0d, 0x53, 0xe5, 0x10, 0x88, 0x21, 0xdb, 0xd6, 0xff, 0xff, 0xbe, 0xf7, 0xdf, 0xff,
    0xdf, 0xff, 0xbe, 0xf7, 0xff, 0xff, 0xd0, 0x73, 0x64, 0x00, 0x32, 0x84, 0xff, 0xff, 0xbe, 0xf7,
    0xdf, 0xff, 0xdf, 0xff, 0xdf, 0xff, 0xdf, 0xff, 0xdf, 0xff, 0xdf, 0xff, 0xbe, 0xf7, 0xdf, 0xff,
    0x9e, 0xf7, 0x2a, 0x3a, 0x06, 0x11, 0x47, 0x21, 0x47, 0x19, 0x67, 0x21, 0xe6, 0x10, 0x2e, 0x5b,
    0xbf, 0xf7, 0xdf, 0xff, 0xbe, 0xf7, 0xdf, 0xff, 0xdf, 0xff, 0xdf, 0xff, 0xdf, 0xff, 0xdf, 0xff,
    0xdf, 0xff, 0xdf, 0xff, 0xbe, 0xf7, 0xff, 0xff, 0xba, 0xd6, 0x4a, 0x3a, 0xe5, 0x10, 0x06, 0x11,
    0x4b, 0x42, 0x7d, 0xef, 0xff, 0xff, 0xdf, 0xff, 0xff, 0xff, 0xb7, 0xb5, 0x88, 0x29, 0xe6, 0x10,
    0x67, 0x21, 0x47, 0x19, 0x47, 0x19, 0x47, 0x19, 0x47, 0x19, 0x47, 0x19, 0x47, 0x19, 0x47, 0x19,
    0x47, 0x19, 0x47, 0x19, 0x47, 0x19, 0x47, 0x19, 0x47, 0x19, 0x47, 0x19, 0x47, 0x19, 0x47, 0x19,
    0x47, 0x19, 0x47, 0x19, 0x47, 0x19, 0x47, 0x19, 0x47, 0x19, 0x47, 0x19, 0x47, 0x19, 0x47, 0x19,
    0x47, 0x19, 0x47, 0x19, 0x47, 0x19, 0x47, 0x19, 0x47, 0x19, 0x47, 0x19, 0x47, 0x19, 0x47, 0x19,
    0x47, 0x19, 0x47, 0x19, 0x47, 0x19, 0x47, 0x19, 0x47, 0x19, 0x47, 0x19, 0x47, 0x19, 0x47, 0x19,
    0x47, 0x19, 0x47, 0x19, 0x47, 0x19, 0x47, 0x19, 0x47, 0x19, 0x47, 0x19, 0x47, 0x19, 0x47, 0x19,
    0x47, 0x19, 0x47, 0x19, 0x47, 0x19, 0x47, 0x19, 0x47, 0x19, 0x47, 0x19, 0x47, 0x19, 0x47, 0x19,
    0x47, 0x19, 0x47, 0x19, 0x47, 0x19, 0x47, 0x19, 0x47, 0x19, 0x47, 0x19, 0x47, 0x19, 0x47, 0x19,
    0x47, 0x19, 0x47, 0x19, 0x47, 0x19, 0x47, 0x19, 0x47, 0x19, 0x47, 0x19, 0x47, 0x19, 0x47, 0x19,
    0x47, 0x19, 0x47, 0x19, 0x47, 0x19, 0x47, 0x19, 0x47, 0x19, 0x47, 0x19, 0x47, 0x19, 0x47, 0x19,
    0x47, 0x19, 0x47, 0x19, 0x47, 0x19, 0x47, 0x19, 0x47, 0x19, 0x47, 0x19, 0x47, 0x19, 0x47, 0x19,
    0x47, 0x19, 0x47, 0x19, 0x47, 0x19, 0x47, 0x19, 0x47, 0x19, 0x47, 0x19, 0x47, 0x19, 0x47, 0x19,
    0x47, 0x19, 0x47, 0x19, 0x47, 0x19, 0x47, 0x19, 0x47, 0x19, 0x47, 0x19, 0x47, 0x19, 0x47, 0x19,
    0x47, 0x19, 0x47, 0x19, 0x47, 0x19, 0x47, 0x19, 0x47, 0x19, 0x47, 0x19, 0x47, 0x19, 0x47, 0x19,
    0x47, 0x19, 0x47, 0x19, 0x47, 0x19, 0x47, 0x19, 0x47, 0x19, 0x47, 0x19, 0x47, 0x19, 0x47, 0x19,
    0x47, 0x19, 0x47, 0x19, 0x47, 0x19, 0x47, 0x19, 0x47, 0x19, 0x47, 0x19, 0x47, 0x19, 0x47, 0x19,
    0x47, 0x19, 0x47, 0x19, 0x47, 0x19, 0x47, 0x19, 0x47, 0x19, 0x47, 0x19, 0x47, 0x19, 0x47, 0x19,
    0x47, 0x19, 0x47, 0x19, 0x47, 0x19, 0x47, 0x21, 0x06, 0x11, 0x2a, 0x3a, 0x9e, 0xf7, 0xdf, 0xff,
    0xbe, 0xf7, 0xdf, 0xff, 0xdf, 0xff, 0xdf, 0xff, 0xdf, 0xff, 0xdf, 0xff, 0xdf, 0xff, 0xdf, 0xff,
    0xbe, 0xf7, 0xff, 0xff, 0xd7, 0xb5, 0x06, 0x11, 0x47, 0x19, 0x47, 0x19, 0x47, 0x19, 0x47, 0x19,
    0x47, 0x19, 0x47, 0x19, 0x47, 0x19, 0x47, 0x19, 0x47, 0x19, 0x47, 0x19, 0x47, 0x19, 0x47, 0x19,
    0x47, 0x19, 0x47, 0x19, 0x47, 0x19, 0x47, 0x19, 0x47, 0x19, 0x47, 0x19, 0x67, 0x21, 0xe5, 0x08,
    0x93, 0x8c, 0xff, 0xff, 0xbe, 0xf7, 0xdf, 0xff, 0xdf, 0xff, 0xdf, 0xff, 0xdf, 0xff, 0xdf, 0xff,
    0xdf, 0xff, 0xdf, 0xff, 0xbe, 0xf7, 0xff, 0xff, 0x72, 0x84, 0xc5, 0x08, 0x67, 0x21, 0x06, 0x11,
    0x4b, 0x42, 0xbe, 0xf7, 0xdf, 0xff, 0xbe, 0xf7, 0xdf, 0xff, 0xdf, 0xff, 0xdf, 0xff, 0xdf, 0xff,
    0xdf, 0xff, 0xdf, 0xff, 0xdf, 0xff, 0xdf, 0xff, 0xbe, 0xf7, 0xff, 0xff, 0xfc, 0xde, 0x88, 0x29,
    0x47, 0x19, 0x06, 0x11, 0x97, 0xad, 0xff, 0xff, 0xbe, 0xf7, 0xdf, 0xff, 0xdf, 0xff, 0xdf, 0xff,
    0xdf, 0xff, 0xdf, 0xff, 0xdf, 0xff, 0xdf, 0xff, 0xdf, 0xff, 0xdf, 0xff, 0xdf, 0xff, 0xbe, 0xf7,
    0xff, 0xff, 0x93, 0x8c, 0xa5, 0x08, 0xc9, 0x29, 0x1c, 0xe7, 0xff, 0xff, 0xbe, 0xf7, 0xdf, 0xff,
    0xdf, 0xff, 0xbe, 0xf7, 0xff, 0xff, 0x9a, 0xd6, 0x06, 0x11, 0x4b, 0x42, 0xbe, 0xf7, 0xdf, 0xff,
    0xbe, 0xf7, 0xdf, 0xff, 0xdf, 0xff, 0xdf, 0xff, 0xdf, 0xff, 0xdf, 0xff, 0xbe, 0xf7, 0xdf, 0xff,
    0xbe, 0xf7, 0x6b, 0x42, 0x06, 0x11, 0x47, 0x21, 0x47, 0x19, 0x47, 0x19, 0x67, 0x21, 0xc5, 0x10,
    0x2e, 0x5b, 0x9e, 0xf7, 0xff, 0xff, 0xbe, 0xf7, 0xdf, 0xff, 0xdf, 0xff, 0xdf, 0xff, 0xdf, 0xff,
    0xdf, 0xff, 0xdf, 0xff, 0xdf, 0xff, 0xbe, 0xf7, 0xff, 0xff, 0x7d, 0xef, 0xd0, 0x73, 0x27, 0x19,
    0xa5, 0x08, 0xcd, 0x52, 0x1c, 0xdf, 0x7d, 0xef, 0x52, 0x84, 0x06, 0x19, 0x26, 0x19, 0x67, 0x21,
    0x47, 0x19, 0x47, 0x19, 0x47, 0x19, 0x47, 0x19, 0x47, 0x19, 0x47, 0x19, 0x47, 0x19, 0x47, 0x19,
    0x47, 0x19, 0x47, 0x19, 0x47, 0x19, 0x47, 0x19, 0x47, 0x19, 0x47, 0x19, 0x47, 0x19, 0x47, 0x19,
    0x47, 0x19, 0x47, 0x19, 0x47, 0x19, 0x47, 0x19, 0x47, 0x19, 0x47, 0x19, 0x47, 0x19, 0x47, 0x19,
    0x47, 0x19, 0x47, 0x19, 0x47, 0x19, 0x47, 0x19, 0x47, 0x19, 0x47, 0x19, 0x47, 0x19, 0x47, 0x19,
    0x47, 0x19, 0x47, 0x19, 0x47, 0x19, 0x47, 0x19, 0x47, 0x19, 0x47, 0x19, 0x47, 0x19, 0x47, 0x19,
    0x47, 0x19, 0x47, 0x19, 0x47, 0x19, 0x47, 0x19, 0x47, 0x19, 0x47, 0x19, 0x47, 0x19, 0x47, 0x19,
    0x47, 0x19, 0x47, 0x19, 0x47, 0x19, 0x47, 0x19, 0x47, 0x19, 0x47, 0x19, 0x47, 0x19, 0x47, 0x19,
    0x47, 0x19, 0x47, 0x19, 0x47, 0x19, 0x47, 0x19, 0x47, 0x19, 0x47, 0x19, 0x47, 0x19, 0x47, 0x19,
    0x47, 0x19, 0x47, 0x19, 0x47, 0x19, 0x47, 0x19, 0x47, 0x19, 0x47, 0x19, 0x47, 0x19, 0x47, 0x19,
    0x47, 0x19, 0x47, 0x19, 0x47, 0x19, 0x47, 0x19, 0x47, 0x19, 0x47, 0x19, 0x47, 0x19, 0x47, 0x19,
    0x47, 0x19, 0x47, 0x19, 0x47, 0x19, 0x47, 0x19, 0x47, 0x19, 0x47, 0x19, 0x47, 0x19, 0x47, 0x19,
    0x47, 0x19, 0x47, 0x19, 0x47, 0x19, 0x47, 0x19, 0x47, 0x19, 0x47, 0x19, 0x47, 0x19, 0x47, 0x19,
    0x47, 0x19, 0x47, 0x19, 0x47, 0x19, 0x47, 0x19, 0x47, 0x19, 0x47, 0x19, 0x47, 0x19, 0x47, 0x19,
    0x47, 0x19, 0x47, 0x19, 0x47, 0x19, 0x47, 0x19, 0x47, 0x19, 0x47, 0x19, 0x47, 0x19, 0x47, 0x19,
    0x47, 0x19, 0x47, 0x19, 0x47, 0x19, 0x47, 0x19, 0x47, 0x19, 0x47, 0x19, 0x47, 0x19, 0x47, 0x19,
    0x47, 0x19, 0x47, 0x19, 0x47, 0x19, 0x47, 0x19, 0x47, 0x19, 0x47, 0x19, 0x47, 0x19, 0x47, 0x19,
    0x47, 0x19, 0x47, 0x19, 0x47, 0x19, 0x47, 0x19, 0x47, 0x19, 0x47, 0x19, 0x47, 0x19, 0x47, 0x19,
    0x47, 0x19, 0x47, 0x19, 0x47, 0x19, 0x47, 0x21, 0x06, 0x11, 0x4b, 0x42, 0xbe, 0xf7, 0xdf, 0xff,
    0xbe, 0xf7, 0xdf, 0xff, 0xdf, 0xff, 0xdf, 0xff, 0xdf, 0xff, 0xdf, 0xff, 0xdf, 0xff, 0xdf, 0xff,
    0xbe, 0xf7, 0xff, 0xff, 0x56, 0xa5, 0xe6, 0x10, 0x47, 0x21, 0x47, 0x19, 0x47, 0x19, 0x47, 0x19,
    0x47, 0x19, 0x47, 0x19, 0x47, 0x21, 0x47, 0x21, 0x47, 0x21, 0x47, 0x21, 0x47, 0x21, 0x47, 0x21,
    0x47, 0x19, 0x47, 0x19, 0x47, 0x19, 0x47, 0x19, 0x47, 0x19, 0x47, 0x19, 0x67, 0x21, 0xe5, 0x10,
    0xd4, 0x94, 0xff, 0xff, 0xbe, 0xf7, 0xdf, 0xff, 0xdf, 0xff, 0xdf, 0xff, 0xdf, 0xff, 0xdf, 0xff,
    0xdf, 0xff, 0xde, 0xff, 0xdf, 0xff, 0xbe, 0xf7, 0x6b, 0x42, 0x06, 0x11, 0x67, 0x21, 0x26, 0x19,
    0xc9, 0x29, 0x3d, 0xe7, 0xff, 0xff, 0xbe, 0xf7, 0xdf, 0xff, 0xdf, 0xff, 0xdf, 0xff, 0xdf, 0xff,
    0xdf, 0xff, 0xdf, 0xff, 0xdf, 0xff, 0xdf, 0xff, 0xbe, 0xf7, 0xff, 0xff, 0x3c, 0xe7, 0xa9, 0x29,
    0x47, 0x19, 0xe5, 0x10, 0xf1, 0x73, 0xff, 0xff, 0xbe, 0xf7, 0xdf, 0xff, 0xdf, 0xff, 0xdf, 0xff,
    0xdf, 0xff, 0xdf, 0xff, 0xdf, 0xff, 0xdf, 0xff, 0xdf, 0xff, 0xdf, 0xff, 0xdf, 0xff, 0xbe, 0xf7,
    0xff, 0xff, 0x18, 0xbe, 0xe6, 0x10, 0x09, 0x32, 0x7d, 0xef, 0xdf, 0xff, 0xbe, 0xf7, 0xdf, 0xff,
    0xdf, 0xff, 0xdf, 0xff, 0xbe, 0xf7, 0xff, 0xff, 0x6f, 0x63, 0xc5, 0x08, 0x7a, 0xce, 0xff, 0xff,
    0xbe, 0xf7, 0xdf, 0xff, 0xdf, 0xff, 0xdf, 0xff, 0xdf, 0xff, 0xdf, 0xff, 0xdf, 0xf7, 0xdf, 0xff,
    0xdf, 0xff, 0x8c, 0x4a, 0x06, 0x11, 0x47, 0x21, 0x47, 0x19, 0x47, 0x19, 0x47, 0x19, 0x67, 0x21,
    0xc5, 0x08, 0xac, 0x4a, 0x3c, 0xe7, 0xff, 0xff, 0xbe, 0xf7, 0xbe, 0xf7, 0xdf, 0xff, 0xdf, 0xff,
    0xdf, 0xff, 0xdf, 0xff, 0xdf, 0xff, 0xdf, 0xff, 0xbe, 0xf7, 0xdf, 0xff, 0xff, 0xff, 0x18, 0xc6,
    0xac, 0x4a, 0x84, 0x00, 0x68, 0x21, 0x0a, 0x32, 0xe6, 0x10, 0x47, 0x19, 0x47, 0x21, 0x47, 0x19,
    0x47, 0x19, 0x47, 0x19, 0x47, 0x19, 0x47, 0x19, 0x47, 0x19, 0x47, 0x19, 0x47, 0x19, 0x47, 0x19,
    0x47, 0x19, 0x47, 0x19, 0x47, 0x19, 0x47, 0x19, 0x47, 0x19, 0x47, 0x19, 0x47, 0x19, 0x47, 0x19,
    0x47, 0x19, 0x47, 0x19, 0x47, 0x19, 0x47, 0x19, 0x47, 0x19, 0x47, 0x19, 0x47, 0x19, 0x47, 0x19,
    0x47, 0x19, 0x47, 0x19, 0x47, 0x19, 0x47, 0x19, 0x47, 0x19, 0x47, 0x19, 0x47, 0x19, 0x47, 0x19,
    0x47, 0x19, 0x47, 0x19, 0x47, 0x19, 0x47, 0x19, 0x47, 0x19, 0x47, 0x19, 0x47, 0x19, 0x47, 0x19,
    0x47, 0x19, 0x47, 0x19, 0x47, 0x19, 0x47, 0x19, 0x47, 0x19, 0x47, 0x19, 0x47, 0x19, 0x47, 0x19,
    0x47, 0x19, 0x47, 0x19, 0x47, 0x19, 0x47, 0x19, 0x47, 0x19, 0x47, 0x19, 0x47, 0x19, 0x47, 0x19,
    0x47, 0x19, 0x47, 0x19, 0x47, 0x19, 0x47, 0x19, 0x47, 0x19, 0x47, 0x19, 0x47, 0x19, 0x47, 0x19,
    0x47, 0x19, 0x47, 0x19, 0x47, 0x19, 0x47, 0x19, 0x47, 0x19, 0x47, 0x19, 0x47, 0x19, 0x47, 0x19,
    0x47, 0x19, 0x47, 0x19, 0x47, 0x19, 0x47, 0x19, 0x47, 0x19, 0x47, 0x19, 0x47, 0x19, 0x47, 0x19,
    0x47, 0x19, 0x47, 0x19, 0x47, 0x19, 0x47, 0x19, 0x47, 0x19, 0x47, 0x19, 0x47, 0x19, 0x47, 0x19,
    0x47, 0x19, 0x47, 0x19, 0x47, 0x19, 0x47, 0x19, 0x47, 0x19, 0x47, 0x19, 0x47, 0x19, 0x47, 0x19,
    0x47, 0x19, 0x47, 0x19, 0x47, 0x19, 0x47, 0x19, 0x47, 0x19, 0x47, 0x19, 0x47, 0x19, 0x47, 0x19,
    0x47, 0x19, 0x47, 0x19, 0x47, 0x19, 0x47, 0x19, 0x47, 0x19, 0x47, 0x19, 0x47, 0x19, 0x47, 0x19,
    0x47, 0x19, 0x47, 0x19, 0x47, 0x19, 0x47, 0x19, 0x47, 0x19, 0x47, 0x19, 0x47, 0x19, 0x47, 0x19,
    0x47, 0x19, 0x47, 0x19, 0x47, 0x19, 0x47, 0x19, 0x47, 0x19, 0x47, 0x19, 0x47, 0x19, 0x47, 0x19,
    0x47, 0x19, 0x47, 0x19, 0x47, 0x19, 0x47, 0x19, 0x47, 0x19, 0x47, 0x19, 0x47, 0x19, 0x47, 0x19,
    0x47, 0x19, 0x47, 0x19, 0x47, 0x19, 0x47, 0x21, 0x06, 0x11, 0x8b, 0x4a, 0xbe, 0xff, 0xdf, 0xff,
    0xbf, 0xf7, 0xdf, 0xff, 0xdf, 0xff, 0xdf, 0xff, 0xdf, 0xff, 0xdf, 0xff, 0xdf, 0xff, 0xdf, 0xff,
    0xbe, 0xf7, 0xff, 0xff, 0x14, 0x9d, 0xe5, 0x10, 0x67, 0x21, 0x47, 0x19, 0x47, 0x19, 0x47, 0x21,
    0x67, 0x21, 0x47, 0x19, 0x06, 0x19, 0x06, 0x11, 0xe6, 0x10, 0xe6, 0x10, 0x06, 0x11, 0x06, 0x11,
    0x27, 0x19, 0x47, 0x19, 0x67, 0x21, 0x67, 0x21, 0x47, 0x19, 0x47, 0x19, 0x47, 0x21, 0xe6, 0x10,
    0x15, 0x9d, 0xff, 0xff, 0xbe, 0xf7, 0xdf, 0xff, 0xdf, 0xff, 0xdf, 0xff, 0xdf, 0xff, 0xdf, 0xff,
    0xdf, 0xff, 0xbe, 0xf7, 0xff, 0xff, 0x7a, 0xce, 0x47, 0x19, 0x47, 0x19, 0x47, 0x19, 0x27, 0x19,
    0x67, 0x21, 0xbb, 0xd6, 0xff, 0xff, 0xbe, 0xf7, 0xdf, 0xff, 0xdf, 0xff, 0xdf, 0xff, 0xdf, 0xff,
    0xdf, 0xff, 0xdf, 0xff, 0xdf, 0xff, 0xdf, 0xff, 0xbe, 0xf7, 0xff, 0xff, 0x5d, 0xef, 0xc9, 0x29,
    0x27, 0x19, 0x06, 0x11, 0x6b, 0x42, 0xbe, 0xf7, 0xdf, 0xff, 0xdf, 0xff, 0xdf, 0xff, 0xdf, 0xff,
    0xdf, 0xff, 0xdf, 0xff, 0xdf, 0xff, 0xdf, 0xff, 0xdf, 0xff, 0xdf, 0xff, 0xdf, 0xff, 0xbe, 0xf7,
    0xff, 0xff, 0x5d, 0xef, 0x88, 0x29, 0x2a, 0x3a, 0xbe, 0xf7, 0xdf, 0xff, 0xbe, 0xf7, 0xdf, 0xff,
    0xdf, 0xff, 0xdf, 0xff, 0xbe, 0xf7, 0xff, 0xff, 0x7a, 0xce, 0xc5, 0x08, 0x93, 0x8c, 0xff, 0xff,
    0xbe, 0xf7, 0xdf, 0xff, 0xdf, 0xff, 0xdf, 0xff, 0xdf, 0xff, 0xdf, 0xff, 0xdf, 0xff, 0xdf, 0xff,
    0xdf, 0xff, 0xcc, 0x4a, 0x06, 0x11, 0x47, 0x21, 0x47, 0x19, 0x47, 0x19, 0x47, 0x19, 0x47, 0x19,
    0x67, 0x21, 0xe6, 0x10, 0xe9, 0x31, 0x39, 0xc6, 0xff, 0xff, 0xdf, 0xff, 0xbe, 0xf7, 0xdf, 0xff,
    0xdf, 0xff, 0xdf, 0xff, 0xdf, 0xff, 0xdf, 0xff, 0xdf, 0xff, 0xbe, 0xf7, 0xbe, 0xf7, 0xff, 0xff,
    0xdf, 0xff, 0x76, 0xad, 0x2a, 0x3a, 0xc5, 0x08, 0x26, 0x19, 0x67, 0x21, 0x47, 0x19, 0x47, 0x19,
    0x47, 0x19, 0x47, 0x19, 0x47, 0x19, 0x47, 0x19, 0x47, 0x19, 0x47, 0x19, 0x47, 0x19, 0x47, 0x19,
    0x47, 0x19, 0x47, 0x19, 0x47, 0x19, 0x47, 0x19, 0x47, 0x19, 0x47, 0x19, 0x47, 0x19, 0x47, 0x19,
    0x47, 0x19, 0x47, 0x19, 0x47, 0x19, 0x47, 0x19, 0x47, 0x19, 0x47, 0x19, 0x47, 0x19, 0x47, 0x19,
    0x47, 0x19, 0x47, 0x19, 0x47, 0x19, 0x47, 0x19, 0x47, 0x19, 0x47, 0x19, 0x47, 0x19, 0x47, 0x19,
    0x47, 0x19, 0x47, 0x19, 0x47, 0x19, 0x47, 0x19, 0x47, 0x19, 0x47, 0x19, 0x47, 0x19, 0x47, 0x19,
    0x47, 0x19, 0x47, 0x19, 0x47, 0x19, 0x47, 0x19, 0x47, 0x19, 0x47, 0x19, 0x47, 0x19, 0x47, 0x19,
    0x47, 0x19, 0x47, 0x19, 0x47, 0x19, 0x47, 0x19, 0x47, 0x19, 0x47, 0x19, 0x47, 0x19, 0x47, 0x19,
    0x47, 0x19, 0x47, 0x19, 0x47, 0x19, 0x47, 0x19, 0x47, 0x19, 0x47, 0x19, 0x47, 0x19, 0x47, 0x19,
    0x47, 0x19, 0x47, 0x19, 0x47, 0x19, 0x47, 0x19, 0x47, 0x19, 0x47, 0x19, 0x47, 0x19, 0x47, 0x19,
    0x47, 0x19, 0x47, 0x19, 0x47, 0x19, 0x47, 0x19, 0x47, 0x19, 0x47, 0x19, 0x47, 0x19, 0x47, 0x19,
    0x47, 0x19, 0x47, 0x19, 0x47, 0x19, 0x47, 0x19, 0x47, 0x19, 0x47, 0x19, 0x47, 0x19, 0x47, 0x19,
    0x47, 0x19, 0x47, 0x19, 0x47, 0x19, 0x47, 0x19, 0x47, 0x19, 0x47, 0x19, 0x47, 0x19, 0x47, 0x19,
    0x47, 0x19, 0x47, 0x19, 0x47, 0x19, 0x47, 0x19, 0x47, 0x19, 0x47, 0x19, 0x47, 0x19, 0x47, 0x19,
    0x47, 0x19, 0x47, 0x19, 0x47, 0x19, 0x47, 0x19, 0x47, 0x19, 0x47, 0x19, 0x47, 0x19, 0x47, 0x19,
    0x47, 0x19, 0x47, 0x19, 0x47, 0x19, 0x47, 0x19, 0x47, 0x19, 0x47, 0x19, 0x47, 0x19, 0x47, 0x19,
    0x47, 0x19, 0x47, 0x19, 0x47, 0x19, 0x47, 0x19, 0x47, 0x19, 0x47, 0x19, 0x47, 0x19, 0x47, 0x19,
    0x47, 0x19, 0x47, 0x19, 0x47, 0x19, 0x47, 0x19, 0x47, 0x19, 0x47, 0x19, 0x47, 0x19, 0x47, 0x19,
    0x47, 0x19, 0x47, 0x19, 0x47, 0x19, 0x47, 0x21, 0x06, 0x11, 0x8c, 0x4a, 0xdf, 0xff, 0xdf, 0xff,
    0xdf, 0xff, 0xdf, 0xff, 0xdf, 0xff, 0xdf, 0xff, 0xdf, 0xff, 0xdf, 0xff, 0xdf, 0xff, 0xdf, 0xff,
    0xbe, 0xf7, 0xff, 0xff, 0xb3, 0x94, 0xc5, 0x08, 0x67, 0x21, 0x47, 0x19, 0x47, 0x19, 0x06, 0x11,
    0xe6, 0x10, 0x47, 0x21, 0xe9, 0x31, 0x8c, 0x4a, 0xcd, 0x52, 0xcd, 0x52, 0x8c, 0x4a, 0x2a, 0x3a,
    0x88, 0x29, 0x06, 0x19, 0xe5, 0x10, 0xe6, 0x10, 0x26, 0x19, 0x47, 0x21, 0x67, 0x21, 0xe6, 0x10,
    0x56, 0xa5, 0xff, 0xff, 0xbe, 0xf7, 0xdf, 0xff, 0xdf, 0xff, 0xdf, 0xff, 0xdf, 0xff, 0xdf, 0xff,
    0xdf, 0xff, 0xbe, 0xf7, 0xff, 0xff, 0x35, 0xa5, 0xe6, 0x10, 0x47, 0x21, 0x47, 0x19, 0x47, 0x19,
    0x27, 0x19, 0x59, 0xc6, 0xff, 0xff, 0xbe, 0xf7, 0xdf, 0xff, 0xdf, 0xff, 0xdf, 0xff, 0xdf, 0xff,
    0xdf, 0xff, 0xdf, 0xff, 0xdf, 0xff, 0xdf, 0xff, 0xbe, 0xf7, 0xff, 0xff, 0x5d, 0xef, 0xc9, 0x31,
    0x26, 0x19, 0x47, 0x19, 0x47, 0x21, 0x9a, 0xd6, 0xff, 0xff, 0xbe, 0xf7, 0xdf, 0xff, 0xdf, 0xff,
    0xdf, 0xff, 0xdf, 0xff, 0xdf, 0xff, 0xdf, 0xff, 0xdf, 0xff, 0xdf, 0xff, 0xdf, 0xff, 0xdf, 0xff,
    0xbe, 0xf7, 0xff, 0xff, 0xcc, 0x4a, 0x6b, 0x42, 0xff, 0xff, 0xdf, 0xff, 0xdf, 0xff, 0xdf, 0xff,
    0xdf, 0xff, 0xdf, 0xff, 0xdf, 0xff, 0xbe, 0xf7, 0xff, 0xff, 0xed, 0x5a, 0x4b, 0x42, 0xff, 0xff,
    0xdf, 0xff, 0xdf, 0xff, 0xdf, 0xff, 0xdf, 0xff, 0xdf, 0xff, 0xdf, 0xff, 0xdf, 0xff, 0xbe, 0xf7,
    0xff, 0xff, 0xed, 0x52, 0xe6, 0x10, 0x47, 0x21, 0x47, 0x19, 0x47, 0x19, 0x47, 0x19, 0x47, 0x19,
    0x47, 0x19, 0x67, 0x21, 0x06, 0x11, 0x47, 0x19, 0x93, 0x8c, 0xbf, 0xf7, 0xff, 0xff, 0xbe, 0xf7,
    0xbe, 0xf7, 0xdf, 0xff, 0xdf, 0xff, 0xdf, 0xff, 0xdf, 0xff, 0xdf, 0xff, 0xdf, 0xff, 0xbe, 0xf7,
    0xdf, 0xff, 0xff, 0xff, 0xbe, 0xf7, 0x35, 0xa5, 0x2a, 0x3a, 0xc5, 0x10, 0x27, 0x19, 0x67, 0x21,
    0x47, 0x19, 0x47, 0x19, 0x47, 0x19, 0x47, 0x19, 0x47, 0x19, 0x47, 0x19, 0x47, 0x19, 0x47, 0x19,
    0x47, 0x19, 0x47, 0x19, 0x47, 0x19, 0x47, 0x19, 0x47, 0x19, 0x47, 0x19, 0x47, 0x19, 0x47, 0x19,
    0x47, 0x19, 0x47, 0x19, 0x47, 0x19, 0x47, 0x19, 0x47, 0x19, 0x47, 0x19, 0x47, 0x19, 0x47, 0x19,
    0x47, 0x19, 0x47, 0x19, 0x47, 0x19, 0x47, 0x19, 0x47, 0x19, 0x47, 0x19, 0x47, 0x19, 0x47, 0x19,
    0x47, 0x19, 0x47, 0x19, 0x47, 0x19, 0x47, 0x19, 0x47, 0x19, 0x47, 0x19, 0x47, 0x19, 0x47, 0x19,
    0x47, 0x19, 0x47, 0x19, 0x47, 0x19, 0x47, 0x19, 0x47, 0x19, 0x47, 0x19, 0x47, 0x19, 0x47, 0x19,
    0x47, 0x19, 0x47, 0x19, 0x47, 0x19, 0x47, 0x19, 0x47, 0x19, 0x47, 0x19, 0x47, 0x19, 0x47, 0x19,
    0x47, 0x19, 0x47, 0x19, 0x47, 0x19, 0x47, 0x19, 0x47, 0x19, 0x47, 0x19, 0x47, 0x19, 0x47, 0x19,
    0x47, 0x19, 0x47, 0x19, 0x47, 0x19, 0x47, 0x19, 0x47, 0x19, 0x47, 0x19, 0x47, 0x19, 0x47, 0x19,
    0x47, 0x19, 0x47, 0x19, 0x47, 0x19, 0x47, 0x19, 0x47, 0x19, 0x47, 0x19, 0x47, 0x19, 0x47, 0x19,
    0x47, 0x19, 0x47, 0x19, 0x47, 0x19, 0x47, 0x19, 0x47, 0x19, 0x47, 0x19, 0x47, 0x19, 0x47, 0x19,
    0x47, 0x19, 0x47, 0x19, 0x47, 0x19, 0x47, 0x19, 0x47, 0x19, 0x47, 0x19, 0x47, 0x19, 0x47, 0x19,
    0x47, 0x19, 0x47, 0x19, 0x47, 0x19, 0x47, 0x19, 0x47, 0x19, 0x47, 0x19, 0x47, 0x19, 0x47, 0x19,
    0x47, 0x19, 0x47, 0x19, 0x47, 0x19, 0x47, 0x19, 0x47, 0x19, 0x47, 0x19, 0x47, 0x19, 0x47, 0x19,
    0x47, 0x19, 0x47, 0x19, 0x47, 0x19, 0x47, 0x19, 0x47, 0x19, 0x47, 0x19, 0x47, 0x19, 0x47, 0x19,
    0x47, 0x19, 0x47, 0x19, 0x47, 0x19, 0x47, 0x19, 0x47, 0x19, 0x47, 0x19, 0x47, 0x19, 0x47, 0x19,
    0x47, 0x19, 0x47, 0x19, 0x47, 0x19, 0x47, 0x19, 0x47, 0x19, 0x47, 0x19, 0x47, 0x19, 0x47, 0x19,
    0x47, 0x19, 0x47, 0x19, 0x47, 0x19, 0x47, 0x21, 0x06, 0x11, 0x8b, 0x4a, 0xdf, 0xff, 0xdf, 0xff,
    0xdf, 0xf7, 0xdf, 0xff, 0xdf, 0xff, 0xdf, 0xff, 0xdf, 0xff, 0xdf, 0xff, 0xdf, 0xff, 0xdf, 0xff,
    0xbe, 0xf7, 0xff, 0xff, 0x93, 0x8c, 0xc5, 0x08, 0x67, 0x21, 0x47, 0x21, 0x06, 0x19, 0xcc, 0x52,
    0x56, 0xa5, 0x9a, 0xd6, 0x7d, 0xef, 0xbf, 0xf7, 0xff, 0xff, 0xff, 0xff, 0xdf, 0xff, 0x9e, 0xf7,
    0xfc, 0xde, 0x39, 0xc6, 0xd4, 0x94, 0x2e, 0x5b, 0xc9, 0x29, 0xe6, 0x10, 0x06, 0x11, 0xe6, 0x10,
    0x56, 0xa5, 0xff, 0xff, 0xbe, 0xf7, 0xdf, 0xff, 0xdf, 0xff, 0xdf, 0xff, 0xdf, 0xff, 0xdf, 0xff,
    0xdf, 0xff, 0xbe, 0xf7, 0xff, 0xff, 0x11, 0x7c, 0xc5, 0x08, 0x67, 0x21, 0x47, 0x19, 0x47, 0x19,
    0x26, 0x19, 0x18, 0xbe, 0xff, 0xff, 0xbe, 0xf7, 0xdf, 0xff, 0xdf, 0xff, 0xdf, 0xff, 0xdf, 0xff,
    0xdf, 0xff, 0xdf, 0xff, 0xdf, 0xff, 0xdf, 0xff, 0xbe, 0xf7, 0xff, 0xff, 0x5d, 0xe7, 0xc9, 0x29,
    0x26, 0x19, 0x67, 0x21, 0xe5, 0x10, 0x15, 0x9d, 0xff, 0xff, 0xbe, 0xf7, 0xdf, 0xff, 0xdf, 0xff,
    0xdf, 0xff, 0xdf, 0xff, 0xdf, 0xff, 0xdf, 0xff, 0xdf, 0xff, 0xdf, 0xff, 0xdf, 0xff, 0xdf, 0xff,
    0xbe, 0xf7, 0xff, 0xff, 0x31, 0x7c, 0xed, 0x52, 0xff, 0xff, 0xbe, 0xf7, 0xdf, 0xff, 0xdf, 0xff,
    0xbe, 0xf7, 0xdf, 0xff, 0xdf, 0xff, 0xbe, 0xf7, 0xff, 0xff, 0x39, 0xc6, 0x47, 0x19, 0xdb, 0xd6,
    0xff, 0xff, 0xbe, 0xf7, 0xdf, 0xff, 0xdf, 0xff, 0xdf, 0xff, 0xdf, 0xff, 0xdf, 0xff, 0xbe, 0xf7,
    0xff, 0xff, 0x2e, 0x5b, 0xe6, 0x10, 0x67, 0x21, 0x47, 0x19, 0x47, 0x19, 0x47, 0x19, 0x47, 0x19,
    0x47, 0x19, 0x47, 0x19, 0x47, 0x21, 0x47, 0x19, 0xe5, 0x10, 0xac, 0x4a, 0x39, 0xc6, 0xff, 0xff,
    0xff, 0xff, 0xbe, 0xf7, 0xbe, 0xf7, 0xdf, 0xff, 0xdf, 0xff, 0xdf, 0xff, 0xdf, 0xff, 0xdf, 0xff,
    0xbf, 0xf7, 0xbe, 0xf7, 0xdf, 0xff, 0xff, 0xff, 0x7d, 0xef, 0xb3, 0x94, 0xa9, 0x29, 0xe5, 0x10,
    0x47, 0x19, 0x67, 0x21, 0x47, 0x19, 0x47, 0x19, 0x47, 0x19, 0x47, 0x19, 0x47, 0x19, 0x47, 0x19,
    0x47, 0x19, 0x47, 0x19, 0x47, 0x19, 0x47, 0x19, 0x47, 0x19, 0x47, 0x19, 0x47, 0x19, 0x47, 0x19,
    0x47, 0x19, 0x47, 0x19, 0x47, 0x19, 0x47, 0x19, 0x47, 0x19, 0x47, 0x19, 0x47, 0x19, 0x47, 0x19,
    0x47, 0x19, 0x47, 0x19, 0x47, 0x19, 0x47, 0x19, 0x47, 0x19, 0x47, 0x19, 0x47, 0x19, 0x47, 0x19,
    0x47, 0x19, 0x47, 0x19, 0x47, 0x19, 0x47, 0x19, 0x47, 0x19, 0x47, 0x19, 0x47, 0x19, 0x47, 0x19,
    0x47, 0x19, 0x47, 0x19, 0x47, 0x19, 0x47, 0x19, 0x47, 0x19, 0x47, 0x19, 0x47, 0x19, 0x47, 0x19,
    0x47, 0x19, 0x47, 0x19, 0x47, 0x19, 0x47, 0x19, 0x47, 0x19, 0x47, 0x19, 0x47, 0x19, 0x47, 0x19,
    0x47, 0x19, 0x47, 0x19, 0x47, 0x19, 0x47, 0x19, 0x47, 0x19, 0x47, 0x19, 0x47, 0x19, 0x47, 0x19,
    0x47, 0x19, 0x47, 0x19, 0x47, 0x19, 0x47, 0x19, 0x47, 0x19, 0x47, 0x19, 0x47, 0x19, 0x47, 0x19,
    0x47, 0x19, 0x47, 0x19, 0x47, 0x19, 0x47, 0x19, 0x47, 0x19, 0x47, 0x19, 0x47, 0x19, 0x47, 0x19,
    0x47, 0x19, 0x47, 0x19, 0x47, 0x19, 0x47, 0x19, 0x47, 0x19, 0x47, 0x19, 0x47, 0x19, 0x47, 0x19,
    0x47, 0x19, 0x47, 0x19, 0x47, 0x19, 0x47, 0x19, 0x47, 0x19, 0x47, 0x19, 0x47, 0x19, 0x47, 0x19,
    0x47, 0x19, 0x47, 0x19, 0x47, 0x19, 0x47, 0x19, 0x47, 0x19, 0x47, 0x19, 0x47, 0x19, 0x47, 0x19,
    0x47, 0x19, 0x47, 0x19, 0x47, 0x19, 0x47, 0x19, 0x47, 0x19, 0x47, 0x19, 0x47, 0x19, 0x47, 0x19,
    0x47, 0x19, 0x47, 0x19, 0x47, 0x19, 0x47, 0x19, 0x47, 0x19, 0x47, 0x19, 0x47, 0x19, 0x47, 0x19,
    0x47, 0x19, 0x47, 0x19, 0x47, 0x19, 0x47, 0x19, 0x47, 0x19, 0x47, 0x19, 0x47, 0x19, 0x47, 0x19,
    0x47, 0x19, 0x47, 0x19, 0x47, 0x19, 0x47, 0x19, 0x47, 0x19, 0x47, 0x19, 0x47, 0x19, 0x47, 0x19,
    0x47, 0x19, 0x47, 0x19, 0x47, 0x19, 0x47, 0x21, 0x06, 0x11, 0x6b, 0x42, 0xbe, 0xf7, 0xdf, 0xff,
    0xbe, 0xf7, 0xdf, 0xff, 0xdf, 0xff, 0xdf, 0xff, 0xdf, 0xff, 0xdf, 0xff, 0xdf, 0xff, 0xdf, 0xff,
    0xbe, 0xf7, 0xff, 0xff, 0x72, 0x8c, 0xc5, 0x08, 0x67, 0x21, 0x27, 0x19, 0x68, 0x21, 0xfc, 0xde,
    0xff, 0xff, 0xff, 0xff, 0xff, 0xff, 0xdf, 0xff, 0xdf, 0xf7, 0xdf, 0xff, 0xdf, 0xff, 0xdf, 0xff,
    0xff, 0xff, 0xff, 0xff, 0xff, 0xff, 0xff, 0xff, 0x1c, 0xe7, 0x56, 0xa5, 0xed, 0x52, 0xc5, 0x08,
    0x35, 0xa5, 0xff, 0xff, 0xbe, 0xf7, 0xdf, 0xff, 0xdf, 0xff, 0xdf, 0xff, 0xdf, 0xff, 0xdf, 0xff,
    0xdf, 0xff, 0xbe, 0xf7, 0xff, 0xff, 0x4e, 0x63, 0xe6, 0x10, 0x67, 0x21, 0x47, 0x19, 0x47, 0x19,
    0x26, 0x19, 0x18, 0xbe, 0xff, 0xff, 0xbe, 0xf7, 0xdf, 0xff, 0xdf, 0xff, 0xdf, 0xff, 0xdf, 0xff,
    0xdf, 0xff, 0xdf, 0xff, 0xdf, 0xff, 0xdf, 0xff, 0xbe, 0xf7, 0xff, 0xff, 0x3c, 0xe7, 0xa8, 0x29,
    0x26, 0x19, 0x67, 0x21, 0xe5, 0x10, 0x6f, 0x63, 0xff, 0xff, 0xbe, 0xf7, 0xdf, 0xff, 0xdf, 0xff,
    0xdf, 0xff, 0xdf, 0xff, 0xdf, 0xff, 0xdf, 0xff, 0xdf, 0xff, 0xdf, 0xff, 0xdf, 0xff, 0xdf, 0xff,
    0xbe, 0xf7, 0xff, 0xff, 0xb7, 0xb5, 0xb0, 0x6b, 0xff, 0xff, 0xbe, 0xf7, 0xdf, 0xff, 0xdf, 0xff,
    0xdf, 0xff, 0xdf, 0xff, 0xdf, 0xff, 0xdf, 0xff, 0xbe, 0xf7, 0xff, 0xff, 0xac, 0x4a, 0xb3, 0x94,
    0xff, 0xff, 0xbe, 0xf7, 0xdf, 0xff, 0xdf, 0xff, 0xdf, 0xff, 0xdf, 0xff, 0xdf, 0xff, 0xbe, 0xf7,
    0xff, 0xff, 0x4e, 0x63, 0xe6, 0x10, 0x67, 0x21, 0x47, 0x19, 0x47, 0x19, 0x47, 0x19, 0x47, 0x19,
    0x47, 0x19, 0x47, 0x19, 0x47, 0x19, 0x47, 0x19, 0x67, 0x21, 0xe6, 0x10, 0x26, 0x19, 0x8f, 0x6b,
    0xdb, 0xde, 0xff, 0xff, 0xff, 0xff, 0xbe, 0xf7, 0xbe, 0xf7, 0xdf, 0xff, 0xdf, 0xff, 0xdf, 0xff,
    0xdf, 0xff, 0xdf, 0xff, 0xbe, 0xf7, 0xbe, 0xf7, 0xdf, 0xff, 0xff, 0xff, 0x1c, 0xe7, 0xf0, 0x73,
    0x26, 0x19, 0x06, 0x11, 0x67, 0x21, 0x47, 0x19, 0x47, 0x19, 0x47, 0x19, 0x47, 0x19, 0x47, 0x19,
    0x47, 0x19, 0x47, 0x19, 0x47, 0x19, 0x47, 0x19, 0x47, 0x19, 0x47, 0x19, 0x47, 0x19, 0x47, 0x19,
    0x47, 0x19, 0x47, 0x19, 0x47, 0x19, 0x47, 0x19, 0x47, 0x19, 0x47, 0x19, 0x47, 0x19, 0x47, 0x19,
    0x47, 0x19, 0x47, 0x19, 0x47, 0x19, 0x47, 0x19, 0x47, 0x19, 0x47, 0x19, 0x47, 0x19, 0x47, 0x19,
    0x47, 0x19, 0x47, 0x19, 0x47, 0x19, 0x47, 0x19, 0x47, 0x19, 0x47, 0x19, 0x47, 0x19, 0x47, 0x19,
    0x47, 0x19, 0x47, 0x19, 0x47, 0x19, 0x47, 0x19, 0x47, 0x19, 0x47, 0x19, 0x47, 0x19, 0x47, 0x19,
    0x47, 0x19, 0x47, 0x19, 0x47, 0x19, 0x47, 0x19, 0x47, 0x19, 0x47, 0x19, 0x47, 0x19, 0x47, 0x19,
    0x47, 0x19, 0x47, 0x19, 0x47, 0x19, 0x47, 0x19, 0x47, 0x19, 0x47, 0x19, 0x47, 0x19, 0x47, 0x19,
    0x47, 0x19, 0x47, 0x19, 0x47, 0x19, 0x47, 0x19, 0x47, 0x19, 0x47, 0x19, 0x47, 0x19, 0x47, 0x19,
    0x47, 0x19, 0x47, 0x19, 0x47, 0x19, 0x47, 0x19, 0x47, 0x19, 0x47, 0x19, 0x47, 0x19, 0x47, 0x19,
    0x47, 0x19, 0x47, 0x19, 0x47, 0x19, 0x47, 0x19, 0x47, 0x19, 0x47, 0x19, 0x47, 0x19, 0x47, 0x19,
    0x47, 0x19, 0x47, 0x19, 0x47, 0x19, 0x47, 0x19, 0x47, 0x19, 0x47, 0x19, 0x47, 0x19, 0x47, 0x19,
    0x47, 0x19, 0x47, 0x19, 0x47, 0x19, 0x47, 0x19, 0x47, 0x19, 0x47, 0x19, 0x47, 0x19, 0x47, 0x19,
    0x47, 0x19, 0x47, 0x19, 0x47, 0x19, 0x47, 0x19, 0x47, 0x19, 0x47, 0x19, 0x47, 0x19, 0x47, 0x19,
    0x47, 0x19, 0x47, 0x19, 0x47, 0x19, 0x47, 0x19, 0x47, 0x19, 0x47, 0x19, 0x47, 0x19, 0x47, 0x19,
    0x47, 0x19, 0x47, 0x19, 0x47, 0x19, 0x47, 0x19, 0x47, 0x19, 0x47, 0x19, 0x47, 0x19, 0x47, 0x19,
    0x47, 0x19, 0x47, 0x19, 0x47, 0x19, 0x47, 0x19, 0x47, 0x19, 0x47, 0x19, 0x47, 0x19, 0x47, 0x19,
    0x47, 0x19, 0x47, 0x19, 0x47, 0x19, 0x47, 0x21, 0x06, 0x11, 0x2a, 0x3a, 0x9e, 0xf7, 0xdf, 0xff,
    0xbe, 0xf7, 0xdf, 0xff, 0xdf, 0xff, 0xdf, 0xff, 0xdf, 0xff, 0xdf, 0xff, 0xdf, 0xff, 0xdf, 0xff,
    0xbe, 0xf7, 0xff, 0xff, 0x93, 0x8c, 0xc5, 0x08, 0x68, 0x21, 0x06, 0x11, 0x4b, 0x42, 0xbe, 0xf7,
    0xbe, 0xf7, 0xbe, 0xf7, 0xbe, 0xf7, 0xbe, 0xf7, 0xbf, 0xf7, 0xbf, 0xf7, 0xbe, 0xf7, 0xbe, 0xf7,
    0xbe, 0xf7, 0xbe, 0xf7, 0xbe, 0xf7, 0xbe, 0xf7, 0xff, 0xff, 0xff, 0xff, 0xff, 0xff, 0x2a, 0x3a,
    0xb3, 0x94, 0xff, 0xff, 0xbe, 0xf7, 0xdf, 0xff, 0xdf, 0xff, 0xdf, 0xff, 0xdf, 0xff, 0xdf, 0xff,
    0xbe, 0xf7, 0xdf, 0xff, 0xff, 0xff, 0xcd, 0x52, 0xe6, 0x10, 0x47, 0x21, 0x47, 0x19, 0x47, 0x19,
    0x26, 0x19, 0x19, 0xc6, 0xff, 0xff, 0xbe, 0xf7, 0xdf, 0xff, 0xdf, 0xff, 0xdf, 0xff, 0xdf, 0xff,
    0xdf, 0xff, 0xdf, 0xff, 0xdf, 0xff, 0xdf, 0xff, 0xbe, 0xf7, 0xff, 0xff, 0xfc, 0xde, 0x88, 0x29,
    0x27, 0x19, 0x47, 0x21, 0x06, 0x19, 0x0a, 0x32, 0x7d, 0xef, 0xdf, 0xff, 0xbe, 0xf7, 0xdf, 0xff,
    0xdf, 0xff, 0xdf, 0xff, 0xdf, 0xff, 0xdf, 0xff, 0xdf, 0xff, 0xdf, 0xff, 0xdf, 0xff, 0xdf, 0xff,
    0xbe, 0xf7, 0xff, 0xff, 0xfc, 0xde, 0x35, 0xa5, 0xff, 0xff, 0xbe, 0xf7, 0xdf, 0xff, 0xdf, 0xff,
    0x5d, 0xef, 0x9e, 0xf7, 0xdf, 0xff, 0xdf, 0xff, 0xbe, 0xf7, 0xff, 0xff, 0x97, 0xad, 0xed, 0x52,
    0xff, 0xff, 0xbe, 0xff, 0xdf, 0xff, 0xdf, 0xff, 0xdf, 0xff, 0xdf, 0xff, 0xdf, 0xff, 0xbe, 0xf7,
    0xff, 0xff, 0x8f, 0x6b, 0xe5, 0x10, 0x67, 0x21, 0x47, 0x19, 0x47, 0x19, 0x47, 0x19, 0x47, 0x19,
    0x47, 0x19, 0x47, 0x19, 0x47, 0x19, 0x47, 0x19, 0x47, 0x19, 0x67, 0x21, 0x47, 0x19, 0xe5, 0x10,
    0x88, 0x21, 0x11, 0x7c, 0xfc, 0xde, 0xff, 0xff, 0xff, 0xff, 0xbe, 0xf7, 0xbe, 0xf7, 0xdf, 0xff,
    0xdf, 0xff, 0xdf, 0xff, 0xdf, 0xff, 0xdf, 0xff, 0xbe, 0xf7, 0xbe, 0xf7, 0xff, 0xff, 0xff, 0xff,
    0x39, 0xc6, 0x6b, 0x42, 0xc5, 0x10, 0x47, 0x19, 0x47, 0x21, 0x47, 0x19, 0x47, 0x19, 0x47, 0x19,
    0x47, 0x19, 0x47, 0x19, 0x47, 0x19, 0x47, 0x19, 0x47, 0x19, 0x47, 0x19, 0x47, 0x19, 0x47, 0x19,
    0x47, 0x19, 0x47, 0x19, 0x47, 0x19, 0x47, 0x19, 0x47, 0x19, 0x47, 0x19, 0x47, 0x19, 0x47, 0x19,
    0x47, 0x19, 0x47, 0x19, 0x47, 0x19, 0x47, 0x19, 0x47, 0x19, 0x47, 0x19, 0x47, 0x19, 0x47, 0x19,
    0x47, 0x19, 0x47, 0x19, 0x47, 0x19, 0x47, 0x19, 0x47, 0x19, 0x47, 0x19, 0x47, 0x19, 0x47, 0x19,
    0x47, 0x19, 0x47, 0x19, 0x47, 0x19, 0x47, 0x19, 0x47, 0x19, 0x47, 0x19, 0x47, 0x19, 0x47, 0x19,
    0x47, 0x19, 0x47, 0x19, 0x47, 0x19, 0x47, 0x19, 0x47, 0x19, 0x47, 0x19, 0x47, 0x19, 0x47, 0x19,
    0x47, 0x19, 0x47, 0x19, 0x47, 0x19, 0x47, 0x19, 0x47, 0x19, 0x47, 0x19, 0x47, 0x19, 0x47, 0x19,
    0x47, 0x19, 0x47, 0x19, 0x47, 0x19, 0x47, 0x19, 0x47, 0x19, 0x47, 0x19, 0x47, 0x19, 0x47, 0x19,
    0x47, 0x19, 0x47, 0x19, 0x47, 0x19, 0x47, 0x19, 0x47, 0x19, 0x47, 0x19, 0x47, 0x19, 0x47, 0x19,
    0x47, 0x19, 0x47, 0x19, 0x47, 0x19, 0x47, 0x19, 0x47, 0x19, 0x47, 0x19, 0x47, 0x19, 0x47, 0x19,
    0x47, 0x19, 0x47, 0x19, 0x47, 0x19, 0x47, 0x19, 0x47, 0x19, 0x47, 0x19, 0x47, 0x19, 0x47, 0x19,
    0x47, 0x19, 0x47, 0x19, 0x47, 0x19, 0x47, 0x19, 0x47, 0x19, 0x47, 0x19, 0x47, 0x19, 0x47, 0x19,
    0x47, 0x19, 0x47, 0x19, 0x47, 0x19, 0x47, 0x19, 0x47, 0x19, 0x47, 0x19, 0x47, 0x19, 0x47, 0x19,
    0x47, 0x19, 0x47, 0x19, 0x47, 0x19, 0x47, 0x19, 0x47, 0x19, 0x47, 0x19, 0x47, 0x19, 0x47, 0x19,
    0x47, 0x19, 0x47, 0x19, 0x47, 0x19, 0x47, 0x19, 0x47, 0x19, 0x47, 0x19, 0x47, 0x19, 0x47, 0x19,
    0x47, 0x19, 0x47, 0x19, 0x47, 0x19, 0x47, 0x19, 0x47, 0x19, 0x47, 0x19, 0x47, 0x19, 0x47, 0x19,
    0x47, 0x19, 0x47, 0x19, 0x47, 0x19, 0x47, 0x19, 0x26, 0x19, 0xe9, 0x31, 0x5d, 0xef, 0xdf, 0xff,
    0xbe, 0xf7, 0xdf, 0xff, 0xdf, 0xff, 0xdf, 0xff, 0xdf, 0xff, 0xdf, 0xff, 0xdf, 0xff, 0xdf, 0xff,
    0xbe, 0xf7, 0xff, 0xff, 0xb3, 0x94, 0xc5, 0x08, 0x68, 0x21, 0xe6, 0x10, 0x0d, 0x5b, 0xff, 0xff,
    0xbe, 0xf7, 0xdf, 0xff, 0xdf, 0xff, 0xdf, 0xff, 0xdf, 0xff, 0xdf, 0xff, 0xdf, 0xff, 0xdf, 0xff,
    0xdf, 0xff, 0xdf, 0xff, 0xdf, 0xff, 0xdf, 0xff, 0xbe, 0xf7, 0xbe, 0xf7, 0xff, 0xff, 0xac, 0x4a,
    0x52, 0x84, 0xff, 0xff, 0xbe, 0xf7, 0xdf, 0xff, 0xdf, 0xff, 0xdf, 0xff, 0xdf, 0xff, 0xdf, 0xff,
    0xbe, 0xf7, 0xdf, 0xff, 0xdf, 0xff, 0xac, 0x4a, 0xe6, 0x10, 0x47, 0x21, 0x47, 0x19, 0x47, 0x19,
    0x27, 0x19, 0x59, 0xc6, 0xff, 0xff, 0xbe, 0xf7, 0xdf, 0xff, 0xdf, 0xff, 0xdf, 0xff, 0xdf, 0xff,
    0xdf, 0xff, 0xdf, 0xff, 0xdf, 0xff, 0xdf, 0xff, 0xbe, 0xf7, 0xff, 0xff, 0xbb, 0xd6, 0x67, 0x21,
    0x27, 0x19, 0x47, 0x19, 0x47, 0x19, 0x26, 0x19, 0x39, 0xc6, 0xff, 0xff, 0xbe, 0xf7, 0xdf, 0xff,
    0xdf, 0xff, 0xdf, 0xff, 0xdf, 0xff, 0xdf, 0xff, 0xdf, 0xff, 0xdf, 0xff, 0xdf, 0xff, 0xdf, 0xff,
    0xdf, 0xff, 0xdf, 0xff, 0xbe, 0xf7, 0x7e, 0xef, 0xdf, 0xff, 0xdf, 0xff, 0xbe, 0xf7, 0xff, 0xff,
    0x76, 0xad, 0xbb, 0xd6, 0xff, 0xff, 0xbe, 0xf7, 0xdf, 0xff, 0xdf, 0xff, 0xbf, 0xf7, 0x2e, 0x5b,
    0xdb, 0xd6, 0xff, 0xff, 0xbe, 0xf7, 0xdf, 0xff, 0xdf, 0xff, 0xdf, 0xff, 0xdf, 0xff, 0xbe, 0xf7,
    0xff, 0xff, 0xb0, 0x6b, 0xe5, 0x10, 0x67, 0x21, 0x47, 0x19, 0x47, 0x19, 0x47, 0x19, 0x47, 0x19,
    0x47, 0x19, 0x47, 0x19, 0x47, 0x19, 0x47, 0x19, 0x47, 0x19, 0x47, 0x19, 0x67, 0x21, 0x67, 0x21,
    0xc5, 0x08, 0xa5, 0x08, 0x67, 0x21, 0x31, 0x7c, 0x1c, 0xe7, 0xff, 0xff, 0xdf, 0xff, 0xbe, 0xf7,
    0xdf, 0xff, 0xdf, 0xff, 0xdf, 0xff, 0xdf, 0xff, 0xdf, 0xff, 0xdf, 0xff, 0xbe, 0xf7, 0xbe, 0xf7,
    0xff, 0xff, 0x9e, 0xf7, 0x31, 0x7c, 0x06, 0x11, 0x26, 0x19, 0x67, 0x21, 0x47, 0x19, 0x47, 0x19,
    0x47, 0x19, 0x47, 0x19, 0x47, 0x19, 0x47, 0x19, 0x47, 0x19, 0x47, 0x19, 0x47, 0x19, 0x47, 0x19,
    0x47, 0x19, 0x47, 0x19, 0x47, 0x19, 0x47, 0x19, 0x47, 0x19, 0x47, 0x19, 0x47, 0x19, 0x47, 0x19,
    0x47, 0x19, 0x47, 0x19, 0x47, 0x19, 0x47, 0x19, 0x47, 0x19, 0x47, 0x19, 0x47, 0x19, 0x47, 0x19,
    0x47, 0x19, 0x47, 0x19, 0x47, 0x19, 0x47, 0x19, 0x47, 0x19, 0x47, 0x19, 0x47, 0x19, 0x47, 0x19,
    0x47, 0x19, 0x47, 0x19, 0x47, 0x19, 0x47, 0x19, 0x47, 0x19, 0x47, 0x19, 0x47, 0x19, 0x47, 0x19,
    0x47, 0x19, 0x47, 0x19, 0x47, 0x19, 0x47, 0x19, 0x47, 0x19, 0x47, 0x19, 0x47, 0x19, 0x47, 0x19,
    0x47, 0x19, 0x47, 0x19, 0x47, 0x19, 0x47, 0x19, 0x47, 0x19, 0x47, 0x19, 0x47, 0x19, 0x47, 0x19,
    0x47, 0x19, 0x47, 0x19, 0x47, 0x19, 0x47, 0x19, 0x47, 0x19, 0x47, 0x19, 0x47, 0x19, 0x47, 0x19,
    0x47, 0x19, 0x47, 0x19, 0x47, 0x19, 0x47, 0x19, 0x47, 0x19, 0x47, 0x19, 0x47, 0x19, 0x47, 0x19,
    0x47, 0x19, 0x47, 0x19, 0x47, 0x19, 0x47, 0x19, 0x47, 0x19, 0x47, 0x19, 0x47, 0x19, 0x47, 0x19,
    0x47, 0x19, 0x47, 0x19, 0x47, 0x19, 0x47, 0x19, 0x47, 0x19, 0x47, 0x19, 0x47, 0x19, 0x47, 0x19,
    0x47, 0x19, 0x47, 0x19, 0x47, 0x19, 0x47, 0x19, 0x47, 0x19, 0x47, 0x19, 0x47, 0x19, 0x47, 0x19,
    0x47, 0x19, 0x47, 0x19, 0x47, 0x19, 0x47, 0x19, 0x47, 0x19, 0x47, 0x19, 0x47, 0x19, 0x47, 0x19,
    0x47, 0x19, 0x47, 0x19, 0x47, 0x19, 0x47, 0x19, 0x47, 0x19, 0x47, 0x19, 0x47, 0x19, 0x47, 0x19,
    0x47, 0x19, 0x47, 0x19, 0x47, 0x19, 0x47, 0x19, 0x47, 0x19, 0x47, 0x19, 0x47, 0x19, 0x47, 0x19,
    0x47, 0x19, 0x47, 0x19, 0x47, 0x19, 0x47, 0x19, 0x47, 0x19, 0x47, 0x19, 0x47, 0x19, 0x47, 0x19,
    0x47, 0x19, 0x47, 0x19, 0x47, 0x19, 0x47, 0x19, 0x27, 0x19, 0xa8, 0x29, 0x1c, 0xe7, 0xff, 0xff,
    0xbe, 0xf7, 0xdf, 0xff, 0xdf, 0xff, 0xdf, 0xff, 0xdf, 0xff, 0xdf, 0xff, 0xdf, 0xff, 0xdf, 0xff,
    0xbe, 0xf7, 0xff, 0xff, 0xf4, 0x9c, 0xc5, 0x10, 0x68, 0x21, 0xe5, 0x10, 0x8f, 0x6b, 0xff, 0xff,
    0xbe, 0xf7, 0xdf, 0xff, 0xdf, 0xff, 0xdf, 0xff, 0xdf, 0xff, 0xdf, 0xff, 0xdf, 0xff, 0xdf, 0xff,
    0xdf, 0xff, 0xdf, 0xff, 0xdf, 0xff, 0xdf, 0xff, 0xbe, 0xf7, 0xdf, 0xff, 0xdf, 0xff, 0x0a, 0x3a,
    0xf1, 0x7b, 0xff, 0xff, 0xbe, 0xf7, 0xdf, 0xff, 0xdf, 0xff, 0xdf, 0xff, 0xdf, 0xff, 0xdf, 0xff,
    0xbe, 0xf7, 0xdf, 0xff, 0xdf, 0xff, 0xac, 0x4a, 0xe6, 0x10, 0x47, 0x21, 0x47, 0x19, 0x47, 0x19,
    0x47, 0x19, 0x7a, 0xce, 0xff, 0xff, 0xbe, 0xf7, 0xdf, 0xff, 0xdf, 0xff, 0xdf, 0xff, 0xdf, 0xff,
    0xdf, 0xff, 0xdf, 0xff, 0xdf, 0xff, 0xdf, 0xff, 0xbe, 0xf7, 0xff, 0xff, 0x59, 0xce, 0x27, 0x19,
    0x47, 0x19, 0x47, 0x19, 0x67, 0x21, 0xc5, 0x10, 0x93, 0x8c, 0xff, 0xff, 0xbe, 0xf7, 0xdf, 0xff,
    0xdf, 0xff, 0xdf, 0xff, 0xdf, 0xff, 0xdf, 0xff, 0xdf, 0xff, 0xdf, 0xff, 0xdf, 0xff, 0xdf, 0xff,
    0xdf, 0xff, 0xdf, 0xff, 0xdf, 0xff, 0xdf, 0xff, 0xdf, 0xff, 0xdf, 0xff, 0xbe, 0xf7, 0xff, 0xff,
    0x72, 0x84, 0xd7, 0xb5, 0xff, 0xff, 0xbe, 0xf7, 0xdf, 0xff, 0xbe, 0xf7, 0xff, 0xff, 0x76, 0xa5,
    0x35, 0xa5, 0xff, 0xff, 0xbe, 0xf7, 0xdf, 0xff, 0xdf, 0xff, 0xdf, 0xff, 0xdf, 0xff, 0xbe, 0xf7,
    0xff, 0xff, 0xd0, 0x73, 0xe5, 0x10, 0x67, 0x21, 0x47, 0x19, 0x47, 0x19, 0x47, 0x19, 0x47, 0x19,
    0x47, 0x19, 0x47, 0x19, 0x47, 0x19, 0x47, 0x19, 0x67, 0x21, 0x47, 0x19, 0xe6, 0x10, 0x27, 0x19,
    0x4e, 0x63, 0x39, 0xc6, 0xb3, 0x8c, 0x84, 0x00, 0xc9, 0x29, 0xb3, 0x8c, 0x7e, 0xef, 0xff, 0xff,
    0xbe, 0xf7, 0xbe, 0xf7, 0xdf, 0xff, 0xdf, 0xff, 0xdf, 0xff, 0xdf, 0xff, 0xdf, 0xff, 0xdf, 0xff,
    0xbe, 0xf7, 0xdf, 0xff, 0xff, 0xff, 0xd7, 0xb5, 0xa8, 0x29, 0xe6, 0x10, 0x67, 0x21, 0x47, 0x19,
    0x47, 0x19, 0x47, 0x19, 0x47, 0x19, 0x47, 0x19, 0x47, 0x19, 0x47, 0x19, 0x47, 0x19, 0x47, 0x19,
    0x47, 0x19, 0x47, 0x19, 0x47, 0x19, 0x47, 0x19, 0x47, 0x19, 0x47, 0x19, 0x47, 0x19, 0x47, 0x19,
    0x47, 0x19, 0x47, 0x19, 0x47, 0x19, 0x47, 0x19, 0x47, 0x19, 0x47, 0x19, 0x47, 0x19, 0x47, 0x19,
    0x47, 0x19, 0x47, 0x19, 0x47, 0x19, 0x47, 0x19, 0x47, 0x19, 0x47, 0x19, 0x47, 0x19, 0x47, 0x19,
    0x47, 0x19, 0x47, 0x19, 0x47, 0x19, 0x47, 0x19, 0x47, 0x19, 0x47, 0x19, 0x47, 0x19, 0x47, 0x19,
    0x47, 0x19, 0x47, 0x19, 0x47, 0x19, 0x47, 0x19, 0x47, 0x19, 0x47, 0x19, 0x47, 0x19, 0x47, 0x19,
    0x47, 0x19, 0x47, 0x19, 0x47, 0x19, 0x47, 0x19, 0x47, 0x19, 0x47, 0x19, 0x47, 0x19, 0x47, 0x19,
    0x47, 0x19, 0x47, 0x19, 0x47, 0x19, 0x47, 0x19, 0x47, 0x19, 0x47, 0x19, 0x47, 0x19, 0x47, 0x19,
    0x47, 0x19, 0x47, 0x19, 0x47, 0x19, 0x47, 0x19, 0x47, 0x19, 0x47, 0x19, 0x47, 0x19, 0x47, 0x19,
    0x47, 0x19, 0x47, 0x19, 0x47, 0x19, 0x47, 0x19, 0x47, 0x19, 0x47, 0x19, 0x47, 0x19, 0x47, 0x19,
    0x47, 0x19, 0x47, 0x19, 0x47, 0x19, 0x47, 0x19, 0x47, 0x19, 0x47, 0x19, 0x47, 0x19, 0x47, 0x19,
    0x47, 0x19, 0x47, 0x19, 0x47, 0x19, 0x47, 0x19, 0x47, 0x19, 0x47, 0x19, 0x47, 0x19, 0x47, 0x19,
    0x47, 0x19, 0x47, 0x19, 0x47, 0x19, 0x47, 0x19, 0x47, 0x19, 0x47, 0x19, 0x47, 0x19, 0x47, 0x19,
    0x47, 0x19, 0x47, 0x19, 0x47, 0x19, 0x47, 0x19, 0x47, 0x19, 0x47, 0x19, 0x47, 0x19, 0x47, 0x19,
    0x47, 0x19, 0x47, 0x19, 0x47, 0x19, 0x47, 0x19, 0x47, 0x19, 0x47, 0x19, 0x47, 0x19, 0x47, 0x19,
    0x47, 0x19, 0x47, 0x19, 0x47, 0x19, 0x47, 0x19, 0x47, 0x19, 0x47, 0x19, 0x47, 0x19, 0x47, 0x19,
    0x47, 0x19, 0x47, 0x19, 0x47, 0x19, 0x47, 0x19, 0x47, 0x19, 0x47, 0x21, 0xbb, 0xd6, 0xff, 0xff,
    0xbe, 0xf7, 0xdf, 0xff, 0xdf, 0xff, 0xdf, 0xff, 0xdf, 0xff, 0xdf, 0xff, 0xdf, 0xff, 0xdf, 0xff,
    0xbe, 0xf7, 0xff, 0xff, 0x56, 0xa5, 0xe6, 0x10, 0x68, 0x21, 0xc5, 0x08, 0x31, 0x7c, 0xff, 0xff,
    0xbe, 0xf7, 0xdf, 0xff, 0xdf, 0xff, 0xdf, 0xff, 0xdf, 0xff, 0xdf, 0xff, 0xdf, 0xff, 0xdf, 0xff,
    0xdf, 0xff, 0xdf, 0xff, 0xdf, 0xff, 0xdf, 0xff, 0xbe, 0xf7, 0xff, 0xff, 0x3c, 0xe7, 0x27, 0x19,
    0xd0, 0x73, 0xff, 0xff, 0xbe, 0xf7, 0xdf, 0xff, 0xdf, 0xff, 0xdf, 0xff, 0xdf, 0xff, 0xdf, 0xff,
    0xbe, 0xf7, 0xdf, 0xff, 0xff, 0xff, 0xcd, 0x52, 0xe6, 0x10, 0x47, 0x21, 0x47, 0x19, 0x27, 0x19,
    0x88, 0x21, 0xfb, 0xde, 0xff, 0xff, 0xbe, 0xf7, 0xdf, 0xff, 0xdf, 0xff, 0xdf, 0xff, 0xdf, 0xff,
    0xdf, 0xff, 0xdf, 0xff, 0xdf, 0xff, 0xdf, 0xff, 0xbe, 0xf7, 0xff, 0xff, 0xd7, 0xb5, 0x06, 0x11,
    0x47, 0x19, 0x47, 0x19, 0x67, 0x21, 0xe6, 0x10, 0xed, 0x52, 0xff, 0xff, 0xdf, 0xf7, 0xdf, 0xff,
    0xdf, 0xff, 0xdf, 0xff, 0xdf, 0xff, 0xdf, 0xff, 0xdf, 0xff, 0xdf, 0xff, 0xdf, 0xff, 0xdf, 0xff,
    0xdf, 0xff, 0xdf, 0xff, 0xdf, 0xff, 0xbe, 0xf7, 0xdf, 0xff, 0xdf, 0xff, 0xbe, 0xf7, 0xff, 0xff,
    0xd0, 0x73, 0xf4, 0x94, 0xff, 0xff, 0xbe, 0xf7, 0xdf, 0xff, 0xbe, 0xf7, 0xdf, 0xff, 0x5d, 0xef,
    0x15, 0x9d, 0xdf, 0xff, 0xdf, 0xff, 0xdf, 0xff, 0xdf, 0xff, 0xdf, 0xff, 0xdf, 0xff, 0xbe, 0xf7,
    0xff, 0xff, 0x11, 0x7c, 0xc5, 0x08, 0x67, 0x21, 0x47, 0x19, 0x47, 0x19, 0x47, 0x19, 0x47, 0x19,
    0x47, 0x19, 0x47, 0x19, 0x47, 0x21, 0x47, 0x21, 0xe6, 0x10, 0x27, 0x19, 0x6f, 0x63, 0x59, 0xce,
    0xff, 0xff, 0xff, 0xff, 0xff, 0xff, 0xf1, 0x73, 0xa5, 0x08, 0xe6, 0x10, 0x2a, 0x3a, 0xb7, 0xb5,
    0xff, 0xff, 0xff, 0xff, 0xbe, 0xf7, 0xdf, 0xff, 0xdf, 0xff, 0xdf, 0xff, 0xdf, 0xff, 0xdf, 0xff,
    0xdf, 0xff, 0xbe, 0xf7, 0xbe, 0xf7, 0xff, 0xff, 0xdb, 0xd6, 0x6b, 0x42, 0xc5, 0x10, 0x67, 0x21,
    0x47, 0x19, 0x47, 0x19, 0x47, 0x19, 0x47, 0x19, 0x47, 0x19, 0x47, 0x19, 0x47, 0x19, 0x47, 0x19,
    0x47, 0x19, 0x47, 0x19, 0x47, 0x19, 0x47, 0x19, 0x47, 0x19, 0x47, 0x19, 0x47, 0x19, 0x47, 0x19,
    0x47, 0x19, 0x47, 0x19, 0x47, 0x19, 0x47, 0x19, 0x47, 0x19, 0x47, 0x19, 0x47, 0x19, 0x47, 0x19,
    0x47, 0x19, 0x47, 0x19, 0x47, 0x19, 0x47, 0x19, 0x47, 0x19, 0x47, 0x19, 0x47, 0x19, 0x47, 0x19,
    0x47, 0x19, 0x47, 0x19, 0x47, 0x19, 0x47, 0x19, 0x47, 0x19, 0x47, 0x19, 0x47, 0x19, 0x47, 0x19,
    0x47, 0x19, 0x47, 0x19, 0x47, 0x19, 0x47, 0x19, 0x47, 0x19, 0x47, 0x19, 0x47, 0x19, 0x47, 0x19,
    0x47, 0x19, 0x47, 0x19, 0x47, 0x19, 0x47, 0x19, 0x47, 0x19, 0x47, 0x19, 0x47, 0x19, 0x47, 0x19,
    0x47, 0x19, 0x47, 0x19, 0x47, 0x19, 0x47, 0x19, 0x47, 0x19, 0x47, 0x19, 0x47, 0x19, 0x47, 0x19,
    0x47, 0x19, 0x47, 0x19, 0x47, 0x19, 0x47, 0x19, 0x47, 0x19, 0x47, 0x19, 0x47, 0x19, 0x47, 0x19,
    0x47, 0x19, 0x47, 0x19, 0x47, 0x19, 0x47, 0x19, 0x47, 0x19, 0x47, 0x19, 0x47, 0x19, 0x47, 0x19,
    0x47, 0x19, 0x47, 0x19, 0x47, 0x19, 0x47, 0x19, 0x47, 0x19, 0x47, 0x19, 0x47, 0x19, 0x47, 0x19,
    0x47, 0x19, 0x47, 0x19, 0x47, 0x19, 0x47, 0x19, 0x47, 0x19, 0x47, 0x19, 0x47, 0x19, 0x47, 0x19,
    0x47, 0x19, 0x47, 0x19, 0x47, 0x19, 0x47, 0x19, 0x47, 0x19, 0x47, 0x19, 0x47, 0x19, 0x47, 0x19,
    0x47, 0x19, 0x47, 0x19, 0x47, 0x19, 0x47, 0x19, 0x47, 0x19, 0x47, 0x19, 0x47, 0x19, 0x47, 0x19,
    0x47, 0x19, 0x47, 0x19, 0x47, 0x19, 0x47, 0x19, 0x47, 0x19, 0x47, 0x19, 0x47, 0x19, 0x47, 0x19,
    0x47, 0x19, 0x47, 0x19, 0x47, 0x19, 0x47, 0x19, 0x47, 0x19, 0x47, 0x19, 0x47, 0x19, 0x47, 0x19,
    0x47, 0x19, 0x47, 0x19, 0x47, 0x19, 0x47, 0x19, 0x47, 0x19, 0x26, 0x19, 0x39, 0xc6, 0xff, 0xff,
    0xbe, 0xf7, 0xdf, 0xff, 0xdf, 0xff, 0xdf, 0xff, 0xdf, 0xff, 0xdf, 0xff, 0xdf, 0xff, 0xdf, 0xff,
    0xbe, 0xf7, 0xff, 0xff, 0xf8, 0xbd, 0x06, 0x19, 0x67, 0x21, 0xe5, 0x10, 0xd4, 0x94, 0xff, 0xff,
    0xbe, 0xf7, 0xdf, 0xff, 0xdf, 0xff, 0xdf, 0xff, 0xdf, 0xff, 0xdf, 0xff, 0xdf, 0xff, 0xdf, 0xff,
    0xdf, 0xff, 0xdf, 0xff, 0xdf, 0xff, 0xdf, 0xff, 0xbe, 0xf7, 0xff, 0xff, 0xd7, 0xb5, 0x84, 0x00,
    0x6f, 0x63, 0xff, 0xff, 0xbe, 0xf7, 0xdf, 0xff, 0xdf, 0xff, 0xdf, 0xff, 0xdf, 0xff, 0xdf, 0xff,
    0xdf, 0xff, 0xbe, 0xf7, 0xff, 0xff, 0x2e, 0x5b, 0xe6, 0x10, 0x67, 0x21, 0x47, 0x19, 0x26, 0x19,
    0xe9, 0x31, 0x5d, 0xef, 0xff, 0xff, 0xbe, 0xf7, 0xdf, 0xff, 0xdf, 0xff, 0xdf, 0xff, 0xdf, 0xff,
    0xdf, 0xff, 0xdf, 0xff, 0xdf, 0xff, 0xdf, 0xff, 0xbe, 0xf7, 0xff, 0xff, 0x35, 0xa5, 0xe6, 0x10,
    0x47, 0x21, 0x47, 0x19, 0x47, 0x19, 0x27, 0x19, 0xa8, 0x29, 0x3c, 0xe7, 0xff, 0xff, 0xbe, 0xf7,
    0xdf, 0xff, 0xdf, 0xff, 0xdf, 0xff, 0xdf, 0xff, 0xdf, 0xff, 0xdf, 0xff, 0xdf, 0xff, 0xdf, 0xff,
    0xdf, 0xff, 0xdf, 0xff, 0xdf, 0xff, 0xdf, 0xff, 0xdf, 0xff, 0xdf, 0xff, 0xbe, 0xf7, 0xff, 0xff,
    0x4e, 0x63, 0xd0, 0x73, 0xff, 0xff, 0xbe, 0xf7, 0xdf, 0xff, 0xdf, 0xff, 0xbe, 0xf7, 0xff, 0xff,
    0xfb, 0xde, 0x9e, 0xf7, 0xdf, 0xff, 0xdf, 0xff, 0xdf, 0xff, 0xdf, 0xff, 0xdf, 0xff, 0xbe, 0xf7,
    0xff, 0xff, 0x31, 0x7c, 0xc5, 0x08, 0x67, 0x21, 0x47, 0x19, 0x47, 0x19, 0x47, 0x19, 0x47, 0x19,
    0x47, 0x19, 0x67, 0x21, 0x06, 0x11, 0x06, 0x11, 0x2e, 0x5b, 0x59, 0xc6, 0xff, 0xff, 0xff, 0xff,
    0xbe, 0xf7, 0xbe, 0xf7, 0xdf, 0xff, 0xbe, 0xf7, 0xed, 0x52, 0xe6, 0x10, 0x27, 0x19, 0xe6, 0x10,
    0x6f, 0x63, 0x3c, 0xe7, 0xff, 0xff, 0xbe, 0xf7, 0xdf, 0xff, 0xdf, 0xff, 0xdf, 0xff, 0xdf, 0xff,
    0xdf, 0xff, 0xdf, 0xff, 0xdf, 0xff, 0xbe, 0xf7, 0xff, 0xff, 0x9e, 0xf7, 0x6f, 0x6b, 0xe5, 0x10,
    0x47, 0x21, 0x47, 0x19, 0x47, 0x19, 0x47, 0x19, 0x47, 0x19, 0x47, 0x19, 0x47, 0x19, 0x47, 0x19,
    0x47, 0x19, 0x47, 0x19, 0x47, 0x19, 0x47, 0x19, 0x47, 0x19, 0x47, 0x19, 0x47, 0x19, 0x47, 0x19,
    0x47, 0x19, 0x47, 0x19, 0x47, 0x19, 0x47, 0x19, 0x47, 0x19, 0x47, 0x19, 0x47, 0x19, 0x47, 0x19,
    0x47, 0x19, 0x47, 0x19, 0x47, 0x19, 0x47, 0x19, 0x47, 0x19, 0x47, 0x19, 0x47, 0x19, 0x47, 0x19,
    0x47, 0x19, 0x47, 0x19, 0x47, 0x19, 0x47, 0x19, 0x47, 0x19, 0x47, 0x19, 0x47, 0x19, 0x47, 0x19,
    0x47, 0x19, 0x47, 0x19, 0x47, 0x19, 0x47, 0x19, 0x47, 0x19, 0x47, 0x19, 0x47, 0x19, 0x47, 0x19,
    0x47, 0x19, 0x47, 0x19, 0x47, 0x19, 0x47, 0x19, 0x47, 0x19, 0x47, 0x19, 0x47, 0x19, 0x47, 0x19,
    0x47, 0x19, 0x47, 0x19, 0x47, 0x19, 0x47, 0x19, 0x47, 0x19, 0x47, 0x19, 0x47, 0x19, 0x47, 0x19,
    0x47, 0x19, 0x47, 0x19, 0x47, 0x19, 0x47, 0x19, 0x47, 0x19, 0x47, 0x19, 0x47, 0x19, 0x47, 0x19,
    0x47, 0x19, 0x47, 0x19, 0x47, 0x19, 0x47, 0x19, 0x47, 0x19, 0x47, 0x19, 0x47, 0x19, 0x47, 0x19,
    0x47, 0x19, 0x47, 0x19, 0x47, 0x19, 0x47, 0x19, 0x47, 0x19, 0x47, 0x19, 0x47, 0x19, 0x47, 0x19,
    0x47, 0x19, 0x47, 0x19, 0x47, 0x19, 0x47, 0x19, 0x47, 0x19, 0x47, 0x19, 0x47, 0x19, 0x47, 0x19,
    0x47, 0x19, 0x47, 0x19, 0x47, 0x19, 0x47, 0x19, 0x47, 0x19, 0x47, 0x19, 0x47, 0x19, 0x47, 0x19,
    0x47, 0x19, 0x47, 0x19, 0x47, 0x19, 0x47, 0x19, 0x47, 0x19, 0x47, 0x19, 0x47, 0x19, 0x47, 0x19,
    0x47, 0x19, 0x47, 0x19, 0x47, 0x19, 0x47, 0x19, 0x47, 0x19, 0x47, 0x19, 0x47, 0x19, 0x47, 0x19,
    0x47, 0x19, 0x47, 0x19, 0x47, 0x19, 0x47, 0x19, 0x47, 0x19, 0x47, 0x19, 0x47, 0x19, 0x47, 0x19,
    0x47, 0x19, 0x47, 0x19, 0x47, 0x19, 0x47, 0x19, 0x47, 0x21, 0xe6, 0x10, 0x76, 0xad, 0xff, 0xff,
    0xbe, 0xf7, 0xdf, 0xff, 0xdf, 0xff, 0xdf, 0xff, 0xdf, 0xff, 0xdf, 0xff, 0xdf, 0xff, 0xdf, 0xff,
    0xbe, 0xf7, 0xff, 0xff, 0x3d, 0xe7, 0xc9, 0x29, 0x47, 0x19, 0x06, 0x19, 0xf8, 0xbd, 0xff, 0xff,
    0xbe, 0xf7, 0xdf, 0xff, 0xdf, 0xff, 0xdf, 0xff, 0xdf, 0xff, 0xdf, 0xff, 0xdf, 0xff, 0xdf, 0xff,
    0xdf, 0xff, 0xdf, 0xff, 0xdf, 0xff, 0xdf, 0xff, 0xbe, 0xf7, 0xff, 0xff, 0xd0, 0x73, 0x84, 0x00,
    0x0d, 0x5b, 0xff, 0xff, 0xdf, 0xff, 0xdf, 0xff, 0xdf, 0xff, 0xdf, 0xff, 0xdf, 0xff, 0xdf, 0xff,
    0xdf, 0xff, 0xbe, 0xf7, 0xff, 0xff, 0xd0, 0x73, 0xc5, 0x10, 0x67, 0x21, 0x47, 0x21, 0x06, 0x11,
    0xac, 0x4a, 0xdf, 0xff, 0xdf, 0xff, 0xdf, 0xff, 0xdf, 0xff, 0xdf, 0xff, 0xdf, 0xff, 0xdf, 0xff,
    0xdf, 0xff, 0xdf, 0xff, 0xdf, 0xff, 0xdf, 0xff, 0xbe, 0xf7, 0xff, 0xff, 0x73, 0x8c, 0xc5, 0x08,
    0x67, 0x21, 0x47, 0x19, 0x47, 0x19, 0x47, 0x21, 0x06, 0x11, 0xd7, 0xb5, 0xff, 0xff, 0xbe, 0xf7,
    0xdf, 0xff, 0xdf, 0xff, 0xdf, 0xff, 0xdf, 0xff, 0xdf, 0xff, 0xdf, 0xff, 0xdf, 0xff, 0xdf, 0xff,
    0xdf, 0xff, 0xdf, 0xff, 0xdf, 0xff, 0xdf, 0xff, 0xdf, 0xff, 0xdf, 0xff, 0xbe, 0xf7, 0xff, 0xff,
    0xed, 0x52, 0xac, 0x4a, 0xff, 0xff, 0xbe, 0xf7, 0xdf, 0xff, 0xdf, 0xff, 0xdf, 0xff, 0xbe, 0xf7,
    0xdf, 0xff, 0xdf, 0xff, 0xdf, 0xff, 0xdf, 0xff, 0xdf, 0xff, 0xdf, 0xff, 0xdf, 0xff, 0xbe, 0xf7,
    0xff, 0xff, 0x52, 0x84, 0xc5, 0x08, 0x67, 0x21, 0x47, 0x19, 0x47, 0x19, 0x47, 0x19, 0x47, 0x19,
    0x47, 0x21, 0xe6, 0x10, 0x0a, 0x3a, 0xb7, 0xb5, 0xff, 0xff, 0xff, 0xff, 0xbe, 0xf7, 0xbe, 0xf7,
    0xdf, 0xff, 0xdf, 0xff, 0xbe, 0xf7, 0xff, 0xff, 0x5d, 0xef, 0x4b, 0x42, 0xe6, 0x10, 0x88, 0x21,
    0xe5, 0x10, 0xc9, 0x29, 0xd8, 0xb5, 0xff, 0xff, 0xdf, 0xf7, 0xdf, 0xff, 0xdf, 0xff, 0xdf, 0xff,
    0xdf, 0xff, 0xdf, 0xff, 0xdf, 0xff, 0xdf, 0xff, 0xbe, 0xf7, 0xff, 0xff, 0xff, 0xff, 0xf1, 0x7b,
    0xe5, 0x10, 0x47, 0x21, 0x47, 0x19, 0x47, 0x19, 0x47, 0x19, 0x47, 0x19, 0x47, 0x19, 0x47, 0x19,
    0x47, 0x19, 0x47, 0x19, 0x47, 0x19, 0x47, 0x19, 0x47, 0x19, 0x47, 0x19, 0x47, 0x19, 0x47, 0x19,
    0x47, 0x19, 0x47, 0x19, 0x47, 0x19, 0x47, 0x19, 0x47, 0x19, 0x47, 0x19, 0x47, 0x19, 0x47, 0x19,
    0x47, 0x19, 0x47, 0x19, 0x47, 0x19, 0x47, 0x19, 0x47, 0x19, 0x47, 0x19, 0x47, 0x19, 0x47, 0x19,
    0x47, 0x19, 0x47, 0x19, 0x47, 0x19, 0x47, 0x19, 0x47, 0x19, 0x47, 0x19, 0x47, 0x19, 0x47, 0x19,
    0x47, 0x19, 0x47, 0x19, 0x47, 0x19, 0x47, 0x19, 0x47, 0x19, 0x47, 0x19, 0x47, 0x19, 0x47, 0x19,
    0x47, 0x19, 0x47, 0x19, 0x47, 0x19, 0x47, 0x19, 0x47, 0x19, 0x47, 0x19, 0x47, 0x19, 0x47, 0x19,
    0x47, 0x19, 0x47, 0x19, 0x47, 0x19, 0x47, 0x19, 0x47, 0x19, 0x47, 0x19, 0x47, 0x19, 0x47, 0x19,
    0x47, 0x19, 0x47, 0x19, 0x47, 0x19, 0x47, 0x19, 0x47, 0x19, 0x47, 0x19, 0x47, 0x19, 0x47, 0x19,
    0x47, 0x19, 0x47, 0x19, 0x47, 0x19, 0x47, 0x19, 0x47, 0x19, 0x47, 0x19, 0x47, 0x19, 0x47, 0x19,
    0x47, 0x19, 0x47, 0x19, 0x47, 0x19, 0x47, 0x19, 0x47, 0x19, 0x47, 0x19, 0x47, 0x19, 0x47, 0x19,
    0x47, 0x19, 0x47, 0x19, 0x47, 0x19, 0x47, 0x19, 0x47, 0x19, 0x47, 0x19, 0x47, 0x19, 0x47, 0x19,
    0x47, 0x19, 0x47, 0x19, 0x47, 0x19, 0x47, 0x19, 0x47, 0x19, 0x47, 0x19, 0x47, 0x19, 0x47, 0x19,
    0x47, 0x19, 0x47, 0x19, 0x47, 0x19, 0x47, 0x19, 0x47, 0x19, 0x47, 0x19, 0x47, 0x19, 0x47, 0x19,
    0x47, 0x19, 0x47, 0x19, 0x47, 0x19, 0x47, 0x19, 0x47, 0x19, 0x47, 0x19, 0x47, 0x19, 0x47, 0x19,
    0x47, 0x19, 0x47, 0x19, 0x47, 0x19, 0x47, 0x19, 0x47, 0x19, 0x47, 0x19, 0x47, 0x19, 0x47, 0x19,
    0x47, 0x19, 0x47, 0x19, 0x47, 0x19, 0x47, 0x19, 0x67, 0x21, 0xc5, 0x10, 0x93, 0x8c, 0xff, 0xff,
    0xbe, 0xf7, 0xdf, 0xff, 0xdf, 0xff, 0xdf, 0xff, 0xdf, 0xff, 0xdf, 0xff, 0xdf, 0xff, 0xdf, 0xff,
    0xdf, 0xff, 0xbe, 0xf7, 0xff, 0xff, 0x11, 0x7c, 0x43, 0x00, 0x0a, 0x3a, 0x7d, 0xef, 0xdf, 0xff,
    0xbf, 0xf7, 0xdf, 0xff, 0xdf, 0xff, 0xdf, 0xff, 0xdf, 0xff, 0xdf, 0xff, 0xdf, 0xff, 0xdf, 0xff,
    0xdf, 0xff, 0xdf, 0xff, 0xdf, 0xff, 0xbe, 0xf7, 0xdf, 0xff, 0x7d, 0xef, 0x0a, 0x3a, 0xc5, 0x08,
    0x6b, 0x42, 0xbe, 0xf7, 0xdf, 0xff, 0xbe, 0xf7, 0xdf, 0xff, 0xdf, 0xff, 0xdf, 0xff, 0xdf, 0xff,
    0xdf, 0xff, 0xbe, 0xf7, 0xff, 0xff, 0xb3, 0x8c, 0xe5, 0x10, 0x47, 0x21, 0x67, 0x21, 0xc5, 0x10,
    0xf1, 0x73, 0xff, 0xff, 0xbe, 0xf7, 0xdf, 0xff, 0xdf, 0xff, 0xdf, 0xff, 0xdf, 0xff, 0xdf, 0xff,
    0xdf, 0xff, 0xdf, 0xff, 0xdf, 0xff, 0xdf, 0xff, 0xbe, 0xf7, 0xff, 0xff, 0x8f, 0x6b, 0xe5, 0x10,
    0x67, 0x21, 0x47, 0x19, 0x47, 0x19, 0x67, 0x21, 0xc5, 0x10, 0x11, 0x7c, 0xff, 0xff, 0xbe, 0xf7,
    0xdf, 0xff, 0xdf, 0xff, 0xdf, 0xff, 0xdf, 0xff, 0xdf, 0xff, 0xdf, 0xff, 0xdf, 0xff, 0xdf, 0xff,
    0xdf, 0xff, 0xdf, 0xff, 0xdf, 0xff, 0xdf, 0xff, 0xdf, 0xff, 0xdf, 0xff, 0xbf, 0xf7, 0xff, 0xff,
    0xac, 0x4a, 0xc9, 0x31, 0xbe, 0xf7, 0xdf, 0xff, 0xbf, 0xf7, 0xdf, 0xff, 0xdf, 0xff, 0xdf, 0xff,
    0xbe, 0xf7, 0xdf, 0xff, 0xdf, 0xff, 0xdf, 0xff, 0xdf, 0xff, 0xdf, 0xff, 0xdf, 0xff, 0xbe, 0xf7,
    0xff, 0xff, 0x72, 0x84, 0xc5, 0x08, 0x67, 0x21, 0x47, 0x19, 0x47, 0x19, 0x47, 0x19, 0x47, 0x19,
    0xe6, 0x10, 0x6f, 0x63, 0x5d, 0xef, 0xff, 0xff, 0xbe, 0xf7, 0xbe, 0xf7, 0xdf, 0xff, 0xdf, 0xff,
    0xdf, 0xff, 0xdf, 0xff, 0xdf, 0xff, 0xbe, 0xf7, 0xff, 0xff, 0x1c, 0xe7, 0x2a, 0x3a, 0xc5, 0x08,
    0x68, 0x21, 0x27, 0x19, 0x06, 0x11, 0x35, 0xa5, 0xff, 0xff, 0xbe, 0xf7, 0xdf, 0xff, 0xdf, 0xff,
    0xdf, 0xff, 0xdf, 0xff, 0xdf, 0xff, 0xdf, 0xff, 0xdf, 0xff, 0xbe, 0xf7, 0xdf, 0xff, 0xff, 0xff,
    0xd0, 0x73, 0xe5, 0x10, 0x67, 0x21, 0x47, 0x19, 0x47, 0x19, 0x47, 0x19, 0x47, 0x19, 0x47, 0x19,
    0x47, 0x19, 0x47, 0x19, 0x47, 0x19, 0x47, 0x19, 0x47, 0x19, 0x47, 0x19, 0x47, 0x19, 0x47, 0x19,
    0x47, 0x19, 0x47, 0x19, 0x47, 0x19, 0x47, 0x19, 0x47, 0x19, 0x47, 0x19, 0x47, 0x19, 0x47, 0x19,
    0x47, 0x19, 0x47, 0x19, 0x47, 0x19, 0x47, 0x19, 0x47, 0x19, 0x47, 0x19, 0x47, 0x19, 0x47, 0x19,
    0x47, 0x19, 0x47, 0x19, 0x47, 0x19, 0x47, 0x19, 0x47, 0x19, 0x47, 0x19, 0x47, 0x19, 0x47, 0x19,
    0x47, 0x19, 0x47, 0x19, 0x47, 0x19, 0x47, 0x19, 0x47, 0x19, 0x47, 0x19, 0x47, 0x19, 0x47, 0x19,
    0x47, 0x19, 0x47, 0x19, 0x47, 0x19, 0x47, 0x19, 0x47, 0x19, 0x47, 0x19, 0x47, 0x19, 0x47, 0x19,
    0x47, 0x19, 0x47, 0x19, 0x47, 0x19, 0x47, 0x19, 0x47, 0x19, 0x47, 0x19, 0x47, 0x19, 0x47, 0x19,
    0x47, 0x19, 0x47, 0x19, 0x47, 0x19, 0x47, 0x19, 0x47, 0x19, 0x47, 0x19, 0x47, 0x19, 0x47, 0x19,
    0x47, 0x19, 0x47, 0x19, 0x47, 0x19, 0x47, 0x19, 0x47, 0x19, 0x47, 0x19, 0x47, 0x19, 0x47, 0x19,
    0x47, 0x19, 0x47, 0x19, 0x47, 0x19, 0x47, 0x19, 0x47, 0x19, 0x47, 0x19, 0x47, 0x19, 0x47, 0x19,
    0x47, 0x19, 0x47, 0x19, 0x47, 0x19, 0x47, 0x19, 0x47, 0x19, 0x47, 0x19, 0x47, 0x19, 0x47, 0x19,
    0x47, 0x19, 0x47, 0x19, 0x47, 0x19, 0x47, 0x19, 0x47, 0x19, 0x47, 0x19, 0x47, 0x19, 0x47, 0x19,
    0x47, 0x19, 0x47, 0x19, 0x47, 0x19, 0x47, 0x19, 0x47, 0x19, 0x47, 0x19, 0x47, 0x19, 0x47, 0x19,
    0x47, 0x19, 0x47, 0x19, 0x47, 0x19, 0x47, 0x19, 0x47, 0x19, 0x47, 0x19, 0x47, 0x19, 0x47, 0x19,
    0x47, 0x19, 0x47, 0x19, 0x47, 0x19, 0x47, 0x19, 0x47, 0x19, 0x47, 0x19, 0x47, 0x19, 0x47, 0x19,
    0x47, 0x19, 0x47, 0x19, 0x47, 0x19, 0x47, 0x19, 0x67, 0x21, 0xc5, 0x08, 0xaf, 0x6b, 0xff, 0xff,
    0xbe, 0xf7, 0xdf, 0xff, 0xdf, 0xff, 0xdf, 0xff, 0xdf, 0xff, 0xdf, 0xff, 0xdf, 0xff, 0xdf, 0xff,
    0xdf, 0xff, 0xbe, 0xf7, 0xff, 0xff, 0x5d, 0xef, 0x52, 0x84, 0x39, 0xc6, 0xff, 0xff, 0xbe, 0xf7,
    0xdf, 0xff, 0xdf, 0xff, 0xdf, 0xff, 0xdf, 0xff, 0xdf, 0xff, 0xdf, 0xff, 0xdf, 0xff, 0xdf, 0xff,
    0xdf, 0xff, 0xdf, 0xff, 0xdf, 0xff, 0xbe, 0xf7, 0xff, 0xff, 0x19, 0xc6, 0x26, 0x19, 0x27, 0x19,
    0xc9, 0x31, 0x5d, 0xe7, 0xff, 0xff, 0xbe, 0xf7, 0xdf, 0xff, 0xdf, 0xff, 0xdf, 0xff, 0xdf, 0xff,
    0xdf, 0xff, 0xbe, 0xf7, 0xff, 0xff, 0x97, 0xad, 0xe6, 0x10, 0x47, 0x21, 0x47, 0x21, 0xe6, 0x10,
    0x76, 0xad, 0xff, 0xff, 0xbe, 0xf7, 0xdf, 0xff, 0xdf, 0xff, 0xdf, 0xff, 0xdf, 0xff, 0xdf, 0xff,
    0xdf, 0xff, 0xdf, 0xff, 0xdf, 0xff, 0xdf, 0xff, 0xdf, 0xff, 0xdf, 0xff, 0x8c, 0x4a, 0xe6, 0x10,
    0x47, 0x21, 0x47, 0x19, 0x47, 0x19, 0x47, 0x21, 0x06, 0x11, 0x8c, 0x4a, 0xdf, 0xff, 0xdf, 0xff,
    0xbf, 0xf7, 0xdf, 0xff, 0xdf, 0xff, 0xdf, 0xff, 0xdf, 0xff, 0xdf, 0xff, 0xdf, 0xff, 0xdf, 0xff,
    0xdf, 0xff, 0xdf, 0xff, 0xdf, 0xff, 0xdf, 0xff, 0xdf, 0xff, 0xbf, 0xf7, 0xdf, 0xff, 0xdf, 0xff,
    0x8b, 0x42, 0x27, 0x19, 0xdb, 0xde, 0xff, 0xff, 0xbe, 0xf7, 0xdf, 0xff, 0xdf, 0xff, 0xdf, 0xff,
    0xdf, 0xff, 0xdf, 0xff, 0xdf, 0xff, 0xdf, 0xff, 0xdf, 0xff, 0xdf, 0xff, 0xdf, 0xff, 0xbe, 0xf7,
    0xff, 0xff, 0x73, 0x8c, 0xc5, 0x08, 0x67, 0x21, 0x47, 0x19, 0x47, 0x19, 0x47, 0x19, 0xe6, 0x10,
    0x31, 0x7c, 0xff, 0xff, 0xff, 0xff, 0xbe, 0xf7, 0xdf, 0xff, 0xdf, 0xff, 0xdf, 0xff, 0xdf, 0xff,
    0xdf, 0xff, 0xdf, 0xff, 0xdf, 0xff, 0xdf, 0xff, 0xbe, 0xf7, 0xff, 0xff, 0x3d, 0xe7, 0x4e, 0x63,
    0xe6, 0x10, 0xe6, 0x10, 0xe6, 0x10, 0xe6, 0x10, 0x7a, 0xce, 0xff, 0xff, 0xbe, 0xf7, 0xdf, 0xff,
    0xdf, 0xff, 0xdf, 0xff, 0xdf, 0xff, 0xdf, 0xff, 0xdf, 0xff, 0xdf, 0xff, 0xbe, 0xf7, 0xdf, 0xff,
    0xbe, 0xf7, 0xcd, 0x52, 0xe6, 0x10, 0x67, 0x21, 0x47, 0x19, 0x47, 0x19, 0x47, 0x19, 0x47, 0x19,
    0x47, 0x19, 0x47, 0x19, 0x47, 0x19, 0x47, 0x19, 0x47, 0x19, 0x47, 0x19, 0x47, 0x19, 0x47, 0x19,
    0x47, 0x19, 0x47, 0x19, 0x47, 0x19, 0x47, 0x19, 0x47, 0x19, 0x47, 0x19, 0x47, 0x19, 0x47, 0x19,
    0x47, 0x19, 0x47, 0x19, 0x47, 0x19, 0x47, 0x19, 0x47, 0x19, 0x47, 0x19, 0x47, 0x19, 0x47, 0x19,
    0x47, 0x19, 0x47, 0x19, 0x47, 0x19, 0x47, 0x19, 0x47, 0x19, 0x47, 0x19, 0x47, 0x19, 0x47, 0x19,
    0x47, 0x19, 0x47, 0x19, 0x47, 0x19, 0x47, 0x19, 0x47, 0x19, 0x47, 0x19, 0x47, 0x19, 0x47, 0x19,
    0x47, 0x19, 0x47, 0x19, 0x47, 0x19, 0x47, 0x19, 0x47, 0x19, 0x47, 0x19, 0x47, 0x19, 0x47, 0x19,
    0x47, 0x19, 0x47, 0x19, 0x47, 0x19, 0x47, 0x19, 0x47, 0x19, 0x47, 0x19, 0x47, 0x19, 0x47, 0x19,
    0x47, 0x19, 0x47, 0x19, 0x47, 0x19, 0x47, 0x19, 0x47, 0x19, 0x47, 0x19, 0x47, 0x19, 0x47, 0x19,
    0x47, 0x19, 0x47, 0x19, 0x47, 0x19, 0x47, 0x19, 0x47, 0x19, 0x47, 0x19, 0x47, 0x19, 0x47, 0x19,
    0x47, 0x19, 0x47, 0x19, 0x47, 0x19, 0x47, 0x19, 0x47, 0x19, 0x47, 0x19, 0x47, 0x19, 0x47, 0x19,
    0x47, 0x19, 0x47, 0x19, 0x47, 0x19, 0x47, 0x19, 0x47, 0x19, 0x47, 0x19, 0x47, 0x19, 0x47, 0x19,
    0x47, 0x19, 0x47, 0x19, 0x47, 0x19, 0x47, 0x19, 0x47, 0x19, 0x47, 0x19, 0x47, 0x19, 0x47, 0x19,
    0x47, 0x19, 0x47, 0x19, 0x47, 0x19, 0x47, 0x19, 0x47, 0x19, 0x47, 0x19, 0x47, 0x19, 0x47, 0x19,
    0x47, 0x19, 0x47, 0x19, 0x47, 0x19, 0x47, 0x19, 0x47, 0x19, 0x47, 0x19, 0x47, 0x19, 0x47, 0x19,
    0x47, 0x19, 0x47, 0x19, 0x47, 0x19, 0x47, 0x19, 0x47, 0x19, 0x47, 0x19, 0x47, 0x19, 0x47, 0x19,
    0x47, 0x19, 0x47, 0x19, 0x47, 0x19, 0x47, 0x19, 0x47, 0x21, 0xe6, 0x10, 0xac, 0x4a, 0xdf, 0xff,
    0xdf, 0xff, 0xbf, 0xf7, 0xdf, 0xff, 0xdf, 0xff, 0xdf, 0xff, 0xdf, 0xff, 0xdf, 0xff, 0xdf, 0xff,
    0xdf, 0xff, 0xdf, 0xff, 0xbe, 0xf7, 0xdf, 0xff, 0xff, 0xff, 0xff, 0xff, 0xbe, 0xf7, 0xdf, 0xff,
    0xdf, 0xff, 0xdf, 0xff, 0xdf, 0xff, 0xdf, 0xff, 0xdf, 0xff, 0xdf, 0xff, 0xdf, 0xff, 0xdf, 0xff,
    0xdf, 0xff, 0xdf, 0xff, 0xdf, 0xff, 0xbe, 0xf7, 0xff, 0xff, 0x93, 0x8c, 0xe5, 0x10, 0x47, 0x21,
    0x47, 0x21, 0xbb, 0xd6, 0xff, 0xff, 0xbe, 0xf7, 0xdf, 0xff, 0xdf, 0xff, 0xdf, 0xff, 0xdf, 0xff,
    0xdf, 0xff, 0xbe, 0xf7, 0xff, 0xff, 0xba, 0xd6, 0x67, 0x21, 0x47, 0x19, 0x27, 0x19, 0x88, 0x29,
    0xfc, 0xde, 0xff, 0xff, 0xbe, 0xf7, 0xdf, 0xff, 0xdf, 0xff, 0xdf, 0xff, 0xdf, 0xff, 0xdf, 0xff,
    0xdf, 0xff, 0xdf, 0xff, 0xdf, 0xff, 0xbe, 0xf7, 0xff, 0xff, 0x3d, 0xe7, 0xa9, 0x29, 0x26, 0x19,
    0x47, 0x19, 0x47, 0x19, 0x47, 0x19, 0x47, 0x19, 0x27, 0x19, 0x68, 0x21, 0xdb, 0xd6, 0xff, 0xff,
    0xbe, 0xf7, 0xdf, 0xff, 0xdf, 0xff, 0xdf, 0xff, 0xdf, 0xff, 0xdf, 0xff, 0xdf, 0xff, 0xdf, 0xff,
    0xdf, 0xff, 0xdf, 0xff, 0xdf, 0xff, 0xdf, 0xff, 0xdf, 0xff, 0xbe, 0xf7, 0xdf, 0xff, 0xbe, 0xf7,
    0x4b, 0x42, 0xc5, 0x08, 0xf8, 0xbd, 0xff, 0xff, 0xbe, 0xf7, 0xdf, 0xff, 0xdf, 0xff, 0xdf, 0xff,
    0xdf, 0xff, 0xdf, 0xff, 0xdf, 0xff, 0xdf, 0xff, 0xdf, 0xff, 0xdf, 0xff, 0xdf, 0xff, 0xbe, 0xf7,
    0xff, 0xff, 0x93, 0x8c, 0xc5, 0x08, 0x67, 0x21, 0x47, 0x19, 0x47, 0x21, 0xe6, 0x10, 0x4f, 0x63,
    0xff, 0xff, 0xdf, 0xff, 0xbe, 0xf7, 0xdf, 0xff, 0xdf, 0xff, 0xdf, 0xff, 0xdf, 0xff, 0xdf, 0xff,
    0xdf, 0xff, 0xdf, 0xff, 0xdf, 0xff, 0xdf, 0xff, 0xdf, 0xff, 0xbe, 0xf7, 0xff, 0xff, 0xff, 0xff,
    0xb7, 0xb5, 0x4e, 0x63, 0x4b, 0x42, 0xed, 0x52, 0xfb, 0xde, 0xff, 0xff, 0xbe, 0xf7, 0xdf, 0xff,
    0xdf, 0xff, 0xdf, 0xff, 0xdf, 0xff, 0xdf, 0xff, 0xdf, 0xff, 0xdf, 0xff, 0xdf, 0xff, 0xbe, 0xf7,
    0xff, 0xff, 0xfc, 0xde, 0xa8, 0x29, 0x27, 0x19, 0x47, 0x19, 0x47, 0x19, 0x47, 0x19, 0x47, 0x19,
    0x47, 0x19, 0x47, 0x19, 0x47, 0x19, 0x47, 0x19, 0x47, 0x19, 0x47, 0x19, 0x47, 0x19, 0x47, 0x19,
    0x47, 0x19, 0x47, 0x19, 0x47, 0x19, 0x47, 0x19, 0x47, 0x19, 0x47, 0x19, 0x47, 0x19, 0x47, 0x19,
    0x47, 0x19, 0x47, 0x19, 0x47, 0x19, 0x47, 0x19, 0x47, 0x19, 0x47, 0x19, 0x47, 0x19, 0x47, 0x19,
    0x47, 0x19, 0x47, 0x19, 0x47, 0x19, 0x47, 0x19, 0x47, 0x19, 0x47, 0x19, 0x47, 0x19, 0x47, 0x19,
    0x47, 0x19, 0x47, 0x19, 0x47, 0x19, 0x47, 0x19, 0x47, 0x19, 0x47, 0x19, 0x47, 0x19, 0x47, 0x19,
    0x47, 0x19, 0x47, 0x19, 0x47, 0x19, 0x47, 0x19, 0x47, 0x19, 0x47, 0x19, 0x47, 0x19, 0x47, 0x19,
    0x47, 0x19, 0x47, 0x19, 0x47, 0x19, 0x47, 0x19, 0x47, 0x19, 0x47, 0x19, 0x47, 0x19, 0x47, 0x19,
    0x47, 0x19, 0x47, 0x19, 0x47, 0x19, 0x47, 0x19, 0x47, 0x19, 0x47, 0x19, 0x47, 0x19, 0x47, 0x19,
    0x47, 0x19, 0x47, 0x19, 0x47, 0x19, 0x47, 0x19, 0x47, 0x19, 0x47, 0x19, 0x47, 0x19, 0x47, 0x19,
    0x47, 0x19, 0x47, 0x19, 0x47, 0x19, 0x47, 0x19, 0x47, 0x19, 0x47, 0x19, 0x47, 0x19, 0x47, 0x19,
    0x47, 0x19, 0x47, 0x19, 0x47, 0x19, 0x47, 0x19, 0x47, 0x19, 0x47, 0x19, 0x47, 0x19, 0x47, 0x19,
    0x47, 0x19, 0x47, 0x19, 0x47, 0x19, 0x47, 0x19, 0x47, 0x19, 0x47, 0x19, 0x47, 0x19, 0x47, 0x19,
    0x47, 0x19, 0x47, 0x19, 0x47, 0x19, 0x47, 0x19, 0x47, 0x19, 0x47, 0x19, 0x47, 0x19, 0x47, 0x19,
    0x47, 0x19, 0x47, 0x19, 0x47, 0x19, 0x47, 0x19, 0x47, 0x19, 0x47, 0x19, 0x47, 0x19, 0x47, 0x19,
    0x47, 0x19, 0x47, 0x19, 0x47, 0x19, 0x47, 0x19, 0x47, 0x19, 0x47, 0x19, 0x47, 0x19, 0x47, 0x19,
    0x47, 0x19, 0x47, 0x19, 0x47, 0x19, 0x47, 0x19, 0x47, 0x19, 0x26, 0x19, 0xc9, 0x31, 0x5d, 0xe7,
    0xff, 0xff, 0xbe, 0xf7, 0xdf, 0xff, 0xdf, 0xff, 0xdf, 0xff, 0xdf, 0xff, 0xdf, 0xff, 0xdf, 0xff,
    0xdf, 0xff, 0xdf, 0xff, 0xdf, 0xff, 0xbe, 0xf7, 0xbe, 0xf7, 0xbe, 0xf7, 0xdf, 0xff, 0xdf, 0xff,
    0xdf, 0xff, 0xdf, 0xff, 0xdf, 0xff, 0xdf, 0xff, 0xdf, 0xff, 0xdf, 0xff, 0xdf, 0xff, 0xdf, 0xff,
    0xdf, 0xff, 0xdf, 0xff, 0xdf, 0xff, 0xbe, 0xf7, 0xff, 0xff, 0xed, 0x52, 0xe6, 0x10, 0x67, 0x21,
    0x06, 0x11, 0xf8, 0xbd, 0xff, 0xff, 0xbe, 0xf7, 0xdf, 0xff, 0xdf, 0xff, 0xdf, 0xff, 0xdf, 0xff,
    0xdf, 0xff, 0xbe, 0xf7, 0xdf, 0xff, 0xbe, 0xf7, 0x4b, 0x42, 0x27, 0x19, 0xe6, 0x10, 0x2e, 0x63,
    0xff, 0xff, 0xbe, 0xf7, 0xdf, 0xff, 0xdf, 0xff, 0xdf, 0xff, 0xdf, 0xff, 0xdf, 0xff, 0xdf, 0xff,
    0xdf, 0xff, 0xdf, 0xff, 0xdf, 0xff, 0xbe, 0xf7, 0xff, 0xff, 0x39, 0xc6, 0x26, 0x19, 0x47, 0x19,
    0x47, 0x19, 0x47, 0x19, 0x47, 0x19, 0x47, 0x19, 0x47, 0x21, 0xe6, 0x10, 0x56, 0xa5, 0xff, 0xff,
    0xbe, 0xf7, 0xdf, 0xff, 0xdf, 0xff, 0xdf, 0xff, 0xdf, 0xff, 0xdf, 0xff, 0xdf, 0xff, 0xdf, 0xff,
    0xdf, 0xff, 0xdf, 0xff, 0xdf, 0xff, 0xdf, 0xff, 0xdf, 0xff, 0xbe, 0xf7, 0xff, 0xff, 0x5d, 0xef,
    0x0a, 0x32, 0xa5, 0x08, 0xf4, 0x9c, 0xff, 0xff, 0xbe, 0xf7, 0xdf, 0xff, 0xdf, 0xff, 0xdf, 0xff,
    0xdf, 0xff, 0xdf, 0xff, 0xdf, 0xff, 0xdf, 0xff, 0xdf, 0xff, 0xdf, 0xff, 0xdf, 0xff, 0xbe, 0xf7,
    0xff, 0xff, 0xb3, 0x8c, 0xc5, 0x08, 0x67, 0x21, 0x47, 0x19, 0x47, 0x19, 0x47, 0x19, 0x9a, 0xd6,
    0xff, 0xff, 0xbe, 0xf7, 0xdf, 0xff, 0xdf, 0xff, 0xdf, 0xff, 0xdf, 0xff, 0xdf, 0xff, 0xdf, 0xff,
    0xdf, 0xff, 0xdf, 0xff, 0xdf, 0xff, 0xdf, 0xff, 0xdf, 0xff, 0xdf, 0xff, 0xbe, 0xf7, 0xbf, 0xf7,
    0xff, 0xff, 0xff, 0xff, 0x9e, 0xf7, 0xff, 0xff, 0xff, 0xff, 0xbe, 0xf7, 0xdf, 0xff, 0xdf, 0xff,
    0xdf, 0xff, 0xdf, 0xff, 0xdf, 0xff, 0xdf, 0xff, 0xdf, 0xff, 0xdf, 0xff, 0xdf, 0xff, 0xdf, 0xff,
    0xbe, 0xf7, 0xff, 0xff, 0xb3, 0x8c, 0xe5, 0x10, 0x67, 0x21, 0x47, 0x19, 0x47, 0x19, 0x47, 0x19,
    0x47, 0x19, 0x47, 0x19, 0x47, 0x19, 0x47, 0x19, 0x47, 0x19, 0x47, 0x19, 0x47, 0x19, 0x47, 0x19,
    0x47, 0x19, 0x47, 0x19, 0x47, 0x19, 0x47, 0x19, 0x47, 0x19, 0x47, 0x19, 0x47, 0x19, 0x47, 0x19,
    0x47, 0x19, 0x47, 0x19, 0x47, 0x19, 0x47, 0x19, 0x47, 0x19, 0x47, 0x19, 0x47, 0x19, 0x47, 0x19,
    0x47, 0x19, 0x47, 0x19, 0x47, 0x19, 0x47, 0x19, 0x47, 0x19, 0x47, 0x19, 0x47, 0x19, 0x47, 0x19,
    0x47, 0x19, 0x47, 0x19, 0x47, 0x19, 0x47, 0x19, 0x47, 0x19, 0x47, 0x19, 0x47, 0x19, 0x47, 0x19,
    0x47, 0x19, 0x47, 0x19, 0x47, 0x19, 0x47, 0x19, 0x47, 0x19, 0x47, 0x19, 0x47, 0x19, 0x47, 0x19,
    0x47, 0x19, 0x47, 0x19, 0x47, 0x19, 0x47, 0x19, 0x47, 0x19, 0x47, 0x19, 0x47, 0x19, 0x47, 0x19,
    0x47, 0x19, 0x47, 0x19, 0x47, 0x19, 0x47, 0x19, 0x47, 0x19, 0x47, 0x19, 0x47, 0x19, 0x47, 0x19,
    0x47, 0x19, 0x47, 0x19, 0x47, 0x19, 0x47, 0x19, 0x47, 0x19, 0x47, 0x19, 0x47, 0x19, 0x47, 0x19,
    0x47, 0x19, 0x47, 0x19, 0x47, 0x19, 0x47, 0x19, 0x47, 0x19, 0x47, 0x19, 0x47, 0x19, 0x47, 0x19,
    0x47, 0x19, 0x47, 0x19, 0x47, 0x19, 0x47, 0x19, 0x47, 0x19, 0x47, 0x19, 0x47, 0x19, 0x47, 0x19,
    0x47, 0x19, 0x47, 0x19, 0x47, 0x19, 0x47, 0x19, 0x47, 0x19, 0x47, 0x19, 0x47, 0x19, 0x47, 0x19,
    0x47, 0x19, 0x47, 0x19, 0x47, 0x19, 0x47, 0x19, 0x47, 0x19, 0x47, 0x19, 0x47, 0x19, 0x47, 0x19,
    0x47, 0x19, 0x47, 0x19, 0x47, 0x19, 0x47, 0x19, 0x47, 0x19, 0x47, 0x19, 0x47, 0x19, 0x47, 0x19,
    0x47, 0x19, 0x47, 0x19, 0x47, 0x19, 0x47, 0x19, 0x47, 0x19, 0x47, 0x19, 0x47, 0x19, 0x47, 0x19,
    0x47, 0x19, 0x47, 0x19, 0x47, 0x19, 0x47, 0x19, 0x47, 0x19, 0x47, 0x19, 0x27, 0x19, 0x59, 0xc6,
    0xff, 0xff, 0xbe, 0xf7, 0xdf, 0xff, 0xdf, 0xff, 0xdf, 0xff, 0xdf, 0xff, 0xdf, 0xff, 0xdf, 0xff,
    0xdf, 0xff, 0xdf, 0xff, 0xdf, 0xff, 0xdf, 0xff, 0xdf, 0xff, 0xdf, 0xff, 0xdf, 0xff, 0xdf, 0xff,
    0xdf, 0xff, 0xdf, 0xff, 0xdf, 0xff, 0xdf, 0xff, 0xdf, 0xff, 0xdf, 0xff, 0xdf, 0xff, 0xdf, 0xff,
    0xdf, 0xff, 0xdf, 0xff, 0xbe, 0xf7, 0xff, 0xff, 0x1c, 0xe7, 0xa8, 0x29, 0x27, 0x19, 0x67, 0x21,
    0xe6, 0x10, 0x15, 0x9d, 0xff, 0xff, 0xbe, 0xf7, 0xdf, 0xff, 0xdf, 0xff, 0xdf, 0xff, 0xdf, 0xff,
    0xdf, 0xff, 0xdf, 0xff, 0xbe, 0xf7, 0xff, 0xff, 0x52, 0x84, 0x84, 0x00, 0x26, 0x19, 0x39, 0xc6,
    0xff, 0xff, 0xbe, 0xf7, 0xdf, 0xff, 0xdf, 0xff, 0xdf, 0xff, 0xdf, 0xff, 0xdf, 0xff, 0xdf, 0xff,
    0xdf, 0xff, 0xdf, 0xff, 0xdf, 0xff, 0xbe, 0xf7, 0xff, 0xff, 0xb3, 0x94, 0xc5, 0x10, 0x67, 0x21,
    0x47, 0x19, 0x47, 0x19, 0x47, 0x19, 0x47, 0x19, 0x67, 0x21, 0xe6, 0x10, 0x8f, 0x6b, 0xff, 0xff,
    0xbe, 0xf7, 0xdf, 0xff, 0xdf, 0xff, 0xdf, 0xff, 0xdf, 0xff, 0xdf, 0xff, 0xdf, 0xff, 0xdf, 0xff,
    0xdf, 0xff, 0xdf, 0xff, 0xdf, 0xff, 0xdf, 0xff, 0xdf, 0xff, 0xbe, 0xf7, 0xff, 0xff, 0x1c, 0xe7,
    0xc9, 0x29, 0xc5, 0x08, 0xd0, 0x73, 0xff, 0xff, 0xbe, 0xf7, 0xdf, 0xff, 0xdf, 0xff, 0xdf, 0xff,
    0xdf, 0xff, 0xdf, 0xff, 0xdf, 0xff, 0xdf, 0xff, 0xdf, 0xff, 0xdf, 0xff, 0xdf, 0xff, 0xbe, 0xf7,
    0xff, 0xff, 0xb4, 0x94, 0xc5, 0x10, 0x67, 0x21, 0x47, 0x19, 0x47, 0x19, 0x27, 0x19, 0x59, 0xce,
    0xff, 0xff, 0xbe, 0xf7, 0xdf, 0xff, 0xdf, 0xff, 0xdf, 0xff, 0xdf, 0xff, 0xdf, 0xff, 0xdf, 0xff,
    0xdf, 0xff, 0xdf, 0xff, 0xdf, 0xff, 0xdf, 0xff, 0xdf, 0xff, 0xdf, 0xff, 0xdf, 0xff, 0xdf, 0xff,
    0xbe, 0xf7, 0xbe, 0xf7, 0xdf, 0xff, 0xdf, 0xff, 0xbe, 0xf7, 0xdf, 0xff, 0xdf, 0xff, 0xdf, 0xff,
    0xdf, 0xff, 0xdf, 0xff, 0xdf, 0xff, 0xdf, 0xff, 0xdf, 0xff, 0xdf, 0xff, 0xdf, 0xff, 0xdf, 0xff,
    0xbe, 0xf7, 0xff, 0xff, 0xfc, 0xde, 0x88, 0x21, 0x27, 0x19, 0x47, 0x19, 0x47, 0x19, 0x47, 0x19,
    0x47, 0x19, 0x47, 0x19, 0x47, 0x19, 0x47, 0x19, 0x47, 0x19, 0x47, 0x19, 0x47, 0x19, 0x47, 0x19,
    0x47, 0x19, 0x47, 0x19, 0x47, 0x19, 0x47, 0x19, 0x47, 0x19, 0x47, 0x19, 0x47, 0x19, 0x47, 0x19,
    0x47, 0x19, 0x47, 0x19, 0x47, 0x19, 0x47, 0x19, 0x47, 0x19, 0x47, 0x19, 0x47, 0x19, 0x47, 0x19,
    0x47, 0x19, 0x47, 0x19, 0x47, 0x19, 0x47, 0x19, 0x47, 0x19, 0x47, 0x19, 0x47, 0x19, 0x47, 0x19,
    0x47, 0x19, 0x47, 0x19, 0x47, 0x19, 0x47, 0x19, 0x47, 0x19, 0x47, 0x19, 0x47, 0x19, 0x47, 0x19,
    0x47, 0x19, 0x47, 0x19, 0x47, 0x19, 0x47, 0x19, 0x47, 0x19, 0x47, 0x19, 0x47, 0x19, 0x47, 0x19,
    0x47, 0x19, 0x47, 0x19, 0x47, 0x19, 0x47, 0x19, 0x47, 0x19, 0x47, 0x19, 0x47, 0x19, 0x47, 0x19,
    0x47, 0x19, 0x47, 0x19, 0x47, 0x19, 0x47, 0x19, 0x47, 0x19, 0x47, 0x19, 0x47, 0x19, 0x47, 0x19,
    0x47, 0x19, 0x47, 0x19, 0x47, 0x19, 0x47, 0x19, 0x47, 0x19, 0x47, 0x19, 0x47, 0x19, 0x47, 0x19,
    0x47, 0x19, 0x47, 0x19, 0x47, 0x19, 0x47, 0x19, 0x47, 0x19, 0x47, 0x19, 0x47, 0x19, 0x47, 0x19,
    0x47, 0x19, 0x47, 0x19, 0x47, 0x19, 0x47, 0x19, 0x47, 0x19, 0x47, 0x19, 0x47, 0x19, 0x47, 0x19,
    0x47, 0x19, 0x47, 0x19, 0x47, 0x19, 0x47, 0x19, 0x47, 0x19, 0x47, 0x19, 0x47, 0x19, 0x47, 0x19,
    0x47, 0x19, 0x47, 0x19, 0x47, 0x19, 0x47, 0x19, 0x47, 0x19, 0x47, 0x19, 0x47, 0x19, 0x47, 0x19,
    0x47, 0x19, 0x47, 0x19, 0x47, 0x19, 0x47, 0x19, 0x47, 0x19, 0x47, 0x19, 0x47, 0x19, 0x47, 0x19,
    0x47, 0x19, 0x47, 0x19, 0x47, 0x19, 0x47, 0x19, 0x47, 0x19, 0x47, 0x19, 0x47, 0x19, 0x47, 0x19,
    0x47, 0x19, 0x47, 0x19, 0x47, 0x19, 0x47, 0x19, 0x47, 0x19, 0x67, 0x21, 0xe6, 0x10, 0x15, 0x9d,
    0xff, 0xff, 0xbe, 0xf7, 0xdf, 0xff, 0xdf, 0xff, 0xdf, 0xff, 0xdf, 0xff, 0xdf, 0xff, 0xdf, 0xff,
    0xdf, 0xff, 0xdf, 0xff, 0xdf, 0xff, 0xdf, 0xff, 0xdf, 0xff, 0xdf, 0xff, 0xdf, 0xff, 0xdf, 0xff,
    0xdf, 0xff, 0xdf, 0xff, 0xdf, 0xff, 0xdf, 0xff, 0xdf, 0xff, 0xdf, 0xff, 0xdf, 0xff, 0xdf, 0xff,
    0xdf, 0xff, 0xdf, 0xff, 0xbe, 0xf7, 0xff, 0xff, 0x76, 0xad, 0xe6, 0x10, 0x47, 0x21, 0x67, 0x21,
    0xc5, 0x10, 0xd0, 0x73, 0xff, 0xff, 0xbe, 0xf7, 0xdf, 0xff, 0xdf, 0xff, 0xdf, 0xff, 0xdf, 0xff,
    0xdf, 0xff, 0xdf, 0xff, 0xbe, 0xf7, 0xdf, 0xff, 0x3d, 0xe7, 0xac, 0x4a, 0xf4, 0x9c, 0xff, 0xff,
    0xbe, 0xf7, 0xdf, 0xff, 0xdf, 0xff, 0xdf, 0xff, 0xdf, 0xff, 0xdf, 0xff, 0xdf, 0xff, 0xdf, 0xff,
    0xdf, 0xff, 0xdf, 0xff, 0xbf, 0xf7, 0xbe, 0xf7, 0xff, 0xff, 0x0d, 0x5b, 0xe6, 0x10, 0x47, 0x21,
    0x47, 0x19, 0x47, 0x19, 0x47, 0x19, 0x47, 0x19, 0x47, 0x21, 0x06, 0x11, 0x0a, 0x3a, 0x9e, 0xef,
    0xdf, 0xff, 0xbe, 0xf7, 0xdf, 0xff, 0xdf, 0xff, 0xdf, 0xff, 0xdf, 0xff, 0xdf, 0xff, 0xdf, 0xff,
    0xdf, 0xff, 0xdf, 0xff, 0xdf, 0xff, 0xdf, 0xff, 0xdf, 0xff, 0xbe, 0xf7, 0xff, 0xff, 0xdb, 0xd6,
    0x88, 0x21, 0xe6, 0x10, 0xcc, 0x4a, 0xdf, 0xff, 0xdf, 0xff, 0xdf, 0xff, 0xdf, 0xff, 0xdf, 0xff,
    0xdf, 0xff, 0xdf, 0xff, 0xdf, 0xff, 0xdf, 0xff, 0xdf, 0xff, 0xdf, 0xff, 0xdf, 0xff, 0xbe, 0xf7,
    0xff, 0xff, 0xd4, 0x94, 0xe5, 0x10, 0x67, 0x21, 0x47, 0x19, 0x67, 0x21, 0xe6, 0x10, 0x4e, 0x63,
    0xff, 0xff, 0xbe, 0xf7, 0xdf, 0xf7, 0xdf, 0xff, 0xdf, 0xff, 0xdf, 0xff, 0xdf, 0xff, 0xdf, 0xff,
    0xdf, 0xff, 0xdf, 0xff, 0xdf, 0xff, 0xdf, 0xff, 0xdf, 0xff, 0xdf, 0xff, 0xdf, 0xff, 0xdf, 0xff,
    0xdf, 0xff, 0xdf, 0xff, 0xbe, 0xf7, 0xbe, 0xf7, 0xdf, 0xff, 0xdf, 0xff, 0xdf, 0xff, 0xdf, 0xff,
    0xdf, 0xff, 0xdf, 0xff, 0xdf, 0xff, 0xdf, 0xff, 0xdf, 0xff, 0xdf, 0xff, 0xdf, 0xff, 0xdf, 0xff,
    0xdf, 0xff, 0xbe, 0xf7, 0xff, 0xff, 0x0d, 0x5b, 0xe6, 0x10, 0x67, 0x21, 0x47, 0x19, 0x47, 0x19,
    0x47, 0x19, 0x47, 0x19, 0x47, 0x19, 0x47, 0x19, 0x47, 0x19, 0x47, 0x19, 0x47, 0x19, 0x47, 0x19,
    0x47, 0x19, 0x47, 0x19, 0x47, 0x19, 0x47, 0x19, 0x47, 0x19, 0x47, 0x19, 0x47, 0x19, 0x47, 0x19,
    0x47, 0x19, 0x47, 0x19, 0x47, 0x19, 0x47, 0x19, 0x47, 0x19, 0x47, 0x19, 0x47, 0x19, 0x47, 0x19,
    0x47, 0x19, 0x47, 0x19, 0x47, 0x19, 0x47, 0x19, 0x47, 0x19, 0x47, 0x19, 0x47, 0x19, 0x47, 0x19,
    0x47, 0x19, 0x47, 0x19, 0x47, 0x19, 0x47, 0x19, 0x47, 0x19, 0x47, 0x19, 0x47, 0x19, 0x47, 0x19,
    0x47, 0x19, 0x47, 0x19, 0x47, 0x19, 0x47, 0x19, 0x47, 0x19, 0x47, 0x19, 0x47, 0x19, 0x47, 0x19,
    0x47, 0x19, 0x47, 0x19, 0x47, 0x19, 0x47, 0x19, 0x47, 0x19, 0x47, 0x19, 0x47, 0x19, 0x47, 0x19,
    0x47, 0x19, 0x47, 0x19, 0x47, 0x19, 0x47, 0x19, 0x47, 0x19, 0x47, 0x19, 0x47, 0x19, 0x47, 0x19,
    0x47, 0x19, 0x47, 0x19, 0x47, 0x19, 0x47, 0x19, 0x47, 0x19, 0x47, 0x19, 0x47, 0x19, 0x47, 0x19,
    0x47, 0x19, 0x47, 0x19, 0x47, 0x19, 0x47, 0x19, 0x47, 0x19, 0x47, 0x19, 0x47, 0x19, 0x47, 0x19,
    0x47, 0x19, 0x47, 0x19, 0x47, 0x19, 0x47, 0x19, 0x47, 0x19, 0x47, 0x19, 0x47, 0x19, 0x47, 0x19,
    0x47, 0x19, 0x47, 0x19, 0x47, 0x19, 0x47, 0x19, 0x47, 0x19, 0x47, 0x19, 0x47, 0x19, 0x47, 0x19,
    0x47, 0x19, 0x47, 0x19, 0x47, 0x19, 0x47, 0x19, 0x47, 0x19, 0x47, 0x19, 0x47, 0x19, 0x47, 0x19,
    0x47, 0x19, 0x47, 0x19, 0x47, 0x19, 0x47, 0x19, 0x47, 0x19, 0x47, 0x19, 0x47, 0x19, 0x47, 0x19,
    0x47, 0x19, 0x47, 0x19, 0x47, 0x19, 0x47, 0x19, 0x47, 0x19, 0x47, 0x19, 0x47, 0x19, 0x47, 0x19,
    0x47, 0x19, 0x47, 0x19, 0x47, 0x19, 0x47, 0x19, 0x47, 0x19, 0x67, 0x21, 0xe5, 0x10, 0x8f, 0x6b,
    0xff, 0xff, 0xbe, 0xf7, 0xdf, 0xff, 0xdf, 0xff, 0xdf, 0xff, 0xdf, 0xff, 0xdf, 0xff, 0xdf, 0xff,
    0xdf, 0xff, 0xdf, 0xff, 0xdf, 0xff, 0xdf, 0xff, 0xdf, 0xff, 0xdf, 0xff, 0xdf, 0xff, 0xdf, 0xff,
    0xdf, 0xff, 0xdf, 0xff, 0xdf, 0xff, 0xdf, 0xff, 0xdf, 0xff, 0xdf, 0xff, 0xdf, 0xff, 0xdf, 0xff,
    0xdf, 0xff, 0xdf, 0xff, 0xbe, 0xf7, 0xff, 0xff, 0x8f, 0x6b, 0xe5, 0x10, 0x67, 0x21, 0x47, 0x21,
    0xe6, 0x10, 0xac, 0x4a, 0xdf, 0xff, 0xdf, 0xff, 0xdf, 0xff, 0xdf, 0xff, 0xdf, 0xff, 0xdf, 0xff,
    0xdf, 0xff, 0xdf, 0xff, 0xdf, 0xff, 0xdf, 0xff, 0xdf, 0xff, 0xff, 0xff, 0xff, 0xff, 0xbe, 0xff,
    0xdf, 0xff, 0xdf, 0xff, 0xdf, 0xff, 0xdf, 0xff, 0xdf, 0xff, 0xdf, 0xff, 0xdf, 0xff, 0xdf, 0xff,
    0xdf, 0xff, 0xdf, 0xff, 0xbe, 0xf7, 0xff, 0xff, 0x1c, 0xe7, 0xa8, 0x29, 0x27, 0x19, 0x47, 0x19,
    0x47, 0x19, 0x47, 0x19, 0x47, 0x19, 0x47, 0x19, 0x47, 0x19, 0x47, 0x19, 0x27, 0x19, 0x59, 0xc6,
    0xff, 0xff, 0xbe, 0xf7, 0xdf, 0xff, 0xdf, 0xff, 0xdf, 0xff, 0xdf, 0xff, 0xdf, 0xff, 0xdf, 0xff,
    0xdf, 0xff, 0xdf, 0xff, 0xdf, 0xff, 0xdf, 0xff, 0xdf, 0xff, 0xbe, 0xf7, 0xff, 0xff, 0x7a, 0xce,
    0x47, 0x19, 0x06, 0x19, 0xe9, 0x31, 0x5d, 0xef, 0xff, 0xff, 0xbe, 0xf7, 0xdf, 0xff, 0xdf, 0xff,
    0xdf, 0xff, 0xdf, 0xff, 0xdf, 0xff, 0xdf, 0xff, 0xdf, 0xff, 0xdf, 0xff, 0xdf, 0xff, 0xbe, 0xf7,
    0xff, 0xff, 0xd4, 0x94, 0xe5, 0x10, 0x67, 0x21, 0x47, 0x19, 0x47, 0x19, 0x47, 0x19, 0xe6, 0x10,
    0x96, 0xad, 0xff, 0xff, 0xbe, 0xf7, 0xdf, 0xff, 0xdf, 0xff, 0xdf, 0xff, 0xdf, 0xff, 0xdf, 0xff,
    0xdf, 0xff, 0xdf, 0xff, 0xdf, 0xff, 0xdf, 0xff, 0xdf, 0xff, 0xdf, 0xff, 0xdf, 0xff, 0xdf, 0xff,
    0xdf, 0xff, 0xdf, 0xff, 0xdf, 0xff, 0xdf, 0xff, 0xdf, 0xff, 0xdf, 0xff, 0xdf, 0xff, 0xdf, 0xff,
    0xdf, 0xff, 0xdf, 0xff, 0xdf, 0xff, 0xdf, 0xff, 0xdf, 0xff, 0xdf, 0xff, 0xdf, 0xff, 0xdf, 0xff,
    0xdf, 0xff, 0xbe, 0xf7, 0xff, 0xff, 0x32, 0x84, 0xc5, 0x10, 0x67, 0x21, 0x47, 0x19, 0x47, 0x19,
    0x47, 0x19, 0x47, 0x19, 0x47, 0x19, 0x47, 0x19, 0x47, 0x19, 0x47, 0x19, 0x47, 0x19, 0x47, 0x19,
    0x47, 0x19, 0x47, 0x19, 0x47, 0x19, 0x47, 0x19, 0x47, 0x19, 0x47, 0x19, 0x47, 0x19, 0x47, 0x19,
    0x47, 0x19, 0x47, 0x19, 0x47, 0x19, 0x47, 0x19, 0x47, 0x19, 0x47, 0x19, 0x47, 0x19, 0x47, 0x19,
    0x47, 0x19, 0x47, 0x19, 0x47, 0x19, 0x47, 0x19, 0x47, 0x19, 0x47, 0x19, 0x47, 0x19, 0x47, 0x19,
    0x47, 0x19, 0x47, 0x19, 0x47, 0x19, 0x47, 0x19, 0x47, 0x19, 0x47, 0x19, 0x47, 0x19, 0x47, 0x19,
    0x47, 0x19, 0x47, 0x19, 0x47, 0x19, 0x47, 0x19, 0x47, 0x19, 0x47, 0x19, 0x47, 0x19, 0x47, 0x19,
    0x47, 0x19, 0x47, 0x19, 0x47, 0x19, 0x47, 0x19, 0x47, 0x19, 0x47, 0x19, 0x47, 0x19, 0x47, 0x19,
    0x47, 0x19, 0x47, 0x19, 0x47, 0x19, 0x47, 0x19, 0x47, 0x19, 0x47, 0x19, 0x47, 0x19, 0x47, 0x19,
    0x47, 0x19, 0x47, 0x19, 0x47, 0x19, 0x47, 0x19, 0x47, 0x19, 0x47, 0x19, 0x47, 0x19, 0x47, 0x19,
    0x47, 0x19, 0x47, 0x19, 0x47, 0x19, 0x47, 0x19, 0x47, 0x19, 0x47, 0x19, 0x47, 0x19, 0x47, 0x19,
    0x47, 0x19, 0x47, 0x19, 0x47, 0x19, 0x47, 0x19, 0x47, 0x19, 0x47, 0x19, 0x47, 0x19, 0x47, 0x19,
    0x47, 0x19, 0x47, 0x19, 0x47, 0x19, 0x47, 0x19, 0x47, 0x19, 0x47, 0x19, 0x47, 0x19, 0x47, 0x19,
    0x47, 0x19, 0x47, 0x19, 0x47, 0x19, 0x47, 0x19, 0x47, 0x19, 0x47, 0x19, 0x47, 0x19, 0x47, 0x19,
    0x47, 0x19, 0x47, 0x19, 0x47, 0x19, 0x47, 0x19, 0x47, 0x19, 0x47, 0x19, 0x47, 0x19, 0x47, 0x19,
    0x47, 0x19, 0x47, 0x19, 0x47, 0x19, 0x47, 0x19, 0x47, 0x19, 0x47, 0x19, 0x47, 0x19, 0x47, 0x19,
    0x47, 0x19, 0x47, 0x19, 0x47, 0x19, 0x47, 0x19, 0x47, 0x19, 0x47, 0x21, 0x06, 0x11, 0x2a, 0x3a,
    0x9e, 0xf7, 0xdf, 0xff, 0xbe, 0xf7, 0xdf, 0xff, 0xdf, 0xff, 0xdf, 0xff, 0xdf, 0xff, 0xdf, 0xff,
    0xdf, 0xff, 0xdf, 0xff, 0xdf, 0xff, 0xdf, 0xff, 0xdf, 0xff, 0xdf, 0xff, 0xdf, 0xff, 0xdf, 0xff,
    0xdf, 0xff, 0xdf, 0xff, 0xdf, 0xff, 0xdf, 0xff, 0xdf, 0xff, 0xdf, 0xff, 0xdf, 0xff, 0xdf, 0xff,
    0xdf, 0xff, 0xbe, 0xf7, 0xff, 0xff, 0x3d, 0xe7, 0xc9, 0x29, 0x26, 0x19, 0x47, 0x21, 0x47, 0x19,
    0x26, 0x19, 0xa9, 0x29, 0x3c, 0xe7, 0xff, 0xff, 0xbe, 0xf7, 0xdf, 0xff, 0xdf, 0xff, 0xdf, 0xff,
    0xdf, 0xff, 0xdf, 0xff, 0xdf, 0xff, 0xdf, 0xff, 0xbe, 0xf7, 0xdf, 0xff, 0xbe, 0xf7, 0xdf, 0xff,
    0xdf, 0xff, 0xdf, 0xff, 0xdf, 0xff, 0xdf, 0xff, 0xdf, 0xff, 0xdf, 0xff, 0xdf, 0xff, 0xdf, 0xff,
    0xdf, 0xff, 0xdf, 0xff, 0xbe, 0xf7, 0xff, 0xff, 0x56, 0xa5, 0xe6, 0x10, 0x47, 0x21, 0x47, 0x19,
    0x47, 0x19, 0x47, 0x19, 0x47, 0x19, 0x47, 0x19, 0x47, 0x19, 0x67, 0x21, 0xc5, 0x08, 0xb3, 0x8c,
    0xff, 0xff, 0xbe, 0xf7, 0xdf, 0xff, 0xdf, 0xff, 0xdf, 0xff, 0xdf, 0xff, 0xdf, 0xff, 0xdf, 0xff,
    0xdf, 0xff, 0xdf, 0xff, 0xdf, 0xff, 0xdf, 0xff, 0xdf, 0xff, 0xbe, 0xf7, 0xff, 0xff, 0x18, 0xbe,
    0x26, 0x19, 0x47, 0x19, 0x47, 0x19, 0x9a, 0xce, 0xff, 0xff, 0xbe, 0xf7, 0xdf, 0xff, 0xdf, 0xff,
    0xdf, 0xff, 0xdf, 0xff, 0xdf, 0xff, 0xdf, 0xff, 0xdf, 0xff, 0xdf, 0xff, 0xdf, 0xff, 0xbe, 0xf7,
    0xff, 0xff, 0xd4, 0x94, 0xe5, 0x10, 0x67, 0x21, 0x47, 0x19, 0x47, 0x19, 0x47, 0x21, 0x06, 0x19,
    0xc9, 0x31, 0x3d, 0xe7, 0xdf, 0xff, 0xbe, 0xf7, 0xdf, 0xff, 0xdf, 0xff, 0xdf, 0xff, 0xdf, 0xff,
    0xdf, 0xff, 0xdf, 0xff, 0xdf, 0xff, 0xdf, 0xff, 0xdf, 0xff, 0xdf, 0xff, 0xdf, 0xff, 0xdf, 0xff,
    0xdf, 0xff, 0xdf, 0xff, 0xdf, 0xff, 0xdf, 0xff, 0xdf, 0xff, 0xdf, 0xff, 0xdf, 0xff, 0xdf, 0xff,
    0xdf, 0xff, 0xdf, 0xff, 0xdf, 0xff, 0xdf, 0xff, 0xdf, 0xff, 0xdf, 0xff, 0xdf, 0xff, 0xdf, 0xff,
    0xdf, 0xff, 0xbe, 0xf7, 0xff, 0xff, 0xd4, 0x94, 0xe5, 0x10, 0x67, 0x21, 0x47, 0x19, 0x47, 0x19,
    0x47, 0x19, 0x47, 0x19, 0x47, 0x19, 0x47, 0x19, 0x47, 0x19, 0x47, 0x19, 0x47, 0x19, 0x47, 0x19,
    0x47, 0x19, 0x47, 0x19, 0x47, 0x19, 0x47, 0x19, 0x47, 0x19, 0x47, 0x19, 0x47, 0x19, 0x47, 0x19,
    0x47, 0x19, 0x47, 0x19, 0x47, 0x19, 0x47, 0x19, 0x47, 0x19, 0x47, 0x19, 0x47, 0x19, 0x47, 0x19,
    0x47, 0x19, 0x47, 0x19, 0x47, 0x19, 0x47, 0x19, 0x47, 0x19, 0x47, 0x19, 0x47, 0x19, 0x47, 0x19,
    0x47, 0x19, 0x47, 0x19, 0x47, 0x19, 0x47, 0x19, 0x47, 0x19, 0x47, 0x19, 0x47, 0x19, 0x47, 0x19,
    0x47, 0x19, 0x47, 0x19, 0x47, 0x19, 0x47, 0x19, 0x47, 0x19, 0x47, 0x19, 0x47, 0x19, 0x47, 0x19,
    0x47, 0x19, 0x47, 0x19, 0x47, 0x19, 0x47, 0x19, 0x47, 0x19, 0x47, 0x19, 0x47, 0x19, 0x47, 0x19,
    0x47, 0x19, 0x47, 0x19, 0x47, 0x19, 0x47, 0x19, 0x47, 0x19, 0x47, 0x19, 0x47, 0x19, 0x47, 0x19,
    0x47, 0x19, 0x47, 0x19, 0x47, 0x19, 0x47, 0x19, 0x47, 0x19, 0x47, 0x19, 0x47, 0x19, 0x47, 0x19,
    0x47, 0x19, 0x47, 0x19, 0x47, 0x19, 0x47, 0x19, 0x47, 0x19, 0x47, 0x19, 0x47, 0x19, 0x47, 0x19,
    0x47, 0x19, 0x47, 0x19, 0x47, 0x19, 0x47, 0x19, 0x47, 0x19, 0x47, 0x19, 0x47, 0x19, 0x47, 0x19,
    0x47, 0x19, 0x47, 0x19, 0x47, 0x19, 0x47, 0x19, 0x47, 0x19, 0x47, 0x19, 0x47, 0x19, 0x47, 0x19,
    0x47, 0x19, 0x47, 0x19, 0x47, 0x19, 0x47, 0x19, 0x47, 0x19, 0x47, 0x19, 0x47, 0x19, 0x47, 0x19,
    0x47, 0x19, 0x47, 0x19, 0x47, 0x19, 0x47, 0x19, 0x47, 0x19, 0x47, 0x19, 0x47, 0x19, 0x47, 0x19,
    0x47, 0x19, 0x47, 0x19, 0x47, 0x19, 0x47, 0x19, 0x47, 0x19, 0x47, 0x19, 0x47, 0x19, 0x47, 0x19,
    0x47, 0x19, 0x47, 0x19, 0x47, 0x19, 0x47, 0x19, 0x47, 0x19, 0x47, 0x19, 0x47, 0x19, 0x27, 0x19,
    0x7a, 0xce, 0xff, 0xff, 0xbe, 0xf7, 0xdf, 0xff, 0xdf, 0xff, 0xdf, 0xff, 0xdf, 0xff, 0xdf, 0xff,
    0xdf, 0xff, 0xdf, 0xff, 0xdf, 0xff, 0xdf, 0xff, 0xdf, 0xff, 0xdf, 0xff, 0xdf, 0xff, 0xdf, 0xff,
    0xdf, 0xff, 0xdf, 0xff, 0xdf, 0xff, 0xdf, 0xff, 0xdf, 0xff, 0xdf, 0xff, 0xdf, 0xff, 0xdf, 0xff,
    0xdf, 0xff, 0xbe, 0xf7, 0xff, 0xff, 0x35, 0xa5, 0xe6, 0x10, 0x47, 0x21, 0x47, 0x19, 0x47, 0x19,
    0x47, 0x19, 0x06, 0x11, 0xf8, 0xbd, 0xff, 0xff, 0xbe, 0xf7, 0xdf, 0xff, 0xdf, 0xff, 0xdf, 0xff,
    0xdf, 0xff, 0xdf, 0xff, 0xdf, 0xff, 0xdf, 0xff, 0xdf, 0xff, 0xdf, 0xff, 0xdf, 0xff, 0xdf, 0xff,
    0xdf, 0xff, 0xdf, 0xff, 0xdf, 0xff, 0xdf, 0xff, 0xdf, 0xff, 0xdf, 0xff, 0xdf, 0xff, 0xdf, 0xff,
    0xdf, 0xff, 0xdf, 0xff, 0xbe, 0xf7, 0xff, 0xff, 0x0d, 0x5b, 0xe6, 0x10, 0x67, 0x21, 0x47, 0x19,
    0x47, 0x19, 0x47, 0x19, 0x47, 0x19, 0x47, 0x19, 0x47, 0x19, 0x67, 0x21, 0xe6, 0x10, 0xed, 0x52,
    0xff, 0xff, 0xbe, 0xf7, 0xdf, 0xff, 0xdf, 0xff, 0xdf, 0xff, 0xdf, 0xff, 0xdf, 0xff, 0xdf, 0xff,
    0xdf, 0xff, 0xdf, 0xff, 0xdf, 0xff, 0xdf, 0xff, 0xdf, 0xff, 0xbe, 0xf7, 0xff, 0xff, 0xb7, 0xb5,
    0x06, 0x11, 0x67, 0x21, 0xe6, 0x10, 0x97, 0xad, 0xff, 0xff, 0xbe, 0xf7, 0xdf, 0xff, 0xdf, 0xff,
    0xdf, 0xff, 0xdf, 0xff, 0xdf, 0xff, 0xdf, 0xff, 0xdf, 0xff, 0xdf, 0xff, 0xdf, 0xff, 0xbe, 0xf7,
    0xff, 0xff, 0xd4, 0x94, 0xe5, 0x10, 0x67, 0x21, 0x47, 0x19, 0x47, 0x19, 0x47, 0x19, 0x67, 0x21,
    0xc5, 0x10, 0x8f, 0x6b, 0xff, 0xff, 0xbe, 0xf7, 0xdf, 0xff, 0xdf, 0xff, 0xdf, 0xff, 0xdf, 0xff,
    0xdf, 0xff, 0xdf, 0xff, 0xdf, 0xff, 0xdf, 0xff, 0xdf, 0xff, 0xdf, 0xff, 0xdf, 0xff, 0xdf, 0xff,
    0xdf, 0xff, 0xdf, 0xff, 0xdf, 0xff, 0xdf, 0xff, 0xdf, 0xff, 0xdf, 0xff, 0xdf, 0xff, 0xdf, 0xff,
    0xdf, 0xff, 0xdf, 0xff, 0xdf, 0xff, 0xdf, 0xff, 0xdf, 0xff, 0xdf, 0xff, 0xdf, 0xff, 0xdf, 0xff,
    0xdf, 0xff, 0xbe, 0xf7, 0xff, 0xff, 0xf4, 0x9c, 0xe5, 0x10, 0x67, 0x21, 0x47, 0x19, 0x47, 0x19,
    0x47, 0x19, 0x47, 0x19, 0x47, 0x19, 0x47, 0x19, 0x47, 0x19, 0x47, 0x19, 0x47, 0x19, 0x47, 0x19,
    0x47, 0x19, 0x47, 0x19, 0x47, 0x19, 0x47, 0x19, 0x47, 0x19, 0x47, 0x19, 0x47, 0x19, 0x47, 0x19,
    0x47, 0x19, 0x47, 0x19, 0x47, 0x19, 0x47, 0x19, 0x47, 0x19, 0x47, 0x19, 0x47, 0x19, 0x47, 0x19,
    0x47, 0x19, 0x47, 0x19, 0x47, 0x19, 0x47, 0x19, 0x47, 0x19, 0x47, 0x19, 0x47, 0x19, 0x47, 0x19,
    0x47, 0x19, 0x47, 0x19, 0x47, 0x19, 0x47, 0x19, 0x47, 0x19, 0x47, 0x19, 0x47, 0x19, 0x47, 0x19,
    0x47, 0x19, 0x47, 0x19, 0x47, 0x19, 0x47, 0x19, 0x47, 0x19, 0x47, 0x19, 0x47, 0x19, 0x47, 0x19,
    0x47, 0x19, 0x47, 0x19, 0x47, 0x19, 0x47, 0x19, 0x47, 0x19, 0x47, 0x19, 0x47, 0x19, 0x47, 0x19,
    0x47, 0x19, 0x47, 0x19, 0x47, 0x19, 0x47, 0x19, 0x47, 0x19, 0x47, 0x19, 0x47, 0x19, 0x47, 0x19,
    0x47, 0x19, 0x47, 0x19, 0x47, 0x19, 0x47, 0x19, 0x47, 0x19, 0x47, 0x19, 0x47, 0x19, 0x47, 0x19,
    0x47, 0x19, 0x47, 0x19, 0x47, 0x19, 0x47, 0x19, 0x47, 0x19, 0x47, 0x19, 0x47, 0x19, 0x47, 0x19,
    0x47, 0x19, 0x47, 0x19, 0x47, 0x19, 0x47, 0x19, 0x47, 0x19, 0x47, 0x19, 0x47, 0x19, 0x47, 0x19,
    0x47, 0x19, 0x47, 0x19, 0x47, 0x19, 0x47, 0x19, 0x47, 0x19, 0x47, 0x19, 0x47, 0x19, 0x47, 0x19,
    0x47, 0x19, 0x47, 0x19, 0x47, 0x19, 0x47, 0x19, 0x47, 0x19, 0x47, 0x19, 0x47, 0x19, 0x47, 0x19,
    0x47, 0x19, 0x47, 0x19, 0x47, 0x19, 0x47, 0x19, 0x47, 0x19, 0x47, 0x19, 0x47, 0x19, 0x47, 0x19,
    0x47, 0x19, 0x47, 0x19, 0x47, 0x19, 0x47, 0x19, 0x47, 0x19, 0x47, 0x19, 0x47, 0x19, 0x47, 0x19,
    0x47, 0x19, 0x47, 0x19, 0x47, 0x19, 0x47, 0x19, 0x47, 0x19, 0x47, 0x19, 0x67, 0x21, 0xe5, 0x08,
    0xb3, 0x94, 0xff, 0xff, 0xbe, 0xf7, 0xdf, 0xff, 0xdf, 0xff, 0xdf, 0xff, 0xdf, 0xff, 0xdf, 0xff,
    0xdf, 0xff, 0xdf, 0xff, 0xdf, 0xff, 0xdf, 0xff, 0xdf, 0xff, 0xdf, 0xff, 0xdf, 0xff, 0xdf, 0xff,
    0xdf, 0xff, 0xdf, 0xff, 0xdf, 0xff, 0xdf, 0xff, 0xdf, 0xff, 0xdf, 0xff, 0xdf, 0xff, 0xdf, 0xff,
    0xdf, 0xff, 0xdf, 0xff, 0xdf, 0xff, 0xac, 0x4a, 0xe6, 0x10, 0x47, 0x21, 0x47, 0x19, 0x47, 0x19,
    0x67, 0x21, 0xe5, 0x10, 0x31, 0x84, 0xff, 0xff, 0xbe, 0xf7, 0xdf, 0xff, 0xdf, 0xff, 0xdf, 0xff,
    0xdf, 0xff, 0xdf, 0xff, 0xdf, 0xff, 0xdf, 0xff, 0xdf, 0xff, 0xdf, 0xff, 0xdf, 0xff, 0xdf, 0xff,
    0xdf, 0xff, 0xdf, 0xff, 0xdf, 0xff, 0xdf, 0xff, 0xdf, 0xff, 0xdf, 0xff, 0xdf, 0xff, 0xdf, 0xff,
    0xdf, 0xff, 0xbe, 0xf7, 0xff, 0xff, 0x9a, 0xd6, 0x47, 0x19, 0x47, 0x19, 0x47, 0x19, 0x47, 0x19,
    0x47, 0x19, 0x47, 0x19, 0x47, 0x19, 0x47, 0x19, 0x47, 0x19, 0x47, 0x19, 0x26, 0x19, 0xa8, 0x29,
    0x1c, 0xe7, 0xff, 0xff, 0xbe, 0xf7, 0xdf, 0xff, 0xdf, 0xff, 0xdf, 0xff, 0xdf, 0xff, 0xdf, 0xff,
    0xdf, 0xff, 0xdf, 0xff, 0xdf, 0xff, 0xdf, 0xff, 0xdf, 0xff, 0xbe, 0xf7, 0xff, 0xff, 0x56, 0xa5,
    0xe6, 0x10, 0x68, 0x21, 0xe5, 0x10, 0x93, 0x8c, 0xff, 0xff, 0xbe, 0xf7, 0xdf, 0xff, 0xdf, 0xff,
    0xdf, 0xff, 0xdf, 0xff, 0xdf, 0xff, 0xdf, 0xff, 0xdf, 0xff, 0xdf, 0xff, 0xdf, 0xff, 0xbe, 0xf7,
    0xff, 0xff, 0xd4, 0x94, 0xe5, 0x10, 0x67, 0x21, 0x47, 0x19, 0x47, 0x19, 0x47, 0x19, 0x47, 0x19,
    0x47, 0x19, 0xe6, 0x10, 0x76, 0xad, 0xff, 0xff, 0xbe, 0xf7, 0xdf, 0xff, 0xdf, 0xff, 0xdf, 0xff,
    0xdf, 0xff, 0xdf, 0xff, 0xdf, 0xff, 0xdf, 0xff, 0xdf, 0xff, 0xdf, 0xff, 0xdf, 0xff, 0xdf, 0xff,
    0xdf, 0xff, 0xdf, 0xff, 0xdf, 0xff, 0xdf, 0xff, 0xdf, 0xff, 0xdf, 0xff, 0xdf, 0xff, 0xdf, 0xff,
    0xdf, 0xff, 0xdf, 0xff, 0xdf, 0xff, 0xdf, 0xff, 0xdf, 0xff, 0xdf, 0xff, 0xdf, 0xff, 0xdf, 0xff,
    0xdf, 0xff, 0xbe, 0xf7, 0xff, 0xff, 0x73, 0x8c, 0xc5, 0x08, 0x67, 0x21, 0x47, 0x19, 0x47, 0x19,
    0x47, 0x19, 0x47, 0x19, 0x47, 0x19, 0x47, 0x19, 0x47, 0x19, 0x47, 0x19, 0x47, 0x19, 0x47, 0x19,
    0x47, 0x19, 0x47, 0x19, 0x47, 0x19, 0x47, 0x19, 0x47, 0x19, 0x47, 0x19, 0x47, 0x19, 0x47, 0x19,
    0x47, 0x19, 0x47, 0x19, 0x47, 0x19, 0x47, 0x19, 0x47, 0x19, 0x47, 0x19, 0x47, 0x19, 0x47, 0x19,
    0x47, 0x19, 0x47, 0x19, 0x47, 0x19, 0x47, 0x19, 0x47, 0x19, 0x47, 0x19, 0x47, 0x19, 0x47, 0x19,
    0x47, 0x19, 0x47, 0x19, 0x47, 0x19, 0x47, 0x19, 0x47, 0x19, 0x47, 0x19, 0x47, 0x19, 0x47, 0x19,
    0x47, 0x19, 0x47, 0x19, 0x47, 0x19, 0x47, 0x19, 0x47, 0x19, 0x47, 0x19, 0x47, 0x19, 0x47, 0x19,
    0x47, 0x19, 0x47, 0x19, 0x47, 0x19, 0x47, 0x19, 0x47, 0x19, 0x47, 0x19, 0x47, 0x19, 0x47, 0x19,
    0x47, 0x19, 0x47, 0x19, 0x47, 0x19, 0x47, 0x19, 0x47, 0x19, 0x47, 0x19, 0x47, 0x19, 0x47, 0x19,
    0x47, 0x19, 0x47, 0x19, 0x47, 0x19, 0x47, 0x19, 0x47, 0x19, 0x47, 0x19, 0x47, 0x19, 0x47, 0x19,
    0x47, 0x19, 0x47, 0x19, 0x47, 0x19, 0x47, 0x19, 0x47, 0x19, 0x47, 0x19, 0x47, 0x19, 0x47, 0x19,
    0x47, 0x19, 0x47, 0x19, 0x47, 0x19, 0x47, 0x19, 0x47, 0x19, 0x47, 0x19, 0x47, 0x19, 0x47, 0x19,
    0x47, 0x19, 0x47, 0x19, 0x47, 0x19, 0x47, 0x19, 0x47, 0x19, 0x47, 0x19, 0x47, 0x19, 0x47, 0x19,
    0x47, 0x19, 0x47, 0x19, 0x47, 0x19, 0x47, 0x19, 0x47, 0x19, 0x47, 0x19, 0x47, 0x19, 0x47, 0x19,
    0x47, 0x19, 0x47, 0x19, 0x47, 0x19, 0x47, 0x19, 0x47, 0x19, 0x47, 0x19, 0x47, 0x19, 0x47, 0x19,
    0x47, 0x19, 0x47, 0x19, 0x47, 0x19, 0x47, 0x19, 0x47, 0x19, 0x47, 0x19, 0x47, 0x19, 0x47, 0x19,
    0x47, 0x19, 0x47, 0x19, 0x47, 0x19, 0x47, 0x19, 0x47, 0x19, 0x47, 0x19, 0x47, 0x21, 0xe6, 0x10,
    0xcc, 0x52, 0xdf, 0xff, 0xdf, 0xff, 0xbe, 0xf7, 0xdf, 0xff, 0xdf, 0xff, 0xdf, 0xff, 0xdf, 0xff,
    0xdf, 0xff, 0xdf, 0xff, 0xdf, 0xff, 0xdf, 0xff, 0xdf, 0xff, 0xdf, 0xff, 0xdf, 0xff, 0xdf, 0xff,
    0xdf, 0xff, 0xdf, 0xff, 0xdf, 0xff, 0xdf, 0xff, 0xdf, 0xff, 0xdf, 0xff, 0xdf, 0xff, 0xdf, 0xff,
    0xbe, 0xf7, 0xff, 0xff, 0xd8, 0xb5, 0x06, 0x11, 0x47, 0x19, 0x47, 0x19, 0x47, 0x19, 0x47, 0x19,
    0x47, 0x21, 0x06, 0x11, 0x4b, 0x42, 0xbe, 0xf7, 0xdf, 0xff, 0xbe, 0xf7, 0xdf, 0xff, 0xdf, 0xff,
    0xdf, 0xff, 0xdf, 0xff, 0xdf, 0xff, 0xdf, 0xff, 0xdf, 0xff, 0xdf, 0xff, 0xdf, 0xff, 0xdf, 0xff,
    0xdf, 0xff, 0xdf, 0xff, 0xdf, 0xff, 0xdf, 0xff, 0xdf, 0xff, 0xdf, 0xff, 0xdf, 0xff, 0xdf, 0xff,
    0xdf, 0xff, 0xbe, 0xf7, 0xff, 0xff, 0xd0, 0x73, 0xe5, 0x10, 0x67, 0x21, 0x47, 0x19, 0x47, 0x19,
    0x47, 0x19, 0x47, 0x19, 0x47, 0x19, 0x47, 0x19, 0x47, 0x19, 0x47, 0x19, 0x47, 0x21, 0x06, 0x11,
    0x97, 0xb5, 0xff, 0xff, 0xbe, 0xf7, 0xdf, 0xff, 0xdf, 0xff, 0xdf, 0xff, 0xdf, 0xff, 0xdf, 0xff,
    0xdf, 0xff, 0xdf, 0xff, 0xdf, 0xff, 0xdf, 0xff, 0xdf, 0xff, 0xbe, 0xf7, 0xff, 0xff, 0xf4, 0x9c,
    0xc5, 0x10, 0x68, 0x21, 0xe5, 0x10, 0x6f, 0x63, 0xff, 0xff, 0xbe, 0xf7, 0xdf, 0xff, 0xdf, 0xff,
    0xdf, 0xff, 0xdf, 0xff, 0xdf, 0xff, 0xdf, 0xff, 0xdf, 0xff, 0xdf, 0xff, 0xdf, 0xff, 0xbe, 0xf7,
    0xff, 0xff, 0xd4, 0x94, 0xe5, 0x10, 0x67, 0x21, 0x47, 0x19, 0x47, 0x19, 0x47, 0x19, 0x47, 0x19,
    0x47, 0x21, 0x26, 0x19, 0x88, 0x29, 0xfb, 0xde, 0xff, 0xff, 0xbe, 0xf7, 0xdf, 0xff, 0xdf, 0xff,
    0xdf, 0xff, 0xdf, 0xff, 0xdf, 0xff, 0xdf, 0xff, 0xdf, 0xff, 0xdf, 0xff, 0xdf, 0xff, 0xdf, 0xff,
    0xdf, 0xff, 0xdf, 0xff, 0xdf, 0xff, 0xdf, 0xff, 0xdf, 0xff, 0xdf, 0xff, 0xdf, 0xff, 0xdf, 0xff,
    0xdf, 0xff, 0xdf, 0xff, 0xdf, 0xff, 0xdf, 0xff, 0xdf, 0xff, 0xdf, 0xff, 0xdf, 0xff, 0xdf, 0xff,
    0xdf, 0xff, 0xbe, 0xf7, 0xff, 0xff, 0x6f, 0x6b, 0xe6, 0x10, 0x67, 0x21, 0x47, 0x19, 0x47, 0x19,
    0x47, 0x19, 0x47, 0x19, 0x47, 0x19, 0x47, 0x19, 0x47, 0x19, 0x47, 0x19, 0x47, 0x19, 0x47, 0x19,
    0x47, 0x19, 0x47, 0x19, 0x47, 0x19, 0x47, 0x19, 0x47, 0x19, 0x47, 0x19, 0x47, 0x19, 0x47, 0x19,
    0x47, 0x19, 0x47, 0x19, 0x47, 0x19, 0x47, 0x19, 0x47, 0x19, 0x47, 0x19, 0x47, 0x19, 0x47, 0x19,
    0x47, 0x19, 0x47, 0x19, 0x47, 0x19, 0x47, 0x19, 0x47, 0x19, 0x47, 0x19, 0x47, 0x19, 0x47, 0x19,
    0x47, 0x19, 0x47, 0x19, 0x47, 0x19, 0x47, 0x19, 0x47, 0x19, 0x47, 0x19, 0x47, 0x19, 0x47, 0x19,
    0x47, 0x19, 0x47, 0x19, 0x47, 0x19, 0x47, 0x19, 0x47, 0x19, 0x47, 0x19, 0x47, 0x19, 0x47, 0x19,
    0x47, 0x19, 0x47, 0x19, 0x47, 0x19, 0x47, 0x19, 0x47, 0x19, 0x47, 0x19, 0x47, 0x19, 0x47, 0x19,
    0x47, 0x19, 0x47, 0x19, 0x47, 0x19, 0x47, 0x19, 0x47, 0x19, 0x47, 0x19, 0x47, 0x19, 0x47, 0x19,
    0x47, 0x19, 0x47, 0x19, 0x47, 0x19, 0x47, 0x19, 0x47, 0x19, 0x47, 0x19, 0x47, 0x19, 0x47, 0x19,
    0x47, 0x19, 0x47, 0x19, 0x47, 0x19, 0x47, 0x19, 0x47, 0x19, 0x47, 0x19, 0x47, 0x19, 0x47, 0x19,
    0x47, 0x19, 0x47, 0x19, 0x47, 0x19, 0x47, 0x19, 0x47, 0x19, 0x47, 0x19, 0x47, 0x19, 0x47, 0x19,
    0x47, 0x19, 0x47, 0x19, 0x47, 0x19, 0x47, 0x19, 0x47, 0x19, 0x47, 0x19, 0x47, 0x19, 0x47, 0x19,
    0x47, 0x19, 0x47, 0x19, 0x47, 0x19, 0x47, 0x19, 0x47, 0x19, 0x47, 0x19, 0x47, 0x19, 0x47, 0x19,
    0x47, 0x19, 0x47, 0x19, 0x47, 0x19, 0x47, 0x19, 0x47, 0x19, 0x47, 0x19, 0x47, 0x19, 0x47, 0x19,
    0x47, 0x19, 0x47, 0x19, 0x47, 0x19, 0x47, 0x19, 0x47, 0x19, 0x47, 0x19, 0x47, 0x19, 0x47, 0x19,
    0x47, 0x19, 0x47, 0x19, 0x47, 0x19, 0x47, 0x19, 0x47, 0x19, 0x47, 0x19, 0x47, 0x19, 0x47, 0x19,
    0x47, 0x19, 0x7a, 0xce, 0xff, 0xff, 0xbe, 0xf7, 0xdf, 0xff, 0xdf, 0xff, 0xdf, 0xff, 0xdf, 0xff,
    0xdf, 0xff, 0xdf, 0xff, 0xdf, 0xff, 0xdf, 0xff, 0xdf, 0xff, 0xdf, 0xff, 0xdf, 0xff, 0xdf, 0xff,
    0xdf, 0xff, 0xdf, 0xff, 0xdf, 0xff, 0xdf, 0xff, 0xdf, 0xff, 0xdf, 0xff, 0xdf, 0xff, 0xbe, 0xf7,
    0xdf, 0xff, 0xdf, 0xff, 0xac, 0x4a, 0xe6, 0x10, 0x47, 0x21, 0x47, 0x19, 0x47, 0x19, 0x47, 0x19,
    0x47, 0x19, 0x47, 0x21, 0x06, 0x11, 0xb7, 0xb5, 0xff, 0xff, 0xbe, 0xf7, 0xdf, 0xff, 0xdf, 0xff,
    0xdf, 0xff, 0xdf, 0xff, 0xdf, 0xff, 0xdf, 0xff, 0xdf, 0xff, 0xdf, 0xff, 0xdf, 0xff, 0xdf, 0xff,
    0xdf, 0xff, 0xdf, 0xff, 0xdf, 0xff, 0xdf, 0xff, 0xdf, 0xff, 0xdf, 0xff, 0xdf, 0xff, 0xdf, 0xff,
    0xbe, 0xf7, 0xff, 0xff, 0xbb, 0xd6, 0x67, 0x21, 0x27, 0x19, 0x47, 0x19, 0x47, 0x19, 0x47, 0x19,
    0x47, 0x19, 0x47, 0x19, 0x47, 0x19, 0x47, 0x19, 0x47, 0x19, 0x47, 0x19, 0x67, 0x21, 0xc5, 0x08,
    0xd0, 0x73, 0xff, 0xff, 0xbe, 0xf7, 0xdf, 0xff, 0xdf, 0xff, 0xdf, 0xff, 0xdf, 0xff, 0xdf, 0xff,
    0xdf, 0xff, 0xdf, 0xff, 0xdf, 0xff, 0xdf, 0xff, 0xdf, 0xff, 0xbe, 0xf7, 0xff, 0xff, 0x93, 0x8c,
    0xc5, 0x08, 0x68, 0x21, 0x06, 0x11, 0x6b, 0x42, 0xbe, 0xf7, 0xdf, 0xff, 0xbe, 0xf7, 0xdf, 0xff,
    0xdf, 0xff, 0xdf, 0xff, 0xdf, 0xff, 0xdf, 0xff, 0xdf, 0xff, 0xdf, 0xff, 0xdf, 0xff, 0xbe, 0xf7,
    0xff, 0xff, 0xb3, 0x94, 0xc5, 0x08, 0x67, 0x21, 0x47, 0x19, 0x47, 0x19, 0x47, 0x19, 0x47, 0x19,
    0x47, 0x19, 0x67, 0x21, 0xe6, 0x10, 0xcc, 0x4a, 0xbe, 0xf7, 0xdf, 0xff, 0xbe, 0xf7, 0xdf, 0xff,
    0xdf, 0xff, 0xdf, 0xff, 0xdf, 0xff, 0xdf, 0xff, 0xdf, 0xff, 0xdf, 0xff, 0xdf, 0xff, 0xdf, 0xff,
    0xdf, 0xff, 0xdf, 0xff, 0xdf, 0xff, 0xdf, 0xff, 0xdf, 0xff, 0xdf, 0xff, 0xdf, 0xff, 0xdf, 0xff,
    0xdf, 0xff, 0xdf, 0xff, 0xdf, 0xff, 0xdf, 0xff, 0xdf, 0xff, 0xdf, 0xff, 0xdf, 0xff, 0xdf, 0xff,
    0xbe, 0xf7, 0xdf, 0xff, 0x7d, 0xef, 0xe9, 0x31, 0x06, 0x19, 0x47, 0x19, 0x47, 0x19, 0x47, 0x19,
    0x47, 0x19, 0x47, 0x19, 0x47, 0x19, 0x47, 0x19, 0x47, 0x19, 0x47, 0x19, 0x47, 0x19, 0x47, 0x19,
    0x47, 0x19, 0x47, 0x19, 0x47, 0x19, 0x47, 0x19, 0x47, 0x19, 0x47, 0x19, 0x47, 0x19, 0x47, 0x19,
    0x47, 0x19, 0x47, 0x19, 0x47, 0x19, 0x47, 0x19, 0x47, 0x19, 0x47, 0x19, 0x47, 0x19, 0x47, 0x19,
    0x47, 0x19, 0x47, 0x19, 0x47, 0x19, 0x47, 0x19, 0x47, 0x19, 0x47, 0x19, 0x47, 0x19, 0x47, 0x19,
    0x47, 0x19, 0x47, 0x19, 0x47, 0x19, 0x47, 0x19, 0x47, 0x19, 0x47, 0x19, 0x47, 0x19, 0x47, 0x19,
    0x47, 0x19, 0x47, 0x19, 0x47, 0x19, 0x47, 0x19, 0x47, 0x19, 0x47, 0x19, 0x47, 0x19, 0x47, 0x19,
    0x47, 0x19, 0x47, 0x19, 0x47, 0x19, 0x47, 0x19, 0x47, 0x19, 0x47, 0x19, 0x47, 0x19, 0x47, 0x19,
    0x47, 0x19, 0x47, 0x19, 0x47, 0x19, 0x47, 0x19, 0x47, 0x19, 0x47, 0x19, 0x47, 0x19, 0x47, 0x19,
    0x47, 0x19, 0x47, 0x19, 0x47, 0x19, 0x47, 0x19, 0x47, 0x19, 0x47, 0x19, 0x47, 0x19, 0x47, 0x19,
    0x47, 0x19, 0x47, 0x19, 0x47, 0x19, 0x47, 0x19, 0x47, 0x19, 0x47, 0x19, 0x47, 0x19, 0x47, 0x19,
    0x47, 0x19, 0x47, 0x19, 0x47, 0x19, 0x47, 0x19, 0x47, 0x19, 0x47, 0x19, 0x47, 0x19, 0x47, 0x19,
    0x47, 0x19, 0x47, 0x19, 0x47, 0x19, 0x47, 0x19, 0x47, 0x19, 0x47, 0x19, 0x47, 0x19, 0x47, 0x19,
    0x47, 0x19, 0x47, 0x19, 0x47, 0x19, 0x47, 0x19, 0x47, 0x19, 0x47, 0x19, 0x47, 0x19, 0x47, 0x19,
    0x47, 0x19, 0x47, 0x19, 0x47, 0x19, 0x47, 0x19, 0x47, 0x19, 0x47, 0x19, 0x47, 0x19, 0x47, 0x19,
    0x47, 0x19, 0x47, 0x19, 0x47, 0x19, 0x47, 0x19, 0x47, 0x19, 0x47, 0x19, 0x47, 0x19, 0x47, 0x19,
    0x47, 0x19, 0x47, 0x19, 0x47, 0x19, 0x47, 0x19, 0x47, 0x19, 0x47, 0x19, 0x47, 0x19, 0x67, 0x21,
    0xe5, 0x10, 0xf1, 0x73, 0xff, 0xff, 0xbe, 0xf7, 0xdf, 0xff, 0xdf, 0xff, 0xdf, 0xff, 0xdf, 0xff,
    0xdf, 0xff, 0xdf, 0xff, 0xdf, 0xff, 0xdf, 0xff, 0xdf, 0xff, 0xdf, 0xff, 0xdf, 0xff, 0xdf, 0xff,
    0xdf, 0xff, 0xdf, 0xff, 0xdf, 0xff, 0xdf, 0xff, 0xdf, 0xff, 0xdf, 0xff, 0xdf, 0xff, 0xbe, 0xf7,
    0xff, 0xff, 0x35, 0xa5, 0xe6, 0x10, 0x47, 0x21, 0x47, 0x19, 0x47, 0x19, 0x47, 0x19, 0x47, 0x19,
    0x47, 0x19, 0x47, 0x21, 0xe6, 0x10, 0xac, 0x4a, 0xdf, 0xff, 0xbf, 0xff, 0xbe, 0xf7, 0xdf, 0xff,
    0xdf, 0xff, 0xdf, 0xff, 0xdf, 0xff, 0xdf, 0xff, 0xdf, 0xff, 0xdf, 0xff, 0xdf, 0xff, 0xdf, 0xff,
    0xdf, 0xff, 0xdf, 0xff, 0xdf, 0xff, 0xdf, 0xff, 0xdf, 0xff, 0xdf, 0xff, 0xdf, 0xff, 0xbf, 0xf7,
    0xbe, 0xf7, 0xff, 0xff, 0x6f, 0x63, 0xe5, 0x10, 0x67, 0x21, 0x47, 0x19, 0x47, 0x19, 0x47, 0x19,
    0x47, 0x19, 0x47, 0x19, 0x47, 0x19, 0x47, 0x19, 0x47, 0x19, 0x47, 0x19, 0x47, 0x19, 0x06, 0x19,
    0x0a, 0x3a, 0x9e, 0xf7, 0xdf, 0xff, 0xbe, 0xf7, 0xbe, 0xf7, 0xbe, 0xf7, 0xbe, 0xf7, 0xbe, 0xf7,
    0xbe, 0xf7, 0xbe, 0xf7, 0xbe, 0xf7, 0xbe, 0xf7, 0xbe, 0xf7, 0x9e, 0xf7, 0xff, 0xff, 0x11, 0x7c,
    0xc5, 0x08, 0x67, 0x21, 0x27, 0x19, 0xa8, 0x29, 0x1c, 0xe7, 0xff, 0xff, 0xbe, 0xf7, 0xdf, 0xff,
    0xdf, 0xff, 0xdf, 0xff, 0xdf, 0xff, 0xdf, 0xff, 0xdf, 0xff, 0xdf, 0xff, 0xdf, 0xff, 0xbe, 0xf7,
    0xff, 0xff, 0x93, 0x8c, 0xc5, 0x08, 0x67, 0x21, 0x47, 0x19, 0x47, 0x19, 0x47, 0x19, 0x47, 0x19,
    0x47, 0x19, 0x47, 0x19, 0x67, 0x21, 0xc5, 0x08, 0xf1, 0x7b, 0xff, 0xff, 0xbe, 0xf7, 0xbe, 0xf7,
    0xdf, 0xff, 0xdf, 0xff, 0xdf, 0xff, 0xdf, 0xff, 0xdf, 0xff, 0xdf, 0xff, 0xdf, 0xff, 0xdf, 0xff,
    0xdf, 0xff, 0xdf, 0xff, 0xdf, 0xff, 0xdf, 0xff, 0xdf, 0xff, 0xdf, 0xff, 0xdf, 0xff, 0xdf, 0xff,
    0xdf, 0xff, 0xdf, 0xff, 0xdf, 0xff, 0xdf, 0xff, 0xdf, 0xff, 0xdf, 0xff, 0xdf, 0xff, 0xdf, 0xff,
    0xbe, 0xf7, 0xff, 0xff, 0x76, 0xad, 0xe6, 0x10, 0x47, 0x21, 0x47, 0x19, 0x47, 0x19, 0x47, 0x19,
    0x47, 0x19, 0x47, 0x19, 0x47, 0x19, 0x47, 0x19, 0x47, 0x19, 0x47, 0x19, 0x47, 0x19, 0x47, 0x19,
    0x47, 0x19, 0x47, 0x19, 0x47, 0x19, 0x47, 0x19, 0x47, 0x19, 0x47, 0x19, 0x47, 0x19, 0x47, 0x19,
    0x47, 0x19, 0x47, 0x19, 0x47, 0x19, 0x47, 0x19, 0x47, 0x19, 0x47, 0x19, 0x47, 0x19, 0x47, 0x19,
    0x47, 0x19, 0x47, 0x19, 0x47, 0x19, 0x47, 0x19, 0x47, 0x19, 0x47, 0x19, 0x47, 0x19, 0x47, 0x19,
    0x47, 0x19, 0x47, 0x19, 0x47, 0x19, 0x47, 0x19, 0x47, 0x19, 0x47, 0x19, 0x47, 0x19, 0x47, 0x19,
    0x47, 0x19, 0x47, 0x19, 0x47, 0x19, 0x47, 0x19, 0x47, 0x19, 0x47, 0x19, 0x47, 0x19, 0x47, 0x19,
    0x47, 0x19, 0x47, 0x19, 0x47, 0x19, 0x47, 0x19, 0x47, 0x19, 0x47, 0x19, 0x47, 0x19, 0x47, 0x19,
    0x47, 0x19, 0x47, 0x19, 0x47, 0x19, 0x47, 0x19, 0x47, 0x19, 0x47, 0x19, 0x47, 0x19, 0x47, 0x19,
    0x47, 0x19, 0x47, 0x19, 0x47, 0x19, 0x47, 0x19, 0x47, 0x19, 0x47, 0x19, 0x47, 0x19, 0x47, 0x19,
    0x47, 0x19, 0x47, 0x19, 0x47, 0x19, 0x47, 0x19, 0x47, 0x19, 0x47, 0x19, 0x47, 0x19, 0x47, 0x19,
    0x47, 0x19, 0x47, 0x19, 0x47, 0x19, 0x47, 0x19, 0x47, 0x19, 0x47, 0x19, 0x47, 0x19, 0x47, 0x19,
    0x47, 0x19, 0x47, 0x19, 0x47, 0x19, 0x47, 0x19, 0x47, 0x19, 0x47, 0x19, 0x47, 0x19, 0x47, 0x19,
    0x47, 0x19, 0x47, 0x19, 0x47, 0x19, 0x47, 0x19, 0x47, 0x19, 0x47, 0x19, 0x47, 0x19, 0x47, 0x19,
    0x47, 0x19, 0x47, 0x19, 0x47, 0x19, 0x47, 0x19, 0x47, 0x19, 0x47, 0x19, 0x47, 0x19, 0x47, 0x19,
    0x47, 0x19, 0x47, 0x19, 0x47, 0x19, 0x47, 0x19, 0x47, 0x19, 0x47, 0x19, 0x47, 0x19, 0x47, 0x19,
    0x47, 0x19, 0x47, 0x19, 0x47, 0x19, 0x47, 0x19, 0x47, 0x19, 0x47, 0x19, 0x47, 0x19, 0x47, 0x21,
    0x27, 0x19, 0x88, 0x29, 0x1c, 0xdf, 0xff, 0xff, 0xbe, 0xf7, 0xdf, 0xff, 0xdf, 0xff, 0xdf, 0xff,
    0xdf, 0xff, 0xdf, 0xff, 0xdf, 0xff, 0xdf, 0xff, 0xdf, 0xff, 0xdf, 0xff, 0xdf, 0xff, 0xdf, 0xff,
    0xdf, 0xff, 0xdf, 0xff, 0xdf, 0xff, 0xdf, 0xff, 0xdf, 0xff, 0xdf, 0xff, 0xbe, 0xf7, 0xff, 0xff,
    0xdb, 0xde, 0x88, 0x29, 0x27, 0x19, 0x47, 0x19, 0x47, 0x19, 0x47, 0x19, 0x47, 0x19, 0x47, 0x19,
    0x47, 0x19, 0x47, 0x19, 0x47, 0x21, 0xe6, 0x10, 0x14, 0x9d, 0xff, 0xff, 0xbe, 0xf7, 0xdf, 0xff,
    0xdf, 0xff, 0xdf, 0xff, 0xdf, 0xff, 0xdf, 0xff, 0xdf, 0xff, 0xdf, 0xff, 0xdf, 0xff, 0xdf, 0xff,
    0xdf, 0xff, 0xdf, 0xff, 0xdf, 0xff, 0xdf, 0xff, 0xdf, 0xff, 0xdf, 0xff, 0xdf, 0xff, 0xbe, 0xf7,
    0xff, 0xff, 0x96, 0xad, 0x06, 0x11, 0x47, 0x19, 0x47, 0x19, 0x47, 0x19, 0x47, 0x19, 0x47, 0x19,
    0x47, 0x19, 0x47, 0x19, 0x47, 0x19, 0x47, 0x19, 0x47, 0x19, 0x47, 0x19, 0x47, 0x19, 0x47, 0x21,
    0x06, 0x11, 0x35, 0xa5, 0xff, 0xff, 0xff, 0xff, 0xff, 0xff, 0xff, 0xff, 0xff, 0xff, 0xff, 0xff,
    0xff, 0xff, 0xff, 0xff, 0xff, 0xff, 0xff, 0xff, 0xff, 0xff, 0xff, 0xff, 0xff, 0xff, 0x0d, 0x53,
    0xe6, 0x10, 0x67, 0x21, 0x47, 0x19, 0x26, 0x19, 0x39, 0xc6, 0xff, 0xff, 0xbe, 0xf7, 0xdf, 0xff,
    0xdf, 0xff, 0xdf, 0xff, 0xdf, 0xff, 0xdf, 0xff, 0xdf, 0xff, 0xdf, 0xff, 0xdf, 0xff, 0xbe, 0xf7,
    0xff, 0xff, 0x72, 0x84, 0xc5, 0x08, 0x67, 0x21, 0x47, 0x19, 0x47, 0x19, 0x47, 0x19, 0x47, 0x19,
    0x47, 0x19, 0x47, 0x19, 0x47, 0x19, 0x47, 0x21, 0xe6, 0x10, 0x35, 0xa5, 0xff, 0xff, 0xbe, 0xf7,
    0xdf, 0xff, 0xdf, 0xff, 0xdf, 0xff, 0xdf, 0xff, 0xdf, 0xff, 0xdf, 0xff, 0xdf, 0xff, 0xdf, 0xff,
    0xdf, 0xff, 0xdf, 0xff, 0xdf, 0xff, 0xdf, 0xff, 0xdf, 0xff, 0xdf, 0xff, 0xdf, 0xff, 0xdf, 0xff,
    0xdf, 0xff, 0xdf, 0xff, 0xdf, 0xff, 0xdf, 0xff, 0xdf, 0xff, 0xdf, 0xff, 0xdf, 0xff, 0xbe, 0xf7,
    0xdf, 0xff, 0xbe, 0xf7, 0x6b, 0x42, 0x06, 0x11, 0x47, 0x21, 0x47, 0x19, 0x47, 0x19, 0x47, 0x19,
    0x47, 0x19, 0x47, 0x19, 0x47, 0x19, 0x47, 0x19, 0x47, 0x19, 0x47, 0x19, 0x47, 0x19, 0x47, 0x19,
    0x47, 0x19, 0x47, 0x19, 0x47, 0x19, 0x47, 0x19, 0x47, 0x19, 0x47, 0x19, 0x47, 0x19, 0x47, 0x19,
    0x47, 0x19, 0x47, 0x19, 0x47, 0x19, 0x47, 0x19, 0x47, 0x19, 0x47, 0x19, 0x47, 0x19, 0x47, 0x19,
    0x47, 0x19, 0x47, 0x19, 0x47, 0x19, 0x47, 0x19, 0x47, 0x19, 0x47, 0x19, 0x47, 0x19, 0x47, 0x19,
    0x47, 0x19, 0x47, 0x19, 0x47, 0x19, 0x47, 0x19, 0x47, 0x19, 0x47, 0x19, 0x47, 0x19, 0x47, 0x19,
    0x47, 0x19, 0x47, 0x19, 0x47, 0x19, 0x47, 0x19, 0x47, 0x19, 0x47, 0x19, 0x47, 0x19, 0x47, 0x19,
    0x47, 0x19, 0x47, 0x19, 0x47, 0x19, 0x47, 0x19, 0x47, 0x19, 0x47, 0x19, 0x47, 0x19, 0x47, 0x19,
    0x47, 0x19, 0x47, 0x19, 0x47, 0x19, 0x47, 0x19, 0x47, 0x19, 0x47, 0x19, 0x47, 0x19, 0x47, 0x19,
    0x47, 0x19, 0x47, 0x19, 0x47, 0x19, 0x47, 0x19, 0x47, 0x19, 0x47, 0x19, 0x47, 0x19, 0x47, 0x19,
    0x47, 0x19, 0x47, 0x19, 0x47, 0x19, 0x47, 0x19, 0x47, 0x19, 0x47, 0x19, 0x47, 0x19, 0x47, 0x19,
    0x47, 0x19, 0x47, 0x19, 0x47, 0x19, 0x47, 0x19, 0x47, 0x19, 0x47, 0x19, 0x47, 0x19, 0x47, 0x19,
    0x47, 0x19, 0x47, 0x19, 0x47, 0x19, 0x47, 0x19, 0x47, 0x19, 0x47, 0x19, 0x47, 0x19, 0x47, 0x19,
    0x47, 0x19, 0x47, 0x19, 0x47, 0x19, 0x47, 0x19, 0x47, 0x19, 0x47, 0x19, 0x47, 0x19, 0x47, 0x19,
    0x47, 0x19, 0x47, 0x19, 0x47, 0x19, 0x47, 0x19, 0x47, 0x19, 0x47, 0x19, 0x47, 0x19, 0x47, 0x19,
    0x47, 0x19, 0x47, 0x19, 0x47, 0x19, 0x47, 0x19, 0x47, 0x19, 0x47, 0x19, 0x47, 0x19, 0x47, 0x19,
    0x47, 0x19, 0x47, 0x19, 0x47, 0x19, 0x47, 0x19, 0x47, 0x19, 0x47, 0x19, 0x47, 0x19, 0x47, 0x19,
    0x67, 0x21, 0xc5, 0x08, 0x11, 0x7c, 0xff, 0xff, 0xbe, 0xf7, 0xdf, 0xff, 0xdf, 0xff, 0xdf, 0xff,
    0xdf, 0xff, 0xdf, 0xff, 0xdf, 0xff, 0xdf, 0xff, 0xdf, 0xff, 0xdf, 0xff, 0xdf, 0xff, 0xdf, 0xff,
    0xdf, 0xff, 0xdf, 0xff, 0xdf, 0xff, 0xdf, 0xff, 0xdf, 0xff, 0xbe, 0xf7, 0xdf, 0xff, 0x9e, 0xf7,
    0xac, 0x4a, 0xe6, 0x10, 0x67, 0x21, 0x47, 0x19, 0x47, 0x19, 0x47, 0x19, 0x47, 0x19, 0x47, 0x19,
    0x47, 0x19, 0x47, 0x19, 0x47, 0x19, 0x27, 0x19, 0x67, 0x21, 0x59, 0xce, 0xff, 0xff, 0xbe, 0xf7,
    0xdf, 0xff, 0xdf, 0xff, 0xdf, 0xff, 0xdf, 0xff, 0xdf, 0xff, 0xdf, 0xff, 0xdf, 0xff, 0xdf, 0xff,
    0xdf, 0xff, 0xdf, 0xff, 0xdf, 0xff, 0xdf, 0xff, 0xdf, 0xff, 0xdf, 0xff, 0xbe, 0xf7, 0xff, 0xff,
    0xba, 0xd6, 0x88, 0x21, 0x27, 0x19, 0x47, 0x19, 0x47, 0x19, 0x47, 0x19, 0x47, 0x19, 0x47, 0x19,
    0x47, 0x19, 0x47, 0x19, 0x47, 0x19, 0x47, 0x19, 0x47, 0x19, 0x47, 0x19, 0x47, 0x19, 0x47, 0x19,
    0x27, 0x19, 0x88, 0x21, 0xf1, 0x73, 0xd4, 0x94, 0xd4, 0x94, 0xd4, 0x94, 0xd4, 0x94, 0xd4, 0x94,
    0xd4, 0x94, 0xd4, 0x94, 0xd4, 0x94, 0xd4, 0x94, 0xd4, 0x94, 0xd4, 0x94, 0xd0, 0x73, 0x67, 0x21,
    0x47, 0x19, 0x47, 0x19, 0x47, 0x21, 0xe6, 0x10, 0x35, 0xa5, 0xff, 0xff, 0xbe, 0xf7, 0xdf, 0xff,
    0xdf, 0xff, 0xdf, 0xff, 0xdf, 0xff, 0xdf, 0xff, 0xdf, 0xff, 0xdf, 0xff, 0xdf, 0xff, 0xbe, 0xf7,
    0xff, 0xff, 0x31, 0x7c, 0xc5, 0x08, 0x67, 0x21, 0x47, 0x19, 0x47, 0x19, 0x47, 0x19, 0x47, 0x19,
    0x47, 0x19, 0x47, 0x19, 0x47, 0x19, 0x47, 0x19, 0x27, 0x19, 0x27, 0x19, 0xb7, 0xb5, 0xff, 0xff,
    0xbe, 0xf7, 0xdf, 0xff, 0xdf, 0xff, 0xdf, 0xff, 0xdf, 0xff, 0xdf, 0xff, 0xdf, 0xff, 0xdf, 0xff,
    0xdf, 0xff, 0xdf, 0xff, 0xdf, 0xff, 0xdf, 0xff, 0xdf, 0xff, 0xdf, 0xff, 0xdf, 0xff, 0xdf, 0xff,
    0xdf, 0xff, 0xdf, 0xff, 0xdf, 0xff, 0xdf, 0xff, 0xdf, 0xff, 0xdf, 0xff, 0xbe, 0xf7, 0xbe, 0xf7,
    0xff, 0xff, 0x32, 0x7c, 0xe5, 0x10, 0x67, 0x21, 0x47, 0x19, 0x47, 0x19, 0x47, 0x19, 0x47, 0x19,
    0x47, 0x19, 0x47, 0x19, 0x47, 0x19, 0x47, 0x19, 0x47, 0x19, 0x47, 0x19, 0x47, 0x19, 0x47, 0x19,
    0x47, 0x19, 0x47, 0x19, 0x47, 0x19, 0x47, 0x19, 0x47, 0x19, 0x47, 0x19, 0x47, 0x19, 0x47, 0x19,
    0x47, 0x19, 0x47, 0x19, 0x47, 0x19, 0x47, 0x19, 0x47, 0x19, 0x47, 0x19, 0x47, 0x19, 0x47, 0x19,
    0x47, 0x19, 0x47, 0x19, 0x47, 0x19, 0x47, 0x19, 0x47, 0x19, 0x47, 0x19, 0x47, 0x19, 0x47, 0x19,
    0x47, 0x19, 0x47, 0x19, 0x47, 0x19, 0x47, 0x19, 0x47, 0x19, 0x47, 0x19, 0x47, 0x19, 0x47, 0x19,
    0x47, 0x19, 0x47, 0x19, 0x47, 0x19, 0x47, 0x19, 0x47, 0x19, 0x47, 0x19, 0x47, 0x19, 0x47, 0x19,
    0x47, 0x19, 0x47, 0x19, 0x47, 0x19, 0x47, 0x19, 0x47, 0x19, 0x47, 0x19, 0x47, 0x19, 0x47, 0x19,
    0x47, 0x19, 0x47, 0x19, 0x47, 0x19, 0x47, 0x19, 0x47, 0x19, 0x47, 0x19, 0x47, 0x19, 0x47, 0x19,
    0x47, 0x19, 0x47, 0x19, 0x47, 0x19, 0x47, 0x19, 0x47, 0x19, 0x47, 0x19, 0x47, 0x19, 0x47, 0x19,
    0x47, 0x19, 0x47, 0x19, 0x47, 0x19, 0x47, 0x19, 0x47, 0x19, 0x47, 0x19, 0x47, 0x19, 0x47, 0x19,
    0x47, 0x19, 0x47, 0x19, 0x47, 0x19, 0x47, 0x19, 0x47, 0x19, 0x47, 0x19, 0x47, 0x19, 0x47, 0x19,
    0x47, 0x19, 0x47, 0x19, 0x47, 0x19, 0x47, 0x19, 0x47, 0x19, 0x47, 0x19, 0x47, 0x19, 0x47, 0x19,
    0x47, 0x19, 0x47, 0x19, 0x47, 0x19, 0x47, 0x19, 0x47, 0x19, 0x47, 0x19, 0x47, 0x19, 0x47, 0x19,
    0x47, 0x19, 0x47, 0x19, 0x47, 0x19, 0x47, 0x19, 0x47, 0x19, 0x47, 0x19, 0x47, 0x19, 0x47, 0x19,
    0x47, 0x19, 0x47, 0x19, 0x47, 0x19, 0x47, 0x19, 0x47, 0x19, 0x47, 0x19, 0x47, 0x19, 0x47, 0x19,
    0x47, 0x19, 0x47, 0x19, 0x47, 0x19, 0x47, 0x19, 0x47, 0x19, 0x47, 0x19, 0x47, 0x19, 0x47, 0x19,
    0x47, 0x19, 0x47, 0x19, 0x47, 0x19, 0x9a, 0xce, 0xff, 0xff, 0xbe, 0xf7, 0xdf, 0xff, 0xdf, 0xff,
    0xdf, 0xff, 0xdf, 0xff, 0xdf, 0xff, 0xdf, 0xff, 0xdf, 0xff, 0xdf, 0xff, 0xdf, 0xff, 0xdf, 0xff,
    0xdf, 0xff, 0xdf, 0xff, 0xdf, 0xff, 0xdf, 0xff, 0xbe, 0xf7, 0xdf, 0xff, 0xff, 0xff, 0x4e, 0x63,
    0xe5, 0x10, 0x67, 0x21, 0x47, 0x19, 0x47, 0x19, 0x47, 0x19, 0x47, 0x19, 0x47, 0x19, 0x47, 0x19,
    0x47, 0x19, 0x47, 0x19, 0x47, 0x19, 0x47, 0x21, 0x06, 0x11, 0xa8, 0x29, 0x9a, 0xce, 0xff, 0xff,
    0xbe, 0xf7, 0xdf, 0xff, 0xdf, 0xff, 0xdf, 0xff, 0xdf, 0xff, 0xdf, 0xff, 0xdf, 0xff, 0xdf, 0xff,
    0xdf, 0xff, 0xdf, 0xff, 0xdf, 0xff, 0xdf, 0xff, 0xdf, 0xff, 0xbe, 0xf7, 0xff, 0xff, 0x3c, 0xe7,
    0x2a, 0x3a, 0x06, 0x11, 0x67, 0x21, 0x47, 0x19, 0x47, 0x19, 0x47, 0x19, 0x47, 0x19, 0x47, 0x19,
    0x47, 0x19, 0x47, 0x19, 0x47, 0x19, 0x47, 0x19, 0x47, 0x19, 0x47, 0x19, 0x47, 0x19, 0x47, 0x19,
    0x47, 0x19, 0x27, 0x19, 0xe5, 0x10, 0xc5, 0x08, 0xe5, 0x10, 0xe5, 0x10, 0xe5, 0x10, 0xe5, 0x10,
    0xe5, 0x10, 0xe5, 0x10, 0xe5, 0x10, 0xe5, 0x10, 0xe5, 0x10, 0xc5, 0x08, 0xe5, 0x10, 0x47, 0x19,
    0x47, 0x19, 0x47, 0x19, 0x67, 0x21, 0xc5, 0x10, 0x11, 0x7c, 0xff, 0xff, 0xbe, 0xf7, 0xdf, 0xff,
    0xdf, 0xff, 0xdf, 0xff, 0xdf, 0xff, 0xdf, 0xff, 0xdf, 0xff, 0xdf, 0xff, 0xdf, 0xff, 0xbe, 0xf7,
    0xff, 0xff, 0xd0, 0x73, 0xe5, 0x10, 0x67, 0x21, 0x47, 0x19, 0x47, 0x19, 0x47, 0x19, 0x47, 0x19,
    0x47, 0x19, 0x47, 0x19, 0x47, 0x19, 0x47, 0x19, 0x47, 0x21, 0x26, 0x19, 0x47, 0x19, 0xd8, 0xbd,
    0xff, 0xff, 0xbe, 0xf7, 0xbe, 0xf7, 0xdf, 0xff, 0xdf, 0xff, 0xdf, 0xff, 0xdf, 0xff, 0xdf, 0xff,
    0xdf, 0xff, 0xdf, 0xff, 0xdf, 0xff, 0xdf, 0xff, 0xdf, 0xff, 0xdf, 0xff, 0xdf, 0xff, 0xdf, 0xff,
    0xdf, 0xff, 0xdf, 0xff, 0xdf, 0xff, 0xdf, 0xff, 0xdf, 0xff, 0xbe, 0xf7, 0xbe, 0xf7, 0xff, 0xff,
    0x35, 0xa5, 0x06, 0x11, 0x47, 0x19, 0x47, 0x19, 0x47, 0x19, 0x47, 0x19, 0x47, 0x19, 0x47, 0x19,
    0x47, 0x19, 0x47, 0x19, 0x47, 0x19, 0x47, 0x19, 0x47, 0x19, 0x47, 0x19, 0x47, 0x19, 0x47, 0x19,
    0x47, 0x19, 0x47, 0x19, 0x47, 0x19, 0x47, 0x19, 0x47, 0x19, 0x47, 0x19, 0x47, 0x19, 0x47, 0x19,
    0x47, 0x19, 0x47, 0x19, 0x47, 0x19, 0x47, 0x19, 0x47, 0x19, 0x47, 0x19, 0x47, 0x19, 0x47, 0x19,
    0x47, 0x19, 0x47, 0x19, 0x47, 0x19, 0x47, 0x19, 0x47, 0x19, 0x47, 0x19, 0x47, 0x19, 0x47, 0x19,
    0x47, 0x19, 0x47, 0x19, 0x47, 0x19, 0x47, 0x19, 0x47, 0x19, 0x47, 0x19, 0x47, 0x19, 0x47, 0x19,
    0x47, 0x19, 0x47, 0x19, 0x47, 0x19, 0x47, 0x19, 0x47, 0x19, 0x47, 0x19, 0x47, 0x19, 0x47, 0x19,
    0x47, 0x19, 0x47, 0x19, 0x47, 0x19, 0x47, 0x19, 0x47, 0x19, 0x47, 0x19, 0x47, 0x19, 0x47, 0x19,
    0x47, 0x19, 0x47, 0x19, 0x47, 0x19, 0x47, 0x19, 0x47, 0x19, 0x47, 0x19, 0x47, 0x19, 0x47, 0x19,
    0x47, 0x19, 0x47, 0x19, 0x47, 0x19, 0x47, 0x19, 0x47, 0x19, 0x47, 0x19, 0x47, 0x19, 0x47, 0x19,
    0x47, 0x19, 0x47, 0x19, 0x47, 0x19, 0x47, 0x19, 0x47, 0x19, 0x47, 0x19, 0x47, 0x19, 0x47, 0x19,
    0x47, 0x19, 0x47, 0x19, 0x47, 0x19, 0x47, 0x19, 0x47, 0x19, 0x47, 0x19, 0x47, 0x19, 0x47, 0x19,
    0x47, 0x19, 0x47, 0x19, 0x47, 0x19, 0x47, 0x19, 0x47, 0x19, 0x47, 0x19, 0x47, 0x19, 0x47, 0x19,
    0x47, 0x19, 0x47, 0x19, 0x47, 0x19, 0x47, 0x19, 0x47, 0x19, 0x47, 0x19, 0x47, 0x19, 0x47, 0x19,
    0x47, 0x19, 0x47, 0x19, 0x47, 0x19, 0x47, 0x19, 0x47, 0x19, 0x47, 0x19, 0x47, 0x19, 0x47, 0x19,
    0x47, 0x19, 0x47, 0x19, 0x47, 0x19, 0x47, 0x19, 0x47, 0x19, 0x47, 0x19, 0x47, 0x19, 0x47, 0x19,
    0x47, 0x19, 0x47, 0x19, 0x47, 0x19, 0x47, 0x19, 0x47, 0x19, 0x47, 0x19, 0x47, 0x19, 0x47, 0x19,
    0x47, 0x19, 0x67, 0x21, 0xe6, 0x10, 0xac, 0x4a, 0xbe, 0xf7, 0xdf, 0xff, 0xbe, 0xf7, 0xdf, 0xff,
    0xdf, 0xff, 0xdf, 0xff, 0xdf, 0xff, 0xdf, 0xff, 0xdf, 0xff, 0xdf, 0xff, 0xdf, 0xff, 0xdf, 0xff,
    0xdf, 0xff, 0xdf, 0xff, 0xdf, 0xff, 0xbe, 0xf7, 0xff, 0xff, 0xbe, 0xf7, 0x6f, 0x63, 0xe5, 0x10,
    0x67, 0x21, 0x47, 0x19, 0x47, 0x19, 0x47, 0x19, 0x47, 0x19, 0x47, 0x19, 0x47, 0x19, 0x47, 0x19,
    0x47, 0x19, 0x47, 0x19, 0x47, 0x19, 0x47, 0x19, 0x67, 0x21, 0x06, 0x11, 0xa9, 0x29, 0x59, 0xc6,
    0xff, 0xff, 0xbe, 0xf7, 0xbe, 0xf7, 0xdf, 0xff, 0xdf, 0xff, 0xdf, 0xff, 0xdf, 0xff, 0xdf, 0xff,
    0xdf, 0xff, 0xdf, 0xff, 0xdf, 0xff, 0xbe, 0xf7, 0xbe, 0xf7, 0xff, 0xff, 0x1c, 0xdf, 0x4b, 0x42,
    0xe6, 0x10, 0x67, 0x21, 0x47, 0x19, 0x47, 0x19, 0x47, 0x19, 0x47, 0x19, 0x47, 0x19, 0x47, 0x19,
    0x47, 0x19, 0x47, 0x19, 0x47, 0x19, 0x47, 0x19, 0x47, 0x19, 0x47, 0x19, 0x47, 0x19, 0x47, 0x19,
    0x47, 0x19, 0x47, 0x19, 0x67, 0x21, 0x67, 0x21, 0x67, 0x21, 0x67, 0x21, 0x67, 0x21, 0x67, 0x21,
    0x67, 0x21, 0x67, 0x21, 0x67, 0x21, 0x67, 0x21, 0x67, 0x21, 0x67, 0x21, 0x67, 0x21, 0x47, 0x19,
    0x47, 0x19, 0x47, 0x19, 0x47, 0x21, 0xe6, 0x10, 0xac, 0x4a, 0xff, 0xff, 0xbe, 0xf7, 0xbe, 0xf7,
    0xdf, 0xff, 0xdf, 0xff, 0xdf, 0xff, 0xdf, 0xff, 0xdf, 0xff, 0xdf, 0xff, 0xdf, 0xff, 0xbe, 0xf7,
    0xff, 0xff, 0x4e, 0x63, 0xe6, 0x10, 0x67, 0x21, 0x47, 0x19, 0x47, 0x19, 0x47, 0x19, 0x47, 0x19,
    0x47, 0x19, 0x47, 0x19, 0x47, 0x19, 0x47, 0x19, 0x47, 0x19, 0x47, 0x21, 0x26, 0x19, 0x47, 0x19,
    0x96, 0xad, 0xff, 0xff, 0xdf, 0xff, 0xbe, 0xf7, 0xbe, 0xf7, 0xdf, 0xff, 0xdf, 0xff, 0xdf, 0xff,
    0xdf, 0xff, 0xdf, 0xff, 0xdf, 0xff, 0xdf, 0xff, 0xdf, 0xff, 0xdf, 0xff, 0xdf, 0xff, 0xdf, 0xff,
    0xdf, 0xff, 0xdf, 0xff, 0xdf, 0xff, 0xbe, 0xf7, 0xbe, 0xf7, 0xdf, 0xff, 0xff, 0xff, 0x15, 0x9d,
    0x26, 0x19, 0x47, 0x19, 0x47, 0x19, 0x47, 0x19, 0x47, 0x19, 0x47, 0x19, 0x47, 0x19, 0x47, 0x19,
    0x47, 0x19, 0x47, 0x19, 0x47, 0x19, 0x47, 0x19, 0x47, 0x19, 0x47, 0x19, 0x47, 0x19, 0x47, 0x19,
    0x47, 0x19, 0x47, 0x19, 0x47, 0x19, 0x47, 0x19, 0x47, 0x19, 0x47, 0x19, 0x47, 0x19, 0x47, 0x19,
    0x47, 0x19, 0x47, 0x19, 0x47, 0x19, 0x47, 0x19, 0x47, 0x19, 0x47, 0x19, 0x47, 0x19, 0x47, 0x19,
    0x47, 0x19, 0x47, 0x19, 0x47, 0x19, 0x47, 0x19, 0x47, 0x19, 0x47, 0x19, 0x47, 0x19, 0x47, 0x19,
    0x47, 0x19, 0x47, 0x19, 0x47, 0x19, 0x47, 0x19, 0x47, 0x19, 0x47, 0x19, 0x47, 0x19, 0x47, 0x19,
    0x47, 0x19, 0x47, 0x19, 0x47, 0x19, 0x47, 0x19, 0x47, 0x19, 0x47, 0x19, 0x47, 0x19, 0x47, 0x19,
    0x47, 0x19, 0x47, 0x19, 0x47, 0x19, 0x47, 0x19, 0x47, 0x19, 0x47, 0x19, 0x47, 0x19, 0x47, 0x19,
    0x47, 0x19, 0x47, 0x19, 0x47, 0x19, 0x47, 0x19, 0x47, 0x19, 0x47, 0x19, 0x47, 0x19, 0x47, 0x19,
    0x47, 0x19, 0x47, 0x19, 0x47, 0x19, 0x47, 0x19, 0x47, 0x19, 0x47, 0x19, 0x47, 0x19, 0x47, 0x19,
    0x47, 0x19, 0x47, 0x19, 0x47, 0x19, 0x47, 0x19, 0x47, 0x19, 0x47, 0x19, 0x47, 0x19, 0x47, 0x19,
    0x47, 0x19, 0x47, 0x19, 0x47, 0x19, 0x47, 0x19, 0x47, 0x19, 0x47, 0x19, 0x47, 0x19, 0x47, 0x19,
    0x47, 0x19, 0x47, 0x19, 0x47, 0x19, 0x47, 0x19, 0x47, 0x19, 0x47, 0x19, 0x47, 0x19, 0x47, 0x19,
    0x47, 0x19, 0x47, 0x19, 0x47, 0x19, 0x47, 0x19, 0x47, 0x19, 0x47, 0x19, 0x47, 0x19, 0x47, 0x19,
    0x47, 0x19, 0x47, 0x19, 0x47, 0x19, 0x47, 0x19, 0x47, 0x19, 0x47, 0x19, 0x47, 0x19, 0x47, 0x19,
    0x47, 0x19, 0x47, 0x19, 0x47, 0x19, 0x47, 0x19, 0x47, 0x19, 0x47, 0x19, 0x47, 0x19, 0x47, 0x19,
    0x47, 0x19, 0x47, 0x19, 0x47, 0x19, 0x47, 0x19, 0x47, 0x19, 0x47, 0x19, 0x47, 0x19, 0x47, 0x19,
    0x47, 0x19, 0x47, 0x19, 0x67, 0x21, 0xc5, 0x10, 0x11, 0x7c, 0xff, 0xff, 0xbe, 0xf7, 0xbe, 0xf7,
    0xdf, 0xff, 0xdf, 0xff, 0xdf, 0xff, 0xdf, 0xff, 0xdf, 0xff, 0xdf, 0xff, 0xdf, 0xff, 0xdf, 0xff,
    0xdf, 0xff, 0xbe, 0xf7, 0xbe, 0xf7, 0xff, 0xff, 0x1c, 0xe7, 0xed, 0x52, 0xc5, 0x08, 0x47, 0x21,
    0x47, 0x19, 0x47, 0x19, 0x47, 0x19, 0x47, 0x19, 0x47, 0x19, 0x47, 0x19, 0x47, 0x19, 0x47, 0x19,
    0x47, 0x19, 0x47, 0x19, 0x47, 0x19, 0x47, 0x19, 0x47, 0x19, 0x67, 0x21, 0x06, 0x11, 0x67, 0x21,
    0x76, 0xad, 0xff, 0xff, 0xff, 0xff, 0xbe, 0xf7, 0xbe, 0xf7, 0xdf, 0xff, 0xdf, 0xff, 0xdf, 0xff,
    0xdf, 0xff, 0xbe, 0xf7, 0xbe, 0xf7, 0xdf, 0xff, 0xff, 0xff, 0x39, 0xc6, 0xea, 0x31, 0xe6, 0x10,
    0x67, 0x21, 0x47, 0x19, 0x47, 0x19, 0x47, 0x19, 0x47, 0x19, 0x47, 0x19, 0x47, 0x19, 0x47, 0x19,
    0x47, 0x19, 0x47, 0x19, 0x47, 0x19, 0x47, 0x19, 0x47, 0x19, 0x47, 0x19, 0x47, 0x19, 0x47, 0x19,
    0x47, 0x19, 0x47, 0x19, 0x47, 0x19, 0x47, 0x19, 0x47, 0x19, 0x47, 0x19, 0x47, 0x19, 0x47, 0x19,
    0x47, 0x19, 0x47, 0x19, 0x47, 0x19, 0x47, 0x19, 0x47, 0x19, 0x47, 0x19, 0x47, 0x19, 0x47, 0x19,
    0x47, 0x19, 0x47, 0x19, 0x47, 0x19, 0x47, 0x19, 0x47, 0x19, 0x39, 0xc6, 0xff, 0xff, 0xff, 0xff,
    0xbe, 0xf7, 0xbe, 0xf7, 0xbe, 0xf7, 0xdf, 0xff, 0xdf, 0xff, 0xdf, 0xff, 0xdf, 0xff, 0xdf, 0xff,
    0xdf, 0xff, 0xcc, 0x52, 0xe6, 0x10, 0x47, 0x21, 0x47, 0x19, 0x47, 0x19, 0x47, 0x19, 0x47, 0x19,
    0x47, 0x19, 0x47, 0x19, 0x47, 0x19, 0x47, 0x19, 0x47, 0x19, 0x47, 0x19, 0x47, 0x21, 0x27, 0x19,
    0x06, 0x11, 0x31, 0x7c, 0x9e, 0xf7, 0xff, 0xff, 0xdf, 0xff, 0xbe, 0xf7, 0xbe, 0xf7, 0xbe, 0xf7,
    0xdf, 0xff, 0xdf, 0xff, 0xdf, 0xff, 0xdf, 0xff, 0xdf, 0xff, 0xdf, 0xff, 0xdf, 0xff, 0xdf, 0xff,
    0xbe, 0xf7, 0xbe, 0xf7, 0xbe, 0xf7, 0xdf, 0xff, 0xff, 0xff, 0x7d, 0xef, 0xf0, 0x73, 0xe6, 0x10,
    0x47, 0x19, 0x47, 0x21, 0x47, 0x19, 0x47, 0x19, 0x47, 0x19, 0x47, 0x19, 0x47, 0x19, 0x47, 0x19,
    0x47, 0x19, 0x47, 0x19, 0x47, 0x19, 0x47, 0x19, 0x47, 0x19, 0x47, 0x19, 0x47, 0x19, 0x47, 0x19,
    0x47, 0x19, 0x47, 0x19, 0x47, 0x19, 0x47, 0x19, 0x47, 0x19, 0x47, 0x19, 0x47, 0x19, 0x47, 0x19,
    0x47, 0x19, 0x47, 0x19, 0x47, 0x19, 0x47, 0x19, 0x47, 0x19, 0x47, 0x19, 0x47, 0x19, 0x47, 0x19,
    0x47, 0x19, 0x47, 0x19, 0x47, 0x19, 0x47, 0x19, 0x47, 0x19, 0x47, 0x19, 0x47, 0x19, 0x47, 0x19,
    0x47, 0x19, 0x47, 0x19, 0x47, 0x19, 0x47, 0x19, 0x47, 0x19, 0x47, 0x19, 0x47, 0x19, 0x47, 0x19,
    0x47, 0x19, 0x47, 0x19, 0x47, 0x19, 0x47, 0x19, 0x47, 0x19, 0x47, 0x19, 0x47, 0x19, 0x47, 0x19,
    0x47, 0x19, 0x47, 0x19, 0x47, 0x19, 0x47, 0x19, 0x47, 0x19, 0x47, 0x19, 0x47, 0x19, 0x47, 0x19,
    0x47, 0x19, 0x47, 0x19, 0x47, 0x19, 0x47, 0x19, 0x47, 0x19, 0x47, 0x19, 0x47, 0x19, 0x47, 0x19,
    0x47, 0x19, 0x47, 0x19, 0x47, 0x19, 0x47, 0x19, 0x47, 0x19, 0x47, 0x19, 0x47, 0x19, 0x47, 0x19,
    0x47, 0x19, 0x47, 0x19, 0x47, 0x19, 0x47, 0x19, 0x47, 0x19, 0x47, 0x19, 0x47, 0x19, 0x47, 0x19,
    0x47, 0x19, 0x47, 0x19, 0x47, 0x19, 0x47, 0x19, 0x47, 0x19, 0x47, 0x19, 0x47, 0x19, 0x47, 0x19,
    0x47, 0x19, 0x47, 0x19, 0x47, 0x19, 0x47, 0x19, 0x47, 0x19, 0x47, 0x19, 0x47, 0x19, 0x47, 0x19,
    0x47, 0x19, 0x47, 0x19, 0x47, 0x19, 0x47, 0x19, 0x47, 0x19, 0x47, 0x19, 0x47, 0x19, 0x47, 0x19,
    0x47, 0x19, 0x47, 0x19, 0x47, 0x19, 0x47, 0x19, 0x47, 0x19, 0x47, 0x19, 0x47, 0x19, 0x47, 0x19,
    0x47, 0x19, 0x47, 0x19, 0x47, 0x19, 0x47, 0x19, 0x47, 0x19, 0x47, 0x19, 0x47, 0x19, 0x47, 0x19,
    0x47, 0x19, 0x47, 0x19, 0x47, 0x19, 0x47, 0x19, 0x47, 0x19, 0x47, 0x19, 0x47, 0x19, 0x47, 0x19,
    0x47, 0x19, 0x47, 0x19, 0x47, 0x19, 0x47, 0x21, 0xe6, 0x10, 0xb3, 0x94, 0xff, 0xff, 0xdf, 0xff,
    0xbe, 0xf7, 0xbe, 0xf7, 0xdf, 0xff, 0xdf, 0xff, 0xdf, 0xff, 0xbe, 0xf7, 0xbe, 0xf7, 0xbe, 0xf7,
    0xbe, 0xf7, 0xff, 0xff, 0xff, 0xff, 0xb7, 0xb5, 0xc9, 0x31, 0xe6, 0x10, 0x67, 0x21, 0x47, 0x19,
    0x47, 0x19, 0x47, 0x19, 0x47, 0x19, 0x47, 0x19, 0x47, 0x19, 0x47, 0x19, 0x47, 0x19, 0x47, 0x19,
    0x47, 0x19, 0x47, 0x19, 0x47, 0x19, 0x47, 0x19, 0x47, 0x19, 0x47, 0x19, 0x67, 0x21, 0x27, 0x19,
    0x06, 0x11, 0xd0, 0x73, 0x3d, 0xe7, 0xff, 0xff, 0xff, 0xff, 0xbe, 0xf7, 0xbe, 0xf7, 0xbe, 0xf7,
    0xbe, 0xf7, 0xff, 0xff, 0xff, 0xff, 0x7d, 0xef, 0x72, 0x84, 0x27, 0x19, 0x06, 0x11, 0x67, 0x21,
    0x47, 0x19, 0x47, 0x19, 0x47, 0x19, 0x47, 0x19, 0x47, 0x19, 0x47, 0x19, 0x47, 0x19, 0x47, 0x19,
    0x47, 0x19, 0x47, 0x19, 0x47, 0x19, 0x47, 0x19, 0x47, 0x19, 0x47, 0x19, 0x47, 0x19, 0x47, 0x19,
    0x47, 0x19, 0x47, 0x19, 0x47, 0x19, 0x47, 0x19, 0x47, 0x19, 0x47, 0x19, 0x47, 0x19, 0x47, 0x19,
    0x47, 0x19, 0x47, 0x19, 0x47, 0x19, 0x47, 0x19, 0x47, 0x19, 0x47, 0x19, 0x47, 0x19, 0x47, 0x19,
    0x47, 0x19, 0x47, 0x19, 0x47, 0x19, 0x47, 0x19, 0x26, 0x19, 0xc9, 0x29, 0x93, 0x8c, 0xdb, 0xde,
    0xff, 0xff, 0xff, 0xff, 0xff, 0xff, 0xbe, 0xf7, 0xbe, 0xf7, 0xbe, 0xf7, 0xbe, 0xf7, 0xdf, 0xff,
    0x7e, 0xef, 0x0a, 0x3a, 0x06, 0x11, 0x47, 0x19, 0x47, 0x19, 0x47, 0x19, 0x47, 0x19, 0x47, 0x19,
    0x47, 0x19, 0x47, 0x19, 0x47, 0x19, 0x47, 0x19, 0x47, 0x19, 0x47, 0x19, 0x47, 0x19, 0x47, 0x19,
    0x47, 0x19, 0xc5, 0x10, 0x2a, 0x3a, 0x56, 0xa5, 0x9e, 0xf7, 0xff, 0xff, 0xff, 0xff, 0xdf, 0xff,
    0xbe, 0xf7, 0xbe, 0xf7, 0xbe, 0xf7, 0xbe, 0xf7, 0xbe, 0xf7, 0xbe, 0xf7, 0xbe, 0xf7, 0xbe, 0xf7,
    0xdf, 0xff, 0xff, 0xff, 0xff, 0xff, 0x9e, 0xf7, 0x56, 0xa5, 0x0a, 0x3a, 0xe5, 0x10, 0x47, 0x21,
    0x47, 0x19, 0x47, 0x19, 0x47, 0x19, 0x47, 0x19, 0x47, 0x19, 0x47, 0x19, 0x47, 0x19, 0x47, 0x19,
    0x47, 0x19, 0x47, 0x19, 0x47, 0x19, 0x47, 0x19, 0x47, 0x19, 0x47, 0x19, 0x47, 0x19, 0x47, 0x19,
    0x47, 0x19, 0x47, 0x19, 0x47, 0x19, 0x47, 0x19, 0x47, 0x19, 0x47, 0x19, 0x47, 0x19, 0x47, 0x19,
    0x47, 0x19, 0x47, 0x19, 0x47, 0x19, 0x47, 0x19, 0x47, 0x19, 0x47, 0x19, 0x47, 0x19, 0x47, 0x19,
    0x47, 0x19, 0x47, 0x19, 0x47, 0x19, 0x47, 0x19, 0x47, 0x19, 0x47, 0x19, 0x47, 0x19, 0x47, 0x19,
    0x47, 0x19, 0x47, 0x19, 0x47, 0x19, 0x47, 0x19, 0x47, 0x19, 0x47, 0x19, 0x47, 0x19, 0x47, 0x19,
    0x47, 0x19, 0x47, 0x19, 0x47, 0x19, 0x47, 0x19, 0x47, 0x19, 0x47, 0x19, 0x47, 0x19, 0x47, 0x19,
    0x47, 0x19, 0x47, 0x19, 0x47, 0x19, 0x47, 0x19, 0x47, 0x19, 0x47, 0x19, 0x47, 0x19, 0x47, 0x19,
    0x47, 0x19, 0x47, 0x19, 0x47, 0x19, 0x47, 0x19, 0x47, 0x19, 0x47, 0x19, 0x47, 0x19, 0x47, 0x19,
    0x47, 0x19, 0x47, 0x19, 0x47, 0x19, 0x47, 0x19, 0x47, 0x19, 0x47, 0x19, 0x47, 0x19, 0x47, 0x19,
    0x47, 0x19, 0x47, 0x19, 0x47, 0x19, 0x47, 0x19, 0x47, 0x19, 0x47, 0x19, 0x47, 0x19, 0x47, 0x19,
    0x47, 0x19, 0x47, 0x19, 0x47, 0x19, 0x47, 0x19, 0x47, 0x19, 0x47, 0x19, 0x47, 0x19, 0x47, 0x19,
    0x47, 0x19, 0x47, 0x19, 0x47, 0x19, 0x47, 0x19, 0x47, 0x19, 0x47, 0x19, 0x47, 0x19, 0x47, 0x19,
    0x47, 0x19, 0x47, 0x19, 0x47, 0x19, 0x47, 0x19, 0x47, 0x19, 0x47, 0x19, 0x47, 0x19, 0x47, 0x19,
    0x47, 0x19, 0x47, 0x19, 0x47, 0x19, 0x47, 0x19, 0x47, 0x19, 0x47, 0x19, 0x47, 0x19, 0x47, 0x19,
    0x47, 0x19, 0x47, 0x19, 0x47, 0x19, 0x47, 0x19, 0x47, 0x19, 0x47, 0x19, 0x47, 0x19, 0x47, 0x19,
    0x47, 0x19, 0x47, 0x19, 0x47, 0x19, 0x47, 0x19, 0x47, 0x19, 0x47, 0x19, 0x47, 0x19, 0x47, 0x19,
    0x47, 0x19, 0x47, 0x19, 0x47, 0x19, 0x47, 0x19, 0x47, 0x19, 0xe6, 0x10, 0x52, 0x84, 0xdf, 0xff,
    0xff, 0xff, 0xdf, 0xff, 0xbe, 0xf7, 0xbe, 0xf7, 0xbe, 0xf7, 0xdf, 0xff, 0xff, 0xff, 0xff, 0xff,
    0xff, 0xff, 0x7a, 0xce, 0x4e, 0x63, 0x06, 0x11, 0x06, 0x19, 0x67, 0x21, 0x47, 0x19, 0x47, 0x19,
    0x47, 0x19, 0x47, 0x19, 0x47, 0x19, 0x47, 0x19, 0x47, 0x19, 0x47, 0x19, 0x47, 0x19, 0x47, 0x19,
    0x47, 0x19, 0x47, 0x19, 0x47, 0x19, 0x47, 0x19, 0x47, 0x19, 0x47, 0x19, 0x47, 0x19, 0x47, 0x19,
    0x47, 0x19, 0xe5, 0x10, 0xc9, 0x31, 0xd4, 0x94, 0x1c, 0xe7, 0xff, 0xff, 0xff, 0xff, 0xff, 0xff,
    0xff, 0xff, 0x1c, 0xdf, 0xf4, 0x9c, 0x0a, 0x32, 0xe5, 0x10, 0x47, 0x19, 0x47, 0x21, 0x47, 0x19,
    0x47, 0x19, 0x47, 0x19, 0x47, 0x19, 0x47, 0x19, 0x47, 0x19, 0x47, 0x19, 0x47, 0x19, 0x47, 0x19,
    0x47, 0x19, 0x47, 0x19, 0x47, 0x19, 0x47, 0x19, 0x47, 0x19, 0x47, 0x19, 0x47, 0x19, 0x47, 0x19,
    0x47, 0x19, 0x47, 0x19, 0x47, 0x19, 0x47, 0x19, 0x47, 0x19, 0x47, 0x19, 0x47, 0x19, 0x47, 0x19,
    0x47, 0x19, 0x47, 0x19, 0x47, 0x19, 0x47, 0x19, 0x47, 0x19, 0x47, 0x19, 0x47, 0x19, 0x47, 0x19,
    0x47, 0x19, 0x47, 0x19, 0x47, 0x19, 0x47, 0x19, 0x47, 0x19, 0x27, 0x19, 0xc5, 0x08, 0x68, 0x21,
    0x2e, 0x63, 0x97, 0xad, 0x7d, 0xef, 0xff, 0xff, 0xff, 0xff, 0xdf, 0xff, 0x9e, 0xf7, 0xff, 0xff,
    0x9a, 0xd6, 0x47, 0x19, 0x47, 0x19, 0x47, 0x19, 0x47, 0x19, 0x47, 0x19, 0x47, 0x19, 0x47, 0x19,
    0x47, 0x19, 0x47, 0x19, 0x47, 0x19, 0x47, 0x19, 0x47, 0x19, 0x47, 0x19, 0x47, 0x19, 0x47, 0x19,
    0x47, 0x19, 0x67, 0x21, 0x06, 0x11, 0xe6, 0x10, 0x2a, 0x3a, 0x72, 0x84, 0x59, 0xc6, 0x7d, 0xef,
    0xff, 0xff, 0xff, 0xff, 0xff, 0xff, 0xff, 0xff, 0xff, 0xff, 0xff, 0xff, 0xff, 0xff, 0xff, 0xff,
    0x9e, 0xf7, 0x7a, 0xce, 0x72, 0x8c, 0x2a, 0x3a, 0xe6, 0x10, 0x06, 0x11, 0x67, 0x21, 0x47, 0x19,
    0x47, 0x19, 0x47, 0x19, 0x47, 0x19, 0x47, 0x19, 0x47, 0x19, 0x47, 0x19, 0x47, 0x19, 0x47, 0x19,
    0x47, 0x19, 0x47, 0x19, 0x47, 0x19, 0x47, 0x19, 0x47, 0x19, 0x47, 0x19, 0x47, 0x19, 0x47, 0x19,
    0x47, 0x19, 0x47, 0x19, 0x47, 0x19, 0x47, 0x19, 0x47, 0x19, 0x47, 0x19, 0x47, 0x19, 0x47, 0x19,
    0x47, 0x19, 0x47, 0x19, 0x47, 0x19, 0x47, 0x19, 0x47, 0x19, 0x47, 0x19, 0x47, 0x19, 0x47, 0x19,
    0x47, 0x19, 0x47, 0x19, 0x47, 0x19, 0x47, 0x19, 0x47, 0x19, 0x47, 0x19, 0x47, 0x19, 0x47, 0x19,
    0x47, 0x19, 0x47, 0x19, 0x47, 0x19, 0x47, 0x19, 0x47, 0x19, 0x47, 0x19, 0x47, 0x19, 0x47, 0x19,
    0x47, 0x19, 0x47, 0x19, 0x47, 0x19, 0x47, 0x19, 0x47, 0x19, 0x47, 0x19, 0x47, 0x19, 0x47, 0x19,
    0x47, 0x19, 0x47, 0x19, 0x47, 0x19, 0x47, 0x19, 0x47, 0x19, 0x47, 0x19, 0x47, 0x19, 0x47, 0x19,
    0x47, 0x19, 0x47, 0x19, 0x47, 0x19, 0x47, 0x19, 0x47, 0x19, 0x47, 0x19, 0x47, 0x19, 0x47, 0x19,
    0x47, 0x19, 0x47, 0x19, 0x47, 0x19, 0x47, 0x19, 0x47, 0x19, 0x47, 0x19, 0x47, 0x19, 0x47, 0x19,
    0x47, 0x19, 0x47, 0x19, 0x47, 0x19, 0x47, 0x19, 0x47, 0x19, 0x47, 0x19, 0x47, 0x19, 0x47, 0x19,
    0x47, 0x19, 0x47, 0x19, 0x47, 0x19, 0x47, 0x19, 0x47, 0x19, 0x47, 0x19, 0x47, 0x19, 0x47, 0x19,
    0x47, 0x19, 0x47, 0x19, 0x47, 0x19, 0x47, 0x19, 0x47, 0x19, 0x47, 0x19, 0x47, 0x19, 0x47, 0x19,
    0x47, 0x19, 0x47, 0x19, 0x47, 0x19, 0x47, 0x19, 0x47, 0x19, 0x47, 0x19, 0x47, 0x19, 0x47, 0x19,
    0x47, 0x19, 0x47, 0x19, 0x47, 0x19, 0x47, 0x19, 0x47, 0x19, 0x47, 0x19, 0x47, 0x19, 0x47, 0x19,
    0x47, 0x19, 0x47, 0x19, 0x47, 0x19, 0x47, 0x19, 0x47, 0x19, 0x47, 0x19, 0x47, 0x19, 0x47, 0x19,
    0x47, 0x19, 0x47, 0x19, 0x47, 0x19, 0x47, 0x19, 0x47, 0x19, 0x47, 0x19, 0x47, 0x19, 0x47, 0x19,
    0x47, 0x19, 0x47, 0x19, 0x47, 0x19, 0x47, 0x19, 0x47, 0x19, 0x47, 0x19, 0xe6, 0x10, 0xcc, 0x4a,
    0xf8, 0xbd, 0x9e, 0xf7, 0xff, 0xff, 0xff, 0xff, 0xff, 0xff, 0xbe, 0xf7, 0xfc, 0xde, 0x76, 0xad,
    0x2e, 0x5b, 0x47, 0x19, 0xe6, 0x10, 0x47, 0x19, 0x47, 0x21, 0x47, 0x19, 0x47, 0x19, 0x47, 0x19,
    0x47, 0x19, 0x47, 0x19, 0x47, 0x19, 0x47, 0x19, 0x47, 0x19, 0x47, 0x19, 0x47, 0x19, 0x47, 0x19,
    0x47, 0x19, 0x47, 0x19, 0x47, 0x19, 0x47, 0x19, 0x47, 0x19, 0x47, 0x19, 0x47, 0x19, 0x47, 0x19,
    0x47, 0x19, 0x67, 0x21, 0x26, 0x19, 0xe6, 0x10, 0xa8, 0x29, 0xed, 0x52, 0xb0, 0x73, 0xb0, 0x73,
    0xcd, 0x52, 0xa8, 0x29, 0xe5, 0x10, 0x06, 0x19, 0x67, 0x21, 0x47, 0x19, 0x47, 0x19, 0x47, 0x19,
    0x47, 0x19, 0x47, 0x19, 0x47, 0x19, 0x47, 0x19, 0x47, 0x19, 0x47, 0x19, 0x47, 0x19, 0x47, 0x19,
    0x47, 0x19, 0x47, 0x19, 0x47, 0x19, 0x47, 0x19, 0x47, 0x19, 0x47, 0x19, 0x47, 0x19, 0x47, 0x19,
    0x47, 0x19, 0x47, 0x19, 0x47, 0x19, 0x47, 0x19, 0x47, 0x19, 0x47, 0x19, 0x47, 0x19, 0x47, 0x19,
    0x47, 0x19, 0x47, 0x19, 0x47, 0x19, 0x47, 0x19, 0x47, 0x19, 0x47, 0x19, 0x47, 0x19, 0x47, 0x19,
    0x47, 0x19, 0x47, 0x19, 0x47, 0x19, 0x47, 0x19, 0x47, 0x19, 0x47, 0x19, 0x67, 0x21, 0x27, 0x19,
    0xe6, 0x10, 0xe6, 0x10, 0xe9, 0x31, 0xf1, 0x7b, 0x18, 0xbe, 0x7d, 0xef, 0xff, 0xff, 0xff, 0xff,
    0x11, 0x7c, 0xe6, 0x10, 0x67, 0x21, 0x47, 0x19, 0x47, 0x19, 0x47, 0x19, 0x47, 0x19, 0x47, 0x19,
    0x47, 0x19, 0x47, 0x19, 0x47, 0x19, 0x47, 0x19, 0x47, 0x19, 0x47, 0x19, 0x47, 0x19, 0x47, 0x19,
    0x47, 0x19, 0x47, 0x19, 0x47, 0x21, 0x47, 0x21, 0x06, 0x11, 0xc5, 0x08, 0x27, 0x19, 0xe9, 0x31,
    0xed, 0x52, 0xd0, 0x73, 0x73, 0x8c, 0xd4, 0x94, 0xf4, 0x9c, 0xb3, 0x8c, 0x31, 0x7c, 0x2e, 0x5b,
    0x2a, 0x3a, 0x47, 0x19, 0xc5, 0x08, 0x06, 0x11, 0x47, 0x21, 0x47, 0x21, 0x47, 0x19, 0x47, 0x19,
    0x47, 0x19, 0x47, 0x19, 0x47, 0x19, 0x47, 0x19, 0x47, 0x19, 0x47, 0x19, 0x47, 0x19, 0x47, 0x19,
    0x47, 0x19, 0x47, 0x19, 0x47, 0x19, 0x47, 0x19, 0x47, 0x19, 0x47, 0x19, 0x47, 0x19, 0x47, 0x19,
    0x47, 0x19, 0x47, 0x19, 0x47, 0x19, 0x47, 0x19, 0x47, 0x19, 0x47, 0x19, 0x47, 0x19, 0x47, 0x19,
    0x47, 0x19, 0x47, 0x19, 0x47, 0x19, 0x47, 0x19, 0x47, 0x19, 0x47, 0x19, 0x47, 0x19, 0x47, 0x19,
    0x47, 0x19, 0x47, 0x19, 0x47, 0x19, 0x47, 0x19, 0x47, 0x19, 0x47, 0x19, 0x47, 0x19, 0x47, 0x19,
    0x47, 0x19, 0x47, 0x19, 0x47, 0x19, 0x47, 0x19, 0x47, 0x19, 0x47, 0x19, 0x47, 0x19, 0x47, 0x19,
    0x47, 0x19, 0x47, 0x19, 0x47, 0x19, 0x47, 0x19, 0x47, 0x19, 0x47, 0x19, 0x47, 0x19, 0x47, 0x19,
    0x47, 0x19, 0x47, 0x19, 0x47, 0x19, 0x47, 0x19, 0x47, 0x19, 0x47, 0x19, 0x47, 0x19, 0x47, 0x19,
    0x47, 0x19, 0x47, 0x19, 0x47, 0x19, 0x47, 0x19, 0x47, 0x19, 0x47, 0x19, 0x47, 0x19, 0x47, 0x19,
    0x47, 0x19, 0x47, 0x19, 0x47, 0x19, 0x47, 0x19, 0x47, 0x19, 0x47, 0x19, 0x47, 0x19, 0x47, 0x19,
    0x47, 0x19, 0x47, 0x19, 0x47, 0x19, 0x47, 0x19, 0x47, 0x19, 0x47, 0x19, 0x47, 0x19, 0x47, 0x19,
    0x47, 0x19, 0x47, 0x19, 0x47, 0x19, 0x47, 0x19, 0x47, 0x19, 0x47, 0x19, 0x47, 0x19, 0x47, 0x19,
    0x47, 0x19, 0x47, 0x19, 0x47, 0x19, 0x47, 0x19, 0x47, 0x19, 0x47, 0x19, 0x47, 0x19, 0x47, 0x19,
    0x47, 0x19, 0x47, 0x19, 0x47, 0x19, 0x47, 0x19, 0x47, 0x19, 0x47, 0x19, 0x47, 0x19, 0x47, 0x19,
    0x47, 0x19, 0x47, 0x19, 0x47, 0x19, 0x47, 0x19, 0x47, 0x19, 0x47, 0x19, 0x47, 0x19, 0x47, 0x19,
    0x47, 0x19, 0x47, 0x19, 0x47, 0x19, 0x47, 0x19, 0x47, 0x19, 0x47, 0x19, 0x47, 0x19, 0x47, 0x19,
    0x47, 0x19, 0x47, 0x19, 0x47, 0x19, 0x47, 0x19, 0x47, 0x19, 0x47, 0x19, 0x47, 0x19, 0x47, 0x19,
    0x47, 0x19, 0x47, 0x19, 0x47, 0x19, 0x47, 0x19, 0x47, 0x19, 0x47, 0x19, 0x47, 0x21, 0xe6, 0x10,
    0x06, 0x11, 0x2a, 0x3a, 0x2e, 0x5b, 0x8f, 0x6b, 0x2e, 0x5b, 0x6b, 0x42, 0x88, 0x29, 0xe6, 0x10,
    0xe6, 0x10, 0x47, 0x19, 0x67, 0x21, 0x47, 0x19, 0x47, 0x19, 0x47, 0x19, 0x47, 0x19, 0x47, 0x19,
    0x47, 0x19, 0x47, 0x19, 0x47, 0x19, 0x47, 0x19, 0x47, 0x19, 0x47, 0x19, 0x47, 0x19, 0x47, 0x19,
    0x47, 0x19, 0x47, 0x19, 0x47, 0x19, 0x47, 0x19, 0x47, 0x19, 0x47, 0x19, 0x47, 0x19, 0x47, 0x19,
    0x47, 0x19, 0x47, 0x19, 0x47, 0x19, 0x67, 0x21, 0x27, 0x19, 0xe6, 0x10, 0xc5, 0x08, 0xc5, 0x10,
    0xe6, 0x10, 0x27, 0x19, 0x47, 0x21, 0x47, 0x21, 0x47, 0x19, 0x47, 0x19, 0x47, 0x19, 0x47, 0x19,
    0x47, 0x19, 0x47, 0x19, 0x47, 0x19, 0x47, 0x19, 0x47, 0x19, 0x47, 0x19, 0x47, 0x19, 0x47, 0x19,
    0x47, 0x19, 0x47, 0x19, 0x47, 0x19, 0x47, 0x19, 0x47, 0x19, 0x47, 0x19, 0x47, 0x19, 0x47, 0x19,
    0x47, 0x19, 0x47, 0x19, 0x47, 0x19, 0x47, 0x19, 0x47, 0x19, 0x47, 0x19, 0x47, 0x19, 0x47, 0x19,
    0x47, 0x19, 0x47, 0x19, 0x47, 0x19, 0x47, 0x19, 0x47, 0x19, 0x47, 0x19, 0x47, 0x19, 0x47, 0x19,
    0x47, 0x19, 0x47, 0x19, 0x47, 0x19, 0x47, 0x19, 0x47, 0x19, 0x47, 0x19, 0x47, 0x19, 0x47, 0x19,
    0x67, 0x21, 0x47, 0x21, 0x06, 0x19, 0xc5, 0x08, 0x06, 0x11, 0x0a, 0x32, 0x8f, 0x6b, 0x4e, 0x63,
    0x47, 0x19, 0x47, 0x19, 0x47, 0x19, 0x47, 0x19, 0x47, 0x19, 0x47, 0x19, 0x47, 0x19, 0x47, 0x19,
    0x47, 0x19, 0x47, 0x19, 0x47, 0x19, 0x47, 0x19, 0x47, 0x19, 0x47, 0x19, 0x47, 0x19, 0x47, 0x19,
    0x47, 0x19, 0x47, 0x19, 0x47, 0x19, 0x47, 0x19, 0x47, 0x21, 0x67, 0x21, 0x47, 0x19, 0x26, 0x19,
    0xe6, 0x10, 0xc5, 0x10, 0xc5, 0x08, 0xc5, 0x08, 0xc5, 0x08, 0xc5, 0x08, 0xc5, 0x08, 0xe6, 0x10,
    0x06, 0x11, 0x47, 0x19, 0x67, 0x21, 0x47, 0x21, 0x47, 0x19, 0x47, 0x19, 0x47, 0x19, 0x47, 0x19,
    0x47, 0x19, 0x47, 0x19, 0x47, 0x19, 0x47, 0x19, 0x47, 0x19, 0x47, 0x19, 0x47, 0x19, 0x47, 0x19,
    0x47, 0x19, 0x47, 0x19, 0x47, 0x19, 0x47, 0x19, 0x47, 0x19, 0x47, 0x19, 0x47, 0x19, 0x47, 0x19,
    0x47, 0x19, 0x47, 0x19, 0x47, 0x19, 0x47, 0x19, 0x47, 0x19, 0x47, 0x19, 0x47, 0x19, 0x47, 0x19,
    0x47, 0x19, 0x47, 0x19, 0x47, 0x19, 0x47, 0x19, 0x47, 0x19, 0x47, 0x19, 0x47, 0x19, 0x47, 0x19,
    0x47, 0x19, 0x47, 0x19, 0x47, 0x19, 0x47, 0x19, 0x47, 0x19, 0x47, 0x19, 0x47, 0x19, 0x47, 0x19,
    0x47, 0x19, 0x47, 0x19, 0x47, 0x19, 0x47, 0x19, 0x47, 0x19, 0x47, 0x19, 0x47, 0x19, 0x47, 0x19,
    0x47, 0x19, 0x47, 0x19, 0x47, 0x19, 0x47, 0x19, 0x47, 0x19, 0x47, 0x19, 0x47, 0x19, 0x47, 0x19,
    0x47, 0x19, 0x47, 0x19, 0x47, 0x19, 0x47, 0x19, 0x47, 0x19, 0x47, 0x19, 0x47, 0x19, 0x47, 0x19,
    0x47, 0x19, 0x47, 0x19, 0x47, 0x19, 0x47, 0x19, 0x47, 0x19, 0x47, 0x19, 0x47, 0x19, 0x47, 0x19,
    0x47, 0x19, 0x47, 0x19, 0x47, 0x19, 0x47, 0x19, 0x47, 0x19, 0x47, 0x19, 0x47, 0x19, 0x47, 0x19,
    0x47, 0x19, 0x47, 0x19, 0x47, 0x19, 0x47, 0x19, 0x47, 0x19, 0x47, 0x19, 0x47, 0x19, 0x47, 0x19,
    0x47, 0x19, 0x47, 0x19, 0x47, 0x19, 0x47, 0x19, 0x47, 0x19, 0x47, 0x19, 0x47, 0x19, 0x47, 0x19,
    0x47, 0x19, 0x47, 0x19, 0x47, 0x19, 0x47, 0x19, 0x47, 0x19, 0x47, 0x19, 0x47, 0x19, 0x47, 0x19,
    0x47, 0x19, 0x47, 0x19, 0x47, 0x19, 0x47, 0x19, 0x47, 0x19, 0x47, 0x19, 0x47, 0x19, 0x47, 0x19,
    0x47, 0x19, 0x47, 0x19, 0x47, 0x19, 0x47, 0x19, 0x47, 0x19, 0x47, 0x19, 0x47, 0x19, 0x47, 0x19,
    0x47, 0x19, 0x47, 0x19, 0x47, 0x19, 0x47, 0x19, 0x47, 0x19, 0x47, 0x19, 0x47, 0x19, 0x47, 0x19,
    0x47, 0x19, 0x47, 0x19, 0x47, 0x19, 0x47, 0x19, 0x47, 0x19, 0x47, 0x19, 0x47, 0x19, 0x47, 0x19,
    0x47, 0x19, 0x47, 0x19, 0x47, 0x19, 0x47, 0x19, 0x47, 0x19, 0x47, 0x19, 0x47, 0x19, 0x47, 0x21,
    0x47, 0x19, 0x06, 0x11, 0xe6, 0x10, 0xe5, 0x10, 0xe6, 0x10, 0x06, 0x11, 0x27, 0x19, 0x47, 0x21,
    0x67, 0x21, 0x47, 0x19, 0x47, 0x19, 0x47, 0x19, 0x47, 0x19, 0x47, 0x19, 0x47, 0x19, 0x47, 0x19,
    0x47, 0x19, 0x47, 0x19, 0x47, 0x19, 0x47, 0x19, 0x47, 0x19, 0x47, 0x19, 0x47, 0x19, 0x47, 0x19,
    0x47, 0x19, 0x47, 0x19, 0x47, 0x19, 0x47, 0x19, 0x47, 0x19, 0x47, 0x19, 0x47, 0x19, 0x47, 0x19,
    0x47, 0x19, 0x47, 0x19, 0x47, 0x19, 0x47, 0x19, 0x47, 0x19, 0x47, 0x21, 0x67, 0x21, 0x67, 0x21,
    0x47, 0x21, 0x47, 0x19, 0x47, 0x19, 0x47, 0x19, 0x47, 0x19, 0x47, 0x19, 0x47, 0x19, 0x47, 0x19,
    0x47, 0x19, 0x47, 0x19, 0x47, 0x19, 0x47, 0x19, 0x47, 0x19, 0x47, 0x19, 0x47, 0x19, 0x47, 0x19,
    0x47, 0x19, 0x47, 0x19, 0x47, 0x19, 0x47, 0x19, 0x47, 0x19, 0x47, 0x19, 0x47, 0x19, 0x47, 0x19,
    0x47, 0x19, 0x47, 0x19, 0x47, 0x19, 0x47, 0x19, 0x47, 0x19, 0x47, 0x19, 0x47, 0x19, 0x47, 0x19,
    0x47, 0x19, 0x47, 0x19, 0x47, 0x19, 0x47, 0x19, 0x47, 0x19, 0x47, 0x19, 0x47, 0x19, 0x47, 0x19,
    0x47, 0x19, 0x47, 0x19, 0x47, 0x19, 0x47, 0x19, 0x47, 0x19, 0x47, 0x19, 0x47, 0x19, 0x47, 0x19,
    0x47, 0x19, 0x47, 0x19, 0x47, 0x21, 0x67, 0x21, 0x47, 0x19, 0x06, 0x11, 0xe5, 0x10, 0xe6, 0x10,
    0x47, 0x19, 0x47, 0x19, 0x47, 0x19, 0x47, 0x19, 0x47, 0x19, 0x47, 0x19, 0x47, 0x19, 0x47, 0x19,
    0x47, 0x19, 0x47, 0x19, 0x47, 0x19, 0x47, 0x19, 0x47, 0x19, 0x47, 0x19, 0x47, 0x19, 0x47, 0x19,
    0x47, 0x19, 0x47, 0x19, 0x47, 0x19, 0x47, 0x19, 0x47, 0x19, 0x47, 0x19, 0x47, 0x19, 0x47, 0x19,
    0x47, 0x21, 0x67, 0x21, 0x67, 0x21, 0x67, 0x21, 0x67, 0x21, 0x67, 0x21, 0x67, 0x21, 0x67, 0x21,
    0x47, 0x21, 0x47, 0x19, 0x47, 0x19, 0x47, 0x19, 0x47, 0x19, 0x47, 0x19, 0x47, 0x19, 0x47, 0x19,
    0x47, 0x19, 0x47, 0x19, 0x47, 0x19, 0x47, 0x19, 0x47, 0x19, 0x47, 0x19, 0x47, 0x19, 0x47, 0x19,
    0x47, 0x19, 0x47, 0x19, 0x47, 0x19, 0x47, 0x19, 0x47, 0x19, 0x47, 0x19, 0x47, 0x19, 0x47, 0x19,
    0x47, 0x19, 0x47, 0x19, 0x47, 0x19, 0x47, 0x19, 0x47, 0x19, 0x47, 0x19, 0x47, 0x19, 0x47, 0x19,
    0x47, 0x19, 0x47, 0x19, 0x47, 0x19, 0x47, 0x19, 0x47, 0x19, 0x47, 0x19, 0x47, 0x19, 0x47, 0x19,
    0x47, 0x19, 0x47, 0x19, 0x47, 0x19, 0x47, 0x19, 0x47, 0x19, 0x47, 0x19, 0x47, 0x19, 0x47, 0x19,
    0x47, 0x19, 0x47, 0x19, 0x47, 0x19, 0x47, 0x19, 0x47, 0x19, 0x47, 0x19, 0x47, 0x19, 0x47, 0x19,
    0x47, 0x19, 0x47, 0x19, 0x47, 0x19, 0x47, 0x19, 0x47, 0x19, 0x47, 0x19, 0x47, 0x19, 0x47, 0x19,
    0x47, 0x19, 0x47, 0x19, 0x47, 0x19, 0x47, 0x19, 0x47, 0x19, 0x47, 0x19, 0x47, 0x19, 0x47, 0x19,
    0x47, 0x19, 0x47, 0x19, 0x47, 0x19, 0x47, 0x19, 0x47, 0x19, 0x47, 0x19, 0x47, 0x19, 0x47, 0x19,
    0x47, 0x19, 0x47, 0x19, 0x47, 0x19, 0x47, 0x19, 0x47, 0x19, 0x47, 0x19, 0x47, 0x19, 0x47, 0x19,
    0x47, 0x19, 0x47, 0x19, 0x47, 0x19, 0x47, 0x19, 0x47, 0x19, 0x47, 0x19, 0x47, 0x19, 0x47, 0x19,
    0x47, 0x19, 0x47, 0x19, 0x47, 0x19, 0x47, 0x19, 0x47, 0x19, 0x47, 0x19, 0x47, 0x19, 0x47, 0x19,
    0x47, 0x19, 0x47, 0x19, 0x47, 0x19, 0x47, 0x19, 0x47, 0x19, 0x47, 0x19, 0x47, 0x19, 0x47, 0x19,
    0x47, 0x19, 0x47, 0x19, 0x47, 0x19, 0x47, 0x19, 0x47, 0x19, 0x47, 0x19, 0x47, 0x19, 0x47, 0x19,
    0x47, 0x19, 0x47, 0x19, 0x47, 0x19, 0x47, 0x19, 0x47, 0x19, 0x47, 0x19, 0x47, 0x19, 0x47, 0x19,
    0x47, 0x19, 0x47, 0x19, 0x47, 0x19, 0x47, 0x19, 0x47, 0x19, 0x47, 0x19, 0x47, 0x19, 0x47, 0x19,
    0x47, 0x19, 0x47, 0x19, 0x47, 0x19, 0x47, 0x19, 0x47, 0x19, 0x47, 0x19, 0x47, 0x19, 0x47, 0x19,
    0x47, 0x19, 0x47, 0x19, 0x47, 0x19, 0x47, 0x19, 0x47, 0x19, 0x47, 0x19, 0x47, 0x19, 0x47, 0x19,
    0x47, 0x19, 0x47, 0x21, 0x67, 0x21, 0x67, 0x21, 0x67, 0x21, 0x47, 0x21, 0x47, 0x19, 0x47, 0x19,
    0x47, 0x19, 0x47, 0x19, 0x47, 0x19, 0x47, 0x19, 0x47, 0x19, 0x47, 0x19, 0x47, 0x19, 0x47, 0x19,
    0x47, 0x19, 0x47, 0x19, 0x47, 0x19, 0x47, 0x19, 0x47, 0x19, 0x47, 0x19, 0x47, 0x19, 0x47, 0x19,
    0x47, 0x19, 0x47, 0x19, 0x47, 0x19, 0x47, 0x19, 0x47, 0x19, 0x47, 0x19, 0x47, 0x19, 0x47, 0x19,
    0x47, 0x19, 0x47, 0x19, 0x47, 0x19, 0x47, 0x19, 0x47, 0x19, 0x47, 0x19, 0x47, 0x19, 0x47, 0x19,
    0x47, 0x19, 0x47, 0x19, 0x47, 0x19, 0x47, 0x19, 0x47, 0x19, 0x47, 0x19, 0x47, 0x19, 0x47, 0x19,
    0x47, 0x19, 0x47, 0x19, 0x47, 0x19, 0x47, 0x19, 0x47, 0x19, 0x47, 0x19, 0x47, 0x19, 0x47, 0x19,
    0x47, 0x19, 0x47, 0x19, 0x47, 0x19, 0x47, 0x19, 0x47, 0x19, 0x47, 0x19, 0x47, 0x19, 0x47, 0x19,
    0x47, 0x19, 0x47, 0x19, 0x47, 0x19, 0x47, 0x19, 0x47, 0x19, 0x47, 0x19, 0x47, 0x19, 0x47, 0x19,
    0x47, 0x19, 0x47, 0x19, 0x47, 0x19, 0x47, 0x19, 0x47, 0x19, 0x47, 0x19, 0x47, 0x19, 0x47, 0x19,
    0x47, 0x19, 0x47, 0x19, 0x47, 0x19, 0x47, 0x19, 0x47, 0x19, 0x47, 0x19, 0x47, 0x19, 0x47, 0x19,
    0x47, 0x19, 0x47, 0x19, 0x47, 0x19, 0x47, 0x19, 0x47, 0x19, 0x47, 0x21, 0x67, 0x21, 0x67, 0x21,
    0x47, 0x19, 0x47, 0x19, 0x47, 0x19, 0x47, 0x19, 0x47, 0x19, 0x47, 0x19, 0x47, 0x19, 0x47, 0x19,
    0x47, 0x19, 0x47, 0x19, 0x47, 0x19, 0x47, 0x19, 0x47, 0x19, 0x47, 0x19, 0x47, 0x19, 0x47, 0x19,
    0x47, 0x19, 0x47, 0x19, 0x47, 0x19, 0x47, 0x19, 0x47, 0x19, 0x47, 0x19, 0x47, 0x19, 0x47, 0x19,
    0x47, 0x19, 0x47, 0x19, 0x47, 0x19, 0x47, 0x19, 0x47, 0x19, 0x47, 0x19, 0x47, 0x19, 0x47, 0x19,
    0x47, 0x19, 0x47, 0x19, 0x47, 0x19, 0x47, 0x19, 0x47, 0x19, 0x47, 0x19, 0x47, 0x19, 0x47, 0x19,
    0x47, 0x19, 0x47, 0x19, 0x47, 0x19, 0x47, 0x19, 0x47, 0x19, 0x47, 0x19, 0x47, 0x19, 0x47, 0x19,
    0x47, 0x19, 0x47, 0x19, 0x47, 0x19, 0x47, 0x19, 0x47, 0x19, 0x47, 0x19, 0x47, 0x19, 0x47, 0x19,
    0x47, 0x19, 0x47, 0x19, 0x47, 0x19, 0x47, 0x19, 0x47, 0x19, 0x47, 0x19, 0x47, 0x19, 0x47, 0x19,
    0x47, 0x19, 0x47, 0x19, 0x47, 0x19, 0x47, 0x19, 0x47, 0x19, 0x47, 0x19, 0x47, 0x19, 0x47, 0x19,
    0x47, 0x19, 0x47, 0x19, 0x47, 0x19, 0x47, 0x19, 0x47, 0x19, 0x47, 0x19, 0x47, 0x19, 0x47, 0x19,
    0x47, 0x19, 0x47, 0x19, 0x47, 0x19, 0x47, 0x19, 0x47, 0x19, 0x47, 0x19, 0x47, 0x19, 0x47, 0x19,
    0x47, 0x19, 0x47, 0x19, 0x47, 0x19, 0x47, 0x19, 0x47, 0x19, 0x47, 0x19, 0x47, 0x19, 0x47, 0x19,
    0x47, 0x19, 0x47, 0x19, 0x47, 0x19, 0x47, 0x19, 0x47, 0x19, 0x47, 0x19, 0x47, 0x19, 0x47, 0x19,
    0x47, 0x19, 0x47, 0x19, 0x47, 0x19, 0x47, 0x19, 0x47, 0x19, 0x47, 0x19, 0x47, 0x19, 0x47, 0x19,
    0x47, 0x19, 0x47, 0x19, 0x47, 0x19, 0x47, 0x19, 0x47, 0x19, 0x47, 0x19, 0x47, 0x19, 0x47, 0x19,
    0x47, 0x19, 0x47, 0x19, 0x47, 0x19, 0x47, 0x19, 0x47, 0x19, 0x47, 0x19, 0x47, 0x19, 0x47, 0x19,
    0x47, 0x19, 0x47, 0x19, 0x47, 0x19, 0x47, 0x19, 0x47, 0x19, 0x47, 0x19, 0x47, 0x19, 0x47, 0x19,
    0x47, 0x19, 0x47, 0x19, 0x47, 0x19, 0x47, 0x19, 0x47, 0x19, 0x47, 0x19, 0x47, 0x19, 0x47, 0x19,
    0x47, 0x19, 0x47, 0x19, 0x47, 0x19, 0x47, 0x19, 0x47, 0x19, 0x47, 0x19, 0x47, 0x19, 0x47, 0x19,
    0x47, 0x19, 0x47, 0x19, 0x47, 0x19, 0x47, 0x19, 0x47, 0x19, 0x47, 0x19, 0x47, 0x19, 0x47, 0x19,
    0x47, 0x19, 0x47, 0x19, 0x47, 0x19, 0x47, 0x19, 0x47, 0x19, 0x47, 0x19, 0x47, 0x19, 0x47, 0x19,
    0x47, 0x19, 0x47, 0x19, 0x47, 0x19, 0x47, 0x19, 0x47, 0x19, 0x47, 0x19, 0x47, 0x19, 0x47, 0x19,
    0x47, 0x19, 0x47, 0x19, 0x47, 0x19, 0x47, 0x19, 0x47, 0x19, 0x47, 0x19, 0x47, 0x19, 0x47, 0x19,
    0x47, 0x19, 0x47, 0x19, 0x47, 0x19, 0x47, 0x19, 0x47, 0x19, 0x47, 0x19, 0x47, 0x19, 0x47, 0x19,
    0x47, 0x19, 0x47, 0x19, 0x47, 0x19, 0x47, 0x19, 0x47, 0x19, 0x47, 0x19, 0x47, 0x19, 0x47, 0x19,
    0x47, 0x19, 0x47, 0x19, 0x47, 0x19, 0x47, 0x19, 0x47, 0x19, 0x47, 0x19, 0x47, 0x19, 0x47, 0x19,
    0x47, 0x19, 0x47, 0x19, 0x47, 0x19, 0x47, 0x19, 0x47, 0x19, 0x47, 0x19, 0x47, 0x19, 0x47, 0x19,
    0x47, 0x19, 0x47, 0x19, 0x47, 0x19, 0x47, 0x19, 0x47, 0x19, 0x47, 0x19, 0x47, 0x19, 0x47, 0x19,
    0x47, 0x19, 0x47, 0x19, 0x47, 0x19, 0x47, 0x19, 0x47, 0x19, 0x47, 0x19, 0x47, 0x19, 0x47, 0x19,
    0x47, 0x19, 0x47, 0x19, 0x47, 0x19, 0x47, 0x19, 0x47, 0x19, 0x47, 0x19, 0x47, 0x19, 0x47, 0x19,
    0x47, 0x19, 0x47, 0x19, 0x47, 0x19, 0x47, 0x19, 0x47, 0x19, 0x47, 0x19, 0x47, 0x19, 0x47, 0x19,
    0x47, 0x19, 0x47, 0x19, 0x47, 0x19, 0x47, 0x19, 0x47, 0x19, 0x47, 0x19, 0x47, 0x19, 0x47, 0x19,
    0x47, 0x19, 0x47, 0x19, 0x47, 0x19, 0x47, 0x19, 0x47, 0x19, 0x47, 0x19, 0x47, 0x19, 0x47, 0x19,
    0x47, 0x19, 0x47, 0x19, 0x47, 0x19, 0x47, 0x19, 0x47, 0x19, 0x47, 0x19, 0x47, 0x19, 0x47, 0x19,
    0x47, 0x19, 0x47, 0x19, 0x47, 0x19, 0x47, 0x19, 0x47, 0x19, 0x47, 0x19, 0x47, 0x19, 0x47, 0x19,
    0x47, 0x19, 0x47, 0x19, 0x47, 0x19, 0x47, 0x19, 0x47, 0x19, 0x47, 0x19, 0x47, 0x19, 0x47, 0x19,
    0x47, 0x19, 0x47, 0x19, 0x47, 0x19, 0x47, 0x19, 0x47, 0x19, 0x47, 0x19, 0x47, 0x19, 0x47, 0x19,
    0x47, 0x19, 0x47, 0x19, 0x47, 0x19, 0x47, 0x19, 0x47, 0x19, 0x47, 0x19, 0x47, 0x19, 0x47, 0x19,
    0x47, 0x19, 0x47, 0x19, 0x47, 0x19, 0x47, 0x19, 0x47, 0x19, 0x47, 0x19, 0x47, 0x19, 0x47, 0x19,
    0x47, 0x19, 0x47, 0x19, 0x47, 0x19, 0x47, 0x19, 0x47, 0x19, 0x47, 0x19, 0x47, 0x19, 0x47, 0x19,
    0x47, 0x19, 0x47, 0x19, 0x47, 0x19, 0x47, 0x19, 0x47, 0x19, 0x47, 0x19, 0x47, 0x19, 0x47, 0x19,
    0x47, 0x19, 0x47, 0x19, 0x47, 0x19, 0x47, 0x19, 0x47, 0x19, 0x47, 0x19, 0x47, 0x19, 0x47, 0x19,
    0x47, 0x19, 0x47, 0x19, 0x47, 0x19, 0x47, 0x19, 0x47, 0x19, 0x47, 0x19, 0x47, 0x19, 0x47, 0x19,
    0x47, 0x19, 0x47, 0x19, 0x47, 0x19, 0x47, 0x19, 0x47, 0x19, 0x47, 0x19, 0x47, 0x19, 0x47, 0x19,
    0x47, 0x19, 0x47, 0x19, 0x47, 0x19, 0x47, 0x19, 0x47, 0x19, 0x47, 0x19, 0x47, 0x19, 0x47, 0x19,
    0x47, 0x19, 0x47, 0x19, 0x47, 0x19, 0x47, 0x19, 0x47, 0x19, 0x47, 0x19, 0x47, 0x19, 0x47, 0x19,
    0x47, 0x19, 0x47, 0x19, 0x47, 0x19, 0x47, 0x19, 0x47, 0x19, 0x47, 0x19, 0x47, 0x19, 0x47, 0x19,
    0x47, 0x19, 0x47, 0x19, 0x47, 0x19, 0x47, 0x19, 0x47, 0x19, 0x47, 0x19, 0x47, 0x19, 0x47, 0x19,
    0x47, 0x19, 0x47, 0x19, 0x47, 0x19, 0x47, 0x19, 0x47, 0x19, 0x47, 0x19, 0x47, 0x19, 0x47, 0x19,
    0x47, 0x19, 0x47, 0x19, 0x47, 0x19, 0x47, 0x19, 0x47, 0x19, 0x47, 0x19, 0x47, 0x19, 0x47, 0x19,
    0x47, 0x19, 0x47, 0x19, 0x47, 0x19, 0x47, 0x19, 0x47, 0x19, 0x47, 0x19, 0x47, 0x19, 0x47, 0x19,
    0x47, 0x19, 0x47, 0x19, 0x47, 0x19, 0x47, 0x19, 0x47, 0x19, 0x47, 0x19, 0x47, 0x19, 0x47, 0x19,
    0x47, 0x19, 0x47, 0x19, 0x47, 0x19, 0x47, 0x19, 0x47, 0x19, 0x47, 0x19, 0x47, 0x19, 0x47, 0x19,
    0x47, 0x19, 0x47, 0x19, 0x47, 0x19, 0x47, 0x19, 0x47, 0x19, 0x47, 0x19, 0x47, 0x19, 0x47, 0x19,
    0x47, 0x19, 0x47, 0x19, 0x47, 0x19, 0x47, 0x19, 0x47, 0x19, 0x47, 0x19, 0x47, 0x19, 0x47, 0x19,
    0x47, 0x19, 0x47, 0x19, 0x47, 0x19, 0x47, 0x19, 0x47, 0x19, 0x47, 0x19, 0x47, 0x19, 0x47, 0x19,
    0x47, 0x19, 0x47, 0x19, 0x47, 0x19, 0x47, 0x19, 0x47, 0x19, 0x47, 0x19, 0x47, 0x19, 0x47, 0x19,
    0x47, 0x19, 0x47, 0x19, 0x47, 0x19, 0x47, 0x19, 0x47, 0x19, 0x47, 0x19, 0x47, 0x19, 0x47, 0x19,
    0x47, 0x19, 0x47, 0x19, 0x47, 0x19, 0x47, 0x19, 0x47, 0x19, 0x47, 0x19, 0x47, 0x19, 0x47, 0x19,
    0x47, 0x19, 0x47, 0x19, 0x47, 0x19, 0x47, 0x19, 0x47, 0x19, 0x47, 0x19, 0x47, 0x19, 0x47, 0x19,
    0x47, 0x19, 0x47, 0x19, 0x47, 0x19, 0x47, 0x19, 0x47, 0x19, 0x47, 0x19, 0x47, 0x19, 0x47, 0x19,
    0x47, 0x19, 0x47, 0x19, 0x47, 0x19, 0x47, 0x19, 0x47, 0x19, 0x47, 0x19, 0x47, 0x19, 0x47, 0x19,
    0x47, 0x19, 0x47, 0x19, 0x47, 0x19, 0x47, 0x19, 0x47, 0x19, 0x47, 0x19, 0x47, 0x19, 0x47, 0x19,
    0x47, 0x19, 0x47, 0x19, 0x47, 0x19, 0x47, 0x19, 0x47, 0x19, 0x47, 0x19, 0x47, 0x19, 0x47, 0x19,
    0x47, 0x19, 0x47, 0x19, 0x47, 0x19, 0x47, 0x19, 0x47, 0x19, 0x47, 0x19, 0x47, 0x19, 0x47, 0x19,
    0x47, 0x19, 0x47, 0x19, 0x47, 0x19, 0x47, 0x19, 0x47, 0x19, 0x47, 0x19, 0x47, 0x19, 0x47, 0x19,
    0x47, 0x19, 0x47, 0x19, 0x47, 0x19, 0x47, 0x19, 0x47, 0x19, 0x47, 0x19, 0x47, 0x19, 0x47, 0x19,
    0x47, 0x19, 0x47, 0x19, 0x47, 0x19, 0x47, 0x19, 0x47, 0x19, 0x47, 0x19, 0x47, 0x19, 0x47, 0x19,
    0x47, 0x19, 0x47, 0x19, 0x47, 0x19, 0x47, 0x19, 0x47, 0x19, 0x47, 0x19, 0x47, 0x19, 0x47, 0x19,
    0x47, 0x19, 0x47, 0x19, 0x47, 0x19, 0x47, 0x19, 0x47, 0x19, 0x47, 0x19, 0x47, 0x19, 0x47, 0x19,
    0x47, 0x19, 0x47, 0x19, 0x47, 0x19, 0x47, 0x19, 0x47, 0x19, 0x47, 0x19, 0x47, 0x19, 0x47, 0x19,
    0x47, 0x19, 0x47, 0x19, 0x47, 0x19, 0x47, 0x19, 0x47, 0x19, 0x47, 0x19, 0x47, 0x19, 0x47, 0x19,
    0x47, 0x19, 0x47, 0x19, 0x47, 0x19, 0x47, 0x19, 0x47, 0x19, 0x47, 0x19, 0x47, 0x19, 0x47, 0x19,
    0x47, 0x19, 0x47, 0x19, 0x47, 0x19, 0x47, 0x19, 0x47, 0x19, 0x47, 0x19, 0x47, 0x19, 0x47, 0x19,
    0x47, 0x19, 0x47, 0x19, 0x47, 0x19, 0x47, 0x19, 0x47, 0x19, 0x47, 0x19, 0x47, 0x19, 0x47, 0x19,
    0x47, 0x19, 0x47, 0x19, 0x47, 0x19, 0x47, 0x19, 0x47, 0x19, 0x47, 0x19, 0x47, 0x19, 0x47, 0x19,
    0x47, 0x19, 0x47, 0x19, 0x47, 0x19, 0x47, 0x19, 0x47, 0x19, 0x47, 0x19, 0x47, 0x19, 0x47, 0x19,
    0x47, 0x19, 0x47, 0x19, 0x47, 0x19, 0x47, 0x19, 0x47, 0x19, 0x47, 0x19, 0x47, 0x19, 0x47, 0x19,
    0x47, 0x19, 0x47, 0x19, 0x47, 0x19, 0x47, 0x19, 0x47, 0x19, 0x47, 0x19, 0x47, 0x19, 0x47, 0x19,
    0x47, 0x19, 0x47, 0x19, 0x47, 0x19, 0x47, 0x19, 0x47, 0x19, 0x47, 0x19, 0x47, 0x19, 0x47, 0x19,
    0x47, 0x19, 0x47, 0x19, 0x47, 0x19, 0x47, 0x19, 0x47, 0x19, 0x47, 0x19, 0x47, 0x19, 0x47, 0x19,
    0x47, 0x19, 0x47, 0x19, 0x47, 0x19, 0x47, 0x19, 0x47, 0x19, 0x47, 0x19, 0x47, 0x19, 0x47, 0x19,
    0x47, 0x19, 0x47, 0x19, 0x47, 0x19, 0x47, 0x19, 0x47, 0x19, 0x47, 0x19, 0x47, 0x19, 0x47, 0x19,
    0x47, 0x19, 0x47, 0x19, 0x47, 0x19, 0x47, 0x19, 0x47, 0x19, 0x47, 0x19, 0x47, 0x19, 0x47, 0x19,
    0x47, 0x19, 0x47, 0x19, 0x47, 0x19, 0x47, 0x19, 0x47, 0x19, 0x47, 0x19, 0x47, 0x19, 0x47, 0x19,
    0x47, 0x19, 0x47, 0x19, 0x47, 0x19, 0x47, 0x19, 0x47, 0x19, 0x47, 0x19, 0x47, 0x19, 0x47, 0x19,
    0x47, 0x19, 0x47, 0x19, 0x47, 0x19, 0x47, 0x19, 0x47, 0x19, 0x47, 0x19, 0x47, 0x19, 0x47, 0x19,
    0x47, 0x19, 0x47, 0x19, 0x47, 0x19, 0x47, 0x19, 0x47, 0x19, 0x47, 0x19, 0x47, 0x19, 0x47, 0x19,
    0x47, 0x19, 0x47, 0x19, 0x47, 0x19, 0x47, 0x19, 0x47, 0x19, 0x47, 0x19, 0x47, 0x19, 0x47, 0x19,
    0x47, 0x19, 0x47, 0x19, 0x47, 0x19, 0x47, 0x19, 0x47, 0x19, 0x47, 0x19, 0x47, 0x19, 0x47, 0x19,
    0x47, 0x19, 0x47, 0x19, 0x47, 0x19, 0x47, 0x19, 0x47, 0x19, 0x47, 0x19, 0x47, 0x19, 0x47, 0x19,
    0x47, 0x19, 0x47, 0x19, 0x47, 0x19, 0x47, 0x19, 0x47, 0x19, 0x47, 0x19, 0x47, 0x19, 0x47, 0x19,
    0x47, 0x19, 0x47, 0x19, 0x47, 0x19, 0x47, 0x19, 0x47, 0x19, 0x47, 0x19, 0x47, 0x19, 0x47, 0x19,
    0x47, 0x19, 0x47, 0x19, 0x47, 0x19, 0x47, 0x19, 0x47, 0x19, 0x47, 0x19, 0x47, 0x19, 0x47, 0x19,
    0x47, 0x19, 0x47, 0x19, 0x47, 0x19, 0x47, 0x19, 0x47, 0x19, 0x47, 0x19, 0x47, 0x19, 0x47, 0x19,
    0x47, 0x19, 0x47, 0x19, 0x47, 0x19, 0x47, 0x19, 0x47, 0x19, 0x47, 0x19, 0x47, 0x19, 0x47, 0x19,
    0x47, 0x19, 0x47, 0x19, 0x47, 0x19, 0x47, 0x19, 0x47, 0x19, 0x47, 0x19, 0x47, 0x19, 0x47, 0x19,
    0x47, 0x19, 0x47, 0x19, 0x47, 0x19, 0x47, 0x19, 0x47, 0x19, 0x47, 0x19, 0x47, 0x19, 0x47, 0x19,
    0x47, 0x19, 0x47, 0x19, 0x47, 0x19, 0x47, 0x19, 0x47, 0x19, 0x47, 0x19, 0x47, 0x19, 0x47, 0x19,
    0x47, 0x19, 0x47, 0x19, 0x47, 0x19, 0x47, 0x19, 0x47, 0x19, 0x47, 0x19, 0x47, 0x19, 0x47, 0x19,
    0x47, 0x19, 0x47, 0x19, 0x47, 0x19, 0x47, 0x19, 0x47, 0x19, 0x47, 0x19, 0x47, 0x19, 0x47, 0x19,
    0x47, 0x19, 0x47, 0x19, 0x47, 0x19, 0x47, 0x19, 0x47, 0x19, 0x47, 0x19, 0x47, 0x19, 0x47, 0x19,
    0x47, 0x19, 0x47, 0x19, 0x47, 0x19, 0x47, 0x19, 0x47, 0x19, 0x47, 0x19, 0x47, 0x19, 0x47, 0x19,
    0x47, 0x19, 0x47, 0x19, 0x47, 0x19, 0x47, 0x19, 0x47, 0x19, 0x47, 0x19, 0x47, 0x19, 0x47, 0x19,
    0x47, 0x19, 0x47, 0x19, 0x47, 0x19, 0x47, 0x19, 0x47, 0x19, 0x47, 0x19, 0x47, 0x19, 0x47, 0x19,
    0x47, 0x19, 0x47, 0x19, 0x47, 0x19, 0x47, 0x19, 0x47, 0x19, 0x47, 0x19, 0x47, 0x19, 0x47, 0x19,
    0x47, 0x19, 0x47, 0x19, 0x47, 0x19, 0x47, 0x19, 0x47, 0x19, 0x47, 0x19, 0x47, 0x19, 0x47, 0x19,
    0x47, 0x19, 0x47, 0x19, 0x47, 0x19, 0x47, 0x19, 0x47, 0x19, 0x47, 0x19, 0x47, 0x19, 0x47, 0x19,
    0x47, 0x19, 0x47, 0x19, 0x47, 0x19, 0x47, 0x19, 0x47, 0x19, 0x47, 0x19, 0x47, 0x19, 0x47, 0x19,
    0x47, 0x19, 0x47, 0x19, 0x47, 0x19, 0x47, 0x19, 0x47, 0x19, 0x47, 0x19, 0x47, 0x19, 0x47, 0x19,
    0x47, 0x19, 0x47, 0x19, 0x47, 0x19, 0x47, 0x19, 0x47, 0x19, 0x47, 0x19, 0x47, 0x19, 0x47, 0x19,
    0x47, 0x19, 0x47, 0x19, 0x47, 0x19, 0x47, 0x19, 0x47, 0x19, 0x47, 0x19, 0x47, 0x19, 0x47, 0x19,
    0x47, 0x19, 0x47, 0x19, 0x47, 0x19, 0x47, 0x19, 0x47, 0x19, 0x47, 0x19, 0x47, 0x19, 0x47, 0x19,
    0x47, 0x19, 0x47, 0x19, 0x47, 0x19, 0x47, 0x19, 0x47, 0x19, 0x47, 0x19, 0x47, 0x19, 0x47, 0x19,
    0x47, 0x19, 0x47, 0x19, 0x47, 0x19, 0x47, 0x19, 0x47, 0x19, 0x47, 0x19, 0x47, 0x19, 0x47, 0x19,
    0x47, 0x19, 0x47, 0x19, 0x47, 0x19, 0x47, 0x19, 0x47, 0x19, 0x47, 0x19, 0x47, 0x19, 0x47, 0x19,
    0x47, 0x19, 0x47, 0x19, 0x47, 0x19, 0x47, 0x19, 0x47, 0x19, 0x47, 0x19, 0x47, 0x19, 0x47, 0x19,
    0x47, 0x19, 0x47, 0x19, 0x47, 0x19, 0x47, 0x19, 0x47, 0x19, 0x47, 0x19, 0x47, 0x19, 0x47, 0x19,
    0x47, 0x19, 0x47, 0x19, 0x47, 0x19, 0x47, 0x19, 0x47, 0x19, 0x47, 0x19, 0x47, 0x19, 0x47, 0x19,
    0x47, 0x19, 0x47, 0x19, 0x47, 0x19, 0x47, 0x19, 0x47, 0x19, 0x47, 0x19, 0x47, 0x19, 0x47, 0x19,
    0x47, 0x19, 0x47, 0x19, 0x47, 0x19, 0x47, 0x19, 0x47, 0x19, 0x47, 0x19, 0x47, 0x19, 0x47, 0x19,
    0x47, 0x19, 0x47, 0x19, 0x47, 0x19, 0x47, 0x19, 0x47, 0x19, 0x47, 0x19, 0x47, 0x19, 0x47, 0x19,
    0x47, 0x19, 0x47, 0x19, 0x47, 0x19, 0x47, 0x19, 0x47, 0x19, 0x47, 0x19, 0x47, 0x19, 0x47, 0x19,
    0x47, 0x19, 0x47, 0x19, 0x47, 0x19, 0x47, 0x19, 0x47, 0x19, 0x47, 0x19, 0x47, 0x19, 0x47, 0x19,
    0x47, 0x19, 0x47, 0x19, 0x47, 0x19, 0x47, 0x19, 0x47, 0x19, 0x47, 0x19, 0x47, 0x19, 0x47, 0x19,
    0x47, 0x19, 0x47, 0x19, 0x47, 0x19, 0x47, 0x19, 0x47, 0x19, 0x47, 0x19, 0x47, 0x19, 0x47, 0x19,
    0x47, 0x19, 0x47, 0x19, 0x47, 0x19, 0x47, 0x19, 0x47, 0x19, 0x47, 0x19, 0x47, 0x19, 0x47, 0x19,
    0x47, 0x19, 0x47, 0x19, 0x47, 0x19, 0x47, 0x19, 0x47, 0x19, 0x47, 0x19, 0x47, 0x19, 0x47, 0x19,
    0x47, 0x19, 0x47, 0x19, 0x47, 0x19, 0x47, 0x19, 0x47, 0x19, 0x47, 0x19, 0x47, 0x19, 0x47, 0x19,
    0x47, 0x19, 0x47, 0x19, 0x47, 0x19, 0x47, 0x19, 0x47, 0x19, 0x47, 0x19, 0x47, 0x19, 0x47, 0x19,
    0x47, 0x19, 0x47, 0x19, 0x47, 0x19, 0x47, 0x19, 0x47, 0x19, 0x47, 0x19, 0x47, 0x19, 0x47, 0x19,
    0x47, 0x19, 0x47, 0x19, 0x47, 0x19, 0x47, 0x19, 0x47, 0x19, 0x47, 0x19, 0x47, 0x19, 0x47, 0x19,
    0x47, 0x19, 0x47, 0x19, 0x47, 0x19, 0x47, 0x19, 0x47, 0x19, 0x47, 0x19, 0x47, 0x19, 0x47, 0x19,
    0x47, 0x19, 0x47, 0x19, 0x47, 0x19, 0x47, 0x19, 0x47, 0x19, 0x47, 0x19, 0x47, 0x19, 0x47, 0x19,
    0x47, 0x19, 0x47, 0x19, 0x47, 0x19, 0x47, 0x19, 0x47, 0x19, 0x47, 0x19, 0x47, 0x19, 0x47, 0x19,
    0x47, 0x19, 0x47, 0x19, 0x47, 0x19, 0x47, 0x19, 0x47, 0x19, 0x47, 0x19, 0x47, 0x19, 0x47, 0x19,
    0x47, 0x19, 0x47, 0x19, 0x47, 0x19, 0x47, 0x19, 0x47, 0x19, 0x47, 0x19, 0x47, 0x19, 0x47, 0x19,
    0x47, 0x19, 0x47, 0x19, 0x47, 0x19, 0x47, 0x19, 0x47, 0x19, 0x47, 0x19, 0x47, 0x19, 0x47, 0x19,
    0x47, 0x19, 0x47, 0x19, 0x47, 0x19, 0x47, 0x19, 0x47, 0x19, 0x47, 0x19, 0x47, 0x19, 0x47, 0x19,
    0x47, 0x19, 0x47, 0x19, 0x47, 0x19, 0x47, 0x19, 0x47, 0x19, 0x47, 0x19, 0x47, 0x19, 0x47, 0x19,
    0x47, 0x19, 0x47, 0x19, 0x47, 0x19, 0x47, 0x19, 0x47, 0x19, 0x47, 0x19, 0x47, 0x19, 0x47, 0x19,
    0x47, 0x19, 0x47, 0x19, 0x47, 0x19, 0x47, 0x19, 0x47, 0x19, 0x47, 0x19, 0x47, 0x19, 0x47, 0x19,
    0x47, 0x19, 0x47, 0x19, 0x47, 0x19, 0x47, 0x19, 0x47, 0x19, 0x47, 0x19, 0x47, 0x19, 0x47, 0x19,
    0x47, 0x19, 0x47, 0x19, 0x47, 0x19, 0x47, 0x19, 0x47, 0x19, 0x47, 0x19, 0x47, 0x19, 0x47, 0x19,
    0x47, 0x19, 0x47, 0x19, 0x47, 0x19, 0x47, 0x19, 0x47, 0x19, 0x47, 0x19, 0x47, 0x19, 0x47, 0x19,
    0x47, 0x19, 0x47, 0x19, 0x47, 0x19, 0x47, 0x19, 0x47, 0x19, 0x47, 0x19, 0x47, 0x19, 0x47, 0x19,
    0x47, 0x19, 0x47, 0x19, 0x47, 0x19, 0x47, 0x19, 0x47, 0x19, 0x47, 0x19, 0x47, 0x19, 0x47, 0x19,
    0x47, 0x19, 0x47, 0x19, 0x47, 0x19, 0x47, 0x19, 0x47, 0x19, 0x47, 0x19, 0x47, 0x19, 0x47, 0x19,
    0x47, 0x19, 0x47, 0x19, 0x47, 0x19, 0x47, 0x19, 0x47, 0x19, 0x47, 0x19, 0x47, 0x19, 0x47, 0x19,
    0x47, 0x19, 0x47, 0x19, 0x47, 0x19, 0x47, 0x19, 0x47, 0x19, 0x47, 0x19, 0x47, 0x19, 0x47, 0x19,
    0x47, 0x19, 0x47, 0x19, 0x47, 0x19, 0x47, 0x19, 0x47, 0x19, 0x47, 0x19, 0x47, 0x19, 0x47, 0x19,
    0x47, 0x19, 0x47, 0x19, 0x47, 0x19, 0x47, 0x19, 0x47, 0x19, 0x47, 0x19, 0x47, 0x19, 0x47, 0x19,
    0x47, 0x19, 0x47, 0x19, 0x47, 0x19, 0x47, 0x19, 0x47, 0x19, 0x47, 0x19, 0x47, 0x19, 0x47, 0x19,
    0x47, 0x19, 0x47, 0x19, 0x47, 0x19, 0x47, 0x19, 0x47, 0x19, 0x47, 0x19, 0x47, 0x19, 0x47, 0x19,
    0x47, 0x19, 0x47, 0x19, 0x47, 0x19, 0x47, 0x19, 0x47, 0x19, 0x47, 0x19, 0x47, 0x19, 0x47, 0x19,
    0x47, 0x19, 0x47, 0x19, 0x47, 0x19, 0x47, 0x19, 0x47, 0x19, 0x47, 0x19, 0x47, 0x19, 0x47, 0x19,
    0x47, 0x19, 0x47, 0x19, 0x47, 0x19, 0x47, 0x19, 0x47, 0x19, 0x47, 0x19, 0x47, 0x19, 0x47, 0x19,
    0x47, 0x19, 0x47, 0x19, 0x47, 0x19, 0x47, 0x19, 0x47, 0x19, 0x47, 0x19, 0x47, 0x19, 0x47, 0x19,
    0x47, 0x19, 0x47, 0x19, 0x47, 0x19, 0x47, 0x19, 0x47, 0x19, 0x47, 0x19, 0x47, 0x19, 0x47, 0x19,
    0x47, 0x19, 0x47, 0x19, 0x47, 0x19, 0x47, 0x19, 0x47, 0x19, 0x47, 0x19, 0x47, 0x19, 0x47, 0x19,
    0x47, 0x19, 0x47, 0x19, 0x47, 0x19, 0x47, 0x19, 0x47, 0x19, 0x47, 0x19, 0x47, 0x19, 0x47, 0x19,
    0x47, 0x19, 0x47, 0x19, 0x47, 0x19, 0x47, 0x19, 0x47, 0x19, 0x47, 0x19, 0x47, 0x19, 0x47, 0x19,
    0x47, 0x19, 0x47, 0x19, 0x47, 0x19, 0x47, 0x19, 0x47, 0x19, 0x47, 0x19, 0x47, 0x19, 0x47, 0x19,
    0x47, 0x19, 0x47, 0x19, 0x47, 0x19, 0x47, 0x19, 0x47, 0x19, 0x47, 0x19, 0x47, 0x19, 0x47, 0x19,
    0x47, 0x19, 0x47, 0x19, 0x47, 0x19, 0x47, 0x19, 0x47, 0x19, 0x47, 0x19, 0x47, 0x19, 0x47, 0x19,
    0x47, 0x19, 0x47, 0x19, 0x47, 0x19, 0x47, 0x19, 0x47, 0x19, 0x47, 0x19, 0x47, 0x19, 0x47, 0x19,
    0x47, 0x19, 0x47, 0x19, 0x47, 0x19, 0x47, 0x19, 0x47, 0x19, 0x47, 0x19, 0x47, 0x19, 0x47, 0x19,
    0x47, 0x19, 0x47, 0x19, 0x47, 0x19, 0x47, 0x19, 0x47, 0x19, 0x47, 0x19, 0x47, 0x19, 0x47, 0x19,
    0x47, 0x19, 0x47, 0x19, 0x47, 0x19, 0x47, 0x19, 0x47, 0x19, 0x47, 0x19, 0x47, 0x19, 0x47, 0x19,
    0x47, 0x19, 0x47, 0x19, 0x47, 0x19, 0x47, 0x19, 0x47, 0x19, 0x47, 0x19, 0x47, 0x19, 0x47, 0x19,
    0x47, 0x19, 0x47, 0x19, 0x47, 0x19, 0x47, 0x19, 0x47, 0x19, 0x47, 0x19, 0x47, 0x19, 0x47, 0x19,
    0x47, 0x19, 0x47, 0x19, 0x47, 0x19, 0x47, 0x19, 0x47, 0x19, 0x47, 0x19, 0x47, 0x19, 0x47, 0x19,
    0x47, 0x19, 0x47, 0x19, 0x47, 0x19, 0x47, 0x19, 0x47, 0x19, 0x47, 0x19, 0x47, 0x19, 0x47, 0x19,
    0x47, 0x19, 0x47, 0x19, 0x47, 0x19, 0x47, 0x19, 0x47, 0x19, 0x47, 0x19, 0x47, 0x19, 0x47, 0x19,
    0x47, 0x19, 0x47, 0x19, 0x47, 0x19, 0x47, 0x19, 0x47, 0x19, 0x47, 0x19, 0x47, 0x19, 0x47, 0x19,
    0x47, 0x19, 0x47, 0x19, 0x47, 0x19, 0x47, 0x19, 0x47, 0x19, 0x47, 0x19, 0x47, 0x19, 0x47, 0x19,
    0x47, 0x19, 0x47, 0x19, 0x47, 0x19, 0x47, 0x19, 0x47, 0x19, 0x47, 0x19, 0x47, 0x19, 0x47, 0x19,
    0x47, 0x19, 0x47, 0x19, 0x47, 0x19, 0x47, 0x19, 0x47, 0x19, 0x47, 0x19, 0x47, 0x19, 0x47, 0x19,
    0x47, 0x19, 0x47, 0x19, 0x47, 0x19, 0x47, 0x19, 0x47, 0x19, 0x47, 0x19, 0x47, 0x19, 0x47, 0x19,
    0x47, 0x19, 0x47, 0x19, 0x47, 0x19, 0x47, 0x19, 0x47, 0x19, 0x47, 0x19, 0x47, 0x19, 0x47, 0x19,
    0x47, 0x19, 0x47, 0x19, 0x47, 0x19, 0x47, 0x19, 0x47, 0x19, 0x47, 0x19, 0x47, 0x19, 0x47, 0x19,
    0x47, 0x19, 0x47, 0x19, 0x47, 0x19, 0x47, 0x19, 0x47, 0x19, 0x47, 0x19, 0x47, 0x19, 0x47, 0x19,
    0x47, 0x19, 0x47, 0x19, 0x47, 0x19, 0x47, 0x19, 0x47, 0x19, 0x47, 0x19, 0x47, 0x19, 0x47, 0x19,
    0x47, 0x19, 0x47, 0x19, 0x47, 0x19, 0x47, 0x19, 0x47, 0x19, 0x47, 0x19, 0x47, 0x19, 0x47, 0x19,
    0x47, 0x19, 0x47, 0x19, 0x47, 0x19, 0x47, 0x19, 0x47, 0x19, 0x47, 0x19, 0x47, 0x19, 0x47, 0x19,
    0x47, 0x19, 0x47, 0x19, 0x47, 0x19, 0x47, 0x19, 0x47, 0x19, 0x47, 0x19, 0x47, 0x19, 0x47, 0x19,
    0x47, 0x19, 0x47, 0x19, 0x47, 0x19, 0x47, 0x19, 0x47, 0x19, 0x47, 0x19, 0x47, 0x19, 0x47, 0x19,
    0x47, 0x19, 0x47, 0x19, 0x47, 0x19, 0x47, 0x19, 0x47, 0x19, 0x47, 0x19, 0x47, 0x19, 0x47, 0x19,
    0x47, 0x19, 0x47, 0x19, 0x47, 0x19, 0x47, 0x19, 0x47, 0x19, 0x47, 0x19, 0x47, 0x19, 0x47, 0x19,
    0x47, 0x19, 0x47, 0x19, 0x47, 0x19, 0x47, 0x19, 0x47, 0x19, 0x47, 0x19, 0x47, 0x19, 0x47, 0x19,
    0x47, 0x19, 0x47, 0x19, 0x47, 0x19, 0x47, 0x19, 0x47, 0x19, 0x47, 0x19, 0x47, 0x19, 0x47, 0x19,
    0x47, 0x19, 0x47, 0x19, 0x47, 0x19, 0x47, 0x19, 0x47, 0x19, 0x47, 0x19, 0x47, 0x19, 0x47, 0x19,
    0x47, 0x19, 0x47, 0x19, 0x47, 0x19, 0x47, 0x19, 0x47, 0x19, 0x47, 0x19, 0x47, 0x19, 0x47, 0x19,
    0x47, 0x19, 0x47, 0x19, 0x47, 0x19, 0x47, 0x19, 0x47, 0x19, 0x47, 0x19, 0x47, 0x19, 0x47, 0x19,
    0x47, 0x19, 0x47, 0x19, 0x47, 0x19, 0x47, 0x19, 0x47, 0x19, 0x47, 0x19, 0x47, 0x19, 0x47, 0x19,
    0x47, 0x19, 0x47, 0x19, 0x47, 0x19, 0x47, 0x19, 0x47, 0x19, 0x47, 0x19, 0x47, 0x19, 0x47, 0x19,
    0x47, 0x19, 0x47, 0x19, 0x47, 0x19, 0x47, 0x19, 0x47, 0x19, 0x47, 0x19, 0x47, 0x19, 0x47, 0x19,
    0x47, 0x19, 0x47, 0x19, 0x47, 0x19, 0x47, 0x19, 0x47, 0x19, 0x47, 0x19, 0x47, 0x19, 0x47, 0x19,
    0x47, 0x19, 0x47, 0x19, 0x47, 0x19, 0x47, 0x19, 0x47, 0x19, 0x47, 0x19, 0x47, 0x19, 0x47, 0x19,
    0x47, 0x19, 0x47, 0x19, 0x47, 0x19, 0x47, 0x19, 0x47, 0x19, 0x47, 0x19, 0x47, 0x19, 0x47, 0x19,
    0x47, 0x19, 0x47, 0x19, 0x47, 0x19, 0x47, 0x19, 0x47, 0x19, 0x47, 0x19, 0x47, 0x19, 0x47, 0x19,
    0x47, 0x19, 0x47, 0x19, 0x47, 0x19, 0x47, 0x19, 0x47, 0x19, 0x47, 0x19, 0x47, 0x19, 0x47, 0x19,
    0x47, 0x19, 0x47, 0x19, 0x47, 0x19, 0x47, 0x19, 0x47, 0x19, 0x47, 0x19, 0x47, 0x19, 0x47, 0x19,
    0x47, 0x19, 0x47, 0x19, 0x47, 0x19, 0x47, 0x19, 0x47, 0x19, 0x47, 0x19, 0x47, 0x19, 0x47, 0x19,
    0x47, 0x19, 0x47, 0x19, 0x47, 0x19, 0x47, 0x19, 0x47, 0x19, 0x47, 0x19, 0x47, 0x19, 0x47, 0x19,
    0x47, 0x19, 0x47, 0x19, 0x47, 0x19, 0x47, 0x19, 0x47, 0x19, 0x47, 0x19, 0x47, 0x19, 0x47, 0x19,
    0x47, 0x19, 0x47, 0x19, 0x47, 0x19, 0x47, 0x19, 0x47, 0x19, 0x47, 0x19, 0x47, 0x19, 0x47, 0x19,
    0x47, 0x19, 0x47, 0x19, 0x47, 0x19, 0x47, 0x19, 0x47, 0x19, 0x47, 0x19, 0x47, 0x19, 0x47, 0x19,
    0x47, 0x19, 0x47, 0x19, 0x47, 0x19, 0x47, 0x19, 0x47, 0x19, 0x47, 0x19, 0x47, 0x19, 0x47, 0x19,
    0x47, 0x19, 0x47, 0x19, 0x47, 0x19, 0x47, 0x19, 0x47, 0x19, 0x47, 0x19, 0x47, 0x19, 0x47, 0x19,
    0x47, 0x19, 0x47, 0x19, 0x47, 0x19, 0x47, 0x19, 0x47, 0x19, 0x47, 0x19, 0x47, 0x19, 0x47, 0x19,
    0x47, 0x19, 0x47, 0x19, 0x47, 0x19, 0x47, 0x19, 0x47, 0x19, 0x47, 0x19, 0x47, 0x19, 0x47, 0x19,
    0x47, 0x19, 0x47, 0x19, 0x47, 0x19, 0x47, 0x19, 0x47, 0x19, 0x47, 0x19, 0x47, 0x19, 0x47, 0x19,
    0x47, 0x19, 0x47, 0x19, 0x47, 0x19, 0x47, 0x19, 0x47, 0x19, 0x47, 0x19, 0x47, 0x19, 0x47, 0x19,
    0x47, 0x19, 0x47, 0x19, 0x47, 0x19, 0x47, 0x19, 0x47, 0x19, 0x47, 0x19, 0x47, 0x19, 0x47, 0x19,
    0x47, 0x19, 0x47, 0x19, 0x47, 0x19, 0x47, 0x19, 0x47, 0x19, 0x47, 0x19, 0x47, 0x19, 0x47, 0x19,
    0x47, 0x19, 0x47, 0x19, 0x47, 0x19, 0x47, 0x19, 0x47, 0x19, 0x47, 0x19, 0x47, 0x19, 0x47, 0x19,
    0x47, 0x19, 0x47, 0x19, 0x47, 0x19, 0x47, 0x19, 0x47, 0x19, 0x47, 0x19, 0x47, 0x19, 0x47, 0x19,
    0x47, 0x19, 0x47, 0x19, 0x47, 0x19, 0x47, 0x19, 0x47, 0x19, 0x47, 0x19, 0x47, 0x19, 0x47, 0x19,
    0x47, 0x19, 0x47, 0x19, 0x47, 0x19, 0x47, 0x19, 0x47, 0x19, 0x47, 0x19, 0x47, 0x19, 0x47, 0x19,
    0x47, 0x19, 0x47, 0x19, 0x47, 0x19, 0x47, 0x19, 0x47, 0x19, 0x47, 0x19, 0x47, 0x19, 0x47, 0x19,
    0x47, 0x19, 0x47, 0x19, 0x47, 0x19, 0x47, 0x19, 0x47, 0x19, 0x47, 0x19, 0x47, 0x19, 0x47, 0x19,
    0x47, 0x19, 0x47, 0x19, 0x47, 0x19, 0x47, 0x19, 0x47, 0x19, 0x47, 0x19, 0x47, 0x19, 0x47, 0x19,
    0x47, 0x19, 0x47, 0x19, 0x47, 0x19, 0x47, 0x19, 0x47, 0x19, 0x47, 0x19, 0x47, 0x19, 0x47, 0x19,
    0x47, 0x19, 0x47, 0x19, 0x47, 0x19, 0x47, 0x19, 0x47, 0x19, 0x47, 0x19, 0x47, 0x19, 0x47, 0x19,
    0x47, 0x19, 0x47, 0x19, 0x47, 0x19, 0x47, 0x19, 0x47, 0x19, 0x47, 0x19, 0x47, 0x19, 0x47, 0x19,
    0x47, 0x19, 0x47, 0x19, 0x47, 0x19, 0x47, 0x19, 0x47, 0x19, 0x47, 0x19, 0x47, 0x19, 0x47, 0x19,
    0x47, 0x19, 0x47, 0x19, 0x47, 0x19, 0x47, 0x19, 0x47, 0x19, 0x47, 0x19, 0x47, 0x19, 0x47, 0x19,
    0x47, 0x19, 0x47, 0x19, 0x47, 0x19, 0x47, 0x19, 0x47, 0x19, 0x47, 0x19, 0x47, 0x19, 0x47, 0x19,
    0x47, 0x19, 0x47, 0x19, 0x47, 0x19, 0x47, 0x19, 0x47, 0x19, 0x47, 0x19, 0x47, 0x19, 0x47, 0x19,
    0x47, 0x19, 0x47, 0x19, 0x47, 0x19, 0x47, 0x19, 0x47, 0x19, 0x47, 0x19, 0x47, 0x19, 0x47, 0x19,
    0x47, 0x19, 0x47, 0x19, 0x47, 0x19, 0x47, 0x19, 0x47, 0x19, 0x47, 0x19, 0x47, 0x19, 0x47, 0x19,
    0x47, 0x19, 0x47, 0x19, 0x47, 0x19, 0x47, 0x19, 0x47, 0x19, 0x47, 0x19, 0x47, 0x19, 0x47, 0x19,
    0x47, 0x19, 0x47, 0x19, 0x47, 0x19, 0x47, 0x19, 0x47, 0x19, 0x47, 0x19, 0x47, 0x19, 0x47, 0x19,
    0x47, 0x19, 0x47, 0x19, 0x47, 0x19, 0x47, 0x19, 0x47, 0x19, 0x47, 0x19, 0x47, 0x19, 0x47, 0x19,
    0x47, 0x19, 0x47, 0x19, 0x47, 0x19, 0x47, 0x19, 0x47, 0x19, 0x47, 0x19, 0x47, 0x19, 0x47, 0x19,
    0x47, 0x19, 0x47, 0x19, 0x47, 0x19, 0x47, 0x19, 0x47, 0x19, 0x47, 0x19, 0x47, 0x19, 0x47, 0x19,
    0x47, 0x19, 0x47, 0x19, 0x47, 0x19, 0x47, 0x19, 0x47, 0x19, 0x47, 0x19, 0x47, 0x19, 0x47, 0x19,
    0x47, 0x19, 0x47, 0x19, 0x47, 0x19, 0x47, 0x19, 0x47, 0x19, 0x47, 0x19, 0x47, 0x19, 0x47, 0x19,
    0x47, 0x19, 0x47, 0x19, 0x47, 0x19, 0x47, 0x19, 0x47, 0x19, 0x47, 0x19, 0x47, 0x19, 0x47, 0x19,
    0x47, 0x19, 0x47, 0x19, 0x47, 0x19, 0x47, 0x19, 0x47, 0x19, 0x47, 0x19, 0x47, 0x19, 0x47, 0x19,
    0x47, 0x19, 0x47, 0x19, 0x47, 0x19, 0x47, 0x19, 0x47, 0x19, 0x47, 0x19, 0x47, 0x19, 0x47, 0x19,
    0x47, 0x19, 0x47, 0x19, 0x47, 0x19, 0x47, 0x19, 0x47, 0x19, 0x47, 0x19, 0x47, 0x19, 0x47, 0x19,
    0x47, 0x19, 0x47, 0x19, 0x47, 0x19, 0x47, 0x19, 0x47, 0x19, 0x47, 0x19, 0x47, 0x19, 0x47, 0x19,
    0x47, 0x19, 0x47, 0x19, 0x47, 0x19, 0x47, 0x19, 0x47, 0x19, 0x47, 0x19, 0x47, 0x19, 0x47, 0x19,
    0x47, 0x19, 0x47, 0x19, 0x47, 0x19, 0x47, 0x19, 0x47, 0x19, 0x47, 0x19, 0x47, 0x19, 0x47, 0x19,
    0x47, 0x19, 0x47, 0x19, 0x47, 0x19, 0x47, 0x19, 0x47, 0x19, 0x47, 0x19, 0x47, 0x19, 0x47, 0x19,
    0x47, 0x19, 0x47, 0x19, 0x47, 0x19, 0x47, 0x19, 0x47, 0x19, 0x47, 0x19, 0x47, 0x19, 0x47, 0x19,
    0x47, 0x19, 0x47, 0x19, 0x47, 0x19, 0x47, 0x19, 0x47, 0x19, 0x47, 0x19, 0x47, 0x19, 0x47, 0x19,
    0x47, 0x19, 0x47, 0x19, 0x47, 0x19, 0x47, 0x19, 0x47, 0x19, 0x47, 0x19, 0x47, 0x19, 0x47, 0x19,
    0x47, 0x19, 0x47, 0x19, 0x47, 0x19, 0x47, 0x19, 0x47, 0x19, 0x47, 0x19, 0x47, 0x19, 0x47, 0x19,
    0x47, 0x19, 0x47, 0x19, 0x47, 0x19, 0x47, 0x19, 0x47, 0x19, 0x47, 0x19, 0x47, 0x19, 0x47, 0x19,
    0x47, 0x19, 0x47, 0x19, 0x47, 0x19, 0x47, 0x19, 0x47, 0x19, 0x47, 0x19, 0x47, 0x19, 0x47, 0x19,
    0x47, 0x19, 0x47, 0x19, 0x47, 0x19, 0x47, 0x19, 0x47, 0x19, 0x47, 0x19, 0x47, 0x19, 0x47, 0x19,
    0x47, 0x19, 0x47, 0x19, 0x47, 0x19, 0x47, 0x19, 0x47, 0x19, 0x47, 0x19, 0x47, 0x19, 0x47, 0x19,
    0x47, 0x19, 0x47, 0x19, 0x47, 0x19, 0x47, 0x19, 0x47, 0x19, 0x47, 0x19, 0x47, 0x19, 0x47, 0x19,
    0x47, 0x19, 0x47, 0x19, 0x47, 0x19, 0x47, 0x19, 0x47, 0x19, 0x47, 0x19, 0x47, 0x19, 0x47, 0x19,
    0x47, 0x19, 0x47, 0x19, 0x47, 0x19, 0x47, 0x19, 0x47, 0x19, 0x47, 0x19, 0x47, 0x19, 0x47, 0x19,
    0x47, 0x19, 0x47, 0x19, 0x47, 0x19, 0x47, 0x19, 0x47, 0x19, 0x47, 0x19, 0x47, 0x19, 0x47, 0x19,
    0x47, 0x19, 0x47, 0x19, 0x47, 0x19, 0x47, 0x19, 0x47, 0x19, 0x47, 0x19, 0x47, 0x19, 0x47, 0x19,
    0x47, 0x19, 0x47, 0x19, 0x47, 0x19, 0x47, 0x19, 0x47, 0x19, 0x47, 0x19, 0x47, 0x19, 0x47, 0x19,
    0x47, 0x19, 0x47, 0x19, 0x47, 0x19, 0x47, 0x19, 0x47, 0x19, 0x47, 0x19, 0x47, 0x19, 0x47, 0x19,
    0x47, 0x19, 0x47, 0x19, 0x47, 0x19, 0x47, 0x19, 0x47, 0x19, 0x47, 0x19, 0x47, 0x19, 0x47, 0x19,
    0x47, 0x19, 0x47, 0x19, 0x47, 0x19, 0x47, 0x19, 0x47, 0x19, 0x47, 0x19, 0x47, 0x19, 0x47, 0x19,
    0x47, 0x19, 0x47, 0x19, 0x47, 0x19, 0x47, 0x19, 0x47, 0x19, 0x47, 0x19, 0x47, 0x19, 0x47, 0x19,
    0x47, 0x19, 0x47, 0x19, 0x47, 0x19, 0x47, 0x19, 0x47, 0x19, 0x47, 0x19, 0x47, 0x19, 0x47, 0x19,
    0x47, 0x19, 0x47, 0x19, 0x47, 0x19, 0x47, 0x19, 0x47, 0x19, 0x47, 0x19, 0x47, 0x19, 0x47, 0x19,
    0x47, 0x19, 0x47, 0x19, 0x47, 0x19, 0x47, 0x19, 0x47, 0x19, 0x47, 0x19, 0x47, 0x19, 0x47, 0x19,
    0x47, 0x19, 0x47, 0x19, 0x47, 0x19, 0x47, 0x19, 0x47, 0x19, 0x47, 0x19, 0x47, 0x19, 0x47, 0x19,
    0x47, 0x19, 0x47, 0x19, 0x47, 0x19, 0x47, 0x19, 0x47, 0x19, 0x47, 0x19, 0x47, 0x19, 0x47, 0x19,
    0x47, 0x19, 0x47, 0x19, 0x47, 0x19, 0x47, 0x19, 0x47, 0x19, 0x47, 0x19, 0x47, 0x19, 0x47, 0x19,
    0x47, 0x19, 0x47, 0x19, 0x47, 0x19, 0x47, 0x19, 0x47, 0x19, 0x47, 0x19, 0x47, 0x19, 0x47, 0x19,
    0x47, 0x19, 0x47, 0x19, 0x47, 0x19, 0x47, 0x19, 0x47, 0x19, 0x47, 0x19, 0x47, 0x19, 0x47, 0x19,
    0x47, 0x19, 0x47, 0x19, 0x47, 0x19, 0x47, 0x19, 0x47, 0x19, 0x47, 0x19, 0x47, 0x19, 0x47, 0x19,
    0x47, 0x19, 0x47, 0x19, 0x47, 0x19, 0x47, 0x19, 0x47, 0x19, 0x47, 0x19, 0x47, 0x19, 0x47, 0x19,
    0x47, 0x19, 0x47, 0x19, 0x47, 0x19, 0x47, 0x19, 0x47, 0x19, 0x47, 0x19, 0x47, 0x19, 0x47, 0x19,
    0x47, 0x19, 0x47, 0x19, 0x47, 0x19, 0x47, 0x19, 0x47, 0x19, 0x47, 0x19, 0x47, 0x19, 0x47, 0x19,
    0x47, 0x19, 0x47, 0x19, 0x47, 0x19, 0x47, 0x19, 0x47, 0x19, 0x47, 0x19, 0x47, 0x19, 0x47, 0x19,
    0x47, 0x19, 0x47, 0x19, 0x47, 0x19, 0x47, 0x19, 0x47, 0x19, 0x47, 0x19, 0x47, 0x19, 0x47, 0x19,
    0x47, 0x19, 0x47, 0x19, 0x47, 0x19, 0x47, 0x19, 0x47, 0x19, 0x47, 0x19, 0x47, 0x19, 0x47, 0x19,
    0x47, 0x19, 0x47, 0x19, 0x47, 0x19, 0x47, 0x19, 0x47, 0x19, 0x47, 0x19, 0x47, 0x19, 0x47, 0x19,
    0x47, 0x19, 0x47, 0x19, 0x47, 0x19, 0x47, 0x19, 0x47, 0x19, 0x47, 0x19, 0x47, 0x19, 0x47, 0x19,
    0x47, 0x19, 0x47, 0x19, 0x47, 0x19, 0x47, 0x19, 0x47, 0x19, 0x47, 0x19, 0x47, 0x19, 0x47, 0x19,
    0x47, 0x19, 0x47, 0x19, 0x47, 0x19, 0x47, 0x19, 0x47, 0x19, 0x47, 0x19, 0x47, 0x19, 0x47, 0x19,
    0x47, 0x19, 0x47, 0x19, 0x47, 0x19, 0x47, 0x19, 0x47, 0x19, 0x47, 0x19, 0x47, 0x19, 0x47, 0x19,
    0x47, 0x19, 0x47, 0x19, 0x47, 0x19, 0x47, 0x19, 0x47, 0x19, 0x47, 0x19, 0x47, 0x19, 0x47, 0x19,
    0x47, 0x19, 0x47, 0x19, 0x47, 0x19, 0x47, 0x19, 0x47, 0x19, 0x47, 0x19, 0x47, 0x19, 0x47, 0x19,
    0x47, 0x19, 0x47, 0x19, 0x47, 0x19, 0x47, 0x19, 0x47, 0x19, 0x47, 0x19, 0x47, 0x19, 0x47, 0x19,
    0x47, 0x19, 0x47, 0x19, 0x47, 0x19, 0x47, 0x19, 0x47, 0x19, 0x47, 0x19, 0x47, 0x19, 0x47, 0x19,
    0x47, 0x19, 0x47, 0x19, 0x47, 0x19, 0x47, 0x19, 0x47, 0x19, 0x47, 0x19, 0x47, 0x19, 0x47, 0x19,
    0x47, 0x19, 0x47, 0x19, 0x47, 0x19, 0x47, 0x19, 0x47, 0x19, 0x47, 0x19, 0x47, 0x19, 0x47, 0x19,
    0x47, 0x19, 0x47, 0x19, 0x47, 0x19, 0x47, 0x19, 0x47, 0x19, 0x47, 0x19, 0x47, 0x19, 0x47, 0x19,
    0x47, 0x19, 0x47, 0x19, 0x47, 0x19, 0x47, 0x19, 0x47, 0x19, 0x47, 0x19, 0x47, 0x19, 0x47, 0x19,
    0x47, 0x19, 0x47, 0x19, 0x47, 0x19, 0x47, 0x19, 0x47, 0x19, 0x47, 0x19, 0x47, 0x19, 0x47, 0x19,
    0x47, 0x19, 0x47, 0x19, 0x47, 0x19, 0x47, 0x19, 0x47, 0x19, 0x47, 0x19, 0x47, 0x19, 0x47, 0x19,
    0x47, 0x19, 0x47, 0x19, 0x47, 0x19, 0x47, 0x19, 0x47, 0x19, 0x47, 0x19, 0x47, 0x19, 0x47, 0x19,
    0x47, 0x19, 0x47, 0x19, 0x47, 0x19, 0x47, 0x19, 0x47, 0x19, 0x47, 0x19, 0x47, 0x19, 0x47, 0x19,
    0x47, 0x19, 0x47, 0x19, 0x47, 0x19, 0x47, 0x19, 0x47, 0x19, 0x47, 0x19, 0x47, 0x19, 0x47, 0x19,
    0x47, 0x19, 0x47, 0x19, 0x47, 0x19, 0x47, 0x19, 0x47, 0x19, 0x47, 0x19, 0x47, 0x19, 0x47, 0x19,
    0x47, 0x19, 0x47, 0x19, 0x47, 0x19, 0x47, 0x19, 0x47, 0x19, 0x47, 0x19, 0x47, 0x19, 0x47, 0x19,
    0x47, 0x19, 0x47, 0x19, 0x47, 0x19, 0x47, 0x19, 0x47, 0x19, 0x47, 0x19, 0x47, 0x19, 0x47, 0x19,
    0x47, 0x19, 0x47, 0x19, 0x47, 0x19, 0x47, 0x19, 0x47, 0x19, 0x47, 0x19, 0x47, 0x19, 0x47, 0x19,
    0x47, 0x19, 0x47, 0x19, 0x47, 0x19, 0x47, 0x19, 0x47, 0x19, 0x47, 0x19, 0x47, 0x19, 0x47, 0x19,
    0x47, 0x19, 0x47, 0x19, 0x47, 0x19, 0x47, 0x19, 0x47, 0x19, 0x47, 0x19, 0x47, 0x19, 0x47, 0x19,
    0x47, 0x19, 0x47, 0x19, 0x47, 0x19, 0x47, 0x19, 0x47, 0x19, 0x47, 0x19, 0x47, 0x19, 0x47, 0x19,
    0x47, 0x19, 0x47, 0x19, 0x47, 0x19, 0x47, 0x19, 0x47, 0x19, 0x47, 0x19, 0x47, 0x19, 0x47, 0x19,
    0x47, 0x19, 0x47, 0x19, 0x47, 0x19, 0x47, 0x19, 0x47, 0x19, 0x47, 0x19, 0x47, 0x19, 0x47, 0x19,
    0x47, 0x19, 0x47, 0x19, 0x47, 0x19, 0x47, 0x19, 0x47, 0x19, 0x47, 0x19, 0x47, 0x19, 0x47, 0x19,
    0x47, 0x19, 0x47, 0x19, 0x47, 0x19, 0x47, 0x19, 0x47, 0x19, 0x47, 0x19, 0x47, 0x19, 0x47, 0x19,
    0x47, 0x19, 0x47, 0x19, 0x47, 0x19, 0x47, 0x19, 0x47, 0x19, 0x47, 0x19, 0x47, 0x19, 0x47, 0x19,
    0x47, 0x19, 0x47, 0x19, 0x47, 0x19, 0x47, 0x19, 0x47, 0x19, 0x47, 0x19, 0x47, 0x19, 0x47, 0x19,
    0x47, 0x19, 0x47, 0x19, 0x47, 0x19, 0x47, 0x19, 0x47, 0x19, 0x47, 0x19, 0x47, 0x19, 0x47, 0x19,
    0x47, 0x19, 0x47, 0x19, 0x47, 0x19, 0x47, 0x19, 0x47, 0x19, 0x47, 0x19, 0x47, 0x19, 0x47, 0x19,
    0x47, 0x19, 0x47, 0x19, 0x47, 0x19, 0x47, 0x19, 0x47, 0x19, 0x47, 0x19, 0x47, 0x19, 0x47, 0x19,
    0x47, 0x19, 0x47, 0x19, 0x47, 0x19, 0x47, 0x19, 0x47, 0x19, 0x47, 0x19, 0x47, 0x19, 0x47, 0x19,
    0x47, 0x19, 0x47, 0x19, 0x47, 0x19, 0x47, 0x19, 0x47, 0x19, 0x47, 0x19, 0x47, 0x19, 0x47, 0x19,
    0x47, 0x19, 0x47, 0x19, 0x47, 0x19, 0x47, 0x19, 0x47, 0x19, 0x47, 0x19, 0x47, 0x19, 0x47, 0x19,
    0x47, 0x19, 0x47, 0x19, 0x47, 0x19, 0x47, 0x19, 0x47, 0x19, 0x47, 0x19, 0x47, 0x19, 0x47, 0x19,
    0x47, 0x19, 0x47, 0x19, 0x47, 0x19, 0x47, 0x19, 0x47, 0x19, 0x47, 0x19, 0x47, 0x19, 0x47, 0x19,
    0x47, 0x19, 0x47, 0x19, 0x47, 0x19, 0x47, 0x19, 0x47, 0x19, 0x47, 0x19, 0x47, 0x19, 0x47, 0x19,
    0x47, 0x19, 0x47, 0x19, 0x47, 0x19, 0x47, 0x19, 0x47, 0x19, 0x47, 0x19, 0x47, 0x19, 0x47, 0x19,
    0x47, 0x19, 0x47, 0x19, 0x47, 0x19, 0x47, 0x19, 0x47, 0x19, 0x47, 0x19, 0x47, 0x19, 0x47, 0x19,
    0x47, 0x19, 0x47, 0x19, 0x47, 0x19, 0x47, 0x19, 0x47, 0x19, 0x47, 0x19, 0x47, 0x19, 0x47, 0x19,
    0x47, 0x19, 0x47, 0x19, 0x47, 0x19, 0x47, 0x19, 0x47, 0x19, 0x47, 0x19, 0x47, 0x19, 0x47, 0x19,
    0x47, 0x19, 0x47, 0x19, 0x47, 0x19, 0x47, 0x19, 0x47, 0x19, 0x47, 0x19, 0x47, 0x19, 0x47, 0x19,
    0x47, 0x19, 0x47, 0x19, 0x47, 0x19, 0x47, 0x19, 0x47, 0x19, 0x47, 0x19, 0x47, 0x19, 0x47, 0x19,
    0x47, 0x19, 0x47, 0x19, 0x47, 0x19, 0x47, 0x19, 0x47, 0x19, 0x47, 0x19, 0x47, 0x19, 0x47, 0x19,
    0x47, 0x19, 0x47, 0x19, 0x47, 0x19, 0x47, 0x19, 0x47, 0x19, 0x47, 0x19, 0x47, 0x19, 0x47, 0x19,
    0x47, 0x19, 0x47, 0x19, 0x47, 0x19, 0x47, 0x19, 0x47, 0x19, 0x47, 0x19, 0x47, 0x19, 0x47, 0x19,
    0x47, 0x19, 0x47, 0x19, 0x47, 0x19, 0x47, 0x19, 0x47, 0x19, 0x47, 0x19, 0x47, 0x19, 0x47, 0x19,
    0x47, 0x19, 0x47, 0x19, 0x47, 0x19, 0x47, 0x19, 0x47, 0x19, 0x47, 0x19, 0x47, 0x19, 0x47, 0x19,
    0x47, 0x19, 0x47, 0x19, 0x47, 0x19, 0x47, 0x19, 0x47, 0x19, 0x47, 0x19, 0x47, 0x19, 0x47, 0x19,
    0x47, 0x19, 0x47, 0x19, 0x47, 0x19, 0x47, 0x19, 0x47, 0x19, 0x47, 0x19, 0x47, 0x19, 0x47, 0x19,
    0x47, 0x19, 0x47, 0x19, 0x47, 0x19, 0x47, 0x19, 0x47, 0x19, 0x47, 0x19, 0x47, 0x19, 0x47, 0x19,
    0x47, 0x19, 0x47, 0x19, 0x47, 0x19, 0x47, 0x19, 0x47, 0x19, 0x47, 0x19, 0x47, 0x19, 0x47, 0x19,
    0x47, 0x19, 0x47, 0x19, 0x47, 0x19, 0x47, 0x19, 0x47, 0x19, 0x47, 0x19, 0x47, 0x19, 0x47, 0x19,
    0x47, 0x19, 0x47, 0x19, 0x47, 0x19, 0x47, 0x19, 0x47, 0x19, 0x47, 0x19, 0x47, 0x19, 0x47, 0x19,
    0x47, 0x19, 0x47, 0x19, 0x47, 0x19, 0x47, 0x19, 0x47, 0x19, 0x47, 0x19, 0x47, 0x19, 0x47, 0x19,
    0x47, 0x19, 0x47, 0x19, 0x47, 0x19, 0x47, 0x19, 0x47, 0x19, 0x47, 0x19, 0x47, 0x19, 0x47, 0x19,
    0x47, 0x19, 0x47, 0x19, 0x47, 0x19, 0x47, 0x19, 0x47, 0x19, 0x47, 0x19, 0x47, 0x19, 0x47, 0x19,
    0x47, 0x19, 0x47, 0x19, 0x47, 0x19, 0x47, 0x19, 0x47, 0x19, 0x47, 0x19, 0x47, 0x19, 0x47, 0x19,
    0x47, 0x19, 0x47, 0x19, 0x47, 0x19, 0x47, 0x19, 0x47, 0x19, 0x47, 0x19, 0x47, 0x19, 0x47, 0x19,
    0x47, 0x19, 0x47, 0x19, 0x47, 0x19, 0x47, 0x19, 0x47, 0x19, 0x47, 0x19, 0x47, 0x19, 0x47, 0x19,
    0x47, 0x19, 0x47, 0x19, 0x47, 0x19, 0x47, 0x19, 0x47, 0x19, 0x47, 0x19, 0x47, 0x19, 0x47, 0x19,
    0x47, 0x19, 0x47, 0x19, 0x47, 0x19, 0x47, 0x19, 0x47, 0x19, 0x47, 0x19, 0x47, 0x19, 0x47, 0x19,
    0x47, 0x19, 0x47, 0x19, 0x47, 0x19, 0x47, 0x19, 0x47, 0x19, 0x47, 0x19, 0x47, 0x19, 0x47, 0x19,
    0x47, 0x19, 0x47, 0x19, 0x47, 0x19, 0x47, 0x19, 0x47, 0x19, 0x47, 0x19, 0x47, 0x19, 0x47, 0x19,
    0x47, 0x19, 0x47, 0x19, 0x47, 0x19, 0x47, 0x19, 0x47, 0x19, 0x47, 0x19, 0x47, 0x19, 0x47, 0x19,
    0x47, 0x19, 0x47, 0x19, 0x47, 0x19, 0x47, 0x19, 0x47, 0x19, 0x47, 0x19, 0x47, 0x19, 0x47, 0x19,
    0x47, 0x19, 0x47, 0x19, 0x47, 0x19, 0x47, 0x19, 0x47, 0x19, 0x47, 0x19, 0x47, 0x19, 0x47, 0x19,
    0x47, 0x19, 0x47, 0x19, 0x47, 0x19, 0x47, 0x19, 0x47, 0x19, 0x47, 0x19, 0x47, 0x19, 0x47, 0x19,
    0x47, 0x19, 0x47, 0x19, 0x47, 0x19, 0x47, 0x19, 0x47, 0x19, 0x47, 0x19, 0x47, 0x19, 0x47, 0x19,
    0x47, 0x19, 0x47, 0x19, 0x47, 0x19, 0x47, 0x19, 0x47, 0x19, 0x47, 0x19, 0x47, 0x19, 0x47, 0x19,
    0x47, 0x19, 0x47, 0x19, 0x47, 0x19, 0x47, 0x19, 0x47, 0x19, 0x47, 0x19, 0x47, 0x19, 0x47, 0x19,
    0x47, 0x19, 0x47, 0x19, 0x47, 0x19, 0x47, 0x19, 0x47, 0x19, 0x47, 0x19, 0x47, 0x19, 0x47, 0x19,
    0x47, 0x19, 0x47, 0x19, 0x47, 0x19, 0x47, 0x19, 0x47, 0x19, 0x47, 0x19, 0x47, 0x19, 0x47, 0x19,
    0x47, 0x19, 0x47, 0x19, 0x47, 0x19, 0x47, 0x19, 0x47, 0x19, 0x47, 0x19, 0x47, 0x19, 0x47, 0x19,
    0x47, 0x19, 0x47, 0x19, 0x47, 0x19, 0x47, 0x19, 0x47, 0x19, 0x47, 0x19, 0x47, 0x19, 0x47, 0x19,
    0x47, 0x19, 0x47, 0x19, 0x47, 0x19, 0x47, 0x19, 0x47, 0x19, 0x47, 0x19, 0x47, 0x19, 0x47, 0x19,
    0x47, 0x19, 0x47, 0x19, 0x47, 0x19, 0x47, 0x19, 0x47, 0x19, 0x47, 0x19, 0x47, 0x19, 0x47, 0x19,
    0x47, 0x19, 0x47, 0x19, 0x47, 0x19, 0x47, 0x19, 0x47, 0x19, 0x47, 0x19, 0x47, 0x19, 0x47, 0x19,
    0x47, 0x19, 0x47, 0x19, 0x47, 0x19, 0x47, 0x19, 0x47, 0x19, 0x47, 0x19, 0x47, 0x19, 0x47, 0x19,
    0x47, 0x19, 0x47, 0x19, 0x47, 0x19, 0x47, 0x19, 0x47, 0x19, 0x47, 0x19, 0x47, 0x19, 0x47, 0x19,
    0x47, 0x19, 0x47, 0x19, 0x47, 0x19, 0x47, 0x19, 0x47, 0x19, 0x47, 0x19, 0x47, 0x19, 0x47, 0x19,
    0x47, 0x19, 0x47, 0x19, 0x47, 0x19, 0x47, 0x19, 0x47, 0x19, 0x47, 0x19, 0x47, 0x19, 0x47, 0x19,
    0x47, 0x19, 0x47, 0x19, 0x47, 0x19, 0x47, 0x19, 0x47, 0x19, 0x47, 0x19, 0x47, 0x19, 0x47, 0x19,
    0x47, 0x19, 0x47, 0x19, 0x47, 0x19, 0x47, 0x19, 0x47, 0x19, 0x47, 0x19, 0x47, 0x19, 0x47, 0x19,
    0x47, 0x19, 0x47, 0x19, 0x47, 0x19, 0x47, 0x19, 0x47, 0x19, 0x47, 0x19, 0x47, 0x19, 0x47, 0x19,
    0x47, 0x19, 0x47, 0x19, 0x47, 0x19, 0x47, 0x19, 0x47, 0x19, 0x47, 0x19, 0x47, 0x19, 0x47, 0x19,
    0x47, 0x19, 0x47, 0x19, 0x47, 0x19, 0x47, 0x19, 0x47, 0x19, 0x47, 0x19, 0x47, 0x19, 0x47, 0x19,
    0x47, 0x19, 0x47, 0x19, 0x47, 0x19, 0x47, 0x19, 0x47, 0x19, 0x47, 0x19, 0x47, 0x19, 0x47, 0x19,
    0x47, 0x19, 0x47, 0x19, 0x47, 0x19, 0x47, 0x19, 0x47, 0x19, 0x47, 0x19, 0x47, 0x19, 0x47, 0x19,
    0x47, 0x19, 0x47, 0x19, 0x47, 0x19, 0x47, 0x19, 0x47, 0x19, 0x47, 0x19, 0x47, 0x19, 0x47, 0x19,
    0x47, 0x19, 0x47, 0x19, 0x47, 0x19, 0x47, 0x19, 0x47, 0x19, 0x47, 0x19, 0x47, 0x19, 0x47, 0x19,
    0x47, 0x19, 0x47, 0x19, 0x47, 0x19, 0x47, 0x19, 0x47, 0x19, 0x47, 0x19, 0x47, 0x19, 0x47, 0x19,
    0x47, 0x19, 0x47, 0x19, 0x47, 0x19, 0x47, 0x19, 0x47, 0x19, 0x47, 0x19, 0x47, 0x19, 0x47, 0x19,
    0x47, 0x19, 0x47, 0x19, 0x47, 0x19, 0x47, 0x19, 0x47, 0x19, 0x47, 0x19, 0x47, 0x19, 0x47, 0x19,
    0x47, 0x19, 0x47, 0x19, 0x47, 0x19, 0x47, 0x19, 0x47, 0x19, 0x47, 0x19, 0x47, 0x19, 0x47, 0x19,
    0x47, 0x19, 0x47, 0x19, 0x47, 0x19, 0x47, 0x19, 0x47, 0x19, 0x47, 0x19, 0x47, 0x19, 0x47, 0x19,
    0x47, 0x19, 0x47, 0x19, 0x47, 0x19, 0x47, 0x19, 0x47, 0x19, 0x47, 0x19, 0x47, 0x19, 0x47, 0x19,
    0x47, 0x19, 0x47, 0x19, 0x47, 0x19, 0x47, 0x19, 0x47, 0x19, 0x47, 0x19, 0x47, 0x19, 0x47, 0x19,
    0x47, 0x19, 0x47, 0x19, 0x47, 0x19, 0x47, 0x19, 0x47, 0x19, 0x47, 0x19, 0x47, 0x19, 0x47, 0x19,
    0x47, 0x19, 0x47, 0x19, 0x47, 0x19, 0x47, 0x19, 0x47, 0x19, 0x47, 0x19, 0x47, 0x19, 0x47, 0x19,
    0x47, 0x19, 0x47, 0x19, 0x47, 0x19, 0x47, 0x19, 0x47, 0x19, 0x47, 0x19, 0x47, 0x19, 0x47, 0x19,
    0x47, 0x19, 0x47, 0x19, 0x47, 0x19, 0x47, 0x19, 0x47, 0x19, 0x47, 0x19, 0x47, 0x19, 0x47, 0x19,
    0x47, 0x19, 0x47, 0x19, 0x47, 0x19, 0x47, 0x19, 0x47, 0x19, 0x47, 0x19, 0x47, 0x19, 0x47, 0x19,
    0x47, 0x19, 0x47, 0x19, 0x47, 0x19, 0x47, 0x19, 0x47, 0x19, 0x47, 0x19, 0x47, 0x19, 0x47, 0x19,
    0x47, 0x19, 0x47, 0x19, 0x47, 0x19, 0x47, 0x19, 0x47, 0x19, 0x47, 0x19, 0x47, 0x19, 0x47, 0x19,
    0x47, 0x19, 0x47, 0x19, 0x47, 0x19, 0x47, 0x19, 0x47, 0x19, 0x47, 0x19, 0x47, 0x19, 0x47, 0x19,
    0x47, 0x19, 0x47, 0x19, 0x47, 0x19, 0x47, 0x19, 0x47, 0x19, 0x47, 0x19, 0x47, 0x19, 0x47, 0x19,
    0x47, 0x19, 0x47, 0x19, 0x47, 0x19, 0x47, 0x19, 0x47, 0x19, 0x47, 0x19, 0x47, 0x19, 0x47, 0x19,
    0x47, 0x19, 0x47, 0x19, 0x47, 0x19, 0x47, 0x19, 0x47, 0x19, 0x47, 0x19, 0x47, 0x19, 0x47, 0x19,
    0x47, 0x19, 0x47, 0x19, 0x47, 0x19, 0x47, 0x19, 0x47, 0x19, 0x47, 0x19, 0x47, 0x19, 0x47, 0x19,
    0x47, 0x19, 0x47, 0x19, 0x47, 0x19, 0x47, 0x19, 0x47, 0x19, 0x47, 0x19, 0x47, 0x19, 0x47, 0x19,
    0x47, 0x19, 0x47, 0x19, 0x47, 0x19, 0x47, 0x19, 0x47, 0x19, 0x47, 0x19, 0x47, 0x19, 0x47, 0x19,
    0x47, 0x19, 0x47, 0x19, 0x47, 0x19, 0x47, 0x19, 0x47, 0x19, 0x47, 0x19, 0x47, 0x19, 0x47, 0x19,
    0x47, 0x19, 0x47, 0x19, 0x47, 0x19, 0x47, 0x19, 0x47, 0x19, 0x47, 0x19, 0x47, 0x19, 0x47, 0x19,
    0x47, 0x19, 0x47, 0x19, 0x47, 0x19, 0x47, 0x19, 0x47, 0x19, 0x47, 0x19, 0x47, 0x19, 0x47, 0x19,
    0x47, 0x19, 0x47, 0x19, 0x47, 0x19, 0x47, 0x19, 0x47, 0x19, 0x47, 0x19, 0x47, 0x19, 0x47, 0x19,
    0x47, 0x19, 0x47, 0x19, 0x47, 0x19, 0x47, 0x19, 0x47, 0x19, 0x47, 0x19, 0x47, 0x19, 0x47, 0x19,
    0x47, 0x19, 0x47, 0x19, 0x47, 0x19, 0x47, 0x19, 0x47, 0x19, 0x47, 0x19, 0x47, 0x19, 0x47, 0x19,
    0x47, 0x19, 0x47, 0x19, 0x47, 0x19, 0x47, 0x19, 0x47, 0x19, 0x47, 0x19, 0x47, 0x19, 0x47, 0x19,
    0x47, 0x19, 0x47, 0x19, 0x47, 0x19, 0x47, 0x19, 0x47, 0x19, 0x47, 0x19, 0x47, 0x19, 0x47, 0x19,
    0x47, 0x19, 0x47, 0x19, 0x47, 0x19, 0x47, 0x19, 0x47, 0x19, 0x47, 0x19, 0x47, 0x19, 0x47, 0x19,
    0x47, 0x19, 0x47, 0x19, 0x47, 0x19, 0x47, 0x19, 0x47, 0x19, 0x47, 0x19, 0x47, 0x19, 0x47, 0x19,
    0x47, 0x19, 0x47, 0x19, 0x47, 0x19, 0x47, 0x19, 0x47, 0x19, 0x47, 0x19, 0x47, 0x19, 0x47, 0x19,
    0x47, 0x19, 0x47, 0x19, 0x47, 0x19, 0x47, 0x19, 0x47, 0x19, 0x47, 0x19, 0x47, 0x19, 0x47, 0x19,
    0x47, 0x19, 0x47, 0x19, 0x47, 0x19, 0x47, 0x19, 0x47, 0x19, 0x47, 0x19, 0x47, 0x19, 0x47, 0x19,
    0x47, 0x19, 0x47, 0x19, 0x47, 0x19, 0x47, 0x19, 0x47, 0x19, 0x47, 0x19, 0x47, 0x19, 0x47, 0x19,
    0x47, 0x19, 0x47, 0x19, 0x47, 0x19, 0x47, 0x19, 0x47, 0x19, 0x47, 0x19, 0x47, 0x19, 0x47, 0x19,
    0x47, 0x19, 0x47, 0x19, 0x47, 0x19, 0x47, 0x19, 0x47, 0x19, 0x47, 0x19, 0x47, 0x19, 0x47, 0x19,
    0x47, 0x19, 0x47, 0x19, 0x47, 0x19, 0x47, 0x19, 0x47, 0x19, 0x47, 0x19, 0x47, 0x19, 0x47, 0x19,
    0x47, 0x19, 0x47, 0x19, 0x47, 0x19, 0x47, 0x19, 0x47, 0x19, 0x47, 0x19, 0x47, 0x19, 0x47, 0x19,
    0x47, 0x19, 0x47, 0x19, 0x47, 0x19, 0x47, 0x19, 0x47, 0x19, 0x47, 0x19, 0x47, 0x19, 0x47, 0x19,
    0x47, 0x19, 0x47, 0x19, 0x47, 0x19, 0x47, 0x19, 0x47, 0x19, 0x47, 0x19, 0x47, 0x19, 0x47, 0x19,
    0x47, 0x19, 0x47, 0x19, 0x47, 0x19, 0x47, 0x19, 0x47, 0x19, 0x47, 0x19, 0x47, 0x19, 0x47, 0x19,
    0x47, 0x19, 0x47, 0x19, 0x47, 0x19, 0x47, 0x19, 0x47, 0x19, 0x47, 0x19, 0x47, 0x19, 0x47, 0x19,
    0x47, 0x19, 0x47, 0x19, 0x47, 0x19, 0x47, 0x19, 0x47, 0x19, 0x47, 0x19, 0x47, 0x19, 0x47, 0x19,
    0x47, 0x19, 0x47, 0x19, 0x47, 0x19, 0x47, 0x19, 0x47, 0x19, 0x47, 0x19, 0x47, 0x19, 0x47, 0x19,
    0x47, 0x19, 0x47, 0x19, 0x47, 0x19, 0x47, 0x19, 0x47, 0x19, 0x47, 0x19, 0x47, 0x19, 0x47, 0x19,
    0x47, 0x19, 0x47, 0x19, 0x47, 0x19, 0x47, 0x19, 0x47, 0x19, 0x47, 0x19, 0x47, 0x19, 0x47, 0x19,
    0x47, 0x19, 0x47, 0x19, 0x47, 0x19, 0x47, 0x19, 0x47, 0x19, 0x47, 0x19, 0x47, 0x19, 0x47, 0x19,
    0x47, 0x19, 0x47, 0x19, 0x47, 0x19, 0x47, 0x19, 0x47, 0x19, 0x47, 0x19, 0x47, 0x19, 0x47, 0x19,
    0x47, 0x19, 0x47, 0x19, 0x47, 0x19, 0x47, 0x19, 0x47, 0x19, 0x47, 0x19, 0x47, 0x19, 0x47, 0x19,
    0x47, 0x19, 0x47, 0x19, 0x47, 0x19, 0x47, 0x19, 0x47, 0x19, 0x47, 0x19, 0x47, 0x19, 0x47, 0x19,
    0x47, 0x19, 0x47, 0x19, 0x47, 0x19, 0x47, 0x19, 0x47, 0x19, 0x47, 0x19, 0x47, 0x19, 0x47, 0x19,
    0x47, 0x19, 0x47, 0x19, 0x47, 0x19, 0x47, 0x19, 0x47, 0x19, 0x47, 0x19, 0x47, 0x19, 0x47, 0x19,
    0x47, 0x19, 0x47, 0x19, 0x47, 0x19, 0x47, 0x19, 0x47, 0x19, 0x47, 0x19, 0x47, 0x19, 0x47, 0x19,
    0x47, 0x19, 0x47, 0x19, 0x47, 0x19, 0x47, 0x19, 0x47, 0x19, 0x47, 0x19, 0x47, 0x19, 0x47, 0x19,
    0x47, 0x19, 0x47, 0x19, 0x47, 0x19, 0x47, 0x19, 0x47, 0x19, 0x47, 0x19, 0x47, 0x19, 0x47, 0x19,
    0x47, 0x19, 0x47, 0x19, 0x47, 0x19, 0x47, 0x19, 0x47, 0x19, 0x47, 0x19, 0x47, 0x19, 0x47, 0x19,
    0x47, 0x19, 0x47, 0x19, 0x47, 0x19, 0x47, 0x19, 0x47, 0x19, 0x47, 0x19, 0x47, 0x19, 0x47, 0x19,
    0x47, 0x19, 0x47, 0x19, 0x47, 0x19, 0x47, 0x19, 0x47, 0x19, 0x47, 0x19, 0x47, 0x19, 0x47, 0x19,
    0x47, 0x19, 0x47, 0x19, 0x47, 0x19, 0x47, 0x19, 0x47, 0x19, 0x47, 0x19, 0x47, 0x19, 0x47, 0x19,
    0x47, 0x19, 0x47, 0x19, 0x47, 0x19, 0x47, 0x19, 0x47, 0x19, 0x47, 0x19, 0x47, 0x19, 0x47, 0x19,
    0x47, 0x19, 0x47, 0x19, 0x47, 0x19, 0x47, 0x19, 0x47, 0x19, 0x47, 0x19, 0x47, 0x19, 0x47, 0x19,
    0x47, 0x19, 0x47, 0x19, 0x47, 0x19, 0x47, 0x19, 0x47, 0x19, 0x47, 0x19, 0x47, 0x19, 0x47, 0x19,
    0x47, 0x19, 0x47, 0x19, 0x47, 0x19, 0x47, 0x19, 0x47, 0x19, 0x47, 0x19, 0x47, 0x19, 0x47, 0x19,
    0x47, 0x19, 0x47, 0x19, 0x47, 0x19, 0x47, 0x19, 0x47, 0x19, 0x47, 0x19, 0x47, 0x19, 0x47, 0x19,
    0x47, 0x19, 0x47, 0x19, 0x47, 0x19, 0x47, 0x19, 0x47, 0x19, 0x47, 0x19, 0x47, 0x19, 0x47, 0x19,
    0x47, 0x19, 0x47, 0x19, 0x47, 0x19, 0x47, 0x19, 0x47, 0x19, 0x47, 0x19, 0x47, 0x19, 0x47, 0x19,
    0x47, 0x19, 0x47, 0x19, 0x47, 0x19, 0x47, 0x19, 0x47, 0x19, 0x47, 0x19, 0x47, 0x19, 0x47, 0x19,
    0x47, 0x19, 0x47, 0x19, 0x47, 0x19, 0x47, 0x19, 0x47, 0x19, 0x47, 0x19, 0x47, 0x19, 0x47, 0x19,
    0x47, 0x19, 0x47, 0x19, 0x47, 0x19, 0x47, 0x19, 0x47, 0x19, 0x47, 0x19, 0x47, 0x19, 0x47, 0x19,
    0x47, 0x19, 0x47, 0x19, 0x47, 0x19, 0x47, 0x19, 0x47, 0x19, 0x47, 0x19, 0x47, 0x19, 0x47, 0x19,
    0x47, 0x19, 0x47, 0x19, 0x47, 0x19, 0x47, 0x19, 0x47, 0x19, 0x47, 0x19, 0x47, 0x19, 0x47, 0x19,
    0x47, 0x19, 0x47, 0x19, 0x47, 0x19, 0x47, 0x19, 0x47, 0x19, 0x47, 0x19, 0x47, 0x19, 0x47, 0x19,
    0x47, 0x19, 0x47, 0x19, 0x47, 0x19, 0x47, 0x19, 0x47, 0x19, 0x47, 0x19, 0x47, 0x19, 0x47, 0x19,
    0x47, 0x19, 0x47, 0x19, 0x47, 0x19, 0x47, 0x19, 0x47, 0x19, 0x47, 0x19, 0x47, 0x19, 0x47, 0x19,
    0x47, 0x19, 0x47, 0x19, 0x47, 0x19, 0x47, 0x19, 0x47, 0x19, 0x47, 0x19, 0x47, 0x19, 0x47, 0x19,
    0x47, 0x19, 0x47, 0x19, 0x47, 0x19, 0x47, 0x19, 0x47, 0x19, 0x47, 0x19, 0x47, 0x19, 0x47, 0x19,
    0x47, 0x19, 0x47, 0x19, 0x47, 0x19, 0x47, 0x19, 0x47, 0x19, 0x47, 0x19, 0x47, 0x19, 0x47, 0x19,
    0x47, 0x19, 0x47, 0x19, 0x47, 0x19, 0x47, 0x19, 0x47, 0x19, 0x47, 0x19, 0x47, 0x19, 0x47, 0x19,
    0x47, 0x19, 0x47, 0x19, 0x47, 0x19, 0x47, 0x19, 0x47, 0x19, 0x47, 0x19, 0x47, 0x19, 0x47, 0x19,
    0x47, 0x19, 0x47, 0x19, 0x47, 0x19, 0x47, 0x19, 0x47, 0x19, 0x47, 0x19, 0x47, 0x19, 0x47, 0x19,
    0x47, 0x19, 0x47, 0x19, 0x47, 0x19, 0x47, 0x19, 0x47, 0x19, 0x47, 0x19, 0x47, 0x19, 0x47, 0x19,
    0x47, 0x19, 0x47, 0x19, 0x47, 0x19, 0x47, 0x19, 0x47, 0x19, 0x47, 0x19, 0x47, 0x19, 0x47, 0x19,
    0x47, 0x19, 0x47, 0x19, 0x47, 0x19, 0x47, 0x19, 0x47, 0x19, 0x47, 0x19, 0x47, 0x19, 0x47, 0x19,
    0x47, 0x19, 0x47, 0x19, 0x47, 0x19, 0x47, 0x19, 0x47, 0x19, 0x47, 0x19, 0x47, 0x19, 0x47, 0x19,
    0x47, 0x19, 0x47, 0x19, 0x47, 0x19, 0x47, 0x19, 0x47, 0x19, 0x47, 0x19, 0x47, 0x19, 0x47, 0x19,
    0x47, 0x19, 0x47, 0x19, 0x47, 0x19, 0x47, 0x19, 0x47, 0x19, 0x47, 0x19, 0x47, 0x19, 0x47, 0x19,
    0x47, 0x19, 0x47, 0x19, 0x47, 0x19, 0x47, 0x19, 0x47, 0x19, 0x47, 0x19, 0x47, 0x19, 0x47, 0x19,
    0x47, 0x19, 0x47, 0x19, 0x47, 0x19, 0x47, 0x19, 0x47, 0x19, 0x47, 0x19, 0x47, 0x19, 0x47, 0x19,
    0x47, 0x19, 0x47, 0x19, 0x47, 0x19, 0x47, 0x19, 0x47, 0x19, 0x47, 0x19, 0x47, 0x19, 0x47, 0x19,
    0x47, 0x19, 0x47, 0x19, 0x47, 0x19, 0x47, 0x19, 0x47, 0x19, 0x47, 0x19, 0x47, 0x19, 0x47, 0x19,
    0x47, 0x19, 0x47, 0x19, 0x47, 0x19, 0x47, 0x19, 0x47, 0x19, 0x47, 0x19, 0x47, 0x19, 0x47, 0x19,
    0x47, 0x19, 0x47, 0x19, 0x47, 0x19, 0x47, 0x19, 0x47, 0x19, 0x47, 0x19, 0x47, 0x19, 0x47, 0x19,
    0x47, 0x19, 0x47, 0x19, 0x47, 0x19, 0x47, 0x19, 0x47, 0x19, 0x47, 0x19, 0x47, 0x19, 0x47, 0x19,
    0x47, 0x19, 0x47, 0x19, 0x47, 0x19, 0x47, 0x19, 0x47, 0x19, 0x47, 0x19, 0x47, 0x19, 0x47, 0x19,
    0x47, 0x19, 0x47, 0x19, 0x47, 0x19, 0x47, 0x19, 0x47, 0x19, 0x47, 0x19, 0x47, 0x19, 0x47, 0x19,
    0x47, 0x19, 0x47, 0x19, 0x47, 0x19, 0x47, 0x19, 0x47, 0x19, 0x47, 0x19, 0x47, 0x19, 0x47, 0x19,
    0x47, 0x19, 0x47, 0x19, 0x47, 0x19, 0x47, 0x19, 0x47, 0x19, 0x47, 0x19, 0x47, 0x19, 0x47, 0x19,
    0x47, 0x19, 0x47, 0x19, 0x47, 0x19, 0x47, 0x19, 0x47, 0x19, 0x47, 0x19, 0x47, 0x19, 0x47, 0x19,
    0x47, 0x19, 0x47, 0x19, 0x47, 0x19, 0x47, 0x19, 0x47, 0x19, 0x47, 0x19, 0x47, 0x19, 0x47, 0x19,
    0x47, 0x19, 0x47, 0x19, 0x47, 0x19, 0x47, 0x19, 0x47, 0x19, 0x47, 0x19, 0x47, 0x19, 0x47, 0x19,
    0x47, 0x19, 0x47, 0x19, 0x47, 0x19, 0x47, 0x19, 0x47, 0x19, 0x47, 0x19, 0x47, 0x19, 0x47, 0x19,
    0x47, 0x19, 0x47, 0x19, 0x47, 0x19, 0x47, 0x19, 0x47, 0x19, 0x47, 0x19, 0x47, 0x19, 0x47, 0x19,
    0x47, 0x19, 0x47, 0x19, 0x47, 0x19, 0x47, 0x19, 0x47, 0x19, 0x47, 0x19, 0x47, 0x19, 0x47, 0x19,
    0x47, 0x19, 0x47, 0x19, 0x47, 0x19, 0x47, 0x19, 0x47, 0x19, 0x47, 0x19, 0x47, 0x19, 0x47, 0x19,
    0x47, 0x19, 0x47, 0x19, 0x47, 0x19, 0x47, 0x19, 0x47, 0x19, 0x47, 0x19, 0x47, 0x19, 0x47, 0x19,
    0x47, 0x19, 0x47, 0x19, 0x47, 0x19, 0x47, 0x19, 0x47, 0x19, 0x47, 0x19, 0x47, 0x19, 0x47, 0x19,
    0x47, 0x19, 0x47, 0x19, 0x47, 0x19, 0x47, 0x19, 0x47, 0x19, 0x47, 0x19, 0x47, 0x19, 0x47, 0x19,
    0x47, 0x19, 0x47, 0x19, 0x47, 0x19, 0x47, 0x19, 0x47, 0x19, 0x47, 0x19, 0x47, 0x19, 0x47, 0x19,
    0x47, 0x19, 0x47, 0x19, 0x47, 0x19, 0x47, 0x19, 0x47, 0x19, 0x47, 0x19, 0x47, 0x19, 0x47, 0x19,
    0x47, 0x19, 0x47, 0x19, 0x47, 0x19, 0x47, 0x19, 0x47, 0x19, 0x47, 0x19, 0x47, 0x19, 0x47, 0x19,
    0x47, 0x19, 0x47, 0x19, 0x47, 0x19, 0x47, 0x19, 0x47, 0x19, 0x47, 0x19, 0x47, 0x19, 0x47, 0x19,
    0x47, 0x19, 0x47, 0x19, 0x47, 0x19, 0x47, 0x19, 0x47, 0x19, 0x47, 0x19, 0x47, 0x19, 0x47, 0x19,
    0x47, 0x19, 0x47, 0x19, 0x47, 0x19, 0x47, 0x19, 0x47, 0x19, 0x47, 0x19, 0x47, 0x19, 0x47, 0x19,
    0x47, 0x19, 0x47, 0x19, 0x47, 0x19, 0x47, 0x19, 0x47, 0x19, 0x47, 0x19, 0x47, 0x19, 0x47, 0x19,
    0x47, 0x19, 0x47, 0x19, 0x47, 0x19, 0x47, 0x19, 0x47, 0x19, 0x47, 0x19, 0x47, 0x19, 0x47, 0x19,
    0x47, 0x19, 0x47, 0x19, 0x47, 0x19, 0x47, 0x19, 0x47, 0x19, 0x47, 0x19, 0x47, 0x19, 0x47, 0x19,
    0x47, 0x19, 0x47, 0x19, 0x47, 0x19, 0x47, 0x19, 0x47, 0x19, 0x47, 0x19, 0x47, 0x19, 0x47, 0x19,
    0x47, 0x19, 0x47, 0x19, 0x47, 0x19, 0x47, 0x19, 0x47, 0x19, 0x47, 0x19, 0x47, 0x19, 0x47, 0x19,
    0x47, 0x19, 0x47, 0x19, 0x47, 0x19, 0x47, 0x19, 0x47, 0x19, 0x47, 0x19, 0x47, 0x19, 0x47, 0x19,
    0x47, 0x19, 0x47, 0x19, 0x47, 0x19, 0x47, 0x19, 0x47, 0x19, 0x47, 0x19, 0x47, 0x19, 0x47, 0x19,
    0x47, 0x19, 0x47, 0x19, 0x47, 0x19, 0x47, 0x19, 0x47, 0x19, 0x47, 0x19, 0x47, 0x19, 0x47, 0x19,
    0x47, 0x19, 0x47, 0x19, 0x47, 0x19, 0x47, 0x19, 0x47, 0x19, 0x47, 0x19, 0x47, 0x19, 0x47, 0x19,
    0x47, 0x19, 0x47, 0x19, 0x47, 0x19, 0x47, 0x19, 0x47, 0x19, 0x47, 0x19, 0x47, 0x19, 0x47, 0x19,
    0x47, 0x19, 0x47, 0x19, 0x47, 0x19, 0x47, 0x19, 0x47, 0x19, 0x47, 0x19, 0x47, 0x19, 0x47, 0x19,
    0x47, 0x19, 0x47, 0x19, 0x47, 0x19, 0x47, 0x19, 0x47, 0x19, 0x47, 0x19, 0x47, 0x19, 0x47, 0x19,
    0x47, 0x19, 0x47, 0x19, 0x47, 0x19, 0x47, 0x19, 0x47, 0x19, 0x47, 0x19, 0x47, 0x19, 0x47, 0x19,
    0x47, 0x19, 0x47, 0x19, 0x47, 0x19, 0x47, 0x19, 0x47, 0x19, 0x47, 0x19, 0x47, 0x19, 0x47, 0x19,
    0x47, 0x19, 0x47, 0x19, 0x47, 0x19, 0x47, 0x19, 0x47, 0x19, 0x47, 0x19, 0x47, 0x19, 0x47, 0x19,
    0x47, 0x19, 0x47, 0x19, 0x47, 0x19, 0x47, 0x19, 0x47, 0x19, 0x47, 0x19, 0x47, 0x19, 0x47, 0x19,
    0x47, 0x19, 0x47, 0x19, 0x47, 0x19, 0x47, 0x19, 0x47, 0x19, 0x47, 0x19, 0x47, 0x19, 0x47, 0x19,
    0x47, 0x19, 0x47, 0x19, 0x47, 0x19, 0x47, 0x19, 0x47, 0x19, 0x47, 0x19, 0x47, 0x19, 0x47, 0x19,
    0x47, 0x19, 0x47, 0x19, 0x47, 0x19, 0x47, 0x19, 0x47, 0x19, 0x47, 0x19, 0x47, 0x19, 0x47, 0x19,
    0x47, 0x19, 0x47, 0x19, 0x47, 0x19, 0x47, 0x19, 0x47, 0x19, 0x47, 0x19, 0x47, 0x19, 0x47, 0x19,
    0x47, 0x19, 0x47, 0x19, 0x47, 0x19, 0x47, 0x19, 0x47, 0x19, 0x47, 0x19, 0x47, 0x19, 0x47, 0x19,
    0x47, 0x19, 0x47, 0x19, 0x47, 0x19, 0x47, 0x19, 0x47, 0x19, 0x47, 0x19, 0x47, 0x19, 0x47, 0x19,
    0x47, 0x19, 0x47, 0x19, 0x47, 0x19, 0x47, 0x19, 0x47, 0x19, 0x47, 0x19, 0x47, 0x19, 0x47, 0x19,
    0x47, 0x19, 0x47, 0x19, 0x47, 0x19, 0x47, 0x19, 0x47, 0x19, 0x47, 0x19, 0x47, 0x19, 0x47, 0x19,
    0x47, 0x19, 0x47, 0x19, 0x47, 0x19, 0x47, 0x19, 0x47, 0x19, 0x47, 0x19, 0x47, 0x19, 0x47, 0x19,
    0x47, 0x19, 0x47, 0x19, 0x47, 0x19, 0x47, 0x19, 0x47, 0x19, 0x47, 0x19, 0x47, 0x19, 0x47, 0x19,
    0x47, 0x19, 0x47, 0x19, 0x47, 0x19, 0x47, 0x19, 0x47, 0x19, 0x47, 0x19, 0x47, 0x19, 0x47, 0x19,
    0x47, 0x19, 0x47, 0x19, 0x47, 0x19, 0x47, 0x19, 0x47, 0x19, 0x47, 0x19, 0x47, 0x19, 0x47, 0x19,
    0x47, 0x19, 0x47, 0x19, 0x47, 0x19, 0x47, 0x19, 0x47, 0x19, 0x47, 0x19, 0x47, 0x19, 0x47, 0x19,
    0x47, 0x19, 0x47, 0x19, 0x47, 0x19, 0x47, 0x19, 0x47, 0x19, 0x47, 0x19, 0x47, 0x19, 0x47, 0x19,
    0x47, 0x19, 0x47, 0x19, 0x47, 0x19, 0x47, 0x19, 0x47, 0x19, 0x47, 0x19, 0x47, 0x19, 0x47, 0x19,
    0x47, 0x19, 0x47, 0x19, 0x47, 0x19, 0x47, 0x19, 0x47, 0x19, 0x47, 0x19, 0x47, 0x19, 0x47, 0x19,
    0x47, 0x19, 0x47, 0x19, 0x47, 0x19, 0x47, 0x19, 0x47, 0x19, 0x47, 0x19, 0x47, 0x19, 0x47, 0x19,
    0x47, 0x19, 0x47, 0x19, 0x47, 0x19, 0x47, 0x19, 0x47, 0x19, 0x47, 0x19, 0x47, 0x19, 0x47, 0x19,
    0x47, 0x19, 0x47, 0x19, 0x47, 0x19, 0x47, 0x19, 0x47, 0x19, 0x47, 0x19, 0x47, 0x19, 0x47, 0x19,
    0x47, 0x19, 0x47, 0x19, 0x47, 0x19, 0x47, 0x19, 0x47, 0x19, 0x47, 0x19, 0x47, 0x19, 0x47, 0x19,
    0x47, 0x19, 0x47, 0x19, 0x47, 0x19, 0x47, 0x19, 0x47, 0x19, 0x47, 0x19, 0x47, 0x19, 0x47, 0x19,
    0x47, 0x19, 0x47, 0x19, 0x47, 0x19, 0x47, 0x19, 0x47, 0x19, 0x47, 0x19, 0x47, 0x19, 0x47, 0x19,
    0x47, 0x19, 0x47, 0x19, 0x47, 0x19, 0x47, 0x19, 0x47, 0x19, 0x47, 0x19, 0x47, 0x19, 0x47, 0x19,
    0x47, 0x19, 0x47, 0x19, 0x47, 0x19, 0x47, 0x19, 0x47, 0x19, 0x47, 0x19, 0x47, 0x19, 0x47, 0x19,
    0x47, 0x19, 0x47, 0x19, 0x47, 0x19, 0x47, 0x19, 0x47, 0x19, 0x47, 0x19, 0x47, 0x19, 0x47, 0x19,
    0x47, 0x19, 0x47, 0x19, 0x47, 0x19, 0x47, 0x19, 0x47, 0x19, 0x47, 0x19, 0x47, 0x19, 0x47, 0x19,
    0x47, 0x19, 0x47, 0x19, 0x47, 0x19, 0x47, 0x19, 0x47, 0x19, 0x47, 0x19, 0x47, 0x19, 0x47, 0x19,
    0x47, 0x19, 0x47, 0x19, 0x47, 0x19, 0x47, 0x19, 0x47, 0x19, 0x47, 0x19, 0x47, 0x19, 0x47, 0x19,
    0x47, 0x19, 0x47, 0x19, 0x47, 0x19, 0x47, 0x19, 0x47, 0x19, 0x47, 0x19, 0x47, 0x19, 0x47, 0x19,
    0x47, 0x19, 0x47, 0x19, 0x47, 0x19, 0x47, 0x19, 0x47, 0x19, 0x47, 0x19, 0x47, 0x19, 0x47, 0x19,
    0x47, 0x19, 0x47, 0x19, 0x47, 0x19, 0x47, 0x19, 0x47, 0x19, 0x47, 0x19, 0x47, 0x19, 0x47, 0x19,
    0x47, 0x19, 0x47, 0x19, 0x47, 0x19, 0x47, 0x19, 0x47, 0x19, 0x47, 0x19, 0x47, 0x19, 0x47, 0x19,
    0x47, 0x19, 0x47, 0x19, 0x47, 0x19, 0x47, 0x19, 0x47, 0x19, 0x47, 0x19, 0x47, 0x19, 0x47, 0x19,
    0x47, 0x19, 0x47, 0x19, 0x47, 0x19, 0x47, 0x19, 0x47, 0x19, 0x47, 0x19, 0x47, 0x19, 0x47, 0x19,
    0x47, 0x19, 0x47, 0x19, 0x47, 0x19, 0x47, 0x19, 0x47, 0x19, 0x47, 0x19, 0x47, 0x19, 0x47, 0x19,
    0x47, 0x19, 0x47, 0x19, 0x47, 0x19, 0x47, 0x19, 0x47, 0x19, 0x47, 0x19, 0x47, 0x19, 0x47, 0x19,
    0x47, 0x19, 0x47, 0x19, 0x47, 0x19, 0x47, 0x19, 0x47, 0x19, 0x47, 0x19, 0x47, 0x19, 0x47, 0x19,
    0x47, 0x19, 0x47, 0x19, 0x47, 0x19, 0x47, 0x19, 0x47, 0x19, 0x47, 0x19, 0x47, 0x19, 0x47, 0x19,
    0x47, 0x19, 0x47, 0x19, 0x47, 0x19, 0x47, 0x19, 0x47, 0x19, 0x47, 0x19, 0x47, 0x19, 0x47, 0x19,
    0x47, 0x19, 0x47, 0x19, 0x47, 0x19, 0x47, 0x19, 0x47, 0x19, 0x47, 0x19, 0x47, 0x19, 0x47, 0x19,
    0x47, 0x19, 0x47, 0x19, 0x47, 0x19, 0x47, 0x19, 0x47, 0x19, 0x47, 0x19, 0x47, 0x19, 0x47, 0x19,
    0x47, 0x19, 0x47, 0x19, 0x47, 0x19, 0x47, 0x19, 0x47, 0x19, 0x47, 0x19, 0x47, 0x19, 0x47, 0x19,
    0x47, 0x19, 0x47, 0x19, 0x47, 0x19, 0x47, 0x19, 0x47, 0x19, 0x47, 0x19, 0x47, 0x19, 0x47, 0x19,
    0x47, 0x19, 0x47, 0x19, 0x47, 0x19, 0x47, 0x19, 0x47, 0x19, 0x47, 0x19, 0x47, 0x19, 0x47, 0x19,
    0x47, 0x19, 0x47, 0x19, 0x47, 0x19, 0x47, 0x19, 0x47, 0x19, 0x47, 0x19, 0x47, 0x19, 0x47, 0x19,
    0x47, 0x19, 0x47, 0x19, 0x47, 0x19, 0x47, 0x19, 0x47, 0x19, 0x47, 0x19, 0x47, 0x19, 0x47, 0x19,
    0x47, 0x19, 0x47, 0x19, 0x47, 0x19, 0x47, 0x19, 0x47, 0x19, 0x47, 0x19, 0x47, 0x19, 0x47, 0x19,
    0x47, 0x19, 0x47, 0x19, 0x47, 0x19, 0x47, 0x19, 0x47, 0x19, 0x47, 0x19, 0x47, 0x19, 0x47, 0x19,
    0x47, 0x19, 0x47, 0x19, 0x47, 0x19, 0x47, 0x19, 0x47, 0x19, 0x47, 0x19, 0x47, 0x19, 0x47, 0x19,
    0x47, 0x19, 0x47, 0x19, 0x47, 0x19, 0x47, 0x19, 0x47, 0x19, 0x47, 0x19, 0x47, 0x19, 0x47, 0x19,
    0x47, 0x19, 0x47, 0x19, 0x47, 0x19, 0x47, 0x19, 0x47, 0x19, 0x47, 0x19, 0x47, 0x19, 0x47, 0x19,
    0x47, 0x19, 0x47, 0x19, 0x47, 0x19, 0x47, 0x19, 0x47, 0x19, 0x47, 0x19, 0x47, 0x19, 0x47, 0x19,
    0x47, 0x19, 0x47, 0x19, 0x47, 0x19, 0x47, 0x19, 0x47, 0x19, 0x47, 0x19, 0x47, 0x19, 0x47, 0x19,
    0x47, 0x19, 0x47, 0x19, 0x47, 0x19, 0x47, 0x19, 0x47, 0x19, 0x47, 0x19, 0x47, 0x19, 0x47, 0x19,
    0x47, 0x19, 0x47, 0x19, 0x47, 0x19, 0x47, 0x19, 0x47, 0x19, 0x47, 0x19, 0x47, 0x19, 0x47, 0x19,
    0x47, 0x19, 0x47, 0x19, 0x47, 0x19, 0x47, 0x19, 0x47, 0x19, 0x47, 0x19, 0x47, 0x19, 0x47, 0x19,
    0x47, 0x19, 0x47, 0x19, 0x47, 0x19, 0x47, 0x19, 0x47, 0x19, 0x47, 0x19, 0x47, 0x19, 0x47, 0x19,
    0x47, 0x19, 0x47, 0x19, 0x47, 0x19, 0x47, 0x19, 0x47, 0x19, 0x47, 0x19, 0x47, 0x19, 0x47, 0x19,
    0x47, 0x19, 0x47, 0x19, 0x47, 0x19, 0x47, 0x19, 0x47, 0x19, 0x47, 0x19, 0x47, 0x19, 0x47, 0x19,
    0x47, 0x19, 0x47, 0x19, 0x47, 0x19, 0x47, 0x19, 0x47, 0x19, 0x47, 0x19, 0x47, 0x19, 0x47, 0x19,
    0x47, 0x19, 0x47, 0x19, 0x47, 0x19, 0x47, 0x19, 0x47, 0x19, 0x47, 0x19, 0x47, 0x19, 0x47, 0x19,
    0x47, 0x19, 0x47, 0x19, 0x47, 0x19, 0x47, 0x19, 0x47, 0x19, 0x47, 0x19, 0x47, 0x19, 0x47, 0x19,
    0x47, 0x19, 0x47, 0x19, 0x47, 0x19, 0x47, 0x19, 0x47, 0x19, 0x47, 0x19, 0x47, 0x19, 0x47, 0x19,
    0x47, 0x19, 0x47, 0x19, 0x47, 0x19, 0x47, 0x19, 0x47, 0x19, 0x47, 0x19, 0x47, 0x19, 0x47, 0x19,
    0x47, 0x19, 0x47, 0x19, 0x47, 0x19, 0x47, 0x19, 0x47, 0x19, 0x47, 0x19, 0x47, 0x19, 0x47, 0x19,
    0x47, 0x19, 0x47, 0x19, 0x47, 0x19, 0x47, 0x19, 0x47, 0x19, 0x47, 0x19, 0x47, 0x19, 0x47, 0x19,
    0x47, 0x19, 0x47, 0x19, 0x47, 0x19, 0x47, 0x19, 0x47, 0x19, 0x47, 0x19, 0x47, 0x19, 0x47, 0x19,
    0x47, 0x19, 0x47, 0x19, 0x47, 0x19, 0x47, 0x19, 0x47, 0x19, 0x47, 0x19, 0x47, 0x19, 0x47, 0x19,
    0x47, 0x19, 0x47, 0x19, 0x47, 0x19, 0x47, 0x19, 0x47, 0x19, 0x47, 0x19, 0x47, 0x19, 0x47, 0x19,
    0x47, 0x19, 0x47, 0x19, 0x47, 0x19, 0x47, 0x19, 0x47, 0x19, 0x47, 0x19, 0x47, 0x19, 0x47, 0x19,
    0x47, 0x19, 0x47, 0x19, 0x47, 0x19, 0x47, 0x19, 0x47, 0x19, 0x47, 0x19, 0x47, 0x19, 0x47, 0x19,
    0x47, 0x19, 0x47, 0x19, 0x47, 0x19, 0x47, 0x19, 0x47, 0x19, 0x47, 0x19, 0x47, 0x19, 0x47, 0x19,
    0x47, 0x19, 0x47, 0x19, 0x47, 0x19, 0x47, 0x19, 0x47, 0x19, 0x47, 0x19, 0x47, 0x19, 0x47, 0x19,
    0x47, 0x19, 0x47, 0x19, 0x47, 0x19, 0x47, 0x19, 0x47, 0x19, 0x47, 0x19, 0x47, 0x19, 0x47, 0x19,
    0x47, 0x19, 0x47, 0x19, 0x47, 0x19, 0x47, 0x19, 0x47, 0x19, 0x47, 0x19, 0x47, 0x19, 0x47, 0x19,
    0x47, 0x19, 0x47, 0x19, 0x47, 0x19, 0x47, 0x19, 0x47, 0x19, 0x47, 0x19, 0x47, 0x19, 0x47, 0x19,
    0x47, 0x19, 0x47, 0x19, 0x47, 0x19, 0x47, 0x19, 0x47, 0x19, 0x47, 0x19, 0x47, 0x19, 0x47, 0x19,
    0x47, 0x19, 0x47, 0x19, 0x47, 0x19, 0x47, 0x19, 0x47, 0x19, 0x47, 0x19, 0x47, 0x19, 0x47, 0x19,
    0x47, 0x19, 0x47, 0x19, 0x47, 0x19, 0x47, 0x19, 0x47, 0x19, 0x47, 0x19, 0x47, 0x19, 0x47, 0x19,
    0x47, 0x19, 0x47, 0x19, 0x47, 0x19, 0x47, 0x19, 0x47, 0x19, 0x47, 0x19, 0x47, 0x19, 0x47, 0x19,
    0x47, 0x19, 0x47, 0x19, 0x47, 0x19, 0x47, 0x19, 0x47, 0x19, 0x47, 0x19, 0x47, 0x19, 0x47, 0x19,
    0x47, 0x19, 0x47, 0x19, 0x47, 0x19, 0x47, 0x19, 0x47, 0x19, 0x47, 0x19, 0x47, 0x19, 0x47, 0x19,
    0x47, 0x19, 0x47, 0x19, 0x47, 0x19, 0x47, 0x19, 0x47, 0x19, 0x47, 0x19, 0x47, 0x19, 0x47, 0x19,
    0x47, 0x19, 0x47, 0x19, 0x47, 0x19, 0x47, 0x19, 0x47, 0x19, 0x47, 0x19, 0x47, 0x19, 0x47, 0x19,
    0x47, 0x19, 0x47, 0x19, 0x47, 0x19, 0x47, 0x19, 0x47, 0x19, 0x47, 0x19, 0x47, 0x19, 0x47, 0x19,
    0x47, 0x19, 0x47, 0x19, 0x47, 0x19, 0x47, 0x19, 0x47, 0x19, 0x47, 0x19, 0x47, 0x19, 0x47, 0x19,
    0x47, 0x19, 0x47, 0x19, 0x47, 0x19, 0x47, 0x19, 0x47, 0x19, 0x47, 0x19, 0x47, 0x19, 0x47, 0x19,
    0x47, 0x19, 0x47, 0x19, 0x47, 0x19, 0x47, 0x19, 0x47, 0x19, 0x47, 0x19, 0x47, 0x19, 0x47, 0x19,
    0x47, 0x19, 0x47, 0x19, 0x47, 0x19, 0x47, 0x19, 0x47, 0x19, 0x47, 0x19, 0x47, 0x19, 0x47, 0x19,
    0x47, 0x19, 0x47, 0x19, 0x47, 0x19, 0x47, 0x19, 0x47, 0x19, 0x47, 0x19, 0x47, 0x19, 0x47, 0x19,
    0x47, 0x19, 0x47, 0x19, 0x47, 0x19, 0x47, 0x19, 0x47, 0x19, 0x47, 0x19, 0x47, 0x19, 0x47, 0x19,
    0x47, 0x19, 0x47, 0x19, 0x47, 0x19, 0x47, 0x19, 0x47, 0x19, 0x47, 0x19, 0x47, 0x19, 0x47, 0x19,
    0x47, 0x19, 0x47, 0x19, 0x47, 0x19, 0x47, 0x19, 0x47, 0x19, 0x47, 0x19, 0x47, 0x19, 0x47, 0x19,
    0x47, 0x19, 0x47, 0x19, 0x47, 0x19, 0x47, 0x19, 0x47, 0x19, 0x47, 0x19, 0x47, 0x19, 0x47, 0x19,
    0x47, 0x19, 0x47, 0x19, 0x47, 0x19, 0x47, 0x19, 0x47, 0x19, 0x47, 0x19, 0x47, 0x19, 0x47, 0x19,
    0x47, 0x19, 0x47, 0x19, 0x47, 0x19, 0x47, 0x19, 0x47, 0x19, 0x47, 0x19, 0x47, 0x19, 0x47, 0x19,
    0x47, 0x19, 0x47, 0x19, 0x47, 0x19, 0x47, 0x19, 0x47, 0x19, 0x47, 0x19, 0x47, 0x19, 0x47, 0x19,
    0x47, 0x19, 0x47, 0x19, 0x47, 0x19, 0x47, 0x19, 0x47, 0x19, 0x47, 0x19, 0x47, 0x19, 0x47, 0x19,
    0x47, 0x19, 0x47, 0x19, 0x47, 0x19, 0x47, 0x19, 0x47, 0x19, 0x47, 0x19, 0x47, 0x19, 0x47, 0x19,
    0x47, 0x19, 0x47, 0x19, 0x47, 0x19, 0x47, 0x19, 0x47, 0x19, 0x47, 0x19, 0x47, 0x19, 0x47, 0x19,
    0x47, 0x19, 0x47, 0x19, 0x47, 0x19, 0x47, 0x19, 0x47, 0x19, 0x47, 0x19, 0x47, 0x19, 0x47, 0x19,
    0x47, 0x19, 0x47, 0x19, 0x47, 0x19, 0x47, 0x19, 0x47, 0x19, 0x47, 0x19, 0x47, 0x19, 0x47, 0x19,
    0x47, 0x19, 0x47, 0x19, 0x47, 0x19, 0x47, 0x19, 0x47, 0x19, 0x47, 0x19, 0x47, 0x19, 0x47, 0x19,
    0x47, 0x19, 0x47, 0x19, 0x47, 0x19, 0x47, 0x19, 0x47, 0x19, 0x47, 0x19, 0x47, 0x19, 0x47, 0x19,
    0x47, 0x19, 0x47, 0x19, 0x47, 0x19, 0x47, 0x19, 0x47, 0x19, 0x47, 0x19, 0x47, 0x19, 0x47, 0x19,
    0x47, 0x19, 0x47, 0x19, 0x47, 0x19, 0x47, 0x19, 0x47, 0x19, 0x47, 0x19, 0x47, 0x19, 0x47, 0x19,
    0x47, 0x19, 0x47, 0x19, 0x47, 0x19, 0x47, 0x19, 0x47, 0x19, 0x47, 0x19, 0x47, 0x19, 0x47, 0x19,
    0x47, 0x19, 0x47, 0x19, 0x47, 0x19, 0x47, 0x19, 0x47, 0x19, 0x47, 0x19, 0x47, 0x19, 0x47, 0x19,
    0x47, 0x19, 0x47, 0x19, 0x47, 0x19, 0x47, 0x19, 0x47, 0x19, 0x47, 0x19, 0x47, 0x19, 0x47, 0x19,
    0x47, 0x19, 0x47, 0x19, 0x47, 0x19, 0x47, 0x19, 0x47, 0x19, 0x47, 0x19, 0x47, 0x19, 0x47, 0x19,
    0x47, 0x19, 0x47, 0x19, 0x47, 0x19, 0x47, 0x19, 0x47, 0x19, 0x47, 0x19, 0x47, 0x19, 0x47, 0x19,
    0x47, 0x19, 0x47, 0x19, 0x47, 0x19, 0x47, 0x19, 0x47, 0x19, 0x47, 0x19, 0x47, 0x19, 0x47, 0x19,
    0x47, 0x19, 0x47, 0x19, 0x47, 0x19, 0x47, 0x19, 0x47, 0x19, 0x47, 0x19, 0x47, 0x19, 0x47, 0x19,
    0x47, 0x19, 0x47, 0x19, 0x47, 0x19, 0x47, 0x19, 0x47, 0x19, 0x47, 0x19, 0x47, 0x19, 0x47, 0x19,
    0x47, 0x19, 0x47, 0x19, 0x47, 0x19, 0x47, 0x19, 0x47, 0x19, 0x47, 0x19, 0x47, 0x19, 0x47, 0x19,
    0x47, 0x19, 0x47, 0x19, 0x47, 0x19, 0x47, 0x19, 0x47, 0x19, 0x47, 0x19, 0x47, 0x19, 0x47, 0x19,
    0x47, 0x19, 0x47, 0x19, 0x47, 0x19, 0x47, 0x19, 0x47, 0x19, 0x47, 0x19, 0x47, 0x19, 0x47, 0x19,
    0x47, 0x19, 0x47, 0x19, 0x47, 0x19, 0x47, 0x19, 0x47, 0x19, 0x47, 0x19, 0x47, 0x19, 0x47, 0x19,
    0x47, 0x19, 0x47, 0x19, 0x47, 0x19, 0x47, 0x19, 0x47, 0x19, 0x47, 0x19, 0x47, 0x19, 0x47, 0x19,
    0x47, 0x19, 0x47, 0x19, 0x47, 0x19, 0x47, 0x19, 0x47, 0x19, 0x47, 0x19, 0x47, 0x19, 0x47, 0x19,
    0x47, 0x19, 0x47, 0x19, 0x47, 0x19, 0x47, 0x19, 0x47, 0x19, 0x47, 0x19, 0x47, 0x19, 0x47, 0x19,
    0x47, 0x19, 0x47, 0x19, 0x47, 0x19, 0x47, 0x19, 0x47, 0x19, 0x47, 0x19, 0x47, 0x19, 0x47, 0x19,
    0x47, 0x19, 0x47, 0x19, 0x47, 0x19, 0x47, 0x19, 0x47, 0x19, 0x47, 0x19, 0x47, 0x19, 0x47, 0x19,
    0x47, 0x19, 0x47, 0x19, 0x47, 0x19, 0x47, 0x19, 0x47, 0x19, 0x47, 0x19, 0x47, 0x19, 0x47, 0x19,
    0x47, 0x19, 0x47, 0x19, 0x47, 0x19, 0x47, 0x19, 0x47, 0x19, 0x47, 0x19, 0x47, 0x19, 0x47, 0x19,
    0x47, 0x19, 0x47, 0x19, 0x47, 0x19, 0x47, 0x19, 0x47, 0x19, 0x47, 0x19, 0x47, 0x19, 0x47, 0x19,
    0x47, 0x19, 0x47, 0x19, 0x47, 0x19, 0x47, 0x19, 0x47, 0x19, 0x47, 0x19, 0x47, 0x19, 0x47, 0x19,
    0x47, 0x19, 0x47, 0x19, 0x47, 0x19, 0x47, 0x19, 0x47, 0x19, 0x47, 0x19, 0x47, 0x19, 0x47, 0x19,
    0x47, 0x19, 0x47, 0x19, 0x47, 0x19, 0x47, 0x19, 0x47, 0x19, 0x47, 0x19, 0x47, 0x19, 0x47, 0x19,
    0x47, 0x19, 0x47, 0x19, 0x47, 0x19, 0x47, 0x19, 0x47, 0x19, 0x47, 0x19, 0x47, 0x19, 0x47, 0x19,
    0x47, 0x19, 0x47, 0x19, 0x47, 0x19, 0x47, 0x19, 0x47, 0x19, 0x47, 0x19, 0x47, 0x19, 0x47, 0x19,
    0x47, 0x19, 0x47, 0x19, 0x47, 0x19, 0x47, 0x19, 0x47, 0x19, 0x47, 0x19, 0x47, 0x19, 0x47, 0x19,
    0x47, 0x19, 0x47, 0x19, 0x47, 0x19, 0x47, 0x19, 0x47, 0x19, 0x47, 0x19, 0x47, 0x19, 0x47, 0x19,
    0x47, 0x19, 0x47, 0x19, 0x47, 0x19, 0x47, 0x19, 0x47, 0x19, 0x47, 0x19, 0x47, 0x19, 0x47, 0x19,
    0x47, 0x19, 0x47, 0x19, 0x47, 0x19, 0x47, 0x19, 0x47, 0x19, 0x47, 0x19, 0x47, 0x19, 0x47, 0x19,
    0x47, 0x19, 0x47, 0x19, 0x47, 0x19, 0x47, 0x19, 0x47, 0x19, 0x47, 0x19, 0x47, 0x19, 0x47, 0x19,
    0x47, 0x19, 0x47, 0x19, 0x47, 0x19, 0x47, 0x19, 0x47, 0x19, 0x47, 0x19, 0x47, 0x19, 0x47, 0x19,
    0x47, 0x19, 0x47, 0x19, 0x47, 0x19, 0x47, 0x19, 0x47, 0x19, 0x47, 0x19, 0x47, 0x19, 0x47, 0x19,
    0x47, 0x19, 0x47, 0x19, 0x47, 0x19, 0x47, 0x19, 0x47, 0x19, 0x47, 0x19, 0x47, 0x19, 0x47, 0x19,
};

const lv_img_dsc_t img_splash_logo = {
    .header.cf = LV_IMG_CF_TRUE_COLOR,
    .header.always_zero = 0,
    .header.reserved = 0,
    .header.w = 280,
    .header.h = 280,
    .data_size = 156800,
    .data = splash_logo_map,
};
